X,Y,Z,Amp,Tof
-1,-0.2,0,19.6356,29.168
-0.99,-0.2,0,18.8543,28.96
-0.98,-0.2,0,18.6041,28.8
-0.97,-0.2,0,18.9825,28.656
-0.96,-0.2,0,19.9408,28.48
-0.95,-0.2,0,19.6478,28.336
-0.94,-0.2,0,19.1107,28.176
-0.93,-0.2,0,19.1473,27.984
-0.92,-0.2,0,18.6834,27.856
-0.91,-0.2,0,19.0435,27.664
-0.9,-0.2,0,19.2511,27.44
-0.89,-0.2,0,18.8421,27.312
-0.88,-0.2,0,19.8675,27.12
-0.87,-0.2,0,19.3731,26.912
-0.86,-0.2,0,18.9947,26.784
-0.85,-0.2,0,19.8004,26.624
-0.84,-0.2,0,18.8971,26.464
-0.83,-0.2,0,19.3548,26.192
-0.82,-0.2,0,19.8737,26.016
-0.81,-0.2,0,19.0008,25.856
-0.8,-0.2,0,18.714,25.664
-0.79,-0.2,0,19.1534,25.472
-0.78,-0.2,0,19.4403,25.328
-0.77,-0.2,0,18.8482,25.152
-0.76,-0.2,0,19.1473,24.976
-0.75,-0.2,0,19.3548,24.88
-0.74,-0.2,0,18.775,24.688
-0.73,-0.2,0,19.776,24.496
-0.72,-0.2,0,18.8238,24.352
-0.71,-0.2,0,19.2328,24.176
-0.7,-0.2,0,18.7933,23.968
-0.69,-0.2,0,18.2318,23.776
-0.68,-0.2,0,19.19,23.632
-0.67,-0.2,0,19.4037,23.456
-0.66,-0.2,0,18.659,23.312
-0.65,-0.2,0,19.3365,23.136
-0.64,-0.2,0,18.7994,22.912
-0.63,-0.2,0,18.6224,22.752
-0.62,-0.2,0,19.0252,22.592
-0.61,-0.2,0,18.4027,22.416
-0.6,-0.2,0,18.714,22.256
-0.59,-0.2,0,18.7628,22.064
-0.58,-0.2,0,17.9754,21.92
-0.57,-0.2,0,18.4149,21.744
-0.56,-0.2,0,17.9571,21.552
-0.55,-0.2,0,18.5247,21.392
-0.54,-0.2,0,18.1646,21.216
-0.53,-0.2,0,18.2196,21.04
-0.52,-0.2,0,18.7811,20.88
-0.51,-0.2,0,18.0914,20.688
-0.5,-0.2,0,18.421,20.528
-0.49,-0.2,0,18.4881,20.448
-0.48,-0.2,0,18.2989,20.224
-0.47,-0.2,0,17.8533,19.984
-0.46,-0.2,0,17.8655,19.872
-0.45,-0.2,0,18.366,19.712
-0.44,-0.2,0,17.8411,19.536
-0.43,-0.2,0,18.0486,19.392
-0.42,-0.2,0,18.8177,19.168
-0.41,-0.2,0,17.4078,19.008
-0.4,-0.2,0,18.2989,18.8
-0.39,-0.2,0,17.2735,18.624
-0.38,-0.2,0,17.4932,18.48
-0.37,-0.2,0,18.1951,18.288
-0.36,-0.2,0,17.7374,18.112
-0.35,-0.2,0,18.4576,18
-0.34,-0.2,0,18.189,17.792
-0.33,-0.2,0,18.1646,17.6
-0.32,-0.2,0,17.6031,17.44
-0.31,-0.2,0,17.597,17.28
-0.3,-0.2,0,17.4993,17.168
-0.29,-0.2,0,17.011,16.992
-0.28,-0.2,0,17.3956,16.768
-0.27,-0.2,0,16.7791,16.592
-0.26,-0.2,0,17.0598,16.416
-0.25,-0.2,0,17.1331,16.24
-0.24,-0.2,0,17.1941,16.096
-0.23,-0.2,0,17.0904,15.904
-0.22,-0.2,0,17.4688,15.76
-0.21,-0.2,0,17.5787,15.568
-0.2,-0.2,0,17.127,15.408
-0.19,-0.2,0,17.9388,15.264
-0.18,-0.2,0,16.6448,15.136
-0.17,-0.2,0,17.2185,14.912
-0.16,-0.2,0,17.0476,14.736
-0.15,-0.2,0,16.9378,14.56
-0.14,-0.2,0,16.3274,14.352
-0.13,-0.2,0,17.1209,14.224
-0.12,-0.2,0,17.4017,14.048
-0.11,-0.2,0,16.9988,13.904
-0.1,-0.2,0,15.9307,13.712
-0.09,-0.2,0,16.3091,13.552
-0.08,-0.2,0,16.2908,13.376
-0.07,-0.2,0,17.0415,13.216
-0.06,-0.2,0,16.6387,13.04
-0.05,-0.2,0,16.2358,12.848
-0.04,-0.2,0,16.657,12.704
-0.03,-0.2,0,16.1992,12.496
-0.02,-0.2,0,16.8523,12.368
-0.01,-0.2,0,16.0039,12.208
0,-0.2,0,15.302,12.016
0,-0.19,0,18.0181,12.08
-0.01,-0.19,0,17.3589,12.24
-0.02,-0.19,0,17.9754,12.496
-0.03,-0.19,0,17.4688,12.656
-0.04,-0.19,0,17.0843,12.832
-0.05,-0.19,0,17.0965,13.008
-0.06,-0.19,0,18.3111,13.152
-0.07,-0.19,0,17.7862,13.328
-0.08,-0.19,0,17.7252,13.488
-0.09,-0.19,0,18.0486,13.616
-0.1,-0.19,0,18.012,13.856
-0.11,-0.19,0,17.4261,14
-0.12,-0.19,0,18.7628,14.16
-0.13,-0.19,0,18.4271,14.352
-0.14,-0.19,0,18.1951,14.496
-0.15,-0.19,0,18.1951,14.688
-0.16,-0.19,0,17.6824,14.864
-0.17,-0.19,0,17.6702,15.008
-0.18,-0.19,0,17.8228,15.216
-0.19,-0.19,0,18.4942,15.392
-0.2,-0.19,0,18.4698,15.536
-0.21,-0.19,0,18.891,15.696
-0.22,-0.19,0,19.8187,15.888
-0.23,-0.19,0,17.719,16.048
-0.24,-0.19,0,18.5492,16.224
-0.25,-0.19,0,18.4027,16.384
-0.26,-0.19,0,18.714,16.544
-0.27,-0.19,0,18.2501,16.736
-0.28,-0.19,0,18.0853,16.896
-0.29,-0.19,0,18.2501,17.072
-0.3,-0.19,0,18.5858,17.232
-0.31,-0.19,0,18.891,17.408
-0.32,-0.19,0,18.3416,17.584
-0.33,-0.19,0,19.3365,17.76
-0.34,-0.19,0,18.5247,17.92
-0.35,-0.19,0,18.6712,18.032
-0.36,-0.19,0,18.7506,18.256
-0.37,-0.19,0,18.4027,18.4
-0.38,-0.19,0,19.2267,18.608
-0.39,-0.19,0,19.7577,18.784
-0.4,-0.19,0,19.3976,18.944
-0.41,-0.19,0,18.9154,19.104
-0.42,-0.19,0,19.0619,19.28
-0.43,-0.19,0,18.5492,19.456
-0.44,-0.19,0,18.7994,19.632
-0.45,-0.19,0,20.2399,19.808
-0.46,-0.19,0,19.013,19.952
-0.47,-0.19,0,19.776,20.16
-0.48,-0.19,0,20.069,20.32
-0.49,-0.19,0,19.0741,20.512
-0.5,-0.19,0,19.7699,20.64
-0.51,-0.19,0,20.0934,20.832
-0.52,-0.19,0,20.2948,20.992
-0.53,-0.19,0,19.6356,21.136
-0.54,-0.19,0,19.599,21.328
-0.55,-0.19,0,20.5206,21.52
-0.56,-0.19,0,19.4708,21.632
-0.57,-0.19,0,20.0568,21.84
-0.58,-0.19,0,18.9703,22.048
-0.59,-0.19,0,20.1544,22.192
-0.6,-0.19,0,19.245,22.368
-0.61,-0.19,0,19.5807,22.512
-0.62,-0.19,0,19.7455,22.656
-0.63,-0.19,0,20.0812,22.832
-0.64,-0.19,0,20.6793,23.024
-0.65,-0.19,0,20.484,23.2
-0.66,-0.19,0,20.2277,23.344
-0.67,-0.19,0,19.8614,23.52
-0.68,-0.19,0,19.4403,23.712
-0.69,-0.19,0,19.1717,23.904
-0.7,-0.19,0,20.7343,24.032
-0.71,-0.19,0,20.4596,24.208
-0.72,-0.19,0,20.8014,24.384
-0.73,-0.19,0,19.6844,24.592
-0.74,-0.19,0,20.8441,24.752
-0.75,-0.19,0,20.7953,24.912
-0.76,-0.19,0,20.8197,25.104
-0.77,-0.19,0,20.6793,25.264
-0.78,-0.19,0,19.4586,25.424
-0.79,-0.19,0,19.7272,25.584
-0.8,-0.19,0,20.307,25.744
-0.81,-0.19,0,20.4108,25.92
-0.82,-0.19,0,20.2582,26.112
-0.83,-0.19,0,20.4718,26.256
-0.84,-0.19,0,19.9652,26.384
-0.85,-0.19,0,20.4108,26.608
-0.86,-0.19,0,20.0629,26.768
-0.87,-0.19,0,20.1788,26.944
-0.88,-0.19,0,19.837,27.136
-0.89,-0.19,0,19.5563,27.312
-0.9,-0.19,0,20.8808,27.488
-0.91,-0.19,0,20.8014,27.632
-0.92,-0.19,0,20.6854,27.824
-0.93,-0.19,0,20.8441,28
-0.94,-0.19,0,19.2145,28.16
-0.95,-0.19,0,20.5206,28.352
-0.96,-0.19,0,20.4047,28.48
-0.97,-0.19,0,20.3742,28.688
-0.98,-0.19,0,20.3497,28.864
-0.99,-0.19,0,20.3131,28.992
-1,-0.19,0,19.9286,29.152
-1,-0.18,0,22.9072,29.136
-0.99,-0.18,0,22.5166,29.024
-0.98,-0.18,0,22.2175,28.768
-0.97,-0.18,0,21.6742,28.592
-0.96,-0.18,0,22.5654,28.4
-0.95,-0.18,0,23.0415,28.208
-0.94,-0.18,0,23.011,28.048
-0.93,-0.18,0,21.7841,27.888
-0.92,-0.18,0,22.187,27.728
-0.91,-0.18,0,22.7607,27.536
-0.9,-0.18,0,22.0954,27.36
-0.89,-0.18,0,21.8574,27.216
-0.88,-0.18,0,22.1625,27.024
-0.87,-0.18,0,22.7546,26.864
-0.86,-0.18,0,21.2714,26.672
-0.85,-0.18,0,22.3334,26.496
-0.84,-0.18,0,22.6569,26.336
-0.83,-0.18,0,21.6498,26.144
-0.82,-0.18,0,22.0283,26.048
-0.81,-0.18,0,22.2419,25.872
-0.8,-0.18,0,22.2663,25.68
-0.79,-0.18,0,22.0954,25.488
-0.78,-0.18,0,21.7597,25.376
-0.77,-0.18,0,22.4677,25.184
-0.76,-0.18,0,22.5959,24.992
-0.75,-0.18,0,22.0649,24.832
-0.74,-0.18,0,22.2907,24.656
-0.73,-0.18,0,22.1137,24.464
-0.72,-0.18,0,22.3762,24.288
-0.71,-0.18,0,22.2053,24.144
-0.7,-0.18,0,22.2663,23.952
-0.69,-0.18,0,22.7241,23.776
-0.68,-0.18,0,22.4189,23.6
-0.67,-0.18,0,21.6376,23.488
-0.66,-0.18,0,21.9489,23.296
-0.65,-0.18,0,21.6681,23.12
-0.64,-0.18,0,21.955,22.928
-0.63,-0.18,0,21.7353,22.752
-0.62,-0.18,0,21.4118,22.576
-0.61,-0.18,0,22.1992,22.416
-0.6,-0.18,0,21.7475,22.224
-0.59,-0.18,0,21.7414,22.144
-0.58,-0.18,0,22.1686,21.936
-0.57,-0.18,0,21.1676,21.744
-0.56,-0.18,0,22.2236,21.536
-0.55,-0.18,0,22.2053,21.424
-0.54,-0.18,0,21.839,21.248
-0.53,-0.18,0,21.4606,21.056
-0.52,-0.18,0,22.5959,20.88
-0.51,-0.18,0,22.132,20.736
-0.5,-0.18,0,21.778,20.512
-0.49,-0.18,0,21.5949,20.352
-0.48,-0.18,0,21.1249,20.16
-0.47,-0.18,0,22.2236,20.016
-0.46,-0.18,0,21.5522,19.952
-0.45,-0.18,0,20.4413,19.712
-0.44,-0.18,0,21.2714,19.52
-0.43,-0.18,0,22.5776,19.328
-0.42,-0.18,0,21.0089,19.152
-0.41,-0.18,0,21.2897,18.96
-0.4,-0.18,0,21.4972,18.8
-0.39,-0.18,0,21.0456,18.656
-0.38,-0.18,0,22.1686,18.512
-0.37,-0.18,0,20.9296,18.368
-0.36,-0.18,0,21.7475,18.16
-0.35,-0.18,0,21.0822,17.984
-0.34,-0.18,0,21.0273,17.776
-0.33,-0.18,0,21.4484,17.616
-0.32,-0.18,0,21.3691,17.424
-0.31,-0.18,0,20.7587,17.424
-0.3,-0.18,0,20.8869,17.12
-0.29,-0.18,0,21.1371,16.944
-0.28,-0.18,0,20.893,16.752
-0.27,-0.18,0,22.0405,16.608
-0.26,-0.18,0,20.4169,16.432
-0.25,-0.18,0,20.6854,16.32
-0.24,-0.18,0,20.777,16.112
-0.23,-0.18,0,20.2582,15.936
-0.22,-0.18,0,20.1727,15.744
-0.21,-0.18,0,20.484,15.568
-0.2,-0.18,0,20.2094,15.392
-0.19,-0.18,0,20.0568,15.216
-0.18,-0.18,0,21.1676,15.056
-0.17,-0.18,0,20.2094,14.96
-0.16,-0.18,0,21.0211,14.752
-0.15,-0.18,0,20.5145,14.528
-0.14,-0.18,0,19.3426,14.384
-0.13,-0.18,0,19.5563,14.192
-0.12,-0.18,0,20.1361,14.016
-0.11,-0.18,0,20.014,13.872
-0.1,-0.18,0,19.8737,13.696
-0.09,-0.18,0,20.1178,13.52
-0.08,-0.18,0,19.9103,13.312
-0.07,-0.18,0,19.5624,13.248
-0.06,-0.18,0,19.5685,13.072
-0.05,-0.18,0,18.5247,12.864
-0.04,-0.18,0,19.5257,12.672
-0.03,-0.18,0,20.7831,12.544
-0.02,-0.18,0,19.776,12.368
-0.01,-0.18,0,19.7394,12.192
0,-0.18,0,19.4891,12.032
0,-0.17,0,21.5461,12.064
-0.01,-0.17,0,21.2409,12.24
-0.02,-0.17,0,22.0588,12.48
-0.03,-0.17,0,21.247,12.624
-0.04,-0.17,0,21.7414,12.768
-0.05,-0.17,0,21.8757,12.976
-0.06,-0.17,0,21.6254,13.136
-0.07,-0.17,0,22.3457,13.312
-0.08,-0.17,0,21.3813,13.456
-0.09,-0.17,0,21.8329,13.648
-0.1,-0.17,0,22.1809,13.808
-0.11,-0.17,0,22.0649,14
-0.12,-0.17,0,21.717,14.176
-0.13,-0.17,0,22.0405,14.304
-0.14,-0.17,0,22.7668,14.496
-0.15,-0.17,0,22.0527,14.704
-0.16,-0.17,0,22.4311,14.848
-0.17,-0.17,0,22.8339,14.992
-0.18,-0.17,0,21.2836,15.168
-0.19,-0.17,0,22.5105,15.328
-0.2,-0.17,0,22.6081,15.504
-0.21,-0.17,0,22.1625,15.664
-0.22,-0.17,0,22.718,15.872
-0.23,-0.17,0,22.5105,16.032
-0.24,-0.17,0,22.9011,16.208
-0.25,-0.17,0,22.6875,16.384
-0.26,-0.17,0,22.7668,16.544
-0.27,-0.17,0,22.0588,16.736
-0.28,-0.17,0,22.2846,16.912
-0.29,-0.17,0,23.0659,17.04
-0.3,-0.17,0,22.8584,17.216
-0.31,-0.17,0,22.2846,17.376
-0.32,-0.17,0,23.1758,17.552
-0.33,-0.17,0,22.5105,17.632
-0.34,-0.17,0,22.8095,17.904
-0.35,-0.17,0,22.7302,18.096
-0.36,-0.17,0,23.719,18.208
-0.37,-0.17,0,23.4443,18.432
-0.38,-0.17,0,23.7068,18.56
-0.39,-0.17,0,22.6081,18.736
-0.4,-0.17,0,23.5603,18.928
-0.41,-0.17,0,23.1147,19.12
-0.42,-0.17,0,23.9326,19.248
-0.43,-0.17,0,23.3955,19.44
-0.44,-0.17,0,23.7495,19.632
-0.45,-0.17,0,23.4626,19.792
-0.46,-0.17,0,23.7861,19.952
-0.47,-0.17,0,23.542,20.144
-0.48,-0.17,0,23.6457,20.304
-0.49,-0.17,0,23.1147,20.448
-0.5,-0.17,0,23.188,20.608
-0.51,-0.17,0,23.3589,20.832
-0.52,-0.17,0,23.9875,20.976
-0.53,-0.17,0,23.9937,21.152
-0.54,-0.17,0,23.4077,21.312
-0.55,-0.17,0,22.7668,21.488
-0.56,-0.17,0,23.2673,21.648
-0.57,-0.17,0,23.6702,21.808
-0.58,-0.17,0,23.1269,22.016
-0.59,-0.17,0,23.3161,22.144
-0.6,-0.17,0,23.6091,22.32
-0.61,-0.17,0,23.0171,22.512
-0.62,-0.17,0,23.4199,22.672
-0.63,-0.17,0,22.4433,22.864
-0.64,-0.17,0,23.7556,23.056
-0.65,-0.17,0,22.7302,23.216
-0.66,-0.17,0,24.4636,23.376
-0.67,-0.17,0,24.2927,23.536
-0.68,-0.17,0,23.3528,23.728
-0.69,-0.17,0,24.0608,23.888
-0.7,-0.17,0,23.603,24.032
-0.71,-0.17,0,23.7495,24.208
-0.72,-0.17,0,23.5664,24.416
-0.73,-0.17,0,23.4993,24.592
-0.74,-0.17,0,23.188,24.768
-0.75,-0.17,0,23.9021,24.912
-0.76,-0.17,0,23.6091,25.088
-0.77,-0.17,0,23.2124,25.248
-0.78,-0.17,0,23.3711,25.408
-0.79,-0.17,0,23.133,25.52
-0.8,-0.17,0,23.7068,25.728
-0.81,-0.17,0,23.6702,25.92
-0.82,-0.17,0,24.311,26.112
-0.83,-0.17,0,22.9133,26.272
-0.84,-0.17,0,23.896,26.448
-0.85,-0.17,0,23.896,26.64
-0.86,-0.17,0,22.956,26.768
-0.87,-0.17,0,24.0791,26.96
-0.88,-0.17,0,23.6213,27.136
-0.89,-0.17,0,23.3894,27.296
-0.9,-0.17,0,23.5054,27.504
-0.91,-0.17,0,22.7973,27.648
-0.92,-0.17,0,23.4809,27.824
-0.93,-0.17,0,22.9804,28
-0.94,-0.17,0,23.2673,28.128
-0.95,-0.17,0,23.7312,28.336
-0.96,-0.17,0,22.8584,28.496
-0.97,-0.17,0,23.0049,28.688
-0.98,-0.17,0,24.0791,28.848
-0.99,-0.17,0,23.8411,29.024
-1,-0.17,0,23.9021,29.168
-1,-0.16,0,25.7881,29.136
-0.99,-0.16,0,26.484,29.008
-0.98,-0.16,0,26.5511,28.768
-0.97,-0.16,0,26.0994,28.576
-0.96,-0.16,0,25.66,28.4
-0.95,-0.16,0,25.4219,28.224
-0.94,-0.16,0,25.5562,28.064
-0.93,-0.16,0,25.605,27.872
-0.92,-0.16,0,26.4779,27.712
-0.91,-0.16,0,26.1849,27.552
-0.9,-0.16,0,25.5928,27.392
-0.89,-0.16,0,24.897,27.216
-0.88,-0.16,0,25.3121,27.024
-0.87,-0.16,0,26.0689,26.848
-0.86,-0.16,0,26.545,26.688
-0.85,-0.16,0,25.483,26.48
-0.84,-0.16,0,25.9285,26.32
-0.83,-0.16,0,25.2693,26.144
-0.82,-0.16,0,25.9224,25.984
-0.81,-0.16,0,26.4412,25.84
-0.8,-0.16,0,26.191,25.664
-0.79,-0.16,0,27.0455,25.488
-0.78,-0.16,0,26.6976,25.296
-0.77,-0.16,0,25.1717,25.136
-0.76,-0.16,0,28.2174,25.024
-0.75,-0.16,0,25.782,24.8
-0.74,-0.16,0,25.9102,24.624
-0.73,-0.16,0,25.9407,24.448
-0.72,-0.16,0,25.3853,24.288
-0.71,-0.16,0,26.8319,24.096
-0.7,-0.16,0,25.8919,23.984
-0.69,-0.16,0,25.5928,23.792
-0.68,-0.16,0,26.2642,23.712
-0.67,-0.16,0,25.8126,23.504
-0.66,-0.16,0,26.0506,23.296
-0.65,-0.16,0,25.3426,23.12
-0.64,-0.16,0,25.9407,22.928
-0.63,-0.16,0,25.7942,22.752
-0.62,-0.16,0,26.5999,22.56
-0.61,-0.16,0,25.2083,22.432
-0.6,-0.16,0,26.8441,22.224
-0.59,-0.16,0,26.5084,22.048
-0.58,-0.16,0,25.5806,21.872
-0.57,-0.16,0,26.6182,21.712
-0.56,-0.16,0,25.8675,21.536
-0.55,-0.16,0,26.0567,21.392
-0.54,-0.16,0,26.7098,21.232
-0.53,-0.16,0,26.0384,21.04
-0.52,-0.16,0,27.1371,20.832
-0.51,-0.16,0,25.2144,20.688
-0.5,-0.16,0,26.1361,20.528
-0.49,-0.16,0,25.483,20.336
-0.48,-0.16,0,26.9356,20.192
-0.47,-0.16,0,25.9346,20
-0.46,-0.16,0,25.9774,19.792
-0.45,-0.16,0,25.8553,19.648
-0.44,-0.16,0,26.6366,19.52
-0.43,-0.16,0,26.3253,19.376
-0.42,-0.16,0,26.838,19.232
-0.41,-0.16,0,25.7271,19.04
-0.4,-0.16,0,26.5938,18.864
-0.39,-0.16,0,25.7393,18.64
-0.38,-0.16,0,25.8858,18.512
-0.37,-0.16,0,25.135,18.368
-0.36,-0.16,0,25.5318,18.176
-0.35,-0.16,0,25.3792,18
-0.34,-0.16,0,26.8929,17.792
-0.33,-0.16,0,25.7515,17.584
-0.32,-0.16,0,24.9641,17.424
-0.31,-0.16,0,25.7576,17.296
-0.3,-0.16,0,26.5633,17.104
-0.29,-0.16,0,25.9346,16.944
-0.28,-0.16,0,25.2632,16.752
-0.27,-0.16,0,24.781,16.576
-0.26,-0.16,0,25.8675,16.432
-0.25,-0.16,0,26.8807,16.24
-0.24,-0.16,0,25.2266,16.064
-0.23,-0.16,0,26.3558,15.904
-0.22,-0.16,0,24.9397,15.712
-0.21,-0.16,0,25.4952,15.568
-0.2,-0.16,0,24.8848,15.376
-0.19,-0.16,0,24.8543,15.216
-0.18,-0.16,0,25.3548,15.04
-0.17,-0.16,0,25.4891,14.864
-0.16,-0.16,0,25.6111,14.672
-0.15,-0.16,0,25.7942,14.512
-0.14,-0.16,0,25.898,14.352
-0.13,-0.16,0,25.1289,14.256
-0.12,-0.16,0,25.2754,14.032
-0.11,-0.16,0,24.6406,13.84
-0.1,-0.16,0,24.8238,13.712
-0.09,-0.16,0,25.1289,13.536
-0.08,-0.16,0,23.9692,13.408
-0.07,-0.16,0,24.8909,13.2
-0.06,-0.16,0,24.5674,13.008
-0.05,-0.16,0,24.5491,12.864
-0.04,-0.16,0,24.8054,12.672
-0.03,-0.16,0,24.4942,12.512
-0.02,-0.16,0,24.6284,12.352
-0.01,-0.16,0,25.2022,12.144
0,-0.16,0,24.073,11.968
0,-0.15,0,28.0587,12.032
-0.01,-0.15,0,27.6315,12.176
-0.02,-0.15,0,27.4545,12.4
-0.03,-0.15,0,27.2042,12.608
-0.04,-0.15,0,27.131,12.768
-0.05,-0.15,0,28.4494,12.944
-0.06,-0.15,0,28.016,13.136
-0.07,-0.15,0,28.132,13.296
-0.08,-0.15,0,27.2835,13.472
-0.09,-0.15,0,27.4728,13.648
-0.1,-0.15,0,27.7963,13.808
-0.11,-0.15,0,27.6009,13.984
-0.12,-0.15,0,28.6813,14.128
-0.13,-0.15,0,28.0038,14.304
-0.14,-0.15,0,28.3395,14.496
-0.15,-0.15,0,28.3456,14.64
-0.16,-0.15,0,27.8512,14.752
-0.17,-0.15,0,27.8329,14.976
-0.18,-0.15,0,28.2785,15.12
-0.19,-0.15,0,28.1198,15.328
-0.2,-0.15,0,28.7973,15.488
-0.21,-0.15,0,27.8512,15.664
-0.22,-0.15,0,27.6986,15.84
-0.23,-0.15,0,28.6203,16
-0.24,-0.15,0,28.077,16.192
-0.25,-0.15,0,26.8685,16.368
-0.26,-0.15,0,28.3273,16.544
-0.27,-0.15,0,27.9427,16.704
-0.28,-0.15,0,27.9061,16.864
-0.29,-0.15,0,28.2357,17.024
-0.3,-0.15,0,28.6935,17.216
-0.31,-0.15,0,28.8583,17.392
-0.32,-0.15,0,28.1991,17.552
-0.33,-0.15,0,28.6813,17.728
-0.34,-0.15,0,28.0404,17.888
-0.35,-0.15,0,27.7902,18.064
-0.36,-0.15,0,28.1198,18.256
-0.37,-0.15,0,28.5409,18.4
-0.38,-0.15,0,27.9427,18.576
-0.39,-0.15,0,28.3029,18.736
-0.4,-0.15,0,28.3273,18.912
-0.41,-0.15,0,27.8634,19.088
-0.42,-0.15,0,29.4076,19.264
-0.43,-0.15,0,28.3456,19.456
-0.44,-0.15,0,28.8705,19.584
-0.45,-0.15,0,28.6935,19.76
-0.46,-0.15,0,28.2907,19.888
-0.47,-0.15,0,28.2479,20.096
-0.48,-0.15,0,29.1391,20.272
-0.49,-0.15,0,27.5826,20.448
-0.5,-0.15,0,29.2123,20.624
-0.51,-0.15,0,28.2723,20.8
-0.52,-0.15,0,28.0831,20.96
-0.53,-0.15,0,28.4616,21.152
-0.54,-0.15,0,29.0048,21.312
-0.55,-0.15,0,28.7545,21.472
-0.56,-0.15,0,28.7912,21.584
-0.57,-0.15,0,27.9305,21.808
-0.58,-0.15,0,28.9132,21.952
-0.59,-0.15,0,28.2846,22.144
-0.6,-0.15,0,28.7301,22.304
-0.61,-0.15,0,27.5094,22.48
-0.62,-0.15,0,28.0099,22.656
-0.63,-0.15,0,28.7301,22.832
-0.64,-0.15,0,27.9489,22.992
-0.65,-0.15,0,27.9122,23.184
-0.66,-0.15,0,28.0892,23.344
-0.67,-0.15,0,28.1686,23.536
-0.68,-0.15,0,28.016,23.696
-0.69,-0.15,0,28.4921,23.888
-0.7,-0.15,0,27.839,24.048
-0.71,-0.15,0,28.0465,24.208
-0.72,-0.15,0,28.3029,24.368
-0.73,-0.15,0,27.0821,24.544
-0.74,-0.15,0,27.9977,24.704
-0.75,-0.15,0,27.0394,24.896
-0.76,-0.15,0,27.5338,24.992
-0.77,-0.15,0,28.6874,25.216
-0.78,-0.15,0,27.9672,25.408
-0.79,-0.15,0,27.4667,25.568
-0.8,-0.15,0,28.3517,25.744
-0.81,-0.15,0,28.2296,25.936
-0.82,-0.15,0,27.7535,26.096
-0.83,-0.15,0,27.7841,26.256
-0.84,-0.15,0,27.8329,26.432
-0.85,-0.15,0,27.3812,26.592
-0.86,-0.15,0,27.7963,26.784
-0.87,-0.15,0,27.6742,26.96
-0.88,-0.15,0,27.0211,27.12
-0.89,-0.15,0,28.3212,27.296
-0.9,-0.15,0,27.6437,27.44
-0.91,-0.15,0,27.7474,27.632
-0.92,-0.15,0,27.4728,27.776
-0.93,-0.15,0,27.076,27.952
-0.94,-0.15,0,27.3873,28.144
-0.95,-0.15,0,27.4545,28.336
-0.96,-0.15,0,27.1126,28.496
-0.97,-0.15,0,28.1686,28.656
-0.98,-0.15,0,27.6376,28.832
-0.99,-0.15,0,27.1249,28.992
-1,-0.15,0,27.8085,29.152
-1,-0.14,0,30.3781,29.104
-0.99,-0.14,0,31.135,29.008
-0.98,-0.14,0,30.6467,28.736
-0.97,-0.14,0,30.8176,28.608
-0.96,-0.14,0,31.0617,28.416
-0.95,-0.14,0,31.3242,28.208
-0.94,-0.14,0,31.0129,28.048
-0.93,-0.14,0,30.1096,27.872
-0.92,-0.14,0,31.2815,27.712
-0.91,-0.14,0,30.4941,27.52
-0.9,-0.14,0,30.9091,27.344
-0.89,-0.14,0,30.9458,27.168
-0.88,-0.14,0,31.782,26.992
-0.87,-0.14,0,30.7932,26.832
-0.86,-0.14,0,31.4707,26.64
-0.85,-0.14,0,30.6955,26.48
-0.84,-0.14,0,30.134,26.304
-0.83,-0.14,0,30.311,26.128
-0.82,-0.14,0,30.9275,25.984
-0.81,-0.14,0,30.2683,25.792
-0.8,-0.14,0,30.9214,25.648
-0.79,-0.14,0,30.8725,25.488
-0.78,-0.14,0,30.7688,25.296
-0.77,-0.14,0,29.8349,25.12
-0.76,-0.14,0,30.3842,24.96
-0.75,-0.14,0,30.8664,24.864
-0.74,-0.14,0,30.4209,24.656
-0.73,-0.14,0,30.9763,24.48
-0.72,-0.14,0,30.5673,24.272
-0.71,-0.14,0,31.2449,24.112
-0.7,-0.14,0,31.4951,23.92
-0.69,-0.14,0,31.251,23.76
-0.68,-0.14,0,30.3842,23.584
-0.67,-0.14,0,31.605,23.408
-0.66,-0.14,0,31.8857,23.232
-0.65,-0.14,0,30.1157,23.136
-0.64,-0.14,0,30.7321,22.912
-0.63,-0.14,0,31.6355,22.72
-0.62,-0.14,0,31.6111,22.624
-0.61,-0.14,0,31.5439,22.432
-0.6,-0.14,0,31.6965,22.224
-0.59,-0.14,0,31.3547,22.048
-0.58,-0.14,0,32.6914,21.872
-0.57,-0.14,0,31.4585,21.696
-0.56,-0.14,0,31.3547,21.52
-0.55,-0.14,0,31.5744,21.344
-0.54,-0.14,0,32.1665,21.168
-0.53,-0.14,0,31.605,20.992
-0.52,-0.14,0,31.7454,20.832
-0.51,-0.14,0,31.5378,20.672
-0.5,-0.14,0,31.4829,20.512
-0.49,-0.14,0,31.3852,20.336
-0.48,-0.14,0,31.666,20.16
-0.47,-0.14,0,31.2815,20.048
-0.46,-0.14,0,32.4046,19.84
-0.45,-0.14,0,31.1533,19.648
-0.44,-0.14,0,32.3313,19.472
-0.43,-0.14,0,31.8369,19.296
-0.42,-0.14,0,32.96,19.12
-0.41,-0.14,0,31.6355,18.96
-0.4,-0.14,0,30.9702,18.832
-0.39,-0.14,0,31.2204,18.624
-0.38,-0.14,0,31.55,18.464
-0.37,-0.14,0,32.5327,18.288
-0.36,-0.14,0,31.2326,18.176
-0.35,-0.14,0,32.5205,17.968
-0.34,-0.14,0,31.9224,17.744
-0.33,-0.14,0,31.9895,17.648
-0.32,-0.14,0,31.5744,17.488
-0.31,-0.14,0,33.1004,17.264
-0.3,-0.14,0,33.0454,17.088
-0.29,-0.14,0,31.6599,16.992
-0.28,-0.14,0,32.4229,16.768
-0.27,-0.14,0,31.0678,16.656
-0.26,-0.14,0,32.197,16.432
-0.25,-0.14,0,31.666,16.224
-0.24,-0.14,0,32.0383,16.08
-0.23,-0.14,0,31.6477,15.936
-0.22,-0.14,0,32.5388,15.728
-0.21,-0.14,0,32.3252,15.584
-0.2,-0.14,0,31.1167,15.36
-0.19,-0.14,0,31.7515,15.184
-0.18,-0.14,0,31.5134,15.04
-0.17,-0.14,0,31.1594,14.848
-0.16,-0.14,0,31.8247,14.672
-0.15,-0.14,0,31.9956,14.56
-0.14,-0.14,0,31.55,14.336
-0.13,-0.14,0,32.0322,14.16
-0.12,-0.14,0,31.8796,14
-0.11,-0.14,0,31.4585,13.84
-0.1,-0.14,0,32.1787,13.696
-0.09,-0.14,0,32.9295,13.488
-0.08,-0.14,0,30.9153,13.312
-0.07,-0.14,0,31.9163,13.152
-0.06,-0.14,0,31.9529,12.992
-0.05,-0.14,0,31.8918,12.784
-0.04,-0.14,0,31.55,12.624
-0.03,-0.14,0,31.605,12.464
-0.02,-0.14,0,30.9458,12.336
-0.01,-0.14,0,31.7698,12.112
0,-0.14,0,32.136,11.952
0,-0.13,0,35.2794,12.048
-0.01,-0.13,0,34.199,12.144
-0.02,-0.13,0,34.7545,12.416
-0.03,-0.13,0,34.7667,12.592
-0.04,-0.13,0,35.6456,12.736
-0.05,-0.13,0,35.7311,12.928
-0.06,-0.13,0,35.2733,13.088
-0.07,-0.13,0,37.0739,13.28
-0.08,-0.13,0,36.1766,13.376
-0.09,-0.13,0,35.5174,13.6
-0.1,-0.13,0,35.0597,13.792
-0.11,-0.13,0,35.0719,13.936
-0.12,-0.13,0,35.4991,14.112
-0.13,-0.13,0,34.8949,14.32
-0.14,-0.13,0,35.3038,14.464
-0.15,-0.13,0,34.846,14.64
-0.16,-0.13,0,34.6141,14.816
-0.17,-0.13,0,35.3221,14.96
-0.18,-0.13,0,35.7555,15.152
-0.19,-0.13,0,34.9254,15.312
-0.2,-0.13,0,35.4991,15.488
-0.21,-0.13,0,35.0597,15.648
-0.22,-0.13,0,35.3099,15.824
-0.23,-0.13,0,35.2489,16
-0.24,-0.13,0,34.6019,16.192
-0.25,-0.13,0,34.5347,16.336
-0.26,-0.13,0,35.9996,16.496
-0.27,-0.13,0,34.1319,16.656
-0.28,-0.13,0,34.608,16.8
-0.29,-0.13,0,35.1512,17.008
-0.3,-0.13,0,34.5531,17.168
-0.31,-0.13,0,34.547,17.36
-0.32,-0.13,0,34.724,17.552
-0.33,-0.13,0,35.2184,17.696
-0.34,-0.13,0,34.8338,17.872
-0.35,-0.13,0,35.255,18.048
-0.36,-0.13,0,35.7677,18.224
-0.37,-0.13,0,34.4432,18.4
-0.38,-0.13,0,34.5592,18.576
-0.39,-0.13,0,33.6314,18.752
-0.4,-0.13,0,35.2733,18.896
-0.41,-0.13,0,35.6639,19.088
-0.42,-0.13,0,34.7545,19.2
-0.43,-0.13,0,34.4859,19.408
-0.44,-0.13,0,34.6812,19.568
-0.45,-0.13,0,34.2662,19.76
-0.46,-0.13,0,33.5398,19.952
-0.47,-0.13,0,34.6568,20.096
-0.48,-0.13,0,34.3394,20.272
-0.49,-0.13,0,33.7168,20.432
-0.5,-0.13,0,34.2723,20.592
-0.51,-0.13,0,34.1624,20.784
-0.52,-0.13,0,33.5643,20.864
-0.53,-0.13,0,33.6436,21.104
-0.54,-0.13,0,33.9732,21.296
-0.55,-0.13,0,33.7535,21.472
-0.56,-0.13,0,34.199,21.616
-0.57,-0.13,0,33.9854,21.776
-0.58,-0.13,0,33.5826,21.968
-0.59,-0.13,0,34.5042,22.144
-0.6,-0.13,0,33.1614,22.32
-0.61,-0.13,0,33.4178,22.48
-0.62,-0.13,0,33.9549,22.672
-0.63,-0.13,0,33.3384,22.832
-0.64,-0.13,0,33.6863,22.96
-0.65,-0.13,0,33.1309,23.168
-0.66,-0.13,0,33.7291,23.36
-0.67,-0.13,0,32.667,23.488
-0.68,-0.13,0,33.3506,23.68
-0.69,-0.13,0,32.667,23.84
-0.7,-0.13,0,33.6741,24.032
-0.71,-0.13,0,32.3496,24.192
-0.72,-0.13,0,33.8633,24.384
-0.73,-0.13,0,32.2092,24.496
-0.74,-0.13,0,33.2591,24.704
-0.75,-0.13,0,32.606,24.896
-0.76,-0.13,0,32.8928,25.088
-0.77,-0.13,0,32.1543,25.232
-0.78,-0.13,0,33.9854,25.408
-0.79,-0.13,0,32.8867,25.552
-0.8,-0.13,0,31.8491,25.712
-0.81,-0.13,0,33.6497,25.904
-0.82,-0.13,0,33.3689,26.08
-0.83,-0.13,0,32.8623,26.24
-0.84,-0.13,0,33.2286,26.384
-0.85,-0.13,0,32.9478,26.576
-0.86,-0.13,0,32.7708,26.784
-0.87,-0.13,0,33.1858,26.928
-0.88,-0.13,0,32.7708,27.12
-0.89,-0.13,0,32.2886,27.296
-0.9,-0.13,0,33.0515,27.456
-0.91,-0.13,0,32.6609,27.584
-0.92,-0.13,0,33.3872,27.792
-0.93,-0.13,0,32.2092,27.968
-0.94,-0.13,0,33.4422,28.144
-0.95,-0.13,0,32.8562,28.304
-0.96,-0.13,0,33.2224,28.48
-0.97,-0.13,0,33.0271,28.656
-0.98,-0.13,0,33.2224,28.832
-0.99,-0.13,0,33.375,29.024
-1,-0.13,0,34.9437,29.152
-1,-0.12,0,36.2438,29.088
-0.99,-0.12,0,38.3923,28.992
-0.98,-0.12,0,37.904,28.736
-0.97,-0.12,0,37.9406,28.56
-0.96,-0.12,0,37.9894,28.384
-0.95,-0.12,0,37.8307,28.256
-0.94,-0.12,0,37.6598,28.032
-0.93,-0.12,0,36.6466,27.904
-0.92,-0.12,0,37.9711,27.824
-0.91,-0.12,0,37.7148,27.568
-0.9,-0.12,0,37.3852,27.392
-0.89,-0.12,0,38.3801,27.184
-0.88,-0.12,0,37.2448,27.056
-0.87,-0.12,0,38.0078,26.848
-0.86,-0.12,0,37.1532,26.656
-0.85,-0.12,0,37.8552,26.496
-0.84,-0.12,0,37.3608,26.288
-0.83,-0.12,0,38.1664,26.144
-0.82,-0.12,0,37.2448,25.968
-0.81,-0.12,0,37.3058,25.824
-0.8,-0.12,0,38.0139,25.632
-0.79,-0.12,0,37.7697,25.456
-0.78,-0.12,0,37.6659,25.312
-0.77,-0.12,0,36.5246,25.216
-0.76,-0.12,0,38.9294,24.976
-0.75,-0.12,0,37.4523,24.784
-0.74,-0.12,0,37.5134,24.64
-0.73,-0.12,0,36.6955,24.448
-0.72,-0.12,0,38.1176,24.352
-0.71,-0.12,0,38.2763,24.128
-0.7,-0.12,0,37.7331,23.92
-0.69,-0.12,0,36.848,23.744
-0.68,-0.12,0,37.2753,23.568
-0.67,-0.12,0,37.6232,23.392
-0.66,-0.12,0,37.4279,23.216
-0.65,-0.12,0,37.5805,23.152
-0.64,-0.12,0,37.7331,22.896
-0.63,-0.12,0,37.6598,22.72
-0.62,-0.12,0,37.5378,22.56
-0.61,-0.12,0,38.4045,22.384
-0.6,-0.12,0,37.5622,22.192
-0.59,-0.12,0,37.019,22.032
-0.58,-0.12,0,37.5011,21.904
-0.57,-0.12,0,37.727,21.744
-0.56,-0.12,0,37.9955,21.536
-0.55,-0.12,0,37.7148,21.344
-0.54,-0.12,0,37.3486,21.184
-0.53,-0.12,0,37.196,20.992
-0.52,-0.12,0,38.4899,20.832
-0.51,-0.12,0,38.0139,20.64
-0.5,-0.12,0,38.197,20.48
-0.49,-0.12,0,37.7514,20.304
-0.48,-0.12,0,38.1664,20.128
-0.47,-0.12,0,38.9966,19.968
-0.46,-0.12,0,38.5632,19.808
-0.45,-0.12,0,38.8379,19.632
-0.44,-0.12,0,39.3811,19.456
-0.43,-0.12,0,39.6008,19.296
-0.42,-0.12,0,38.1726,19.12
-0.41,-0.12,0,37.7758,18.944
-0.4,-0.12,0,38.9904,18.768
-0.39,-0.12,0,40.3333,18.592
-0.38,-0.12,0,39.4543,18.432
-0.37,-0.12,0,39.9548,18.4
-0.36,-0.12,0,39.7534,18.128
-0.35,-0.12,0,39.143,17.936
-0.34,-0.12,0,39.8633,17.744
-0.33,-0.12,0,39.2773,17.584
-0.32,-0.12,0,39.6374,17.408
-0.31,-0.12,0,39.4543,17.28
-0.3,-0.12,0,39.845,17.104
-0.29,-0.12,0,39.375,16.912
-0.28,-0.12,0,39.7656,16.72
-0.27,-0.12,0,39.259,16.544
-0.26,-0.12,0,40.2356,16.368
-0.25,-0.12,0,40.4248,16.192
-0.24,-0.12,0,39.3994,16.08
-0.23,-0.12,0,40.1807,15.872
-0.22,-0.12,0,39.3872,15.696
-0.21,-0.12,0,40.5896,15.52
-0.2,-0.12,0,40.4492,15.328
-0.19,-0.12,0,40.1929,15.168
-0.18,-0.12,0,41.3953,14.992
-0.17,-0.12,0,40.0342,14.832
-0.16,-0.12,0,40.8582,14.656
-0.15,-0.12,0,40.1563,14.496
-0.14,-0.12,0,41.1451,14.32
-0.13,-0.12,0,41.3221,14.144
-0.12,-0.12,0,41.6028,13.968
-0.11,-0.12,0,39.9121,13.792
-0.1,-0.12,0,40.7971,13.68
-0.09,-0.12,0,40.5713,13.504
-0.08,-0.12,0,41.7188,13.312
-0.07,-0.12,0,40.9803,13.12
-0.06,-0.12,0,41.2671,12.96
-0.05,-0.12,0,41.0657,12.768
-0.04,-0.12,0,40.907,12.608
-0.03,-0.12,0,41.5967,12.448
-0.02,-0.12,0,40.6262,12.272
-0.01,-0.12,0,41.3587,12.08
0,-0.12,0,40.6507,11.92
0,-0.11,0,46.26,12
-0.01,-0.11,0,44.6547,12.208
-0.02,-0.11,0,46.7605,12.4
-0.03,-0.11,0,45.9975,12.592
-0.04,-0.11,0,45.7778,12.752
-0.05,-0.11,0,45.7411,12.912
-0.06,-0.11,0,45.4726,13.104
-0.07,-0.11,0,45.6923,13.248
-0.08,-0.11,0,45.0697,13.424
-0.09,-0.11,0,45.0148,13.616
-0.1,-0.11,0,44.9721,13.792
-0.11,-0.11,0,45.1308,13.888
-0.12,-0.11,0,43.7696,14.096
-0.13,-0.11,0,45.0575,14.288
-0.14,-0.11,0,44.9721,14.448
-0.15,-0.11,0,44.789,14.64
-0.16,-0.11,0,44.5021,14.8
-0.17,-0.11,0,44.7462,14.96
-0.18,-0.11,0,44.3556,15.04
-0.19,-0.11,0,44.7035,15.28
-0.2,-0.11,0,43.379,15.456
-0.21,-0.11,0,43.8246,15.616
-0.22,-0.11,0,43.1898,15.824
-0.23,-0.11,0,43.2569,16
-0.24,-0.11,0,44.0931,16.16
-0.25,-0.11,0,43.733,16.32
-0.26,-0.11,0,43.1776,16.496
-0.27,-0.11,0,43.8795,16.656
-0.28,-0.11,0,42.4696,16.832
-0.29,-0.11,0,43.1898,16.992
-0.3,-0.11,0,42.5428,17.168
-0.31,-0.11,0,42.317,17.344
-0.32,-0.11,0,43.5011,17.52
-0.33,-0.11,0,43.0738,17.712
-0.34,-0.11,0,42.3231,17.872
-0.35,-0.11,0,43.8429,18.016
-0.36,-0.11,0,42.848,18.192
-0.37,-0.11,0,42.9518,18.4
-0.38,-0.11,0,41.8531,18.576
-0.39,-0.11,0,41.9263,18.72
-0.4,-0.11,0,42.5794,18.896
-0.41,-0.11,0,40.6995,19.04
-0.42,-0.11,0,41.9507,19.216
-0.43,-0.11,0,42.0911,19.408
-0.44,-0.11,0,42.4329,19.536
-0.45,-0.11,0,41.0718,19.728
-0.46,-0.11,0,41.67,19.904
-0.47,-0.11,0,40.907,20.096
-0.48,-0.11,0,41.2488,20.272
-0.49,-0.11,0,41.5784,20.448
-0.5,-0.11,0,41.7066,20.624
-0.51,-0.11,0,40.2295,20.768
-0.52,-0.11,0,41.8348,20.912
-0.53,-0.11,0,42.4451,21.104
-0.54,-0.11,0,41.5357,21.28
-0.55,-0.11,0,40.8032,21.44
-0.56,-0.11,0,41.4563,21.632
-0.57,-0.11,0,39.9854,21.808
-0.58,-0.11,0,40.6568,21.984
-0.59,-0.11,0,41.3892,22.128
-0.6,-0.11,0,41.6761,22.288
-0.61,-0.11,0,40.7422,22.48
-0.62,-0.11,0,40.4492,22.656
-0.63,-0.11,0,40.5713,22.832
-0.64,-0.11,0,40.8704,23.008
-0.65,-0.11,0,40.3577,23.184
-0.66,-0.11,0,40.5896,23.344
-0.67,-0.11,0,41.2122,23.536
-0.68,-0.11,0,40.8582,23.664
-0.69,-0.11,0,40.4248,23.824
-0.7,-0.11,0,40.3516,24
-0.71,-0.11,0,40.9314,24.176
-0.72,-0.11,0,40.2417,24.368
-0.73,-0.11,0,39.8938,24.576
-0.74,-0.11,0,41.3892,24.72
-0.75,-0.11,0,40.0708,24.864
-0.76,-0.11,0,40.5347,25.04
-0.77,-0.11,0,40.6262,25.232
-0.78,-0.11,0,40.1257,25.424
-0.79,-0.11,0,41.6822,25.552
-0.8,-0.11,0,39.6924,25.744
-0.81,-0.11,0,40.9558,25.904
-0.82,-0.11,0,40.614,26.048
-0.83,-0.11,0,41.4502,26.24
-0.84,-0.11,0,40.5591,26.4
-0.85,-0.11,0,40.4309,26.576
-0.86,-0.11,0,41.1328,26.752
-0.87,-0.11,0,40.26,26.928
-0.88,-0.11,0,41.5479,27.104
-0.89,-0.11,0,40.9558,27.264
-0.9,-0.11,0,41.1939,27.456
-0.91,-0.11,0,40.1135,27.632
-0.92,-0.11,0,41.6028,27.792
-0.93,-0.11,0,41.084,27.968
-0.94,-0.11,0,41.0901,28.128
-0.95,-0.11,0,41.7249,28.304
-0.96,-0.11,0,40.9619,28.448
-0.97,-0.11,0,41.2854,28.656
-0.98,-0.11,0,40.8338,28.816
-0.99,-0.11,0,40.7971,29.008
-1,-0.11,0,41.2061,29.136
-1,-0.1,0,45.6313,29.104
-0.99,-0.1,0,46.2355,28.992
-0.98,-0.1,0,46.382,28.736
-0.97,-0.1,0,45.8815,28.576
-0.96,-0.1,0,46.8825,28.384
-0.95,-0.1,0,46.2661,28.24
-0.94,-0.1,0,46.3942,28.032
-0.93,-0.1,0,46.7605,27.872
-0.92,-0.1,0,47.0229,27.68
-0.91,-0.1,0,46.8154,27.52
-0.9,-0.1,0,47.2182,27.344
-0.89,-0.1,0,46.2905,27.328
-0.88,-0.1,0,47.7004,27.024
-0.87,-0.1,0,47.0534,26.864
-0.86,-0.1,0,45.6801,26.672
-0.85,-0.1,0,45.9731,26.544
-0.84,-0.1,0,46.4858,26.336
-0.83,-0.1,0,46.5712,26.144
-0.82,-0.1,0,46.3027,26.032
-0.81,-0.1,0,45.6679,25.824
-0.8,-0.1,0,45.7411,25.648
-0.79,-0.1,0,46.0463,25.488
-0.78,-0.1,0,46.3027,25.312
-0.77,-0.1,0,45.5641,25.136
-0.76,-0.1,0,46.4675,24.976
-0.75,-0.1,0,46.3454,24.784
-0.74,-0.1,0,46.6872,24.608
-0.73,-0.1,0,46.2722,24.416
-0.72,-0.1,0,45.7228,24.24
-0.71,-0.1,0,46.2355,24.096
-0.7,-0.1,0,47.2488,23.904
-0.69,-0.1,0,45.8754,23.824
-0.68,-0.1,0,46.6384,23.616
-0.67,-0.1,0,46.1074,23.408
-0.66,-0.1,0,46.4187,23.248
-0.65,-0.1,0,46.6445,23.056
-0.64,-0.1,0,46.028,22.88
-0.63,-0.1,0,46.205,22.736
-0.62,-0.1,0,46.852,22.56
-0.61,-0.1,0,46.8093,22.384
-0.6,-0.1,0,46.6628,22.208
-0.59,-0.1,0,47.4807,22.032
-0.58,-0.1,0,46.382,21.904
-0.57,-0.1,0,46.3881,21.728
-0.56,-0.1,0,46.3393,21.568
-0.55,-0.1,0,45.2406,21.376
-0.54,-0.1,0,47.029,21.2
-0.53,-0.1,0,47.2427,21.008
-0.52,-0.1,0,46.3088,20.832
-0.51,-0.1,0,47.0107,20.656
-0.5,-0.1,0,46.9558,20.512
-0.49,-0.1,0,46.3332,20.32
-0.48,-0.1,0,47.3525,20.176
-0.47,-0.1,0,46.6018,19.984
-0.46,-0.1,0,46.2477,19.824
-0.45,-0.1,0,46.791,19.616
-0.44,-0.1,0,47.4075,19.456
-0.43,-0.1,0,46.6384,19.28
-0.42,-0.1,0,47.2732,19.12
-0.41,-0.1,0,46.7605,18.944
-0.4,-0.1,0,47.969,18.768
-0.39,-0.1,0,47.9812,18.608
-0.38,-0.1,0,47.8652,18.448
-0.37,-0.1,0,48.323,18.24
-0.36,-0.1,0,48.7075,18.08
-0.35,-0.1,0,48.1277,17.904
-0.34,-0.1,0,47.4563,17.76
-0.33,-0.1,0,48.8174,17.584
-0.32,-0.1,0,48.854,17.424
-0.31,-0.1,0,48.4512,17.232
-0.3,-0.1,0,49.0738,17.056
-0.29,-0.1,0,48.5366,16.896
-0.28,-0.1,0,49.1897,16.768
-0.27,-0.1,0,47.2365,16.576
-0.26,-0.1,0,49.5071,16.384
-0.25,-0.1,0,49.4278,16.208
-0.24,-0.1,0,50.1358,16.032
-0.23,-0.1,0,49.3606,15.888
-0.22,-0.1,0,50.6302,15.68
-0.21,-0.1,0,49.8184,15.52
-0.2,-0.1,0,49.0616,15.456
-0.19,-0.1,0,50.8988,15.216
-0.18,-0.1,0,51.0086,15.056
-0.17,-0.1,0,50.0931,14.832
-0.16,-0.1,0,51.4786,14.704
-0.15,-0.1,0,51.1002,14.496
-0.14,-0.1,0,50.6424,14.32
-0.13,-0.1,0,51.8387,14.128
-0.12,-0.1,0,51.8143,13.952
-0.11,-0.1,0,51.2162,13.792
-0.1,-0.1,0,53.1755,13.616
-0.09,-0.1,0,51.8509,13.472
-0.08,-0.1,0,52.0157,13.424
-0.07,-0.1,0,51.326,13.168
-0.06,-0.1,0,53.1877,12.976
-0.05,-0.1,0,53.3341,12.8
-0.04,-0.1,0,52.5468,12.608
-0.03,-0.1,0,51.9181,12.528
-0.02,-0.1,0,53.6454,12.304
-0.01,-0.1,0,52.9435,12.112
0,-0.1,0,52.8214,11.904
0,-0.09,0,60.5243,12.016
-0.01,-0.09,0,58.6566,12.208
-0.02,-0.09,0,58.8275,12.416
-0.03,-0.09,0,59.6271,12.544
-0.04,-0.09,0,59.0533,12.752
-0.05,-0.09,0,56.7583,12.928
-0.06,-0.09,0,58.4368,13.088
-0.07,-0.09,0,57.9608,13.264
-0.08,-0.09,0,58.0584,13.44
-0.09,-0.09,0,57.9302,13.6
-0.1,-0.09,0,56.2822,13.792
-0.11,-0.09,0,57.5335,13.904
-0.12,-0.09,0,57.1306,14.08
-0.13,-0.09,0,56.3738,14.272
-0.14,-0.09,0,56.2334,14.432
-0.15,-0.09,0,55.5498,14.608
-0.16,-0.09,0,56.9414,14.736
-0.17,-0.09,0,56.0259,14.928
-0.18,-0.09,0,55.2873,15.12
-0.19,-0.09,0,54.9028,15.296
-0.2,-0.09,0,54.4328,15.472
-0.21,-0.09,0,55.3179,15.6
-0.22,-0.09,0,54.7136,15.808
-0.23,-0.09,0,53.7187,15.968
-0.24,-0.09,0,54.9577,16.16
-0.25,-0.09,0,53.56,16.336
-0.26,-0.09,0,53.8285,16.512
-0.27,-0.09,0,54.1704,16.688
-0.28,-0.09,0,53.798,16.848
-0.29,-0.09,0,53.1632,16.992
-0.3,-0.09,0,52.62,17.168
-0.31,-0.09,0,52.5895,17.328
-0.32,-0.09,0,52.7299,17.504
-0.33,-0.09,0,52.6261,17.68
-0.34,-0.09,0,52.1867,17.872
-0.35,-0.09,0,53.1083,18.016
-0.36,-0.09,0,52.8397,18.208
-0.37,-0.09,0,51.149,18.384
-0.38,-0.09,0,51.8143,18.544
-0.39,-0.09,0,53.2853,18.736
-0.4,-0.09,0,52.1622,18.896
-0.41,-0.09,0,51.5885,19.056
-0.42,-0.09,0,51.442,19.248
-0.43,-0.09,0,51.5336,19.392
-0.44,-0.09,0,51.68,19.552
-0.45,-0.09,0,51.1856,19.744
-0.46,-0.09,0,51.8876,19.888
-0.47,-0.09,0,51.2589,20.08
-0.48,-0.09,0,50.7523,20.256
-0.49,-0.09,0,51.2894,20.432
-0.5,-0.09,0,51.0941,20.608
-0.51,-0.09,0,50.4776,20.688
-0.52,-0.09,0,50.8866,20.928
-0.53,-0.09,0,51.2833,21.104
-0.54,-0.09,0,50.2823,21.28
-0.55,-0.09,0,50.1297,21.456
-0.56,-0.09,0,51.1734,21.648
-0.57,-0.09,0,50.972,21.824
-0.58,-0.09,0,50.2945,21.984
-0.59,-0.09,0,50.6424,22.128
-0.6,-0.09,0,50.679,22.32
-0.61,-0.09,0,50.7462,22.48
-0.62,-0.09,0,50.5509,22.656
-0.63,-0.09,0,49.7391,22.832
-0.64,-0.09,0,50.8255,22.992
-0.65,-0.09,0,50.4654,23.184
-0.66,-0.09,0,49.9222,23.344
-0.67,-0.09,0,49.8856,23.52
-0.68,-0.09,0,51.1856,23.712
-0.69,-0.09,0,50.6485,23.872
-0.7,-0.09,0,50.4593,24.016
-0.71,-0.09,0,50.8988,24.176
-0.72,-0.09,0,51.1307,24.352
-0.73,-0.09,0,50.9415,24.56
-0.74,-0.09,0,50.3922,24.72
-0.75,-0.09,0,51.6068,24.88
-0.76,-0.09,0,50.8499,25.056
-0.77,-0.09,0,50.2091,25.248
-0.78,-0.09,0,50.38,25.408
-0.79,-0.09,0,50.3739,25.584
-0.8,-0.09,0,51.6556,25.744
-0.81,-0.09,0,49.9405,25.936
-0.82,-0.09,0,50.5387,26.08
-0.83,-0.09,0,50.7889,26.256
-0.84,-0.09,0,50.2396,26.448
-0.85,-0.09,0,51.0331,26.608
-0.86,-0.09,0,50.3372,26.784
-0.87,-0.09,0,50.3494,26.96
-0.88,-0.09,0,50.0931,27.12
-0.89,-0.09,0,50.7096,27.28
-0.9,-0.09,0,51.1734,27.456
-0.91,-0.09,0,50.0931,27.664
-0.92,-0.09,0,49.7269,27.824
-0.93,-0.09,0,49.9527,27.984
-0.94,-0.09,0,51.0575,28.16
-0.95,-0.09,0,50.3616,28.304
-0.96,-0.09,0,51.0819,28.496
-0.97,-0.09,0,49.2508,28.656
-0.98,-0.09,0,51.558,28.832
-0.99,-0.09,0,50.3739,28.944
-1,-0.09,0,50.9232,29.168
-1,-0.08,0,55.3056,29.12
-0.99,-0.08,0,56.5142,29.008
-0.98,-0.08,0,56.801,28.736
-0.97,-0.08,0,56.4531,28.576
-0.96,-0.08,0,55.9709,28.4
-0.95,-0.08,0,57.9363,28.192
-0.94,-0.08,0,57.3382,28.032
-0.93,-0.08,0,57.2344,27.92
-0.92,-0.08,0,56.8743,27.728
-0.91,-0.08,0,56.4104,27.568
-0.9,-0.08,0,57.2588,27.376
-0.89,-0.08,0,57.2527,27.184
-0.88,-0.08,0,58.0218,27.008
-0.87,-0.08,0,57.0025,26.992
-0.86,-0.08,0,57.0574,26.704
-0.85,-0.08,0,57.741,26.512
-0.84,-0.08,0,58.0889,26.32
-0.83,-0.08,0,57.5579,26.176
-0.82,-0.08,0,59.4195,26
-0.81,-0.08,0,58.4368,25.808
-0.8,-0.08,0,57.5701,25.632
-0.79,-0.08,0,57.1734,25.456
-0.78,-0.08,0,57.8936,25.296
-0.77,-0.08,0,57.3931,25.136
-0.76,-0.08,0,57.8814,24.944
-0.75,-0.08,0,58.3941,24.864
-0.74,-0.08,0,59.5355,24.624
-0.73,-0.08,0,57.5518,24.512
-0.72,-0.08,0,58.1988,24.304
-0.71,-0.08,0,58.095,24.144
-0.7,-0.08,0,58.5589,23.984
-0.69,-0.08,0,59.0838,23.76
-0.68,-0.08,0,58.1744,23.6
-0.67,-0.08,0,57.741,23.392
-0.66,-0.08,0,58.6322,23.232
-0.65,-0.08,0,57.3077,23.056
-0.64,-0.08,0,59.5843,22.88
-0.63,-0.08,0,58.2659,22.784
-0.62,-0.08,0,58.5406,22.592
-0.61,-0.08,0,58.272,22.448
-0.6,-0.08,0,58.5284,22.24
-0.59,-0.08,0,58.4979,22.064
-0.58,-0.08,0,58.388,21.872
-0.57,-0.08,0,57.9485,21.696
-0.56,-0.08,0,59.4745,21.52
-0.55,-0.08,0,58.327,21.328
-0.54,-0.08,0,59.1266,21.184
-0.53,-0.08,0,58.6322,21.04
-0.52,-0.08,0,59.1937,20.848
-0.51,-0.08,0,59.2303,20.672
-0.5,-0.08,0,59.2181,20.496
-0.49,-0.08,0,59.212,20.32
-0.48,-0.08,0,59.5721,20.144
-0.47,-0.08,0,59.7491,19.984
-0.46,-0.08,0,58.6077,19.792
-0.45,-0.08,0,58.9923,19.792
-0.44,-0.08,0,59.9628,19.504
-0.43,-0.08,0,59.7186,19.312
-0.42,-0.08,0,58.8275,19.12
-0.41,-0.08,0,59.7736,18.944
-0.4,-0.08,0,59.9384,18.848
-0.39,-0.08,0,58.9984,18.656
-0.38,-0.08,0,59.8346,18.432
-0.37,-0.08,0,59.8041,18.272
-0.36,-0.08,0,59.7552,18.096
-0.35,-0.08,0,60.8783,17.92
-0.34,-0.08,0,59.8529,17.744
-0.33,-0.08,0,59.5904,17.568
-0.32,-0.08,0,60.0299,17.408
-0.31,-0.08,0,60.036,17.216
-0.3,-0.08,0,61.1713,17.072
-0.29,-0.08,0,60.6586,16.896
-0.28,-0.08,0,60.8356,16.72
-0.27,-0.08,0,61.4093,16.544
-0.26,-0.08,0,62.1357,16.384
-0.25,-0.08,0,61.4643,16.192
-0.24,-0.08,0,61.7206,16.032
-0.23,-0.08,0,61.5802,15.872
-0.22,-0.08,0,61.5131,15.68
-0.21,-0.08,0,62.9353,15.52
-0.2,-0.08,0,62.5629,15.344
-0.19,-0.08,0,63.7776,15.168
-0.18,-0.08,0,63.0818,15.136
-0.17,-0.08,0,63.5273,14.912
-0.16,-0.08,0,63.0879,14.688
-0.15,-0.08,0,63.1489,14.512
-0.14,-0.08,0,64.1804,14.32
-0.13,-0.08,0,64.8152,14.144
-0.12,-0.08,0,64.6931,14.048
-0.11,-0.08,0,66.3472,13.824
-0.1,-0.08,0,64.9556,13.632
-0.09,-0.08,0,65.1997,13.456
-0.08,-0.08,0,66.1153,13.296
-0.07,-0.08,0,66.1336,13.12
-0.06,-0.08,0,66.4998,12.944
-0.05,-0.08,0,67.0675,12.784
-0.04,-0.08,0,67.5924,12.64
-0.03,-0.08,0,67.9159,12.432
-0.02,-0.08,0,68.5141,12.272
-0.01,-0.08,0,68.1478,12.112
0,-0.08,0,69.4052,11.92
0,-0.07,0,76.1559,12.016
-0.01,-0.07,0,74.6239,12.208
-0.02,-0.07,0,74.691,12.432
-0.03,-0.07,0,74.6788,12.608
-0.04,-0.07,0,73.9647,12.784
-0.05,-0.07,0,73.043,12.944
-0.06,-0.07,0,72.7439,13.104
-0.07,-0.07,0,73.1651,13.28
-0.08,-0.07,0,73.2078,13.44
-0.09,-0.07,0,71.7917,13.6
-0.1,-0.07,0,72.7439,13.76
-0.11,-0.07,0,71.2302,13.936
-0.12,-0.07,0,70.8457,14.096
-0.13,-0.07,0,69.6005,14.256
-0.14,-0.07,0,69.7897,14.448
-0.15,-0.07,0,69.9728,14.64
-0.16,-0.07,0,71.1631,14.8
-0.17,-0.07,0,69.9118,14.96
-0.18,-0.07,0,70.6565,15.152
-0.19,-0.07,0,68.9962,15.328
-0.2,-0.07,0,69.8019,15.488
-0.21,-0.07,0,69.0634,15.664
-0.22,-0.07,0,68.4652,15.824
-0.23,-0.07,0,68.0319,16
-0.24,-0.07,0,66.5914,16.176
-0.25,-0.07,0,67.6962,16.352
-0.26,-0.07,0,67.1468,16.512
-0.27,-0.07,0,66.7684,16.688
-0.28,-0.07,0,66.451,16.864
-0.29,-0.07,0,66.4815,17.024
-0.3,-0.07,0,67.2201,17.2
-0.31,-0.07,0,66.8966,17.36
-0.32,-0.07,0,67.5314,17.536
-0.33,-0.07,0,67.3299,17.712
-0.34,-0.07,0,66.0176,17.888
-0.35,-0.07,0,65.1814,18.064
-0.36,-0.07,0,66.5059,18.24
-0.37,-0.07,0,65.2058,18.4
-0.38,-0.07,0,66.097,18.512
-0.39,-0.07,0,65.1326,18.72
-0.4,-0.07,0,65.9627,18.896
-0.41,-0.07,0,64.9007,19.04
-0.42,-0.07,0,65.4012,19.232
-0.43,-0.07,0,65.6087,19.424
-0.44,-0.07,0,65.7796,19.6
-0.45,-0.07,0,65.6941,19.744
-0.46,-0.07,0,64.9007,19.92
-0.47,-0.07,0,64.1926,20.112
-0.48,-0.07,0,64.3818,20.24
-0.49,-0.07,0,65.8223,20.416
-0.5,-0.07,0,65.1936,20.608
-0.51,-0.07,0,64.2842,20.8
-0.52,-0.07,0,65.4378,20.928
-0.53,-0.07,0,64.9556,21.12
-0.54,-0.07,0,63.4541,21.296
-0.55,-0.07,0,63.5762,21.472
-0.56,-0.07,0,64.5466,21.648
-0.57,-0.07,0,64.3513,21.808
-0.58,-0.07,0,65.3951,21.984
-0.59,-0.07,0,63.9607,22.144
-0.6,-0.07,0,63.1794,22.336
-0.61,-0.07,0,64.4368,22.496
-0.62,-0.07,0,65.2486,22.656
-0.63,-0.07,0,65.3035,22.832
-0.64,-0.07,0,64.0828,23.024
-0.65,-0.07,0,63.979,23.168
-0.66,-0.07,0,63.4419,23.328
-0.67,-0.07,0,63.7226,23.52
-0.68,-0.07,0,62.9658,23.712
-0.69,-0.07,0,63.1184,23.84
-0.7,-0.07,0,64.2109,24.032
-0.71,-0.07,0,63.4907,24.208
-0.72,-0.07,0,63.564,24.368
-0.73,-0.07,0,63.1123,24.544
-0.74,-0.07,0,63.1367,24.72
-0.75,-0.07,0,62.6484,24.896
-0.76,-0.07,0,63.5578,24.992
-0.77,-0.07,0,63.155,25.184
-0.78,-0.07,0,62.5568,25.376
-0.79,-0.07,0,63.9607,25.504
-0.8,-0.07,0,63.5823,25.728
-0.81,-0.07,0,63.1123,25.92
-0.82,-0.07,0,62.6545,26.096
-0.83,-0.07,0,62.7766,26.256
-0.84,-0.07,0,62.8254,26.416
-0.85,-0.07,0,62.5141,26.592
-0.86,-0.07,0,63.6006,26.768
-0.87,-0.07,0,62.2822,26.928
-0.88,-0.07,0,62.4348,27.12
-0.89,-0.07,0,61.1103,27.28
-0.9,-0.07,0,61.7206,27.456
-0.91,-0.07,0,61.9892,27.632
-0.92,-0.07,0,61.8915,27.808
-0.93,-0.07,0,62.1052,27.936
-0.94,-0.07,0,61.6901,28.128
-0.95,-0.07,0,61.3178,28.288
-0.96,-0.07,0,62.2333,28.48
-0.97,-0.07,0,60.9088,28.624
-0.98,-0.07,0,61.0797,28.768
-0.99,-0.07,0,61.5558,28.976
-1,-0.07,0,61.8061,29.184
-1,-0.06,0,67.5863,29.104
-0.99,-0.06,0,68.0074,28.976
-0.98,-0.06,0,68.3187,28.72
-0.97,-0.06,0,67.6656,28.56
-0.96,-0.06,0,67.7145,28.384
-0.95,-0.06,0,69.0023,28.224
-0.94,-0.06,0,68.8375,28.048
-0.93,-0.06,0,68.5568,27.872
-0.92,-0.06,0,68.4286,27.696
-0.91,-0.06,0,69.9118,27.536
-0.9,-0.06,0,70.5893,27.344
-0.89,-0.06,0,69.6371,27.184
-0.88,-0.06,0,69.7714,27.056
-0.87,-0.06,0,69.7104,26.912
-0.86,-0.06,0,69.6127,26.704
-0.85,-0.06,0,71.0959,26.496
-0.84,-0.06,0,70.3696,26.304
-0.83,-0.06,0,70.9494,26.128
-0.82,-0.06,0,70.6626,25.952
-0.81,-0.06,0,70.5893,25.808
-0.8,-0.06,0,69.9789,25.712
-0.79,-0.06,0,71.8894,25.504
-0.78,-0.06,0,71.0959,25.312
-0.77,-0.06,0,71.5842,25.152
-0.76,-0.06,0,72.7073,24.944
-0.75,-0.06,0,71.1142,24.848
-0.74,-0.06,0,72.4876,24.688
-0.73,-0.06,0,72.3533,24.464
-0.72,-0.06,0,72.7195,24.336
-0.71,-0.06,0,72.4265,24.112
-0.7,-0.06,0,71.4682,23.936
-0.69,-0.06,0,71.8162,23.744
-0.68,-0.06,0,73.4886,23.632
-0.67,-0.06,0,72.7439,23.424
-0.66,-0.06,0,73.2994,23.232
-0.65,-0.06,0,73.7815,23.056
-0.64,-0.06,0,74.0135,22.944
-0.63,-0.06,0,73.1712,22.8
-0.62,-0.06,0,73.4642,22.576
-0.61,-0.06,0,73.3909,22.432
-0.6,-0.06,0,73.574,22.24
-0.59,-0.06,0,73.8792,22.048
-0.58,-0.06,0,74.7276,21.856
-0.57,-0.06,0,72.9087,21.728
-0.56,-0.06,0,74.4224,21.6
-0.55,-0.06,0,73.6717,21.392
-0.54,-0.06,0,74.9168,21.216
-0.53,-0.06,0,74.8009,21.088
-0.52,-0.06,0,74.221,20.88
-0.51,-0.06,0,74.63,20.8
-0.5,-0.06,0,74.6361,20.544
-0.49,-0.06,0,75.3136,20.384
-0.48,-0.06,0,75.7103,20.176
-0.47,-0.06,0,76.4672,19.984
-0.46,-0.06,0,75.9117,19.808
-0.45,-0.06,0,73.751,19.632
-0.44,-0.06,0,75.7408,19.472
-0.43,-0.06,0,77.4987,19.296
-0.42,-0.06,0,76.339,19.104
-0.41,-0.06,0,75.869,19.04
-0.4,-0.06,0,76.5893,18.816
-0.39,-0.06,0,75.8751,18.624
-0.38,-0.06,0,76.4183,18.432
-0.37,-0.06,0,78.2556,18.288
-0.36,-0.06,0,76.0949,18.096
-0.35,-0.06,0,76.87,17.92
-0.34,-0.06,0,78.0725,17.744
-0.33,-0.06,0,77.3827,17.584
-0.32,-0.06,0,78.6584,17.392
-0.31,-0.06,0,77.279,17.232
-0.3,-0.06,0,77.9809,17.04
-0.29,-0.06,0,77.1386,16.88
-0.28,-0.06,0,78.3044,16.72
-0.27,-0.06,0,77.9748,16.688
-0.26,-0.06,0,76.4855,16.432
-0.25,-0.06,0,78.1518,16.24
-0.24,-0.06,0,78.2128,16.064
-0.23,-0.06,0,78.8232,15.856
-0.22,-0.06,0,78.341,15.68
-0.21,-0.06,0,78.5669,15.536
-0.2,-0.06,0,78.9453,15.344
-0.19,-0.06,0,79.5068,15.184
-0.18,-0.06,0,79.1528,14.992
-0.17,-0.06,0,79.8669,14.832
-0.16,-0.06,0,80.6116,14.64
-0.15,-0.06,0,80.7154,14.48
-0.14,-0.06,0,81.1914,14.496
-0.13,-0.06,0,80.6177,14.176
-0.12,-0.06,0,80.7825,14.016
-0.11,-0.06,0,81.2647,13.824
-0.1,-0.06,0,83.1629,13.632
-0.09,-0.06,0,82.3328,13.472
-0.08,-0.06,0,82.7296,13.28
-0.07,-0.06,0,82.9981,13.136
-0.06,-0.06,0,84.5363,12.944
-0.05,-0.06,0,84.0236,12.784
-0.04,-0.06,0,84.4142,12.592
-0.03,-0.06,0,84.64,12.432
-0.02,-0.06,0,84.341,12.256
-0.01,-0.06,0,86.0805,12.128
0,-0.06,0,85.3114,12.096
0,-0.05,0,97.0611,12.016
-0.01,-0.05,0,93.997,12.192
-0.02,-0.05,0,93.0265,12.432
-0.03,-0.05,0,91.7692,12.592
-0.04,-0.05,0,91.1649,12.784
-0.05,-0.05,0,93.8444,12.96
-0.06,-0.05,0,91.9767,13.008
-0.07,-0.05,0,93.6552,13.248
-0.08,-0.05,0,90.6644,13.424
-0.09,-0.05,0,90.3897,13.632
-0.1,-0.05,0,90.2188,13.792
-0.11,-0.05,0,90.1944,13.968
-0.12,-0.05,0,89.2483,14.144
-0.13,-0.05,0,90.1273,14.304
-0.14,-0.05,0,89.5779,14.464
-0.15,-0.05,0,88.2351,14.64
-0.16,-0.05,0,87.1609,14.816
-0.17,-0.05,0,89.2361,14.976
-0.18,-0.05,0,88.7661,15.152
-0.19,-0.05,0,88.1314,15.312
-0.2,-0.05,0,88.2107,15.488
-0.21,-0.05,0,88.2046,15.664
-0.22,-0.05,0,86.758,15.856
-0.23,-0.05,0,87.4966,16.016
-0.24,-0.05,0,87.5759,16.176
-0.25,-0.05,0,87.0815,16.352
-0.26,-0.05,0,85.6105,16.512
-0.27,-0.05,0,86.5261,16.672
-0.28,-0.05,0,85.8913,16.832
-0.29,-0.05,0,87.2646,16.992
-0.3,-0.05,0,85.6471,17.168
-0.31,-0.05,0,85.2199,17.376
-0.32,-0.05,0,86.4467,17.536
-0.33,-0.05,0,84.3776,17.696
-0.34,-0.05,0,85.0185,17.856
-0.35,-0.05,0,85.2443,18.032
-0.36,-0.05,0,83.9503,18.224
-0.37,-0.05,0,84.9574,18.384
-0.38,-0.05,0,85.0429,18.56
-0.39,-0.05,0,83.8527,18.72
-0.4,-0.05,0,85.2687,18.912
-0.41,-0.05,0,84.4081,19.072
-0.42,-0.05,0,83.2667,19.232
-0.43,-0.05,0,83.4376,19.36
-0.44,-0.05,0,82.5343,19.568
-0.45,-0.05,0,83.4132,19.744
-0.46,-0.05,0,82.5343,19.936
-0.47,-0.05,0,82.7174,20.096
-0.48,-0.05,0,82.4366,20.288
-0.49,-0.05,0,81.3746,20.464
-0.5,-0.05,0,82.5648,20.624
-0.51,-0.05,0,82.4732,20.784
-0.52,-0.05,0,81.637,20.96
-0.53,-0.05,0,81.4417,21.12
-0.54,-0.05,0,82.6441,21.248
-0.55,-0.05,0,80.6238,21.472
-0.56,-0.05,0,81.0144,21.632
-0.57,-0.05,0,82.3511,21.808
-0.58,-0.05,0,81.0999,21.952
-0.59,-0.05,0,81.3807,22.144
-0.6,-0.05,0,79.4763,22.32
-0.61,-0.05,0,79.6045,22.496
-0.62,-0.05,0,80.4895,22.656
-0.63,-0.05,0,81.0877,22.832
-0.64,-0.05,0,79.0857,23.024
-0.65,-0.05,0,80.0256,23.168
-0.66,-0.05,0,78.75,23.328
-0.67,-0.05,0,80.4224,23.52
-0.68,-0.05,0,78.7194,23.696
-0.69,-0.05,0,78.6035,23.872
-0.7,-0.05,0,78.3654,24.032
-0.71,-0.05,0,77.8283,24.208
-0.72,-0.05,0,78.3715,24.352
-0.73,-0.05,0,77.694,24.528
-0.74,-0.05,0,77.517,24.72
-0.75,-0.05,0,77.047,24.88
-0.76,-0.05,0,77.7429,25.056
-0.77,-0.05,0,76.6686,25.232
-0.78,-0.05,0,77.4377,25.408
-0.79,-0.05,0,76.101,25.584
-0.8,-0.05,0,76.3207,25.76
-0.81,-0.05,0,75.515,25.92
-0.82,-0.05,0,76.5221,26.112
-0.83,-0.05,0,75.8568,26.24
-0.84,-0.05,0,75.1122,26.432
-0.85,-0.05,0,75.2586,26.592
-0.86,-0.05,0,75.7714,26.752
-0.87,-0.05,0,74.8436,26.944
-0.88,-0.05,0,74.2271,27.12
-0.89,-0.05,0,75.0694,27.296
-0.9,-0.05,0,74.105,27.456
-0.91,-0.05,0,74.6605,27.648
-0.92,-0.05,0,73.7205,27.792
-0.93,-0.05,0,73.8853,27.968
-0.94,-0.05,0,72.866,28.144
-0.95,-0.05,0,73.983,28.32
-0.96,-0.05,0,73.5862,28.48
-0.97,-0.05,0,72.0664,28.656
-0.98,-0.05,0,72.9514,28.8
-0.99,-0.05,0,72.7012,28.992
-1,-0.05,0,72.4204,29.168
-1,-0.04,0,77.871,29.104
-0.99,-0.04,0,79.2383,28.992
-0.98,-0.04,0,79.7937,28.72
-0.97,-0.04,0,78.872,28.56
-0.96,-0.04,0,80.343,28.352
-0.95,-0.04,0,80.105,28.192
-0.94,-0.04,0,80.4285,28.032
-0.93,-0.04,0,81.3135,27.856
-0.92,-0.04,0,80.5933,27.68
-0.91,-0.04,0,80.9351,27.536
-0.9,-0.04,0,81.2281,27.376
-0.89,-0.04,0,81.7774,27.248
-0.88,-0.04,0,83.0653,27.024
-0.87,-0.04,0,81.8812,26.832
-0.86,-0.04,0,83.4132,26.656
-0.85,-0.04,0,82.8578,26.528
-0.84,-0.04,0,83.1812,26.304
-0.83,-0.04,0,84.3226,26.144
-0.82,-0.04,0,85.5556,25.968
-0.81,-0.04,0,83.8893,25.824
-0.8,-0.04,0,84.7316,25.648
-0.79,-0.04,0,84.0785,25.6
-0.78,-0.04,0,84.2128,25.328
-0.77,-0.04,0,85.1833,25.136
-0.76,-0.04,0,85.6471,24.944
-0.75,-0.04,0,85.9951,24.752
-0.74,-0.04,0,86.3491,24.592
-0.73,-0.04,0,86.7519,24.432
-0.72,-0.04,0,87.344,24.256
-0.71,-0.04,0,85.7265,24.096
-0.7,-0.04,0,87.9727,23.92
-0.69,-0.04,0,87.875,23.728
-0.68,-0.04,0,88.5708,23.584
-0.67,-0.04,0,87.9788,23.408
-0.66,-0.04,0,88.8272,23.232
-0.65,-0.04,0,89.9197,23.056
-0.64,-0.04,0,89.053,22.88
-0.63,-0.04,0,89.877,22.752
-0.62,-0.04,0,89.7855,22.592
-0.61,-0.04,0,90.9391,22.4
-0.6,-0.04,0,90.0906,22.208
-0.59,-0.04,0,91.1466,22.032
-0.58,-0.04,0,91.2992,21.856
-0.57,-0.04,0,90.701,21.68
-0.56,-0.04,0,90.7071,21.552
-0.55,-0.04,0,91.9706,21.36
-0.54,-0.04,0,91.2137,21.2
-0.53,-0.04,0,90.5179,21.008
-0.52,-0.04,0,92.88,20.832
-0.51,-0.04,0,92.7824,20.672
-0.5,-0.04,0,93.2707,20.48
-0.49,-0.04,0,93.7895,20.416
-0.48,-0.04,0,93.6125,20.176
-0.47,-0.04,0,93.7162,20
-0.46,-0.04,0,95.1506,19.808
-0.45,-0.04,0,95.1689,19.632
-0.44,-0.04,0,95.2666,19.472
-0.43,-0.04,0,94.821,19.28
-0.42,-0.04,0,95.2788,19.12
-0.41,-0.04,0,95.4558,18.96
-0.4,-0.04,0,94.7661,18.832
-0.39,-0.04,0,95.2239,18.656
-0.38,-0.04,0,96.4263,18.48
-0.37,-0.04,0,97.2015,18.288
-0.36,-0.04,0,97.4517,18.096
-0.35,-0.04,0,96.646,17.936
-0.34,-0.04,0,98.4039,17.744
-0.33,-0.04,0,98.1841,17.616
-0.32,-0.04,0,98.3123,17.424
-0.31,-0.04,0,97.7081,17.248
-0.3,-0.04,0,98.2025,17.072
-0.29,-0.04,0,97.5738,16.896
-0.28,-0.04,0,98.3795,16.704
-0.27,-0.04,0,99.1668,16.56
-0.26,-0.04,0,98.41,16.368
-0.25,-0.04,0,99.2462,16.208
-0.24,-0.04,0,100.357,16.032
-0.23,-0.04,0,99.7711,15.872
-0.22,-0.04,0,100.62,15.696
-0.21,-0.04,0,102.432,15.536
-0.2,-0.04,0,100.79,15.344
-0.19,-0.04,0,100.748,15.168
-0.18,-0.04,0,101.413,15.008
-0.17,-0.04,0,102.127,14.832
-0.16,-0.04,0,102.316,14.672
-0.15,-0.04,0,101.712,14.496
-0.14,-0.04,0,102.622,14.32
-0.13,-0.04,0,101.743,14.144
-0.12,-0.04,0,102.036,13.984
-0.11,-0.04,0,102.75,13.824
-0.1,-0.04,0,103.256,13.632
-0.09,-0.04,0,103.574,13.456
-0.08,-0.04,0,104.147,13.296
-0.07,-0.04,0,103.61,13.12
-0.06,-0.04,0,104.746,12.96
-0.05,-0.04,0,104.202,12.784
-0.04,-0.04,0,104.678,12.624
-0.03,-0.04,0,104.648,12.464
-0.02,-0.04,0,105.356,12.272
-0.01,-0.04,0,105.234,12.096
0,-0.04,0,105.673,12
0,-0.03,0,117.716,12.064
-0.01,-0.03,0,115.293,12.16
-0.02,-0.03,0,115.842,12.432
-0.03,-0.03,0,115.195,12.592
-0.04,-0.03,0,114.628,12.784
-0.05,-0.03,0,113.681,12.944
-0.06,-0.03,0,113.822,13.12
-0.07,-0.03,0,112.76,13.28
-0.08,-0.03,0,113.541,13.472
-0.09,-0.03,0,113.095,13.632
-0.1,-0.03,0,111.661,13.792
-0.11,-0.03,0,112.723,13.936
-0.12,-0.03,0,112.217,14.144
-0.13,-0.03,0,112.68,14.304
-0.14,-0.03,0,111.875,14.48
-0.15,-0.03,0,111.887,14.656
-0.16,-0.03,0,111.588,14.832
-0.17,-0.03,0,111.38,15.008
-0.18,-0.03,0,110.727,15.152
-0.19,-0.03,0,110.678,15.344
-0.2,-0.03,0,110.825,15.504
-0.21,-0.03,0,110.147,15.68
-0.22,-0.03,0,109.214,15.824
-0.23,-0.03,0,109.757,16
-0.24,-0.03,0,110.422,16.176
-0.25,-0.03,0,108.176,16.352
-0.26,-0.03,0,108.011,16.528
-0.27,-0.03,0,108.591,16.704
-0.28,-0.03,0,109.268,16.864
-0.29,-0.03,0,107.236,16.992
-0.3,-0.03,0,107.096,17.184
-0.31,-0.03,0,106.394,17.376
-0.32,-0.03,0,106.064,17.552
-0.33,-0.03,0,105.539,17.728
-0.34,-0.03,0,105.881,17.888
-0.35,-0.03,0,105.71,18.048
-0.36,-0.03,0,106.796,18.208
-0.37,-0.03,0,105.197,18.4
-0.38,-0.03,0,103.714,18.56
-0.39,-0.03,0,104.361,18.752
-0.4,-0.03,0,103.97,18.896
-0.41,-0.03,0,103.781,19.088
-0.42,-0.03,0,103.269,19.264
-0.43,-0.03,0,102.805,19.424
-0.44,-0.03,0,103.348,19.584
-0.45,-0.03,0,102.445,19.744
-0.46,-0.03,0,100.797,19.936
-0.47,-0.03,0,101.505,20.08
-0.48,-0.03,0,101.334,20.256
-0.49,-0.03,0,102.029,20.432
-0.5,-0.03,0,99.704,20.624
-0.51,-0.03,0,100.07,20.784
-0.52,-0.03,0,98.6114,20.96
-0.53,-0.03,0,98.3978,21.072
-0.54,-0.03,0,98.7457,21.264
-0.55,-0.03,0,98.7274,21.472
-0.56,-0.03,0,97.4212,21.648
-0.57,-0.03,0,95.5901,21.808
-0.58,-0.03,0,97.9766,21.952
-0.59,-0.03,0,96.7681,22.112
-0.6,-0.03,0,98.0743,22.32
-0.61,-0.03,0,96.4629,22.512
-0.62,-0.03,0,95.1994,22.672
-0.63,-0.03,0,94.8759,22.848
-0.64,-0.03,0,96.231,22.992
-0.65,-0.03,0,94.5402,23.184
-0.66,-0.03,0,93.8688,23.36
-0.67,-0.03,0,93.1486,23.504
-0.68,-0.03,0,94.2534,23.664
-0.69,-0.03,0,93.234,23.872
-0.7,-0.03,0,93.2035,24.032
-0.71,-0.03,0,93.6125,24.208
-0.72,-0.03,0,92.2697,24.384
-0.73,-0.03,0,91.8851,24.56
-0.74,-0.03,0,91.1161,24.72
-0.75,-0.03,0,90.2799,24.912
-0.76,-0.03,0,91.4029,25.056
-0.77,-0.03,0,89.8648,25.232
-0.78,-0.03,0,90.0662,25.408
-0.79,-0.03,0,88.9065,25.552
-0.8,-0.03,0,89.6207,25.744
-0.81,-0.03,0,88.052,25.92
-0.82,-0.03,0,88.3694,26.08
-0.83,-0.03,0,88.0703,26.256
-0.84,-0.03,0,88.0093,26.416
-0.85,-0.03,0,86.4223,26.608
-0.86,-0.03,0,87.0083,26.768
-0.87,-0.03,0,86.4284,26.96
-0.88,-0.03,0,85.5373,27.136
-0.89,-0.03,0,84.2128,27.296
-0.9,-0.03,0,85.6532,27.456
-0.91,-0.03,0,85.5312,27.632
-0.92,-0.03,0,85.873,27.76
-0.93,-0.03,0,85.0734,27.952
-0.94,-0.03,0,84.0419,28.128
-0.95,-0.03,0,83.0653,28.304
-0.96,-0.03,0,83.6818,28.496
-0.97,-0.03,0,84.3226,28.64
-0.98,-0.03,0,83.346,28.832
-0.99,-0.03,0,82.7601,29.008
-1,-0.03,0,82.4366,29.152
-1,-0.02,0,86.227,29.104
-0.99,-0.02,0,87.112,28.992
-0.98,-0.02,0,87.3318,28.72
-0.97,-0.02,0,88.3145,28.576
-0.96,-0.02,0,88.1314,28.416
-0.95,-0.02,0,88.8577,28.256
-0.94,-0.02,0,89.0286,28.032
-0.93,-0.02,0,88.7112,27.856
-0.92,-0.02,0,90.4447,27.68
-0.91,-0.02,0,89.6573,27.504
-0.9,-0.02,0,90.2493,27.344
-0.89,-0.02,0,90.9146,27.168
-0.88,-0.02,0,91.7142,27.008
-0.87,-0.02,0,93.0021,26.832
-0.86,-0.02,0,91.8729,26.688
-0.85,-0.02,0,94.3632,26.528
-0.84,-0.02,0,92.3673,26.384
-0.83,-0.02,0,94.3693,26.176
-0.82,-0.02,0,95.5657,25.968
-0.81,-0.02,0,94.406,25.792
-0.8,-0.02,0,95.4192,25.616
-0.79,-0.02,0,95.938,25.456
-0.78,-0.02,0,94.8454,25.312
-0.77,-0.02,0,96.6643,25.152
-0.76,-0.02,0,96.3897,24.96
-0.75,-0.02,0,97.293,24.8
-0.74,-0.02,0,98.4527,24.608
-0.73,-0.02,0,98.0132,24.432
-0.72,-0.02,0,98.8983,24.272
-0.71,-0.02,0,99.3927,24.096
-0.7,-0.02,0,100.565,23.904
-0.69,-0.02,0,100.919,23.744
-0.68,-0.02,0,100.51,23.584
-0.67,-0.02,0,100.406,23.424
-0.66,-0.02,0,101.267,23.248
-0.65,-0.02,0,101.382,23.056
-0.64,-0.02,0,103.342,22.896
-0.63,-0.02,0,102.823,22.704
-0.62,-0.02,0,104.331,22.56
-0.61,-0.02,0,103.366,22.384
-0.6,-0.02,0,104.636,22.208
-0.59,-0.02,0,105.313,22.048
-0.58,-0.02,0,105.649,21.856
-0.57,-0.02,0,105.502,21.712
-0.56,-0.02,0,106.217,21.52
-0.55,-0.02,0,107.59,21.344
-0.54,-0.02,0,106.455,21.184
-0.53,-0.02,0,108.396,21.008
-0.52,-0.02,0,108.597,20.832
-0.51,-0.02,0,108.408,20.656
-0.5,-0.02,0,109.427,20.496
-0.49,-0.02,0,109.427,20.416
-0.48,-0.02,0,110.459,20.192
-0.47,-0.02,0,111.112,19.984
-0.46,-0.02,0,110.782,19.808
-0.45,-0.02,0,112.137,19.648
-0.44,-0.02,0,111.954,19.488
-0.43,-0.02,0,111.832,19.296
-0.42,-0.02,0,114.219,19.136
-0.41,-0.02,0,113.846,18.96
-0.4,-0.02,0,114.597,18.784
-0.39,-0.02,0,114.389,18.64
-0.38,-0.02,0,115.683,18.448
-0.37,-0.02,0,114.927,18.352
-0.36,-0.02,0,115.928,18.128
-0.35,-0.02,0,116.056,17.936
-0.34,-0.02,0,117.386,17.76
-0.33,-0.02,0,116.123,17.648
-0.32,-0.02,0,117.191,17.44
-0.31,-0.02,0,118.68,17.248
-0.3,-0.02,0,119.12,17.12
-0.29,-0.02,0,118.809,16.912
-0.28,-0.02,0,120.048,16.768
-0.27,-0.02,0,119.816,16.592
-0.26,-0.02,0,118.961,16.448
-0.25,-0.02,0,120.06,16.256
-0.24,-0.02,0,120.866,16.064
-0.23,-0.02,0,121.69,15.888
-0.22,-0.02,0,122.239,15.712
-0.21,-0.02,0,122.275,15.536
-0.2,-0.02,0,123.472,15.376
-0.19,-0.02,0,122.294,15.216
-0.18,-0.02,0,124.656,15.008
-0.17,-0.02,0,123.936,14.848
-0.16,-0.02,0,123.746,14.736
-0.15,-0.02,0,124.937,14.528
-0.14,-0.02,0,125.468,14.336
-0.13,-0.02,0,125.608,14.16
-0.12,-0.02,0,124.821,13.984
-0.11,-0.02,0,125.645,13.824
-0.1,-0.02,0,125.352,13.648
-0.09,-0.02,0,126.652,13.472
-0.08,-0.02,0,127.531,13.312
-0.07,-0.02,0,127.927,13.152
-0.06,-0.02,0,127.433,12.992
-0.05,-0.02,0,126.658,12.816
-0.04,-0.02,0,128.117,12.656
-0.03,-0.02,0,127.415,12.464
-0.02,-0.02,0,128.397,12.336
-0.01,-0.02,0,126.945,12.176
0,-0.02,0,129.868,11.968
0,-0.01,0,139.75,12.064
-0.01,-0.01,0,138.383,12.224
-0.02,-0.01,0,137.541,12.448
-0.03,-0.01,0,137.15,12.624
-0.04,-0.01,0,137.864,12.752
-0.05,-0.01,0,136.65,12.96
-0.06,-0.01,0,138.023,13.104
-0.07,-0.01,0,135.997,13.296
-0.08,-0.01,0,137.309,13.456
-0.09,-0.01,0,135.569,13.648
-0.1,-0.01,0,135.704,13.808
-0.11,-0.01,0,135.362,13.984
-0.12,-0.01,0,134.593,14.144
-0.13,-0.01,0,134.129,14.336
-0.14,-0.01,0,134.556,14.496
-0.15,-0.01,0,131.87,14.656
-0.16,-0.01,0,132.926,14.848
-0.17,-0.01,0,133.036,15.008
-0.18,-0.01,0,132.261,15.184
-0.19,-0.01,0,130.998,15.36
-0.2,-0.01,0,130.729,15.504
-0.21,-0.01,0,130.766,15.664
-0.22,-0.01,0,130.259,15.84
-0.23,-0.01,0,130.277,16.016
-0.24,-0.01,0,128.605,16.192
-0.25,-0.01,0,129.765,16.336
-0.26,-0.01,0,127.445,16.512
-0.27,-0.01,0,127.683,16.656
-0.28,-0.01,0,126.096,16.864
-0.29,-0.01,0,125.675,17.04
-0.3,-0.01,0,125.15,17.2
-0.31,-0.01,0,123.783,17.392
-0.32,-0.01,0,123.307,17.568
-0.33,-0.01,0,123.264,17.744
-0.34,-0.01,0,122.874,17.888
-0.35,-0.01,0,122.08,18.08
-0.36,-0.01,0,121.439,18.24
-0.37,-0.01,0,119.584,18.416
-0.38,-0.01,0,120.969,18.576
-0.39,-0.01,0,119.834,18.768
-0.4,-0.01,0,119.358,18.928
-0.41,-0.01,0,118.796,19.088
-0.42,-0.01,0,118.534,19.28
-0.43,-0.01,0,117.203,19.424
-0.44,-0.01,0,116.227,19.616
-0.45,-0.01,0,117.368,19.776
-0.46,-0.01,0,116.88,19.888
-0.47,-0.01,0,115.256,20.096
-0.48,-0.01,0,115.079,20.288
-0.49,-0.01,0,113.901,20.464
-0.5,-0.01,0,113.382,20.608
-0.51,-0.01,0,112.766,20.8
-0.52,-0.01,0,112.967,20.976
-0.53,-0.01,0,111.795,21.136
-0.54,-0.01,0,111.283,21.296
-0.55,-0.01,0,110.44,21.488
-0.56,-0.01,0,109.366,21.664
-0.57,-0.01,0,109.909,21.824
-0.58,-0.01,0,108.646,22
-0.59,-0.01,0,108.78,22.176
-0.6,-0.01,0,107.602,22.336
-0.61,-0.01,0,107.608,22.528
-0.62,-0.01,0,107.498,22.688
-0.63,-0.01,0,105.795,22.848
-0.64,-0.01,0,107.407,23.024
-0.65,-0.01,0,104.807,23.184
-0.66,-0.01,0,105.753,23.36
-0.67,-0.01,0,103.458,23.536
-0.68,-0.01,0,103.067,23.712
-0.69,-0.01,0,103.287,23.856
-0.7,-0.01,0,102.542,24
-0.71,-0.01,0,102.408,24.192
-0.72,-0.01,0,100.266,24.368
-0.73,-0.01,0,101.462,24.544
-0.74,-0.01,0,100.595,24.72
-0.75,-0.01,0,100.534,24.912
-0.76,-0.01,0,98.8983,25.072
-0.77,-0.01,0,100.07,25.216
-0.78,-0.01,0,99.3988,25.36
-0.79,-0.01,0,99.4049,25.552
-0.8,-0.01,0,98.9105,25.744
-0.81,-0.01,0,97.2747,25.904
-0.82,-0.01,0,97.0855,26.08
-0.83,-0.01,0,96.4324,26.256
-0.84,-0.01,0,96.1516,26.448
-0.85,-0.01,0,94.7295,26.624
-0.86,-0.01,0,94.7661,26.8
-0.87,-0.01,0,94.8393,26.96
-0.88,-0.01,0,93.8078,27.136
-0.89,-0.01,0,93.112,27.312
-0.9,-0.01,0,92.2208,27.472
-0.91,-0.01,0,91.5006,27.632
-0.92,-0.01,0,91.5311,27.824
-0.93,-0.01,0,92.0377,27.984
-0.94,-0.01,0,91.6227,28.16
-0.95,-0.01,0,91.702,28.32
-0.96,-0.01,0,90.7865,28.496
-0.97,-0.01,0,90.463,28.64
-0.98,-0.01,0,89.2727,28.832
-0.99,-0.01,0,89.3521,28.96
-1,-0.01,0,89.9197,29.152
-1,0,0,90.1883,29.104
-0.99,0,0,91.1344,28.976
-0.98,0,0,91.6654,28.752
-0.97,0,0,93.1913,28.768
-0.96,0,0,93.8078,28.384
-0.95,0,0,92.6969,28.24
-0.94,0,0,94.0397,28.064
-0.93,0,0,94.2228,27.92
-0.92,0,0,94.5402,27.744
-0.91,0,0,94.8149,27.552
-0.9,0,0,95.2788,27.376
-0.89,0,0,95.0774,27.184
-0.88,0,0,97.1648,27.2
-0.87,0,0,96.9695,26.832
-0.86,0,0,97.4029,26.656
-0.85,0,0,97.4578,26.688
-0.84,0,0,99.002,26.32
-0.83,0,0,98.8861,26.176
-0.82,0,0,99.942,25.984
-0.81,0,0,99.9603,25.84
-0.8,0,0,101.535,25.648
-0.79,0,0,100.797,25.456
-0.78,0,0,102.731,25.296
-0.77,0,0,102.103,25.104
-0.76,0,0,102.499,24.944
-0.75,0,0,103.751,24.768
-0.74,0,0,104.764,24.608
-0.73,0,0,104.776,24.432
-0.72,0,0,104.55,24.288
-0.71,0,0,105.545,24.128
-0.7,0,0,105.747,24.128
-0.69,0,0,107.12,23.744
-0.68,0,0,107.608,23.568
-0.67,0,0,107.584,23.408
-0.66,0,0,108.524,23.232
-0.65,0,0,109.378,23.104
-0.64,0,0,109.5,22.912
-0.63,0,0,110.092,22.736
-0.62,0,0,111.118,22.56
-0.61,0,0,112.143,22.368
-0.6,0,0,112.088,22.208
-0.59,0,0,114.066,22.048
-0.58,0,0,113.144,21.904
-0.57,0,0,114.518,21.712
-0.56,0,0,114.109,21.536
-0.55,0,0,115.513,21.344
-0.54,0,0,115.445,21.184
-0.53,0,0,117.551,21.024
-0.52,0,0,117.087,20.848
-0.51,0,0,118.094,20.672
-0.5,0,0,118.32,20.528
-0.49,0,0,119.431,20.336
-0.48,0,0,119.48,20.24
-0.47,0,0,121.305,20.048
-0.46,0,0,122.098,19.856
-0.45,0,0,121.415,19.664
-0.44,0,0,122.666,19.488
-0.43,0,0,122.886,19.312
-0.42,0,0,124.735,19.152
-0.41,0,0,124.223,18.976
-0.4,0,0,126.267,18.8
-0.39,0,0,126.505,18.624
-0.38,0,0,126.664,18.448
-0.37,0,0,127.665,18.288
-0.36,0,0,127.976,18.096
-0.35,0,0,129.637,17.936
-0.34,0,0,130.107,17.76
-0.33,0,0,132.292,17.616
-0.32,0,0,131.205,17.424
-0.31,0,0,131.864,17.264
-0.3,0,0,133.11,17.072
-0.29,0,0,133.366,16.912
-0.28,0,0,134.111,16.736
-0.27,0,0,135.386,16.576
-0.26,0,0,135.899,16.416
-0.25,0,0,136.637,16.24
-0.24,0,0,135.972,16.112
-0.23,0,0,137.687,15.936
-0.22,0,0,137.919,15.824
-0.21,0,0,138.743,15.568
-0.2,0,0,139.366,15.376
-0.19,0,0,140.678,15.2
-0.18,0,0,139.64,15.024
-0.17,0,0,141.111,14.848
-0.16,0,0,142.289,14.688
-0.15,0,0,142.119,14.528
-0.14,0,0,143.657,14.352
-0.13,0,0,144.884,14.16
-0.12,0,0,144.121,14
-0.11,0,0,144.67,13.824
-0.1,0,0,144.957,13.648
-0.09,0,0,145.781,13.488
-0.08,0,0,147.093,13.312
-0.07,0,0,146.831,13.136
-0.06,0,0,145.83,12.976
-0.05,0,0,148.1,12.8
-0.04,0,0,146.733,12.624
-0.03,0,0,149.174,12.496
-0.02,0,0,149.01,12.336
-0.01,0,0,148.851,12.288
0,0,0,149.309,12.016
0,0.01,0,153.972,12.08
-0.01,0.01,0,153.514,12.192
-0.02,0.01,0,152.629,12.464
-0.03,0.01,0,154.009,12.64
-0.04,0.01,0,153.246,12.832
-0.05,0.01,0,153.02,12.992
-0.06,0.01,0,152.129,13.168
-0.07,0.01,0,151.384,13.328
-0.08,0.01,0,151.598,13.488
-0.09,0.01,0,151.103,13.648
-0.1,0.01,0,151.701,13.824
-0.11,0.01,0,149.419,13.984
-0.12,0.01,0,149.126,14.16
-0.13,0.01,0,147.691,14.352
-0.14,0.01,0,148.161,14.512
-0.15,0.01,0,146.458,14.672
-0.16,0.01,0,146.892,14.848
-0.17,0.01,0,145.854,15.008
-0.18,0.01,0,145.225,15.184
-0.19,0.01,0,144.554,15.36
-0.2,0.01,0,143.602,15.536
-0.21,0.01,0,143.901,15.68
-0.22,0.01,0,141.96,15.872
-0.23,0.01,0,140.385,16.032
-0.24,0.01,0,140.257,16.208
-0.25,0.01,0,139.879,16.384
-0.26,0.01,0,140.324,16.544
-0.27,0.01,0,137.309,16.704
-0.28,0.01,0,136.967,16.864
-0.29,0.01,0,135.16,17.056
-0.3,0.01,0,135.343,17.216
-0.31,0.01,0,135.856,17.376
-0.32,0.01,0,134.269,17.552
-0.33,0.01,0,133.403,17.712
-0.34,0.01,0,132.469,17.856
-0.35,0.01,0,131.242,18.064
-0.36,0.01,0,130.503,18.208
-0.37,0.01,0,129.618,18.384
-0.38,0.01,0,130.1,18.544
-0.39,0.01,0,128.721,18.72
-0.4,0.01,0,129.032,18.912
-0.41,0.01,0,128.251,19.072
-0.42,0.01,0,126.53,19.248
-0.43,0.01,0,124.467,19.44
-0.44,0.01,0,124.796,19.616
-0.45,0.01,0,122.868,19.776
-0.46,0.01,0,124.906,19.952
-0.47,0.01,0,122.831,20.128
-0.48,0.01,0,121.537,20.272
-0.49,0.01,0,121.165,20.448
-0.5,0.01,0,121.372,20.624
-0.51,0.01,0,118.729,20.784
-0.52,0.01,0,118.894,20.96
-0.53,0.01,0,118.033,21.12
-0.54,0.01,0,117.081,21.264
-0.55,0.01,0,116.91,21.488
-0.56,0.01,0,116.416,21.648
-0.57,0.01,0,115.409,21.824
-0.58,0.01,0,113.956,21.968
-0.59,0.01,0,114.194,22.16
-0.6,0.01,0,113.785,22.32
-0.61,0.01,0,114.078,22.512
-0.62,0.01,0,112.845,22.688
-0.63,0.01,0,111.777,22.864
-0.64,0.01,0,110.782,23.008
-0.65,0.01,0,111.185,23.168
-0.66,0.01,0,109.714,23.36
-0.67,0.01,0,110.276,23.536
-0.68,0.01,0,108.933,23.712
-0.69,0.01,0,108.072,23.888
-0.7,0.01,0,106.821,24.048
-0.71,0.01,0,106.479,24.224
-0.72,0.01,0,105.924,24.384
-0.73,0.01,0,104.843,24.768
-0.74,0.01,0,104.855,24.912
-0.75,0.01,0,105.716,24.88
-0.76,0.01,0,103.989,25.072
-0.77,0.01,0,102.402,25.232
-0.78,0.01,0,102.969,25.392
-0.79,0.01,0,102.695,25.584
-0.8,0.01,0,102.646,25.776
-0.81,0.01,0,100.882,26.128
-0.82,0.01,0,100.711,26.08
-0.83,0.01,0,100.247,26.256
-0.84,0.01,0,98.7152,26.416
-0.85,0.01,0,98.9593,26.576
-0.86,0.01,0,99.0875,26.944
-0.87,0.01,0,97.9339,26.944
-0.88,0.01,0,97.0794,27.136
-0.89,0.01,0,95.9014,27.312
-0.9,0.01,0,96.5178,27.456
-0.91,0.01,0,95.7366,27.584
-0.92,0.01,0,95.1018,27.792
-0.93,0.01,0,95.0835,27.968
-0.94,0.01,0,94.2839,28.08
-0.95,0.01,0,94.0947,28.288
-0.96,0.01,0,94.6318,28.48
-0.97,0.01,0,92.7213,28.64
-0.98,0.01,0,92.1781,28.832
-0.99,0.01,0,91.702,29.024
-1,0.01,0,91.348,29.36
-1,0.02,0,92.3124,29.104
-0.99,0.02,0,92.1415,29.024
-0.98,0.02,0,93.1364,28.752
-0.97,0.02,0,93.6857,28.576
-0.96,0.02,0,94.4426,28.4
-0.95,0.02,0,95.0346,28.272
-0.94,0.02,0,94.4609,28.064
-0.93,0.02,0,96.0112,27.888
-0.92,0.02,0,95.4802,27.776
-0.91,0.02,0,97.1526,27.552
-0.9,0.02,0,96.3469,27.568
-0.89,0.02,0,97.5066,27.216
-0.88,0.02,0,98.3245,27.056
-0.87,0.02,0,98.703,27.04
-0.86,0.02,0,98.3062,26.656
-0.85,0.02,0,100.034,26.48
-0.84,0.02,0,100.674,26.32
-0.83,0.02,0,100.845,26.16
-0.82,0.02,0,101.993,25.984
-0.81,0.02,0,102.023,26
-0.8,0.02,0,103.665,25.632
-0.79,0.02,0,103.507,25.472
-0.78,0.02,0,103.323,25.312
-0.77,0.02,0,104.111,25.12
-0.76,0.02,0,104.776,24.944
-0.75,0.02,0,105.539,24.976
-0.74,0.02,0,105.618,24.816
-0.73,0.02,0,106.534,24.656
-0.72,0.02,0,106.418,24.496
-0.71,0.02,0,107.45,24.288
-0.7,0.02,0,108.701,23.936
-0.69,0.02,0,108.933,23.744
-0.68,0.02,0,109.33,23.824
-0.67,0.02,0,109.873,23.552
-0.66,0.02,0,109.818,23.328
-0.65,0.02,0,111.399,23.104
-0.64,0.02,0,113.419,22.944
-0.63,0.02,0,112.4,22.752
-0.62,0.02,0,112.98,22.56
-0.61,0.02,0,113.23,22.384
-0.6,0.02,0,114.011,22.208
-0.59,0.02,0,115.055,22.032
-0.58,0.02,0,116.16,21.856
-0.57,0.02,0,116.373,21.728
-0.56,0.02,0,117.093,21.552
-0.55,0.02,0,117.972,21.36
-0.54,0.02,0,119.26,21.184
-0.53,0.02,0,120.261,21.024
-0.52,0.02,0,120.646,20.848
-0.51,0.02,0,120.792,20.672
-0.5,0.02,0,122.367,20.496
-0.49,0.02,0,122.245,20.336
-0.48,0.02,0,122.446,20.144
-0.47,0.02,0,123.478,20
-0.46,0.02,0,124.216,19.856
-0.45,0.02,0,124.29,19.664
-0.44,0.02,0,125.59,19.488
-0.43,0.02,0,126.597,19.328
-0.42,0.02,0,126.939,19.168
-0.41,0.02,0,127.83,18.976
-0.4,0.02,0,129.228,18.8
-0.39,0.02,0,129.594,18.656
-0.38,0.02,0,130.21,18.48
-0.37,0.02,0,131.162,18.288
-0.36,0.02,0,131.657,18.144
-0.35,0.02,0,132.328,17.968
-0.34,0.02,0,132.786,17.776
-0.33,0.02,0,135.197,17.632
-0.32,0.02,0,134.709,17.424
-0.31,0.02,0,135.24,17.28
-0.3,0.02,0,137.059,17.088
-0.29,0.02,0,136.473,16.912
-0.28,0.02,0,138.572,16.752
-0.27,0.02,0,138.054,16.576
-0.26,0.02,0,139.537,16.448
-0.25,0.02,0,139.659,16.24
-0.24,0.02,0,140.458,16.08
-0.23,0.02,0,141.343,15.888
-0.22,0.02,0,142.1,15.728
-0.21,0.02,0,141.557,15.584
-0.2,0.02,0,143.675,15.392
-0.19,0.02,0,143.309,15.232
-0.18,0.02,0,144.438,15.072
-0.17,0.02,0,144.237,14.864
-0.16,0.02,0,146.068,14.704
-0.15,0.02,0,145.396,14.528
-0.14,0.02,0,147.826,14.368
-0.13,0.02,0,147.868,14.176
-0.12,0.02,0,147.74,14.016
-0.11,0.02,0,148.491,13.92
-0.1,0.02,0,149.742,13.728
-0.09,0.02,0,148.863,13.536
-0.08,0.02,0,149.077,13.376
-0.07,0.02,0,149.919,13.2
-0.06,0.02,0,149.986,12.992
-0.05,0.02,0,149.651,12.848
-0.04,0.02,0,150.291,12.656
-0.03,0.02,0,149.242,12.496
-0.02,0.02,0,151.164,12.32
-0.01,0.02,0,151.665,12.16
0,0.02,0,151.012,11.984
0,0.03,0,143.754,12.096
-0.01,0.03,0,145.421,12.208
-0.02,0.03,0,144.346,12.464
-0.03,0.03,0,145.647,12.624
-0.04,0.03,0,145.457,12.816
-0.05,0.03,0,146.416,12.992
-0.06,0.03,0,144.536,13.184
-0.07,0.03,0,145.891,13.312
-0.08,0.03,0,145.708,13.504
-0.09,0.03,0,145.708,13.68
-0.1,0.03,0,145.122,13.84
-0.11,0.03,0,144.45,14
-0.12,0.03,0,143.632,14.192
-0.13,0.03,0,143.59,14.352
-0.14,0.03,0,143.419,14.512
-0.15,0.03,0,142.491,14.688
-0.16,0.03,0,142.296,14.832
-0.17,0.03,0,141.557,15.008
-0.18,0.03,0,140.825,15.168
-0.19,0.03,0,140.373,15.36
-0.2,0.03,0,140.593,15.536
-0.21,0.03,0,139.268,15.696
-0.22,0.03,0,138.31,15.888
-0.23,0.03,0,138.957,16.048
-0.24,0.03,0,138.133,16.224
-0.25,0.03,0,138.102,16.384
-0.26,0.03,0,136.747,16.56
-0.27,0.03,0,136.796,16.736
-0.28,0.03,0,134.825,16.896
-0.29,0.03,0,134.874,17.072
-0.3,0.03,0,134.739,17.232
-0.31,0.03,0,133.03,17.408
-0.32,0.03,0,134.764,17.584
-0.33,0.03,0,132.914,17.76
-0.34,0.03,0,132.224,17.92
-0.35,0.03,0,130.485,18.096
-0.36,0.03,0,130.869,18.272
-0.37,0.03,0,130.259,18.416
-0.38,0.03,0,129.179,18.608
-0.39,0.03,0,128.764,18.768
-0.4,0.03,0,126.627,18.944
-0.41,0.03,0,127.006,19.104
-0.42,0.03,0,125.01,19.28
-0.43,0.03,0,125.431,19.424
-0.44,0.03,0,124.625,19.6
-0.45,0.03,0,125.089,19.776
-0.46,0.03,0,123.252,19.952
-0.47,0.03,0,122.379,20.128
-0.48,0.03,0,122.037,20.288
-0.49,0.03,0,120.78,20.48
-0.5,0.03,0,120.548,20.608
-0.51,0.03,0,121.049,20.8
-0.52,0.03,0,119.199,20.976
-0.53,0.03,0,118.552,21.152
-0.54,0.03,0,116.935,21.328
-0.55,0.03,0,117.154,21.504
-0.56,0.03,0,116.178,21.68
-0.57,0.03,0,115.732,21.84
-0.58,0.03,0,114.548,22
-0.59,0.03,0,115.012,22.16
-0.6,0.03,0,113.84,22.304
-0.61,0.03,0,113.993,22.496
-0.62,0.03,0,112.894,22.688
-0.63,0.03,0,111.625,22.88
-0.64,0.03,0,112.046,23.024
-0.65,0.03,0,111.368,23.2
-0.66,0.03,0,110.538,23.376
-0.67,0.03,0,110.117,23.536
-0.68,0.03,0,109.781,23.888
-0.69,0.03,0,108.499,23.856
-0.7,0.03,0,108.206,24.24
-0.71,0.03,0,106.522,24.144
-0.72,0.03,0,106.436,24.4
-0.73,0.03,0,106.412,24.576
-0.74,0.03,0,104.624,24.736
-0.75,0.03,0,106.729,24.912
-0.76,0.03,0,104.422,25.088
-0.77,0.03,0,103.574,25.264
-0.78,0.03,0,103.684,25.424
-0.79,0.03,0,103.598,25.6
-0.8,0.03,0,100.925,25.776
-0.81,0.03,0,101.743,26.144
-0.82,0.03,0,100.766,26.128
-0.83,0.03,0,100.583,26.272
-0.84,0.03,0,99.2096,26.432
-0.85,0.03,0,99.6979,26.624
-0.86,0.03,0,98.6969,26.816
-0.87,0.03,0,99.2645,26.944
-0.88,0.03,0,97.9827,27.328
-0.89,0.03,0,97.647,27.312
-0.9,0.03,0,96.3836,27.68
-0.91,0.03,0,96.5728,27.84
-0.92,0.03,0,95.5657,27.824
-0.93,0.03,0,94.9431,27.984
-0.94,0.03,0,94.7417,28.16
-0.95,0.03,0,94.528,28.336
-0.96,0.03,0,94.058,28.688
-0.97,0.03,0,94.8393,28.624
-0.98,0.03,0,94.0886,28.816
-0.99,0.03,0,92.233,28.992
-1,0.03,0,93.0815,29.36
-1,0.04,0,91.9828,29.136
-0.99,0.04,0,91.6959,29.008
-0.98,0.04,0,93.582,28.752
-0.97,0.04,0,92.3368,28.576
-0.96,0.04,0,94.0458,28.416
-0.95,0.04,0,94.3327,28.24
-0.94,0.04,0,95.1262,28.048
-0.93,0.04,0,94.9126,27.888
-0.92,0.04,0,95.8159,27.76
-0.91,0.04,0,96.1089,27.552
-0.9,0.04,0,96.5423,27.392
-0.89,0.04,0,96.9085,27.2
-0.88,0.04,0,97.409,27.024
-0.87,0.04,0,98.5504,26.848
-0.86,0.04,0,98.6908,26.672
-0.85,0.04,0,98.5382,26.528
-0.84,0.04,0,99.7406,26.352
-0.83,0.04,0,99.6796,26.176
-0.82,0.04,0,100.491,26
-0.81,0.04,0,100.98,25.84
-0.8,0.04,0,102.194,25.664
-0.79,0.04,0,101.395,25.472
-0.78,0.04,0,102.145,25.312
-0.77,0.04,0,102.115,25.136
-0.76,0.04,0,103.159,24.976
-0.75,0.04,0,104.544,24.912
-0.74,0.04,0,105.136,24.688
-0.73,0.04,0,104.703,24.48
-0.72,0.04,0,106.284,24.304
-0.71,0.04,0,106.04,24.144
-0.7,0.04,0,106.589,23.936
-0.69,0.04,0,107.578,23.792
-0.68,0.04,0,107.596,23.632
-0.67,0.04,0,107.926,23.44
-0.66,0.04,0,108.011,23.28
-0.65,0.04,0,109.317,23.296
-0.64,0.04,0,110.324,22.944
-0.63,0.04,0,109.238,22.8
-0.62,0.04,0,111.478,22.608
-0.61,0.04,0,111.795,22.416
-0.6,0.04,0,111.924,22.272
-0.59,0.04,0,113.218,22.096
-0.58,0.04,0,112.906,21.92
-0.57,0.04,0,114.243,21.728
-0.56,0.04,0,113.395,21.536
-0.55,0.04,0,114.963,21.376
-0.54,0.04,0,114.438,21.216
-0.53,0.04,0,115.891,21.056
-0.52,0.04,0,115.494,20.928
-0.51,0.04,0,116.959,20.72
-0.5,0.04,0,118.571,20.528
-0.49,0.04,0,118.027,20.368
-0.48,0.04,0,120.609,20.256
-0.47,0.04,0,119.529,20.064
-0.46,0.04,0,118.992,19.888
-0.45,0.04,0,120.267,19.696
-0.44,0.04,0,121.397,19.488
-0.43,0.04,0,121,19.328
-0.42,0.04,0,121.714,19.152
-0.41,0.04,0,122.495,18.992
-0.4,0.04,0,123.392,18.832
-0.39,0.04,0,122.477,18.64
-0.38,0.04,0,123.637,18.48
-0.37,0.04,0,124.088,18.336
-0.36,0.04,0,124.393,18.144
-0.35,0.04,0,125.083,17.968
-0.34,0.04,0,125.834,17.872
-0.33,0.04,0,125.132,17.648
-0.32,0.04,0,127.512,17.456
-0.31,0.04,0,125.23,17.28
-0.3,0.04,0,127.555,17.104
-0.29,0.04,0,128.294,16.928
-0.28,0.04,0,128.41,16.784
-0.27,0.04,0,129.191,16.608
-0.26,0.04,0,128.172,16.416
-0.25,0.04,0,129.148,16.272
-0.24,0.04,0,129.319,16.08
-0.23,0.04,0,129.319,15.952
-0.22,0.04,0,130.625,15.76
-0.21,0.04,0,131.15,15.584
-0.2,0.04,0,129.838,15.424
-0.19,0.04,0,131.022,15.248
-0.18,0.04,0,131.791,15.04
-0.17,0.04,0,131.901,14.88
-0.16,0.04,0,131.968,14.72
-0.15,0.04,0,133.183,14.624
-0.14,0.04,0,132.579,14.416
-0.13,0.04,0,132.389,14.224
-0.12,0.04,0,132.878,14.016
-0.11,0.04,0,132.566,13.84
-0.1,0.04,0,132.493,13.696
-0.09,0.04,0,132.511,13.504
-0.08,0.04,0,133.86,13.376
-0.07,0.04,0,132.658,13.2
-0.06,0.04,0,133.256,13.008
-0.05,0.04,0,132.023,12.848
-0.04,0.04,0,131.016,12.656
-0.03,0.04,0,132.536,12.496
-0.02,0.04,0,131.523,12.336
-0.01,0.04,0,130.784,12.144
0,0.04,0,130.473,11.984
0,0.05,0,122.019,12.064
-0.01,0.05,0,122.843,12.224
-0.02,0.05,0,121.958,12.48
-0.03,0.05,0,123.563,12.624
-0.04,0.05,0,122.916,12.816
-0.05,0.05,0,122.892,12.976
-0.06,0.05,0,124.216,13.136
-0.07,0.05,0,124.271,13.328
-0.08,0.05,0,124.424,13.504
-0.09,0.05,0,124.961,13.68
-0.1,0.05,0,122.806,13.84
-0.11,0.05,0,124.973,14.032
-0.12,0.05,0,125.425,14.192
-0.13,0.05,0,124.491,14.368
-0.14,0.05,0,123.24,14.528
-0.15,0.05,0,124.033,14.688
-0.16,0.05,0,124.198,14.864
-0.17,0.05,0,124.882,15.04
-0.18,0.05,0,123.496,15.152
-0.19,0.05,0,124.418,15.344
-0.2,0.05,0,124.442,15.552
-0.21,0.05,0,123.814,15.712
-0.22,0.05,0,124.717,15.904
-0.23,0.05,0,124.577,16.048
-0.24,0.05,0,123.63,16.224
-0.25,0.05,0,122.202,16.384
-0.26,0.05,0,122.684,16.56
-0.27,0.05,0,122.819,16.704
-0.28,0.05,0,122.33,16.896
-0.29,0.05,0,121.714,17.072
-0.3,0.05,0,121.921,17.2
-0.31,0.05,0,120.853,17.376
-0.32,0.05,0,122.263,17.568
-0.33,0.05,0,120.402,17.728
-0.34,0.05,0,120.896,17.92
-0.35,0.05,0,119.816,18.096
-0.36,0.05,0,119.346,18.256
-0.37,0.05,0,118.9,18.432
-0.38,0.05,0,120.09,18.624
-0.39,0.05,0,120.45,18.784
-0.4,0.05,0,118.107,18.96
-0.41,0.05,0,118.485,19.12
-0.42,0.05,0,116.971,19.296
-0.43,0.05,0,117.075,19.472
-0.44,0.05,0,117.545,19.632
-0.45,0.05,0,115.818,19.792
-0.46,0.05,0,116.233,19.968
-0.47,0.05,0,116.269,20.144
-0.48,0.05,0,115.104,20.32
-0.49,0.05,0,115.238,20.496
-0.5,0.05,0,114.481,20.656
-0.51,0.05,0,114.322,20.832
-0.52,0.05,0,113.828,21.008
-0.53,0.05,0,112.857,21.168
-0.54,0.05,0,112.705,21.328
-0.55,0.05,0,112.186,21.488
-0.56,0.05,0,111.515,21.6
-0.57,0.05,0,111.612,21.824
-0.58,0.05,0,111.655,22
-0.59,0.05,0,111.222,22.192
-0.6,0.05,0,109.604,22.368
-0.61,0.05,0,109.616,22.528
-0.62,0.05,0,108.39,22.688
-0.63,0.05,0,110.276,22.88
-0.64,0.05,0,107.45,23.04
-0.65,0.05,0,107.26,23.216
-0.66,0.05,0,108.097,23.392
-0.67,0.05,0,105.319,23.568
-0.68,0.05,0,106.4,23.712
-0.69,0.05,0,106.43,23.872
-0.7,0.05,0,104.971,24.08
-0.71,0.05,0,104.581,24.24
-0.72,0.05,0,104.123,24.416
-0.73,0.05,0,104.965,24.496
-0.74,0.05,0,102.994,24.736
-0.75,0.05,0,101.975,24.912
-0.76,0.05,0,101.822,25.104
-0.77,0.05,0,101.23,25.264
-0.78,0.05,0,101.645,25.456
-0.79,0.05,0,100.192,25.6
-0.8,0.05,0,100.272,25.76
-0.81,0.05,0,99.3927,25.92
-0.82,0.05,0,98.7091,26.128
-0.83,0.05,0,99.2401,26.288
-0.84,0.05,0,97.9827,26.464
-0.85,0.05,0,98.9715,26.608
-0.86,0.05,0,98.4405,26.8
-0.87,0.05,0,97.5066,26.976
-0.88,0.05,0,95.4741,27.152
-0.89,0.05,0,96.7681,27.328
-0.9,0.05,0,95.3581,27.488
-0.91,0.05,0,95.1018,27.664
-0.92,0.05,0,95.0285,27.824
-0.93,0.05,0,94.8698,28
-0.94,0.05,0,93.2829,28.176
-0.95,0.05,0,92.8434,28.352
-0.96,0.05,0,92.8739,28.528
-0.97,0.05,0,91.1649,28.704
-0.98,0.05,0,92.6603,28.848
-0.99,0.05,0,92.4406,29.008
-1,0.05,0,92.0621,29.184
-1,0.06,0,90.0906,29.152
-0.99,0.06,0,89.1324,29.04
-0.98,0.06,0,90.0601,28.752
-0.97,0.06,0,89.1018,28.624
-0.96,0.06,0,90.2799,28.432
-0.95,0.06,0,92.2697,28.256
-0.94,0.06,0,91.8058,28.08
-0.93,0.06,0,91.7997,27.888
-0.92,0.06,0,92.1293,27.728
-0.91,0.06,0,92.7946,27.536
-0.9,0.06,0,92.526,27.392
-0.89,0.06,0,92.7946,27.264
-0.88,0.06,0,93.8932,27.088
-0.87,0.06,0,94.3632,26.88
-0.86,0.06,0,94.6928,26.688
-0.85,0.06,0,95.2422,26.512
-0.84,0.06,0,95.3459,26.352
-0.83,0.06,0,94.528,26.176
-0.82,0.06,0,96.5239,26
-0.81,0.06,0,96.8841,25.84
-0.8,0.06,0,95.8586,25.664
-0.79,0.06,0,97.8057,25.504
-0.78,0.06,0,97.5555,25.312
-0.77,0.06,0,97.8484,25.136
-0.76,0.06,0,98.4527,24.96
-0.75,0.06,0,99.4354,24.816
-0.74,0.06,0,98.8189,24.64
-0.73,0.06,0,99.7833,24.48
-0.72,0.06,0,99.5941,24.32
-0.71,0.06,0,99.8688,24.24
-0.7,0.06,0,100.742,24.032
-0.69,0.06,0,100.497,23.808
-0.68,0.06,0,102.182,23.632
-0.67,0.06,0,101.23,23.44
-0.66,0.06,0,101.944,23.264
-0.65,0.06,0,101.938,23.088
-0.64,0.06,0,101.12,22.928
-0.63,0.06,0,102.512,22.752
-0.62,0.06,0,103.305,22.608
-0.61,0.06,0,103.464,22.432
-0.6,0.06,0,102.847,22.256
-0.59,0.06,0,103.616,22.096
-0.58,0.06,0,103.867,21.92
-0.57,0.06,0,103.024,21.76
-0.56,0.06,0,104.483,21.568
-0.55,0.06,0,105.789,21.44
-0.54,0.06,0,106.302,21.248
-0.53,0.06,0,104.624,21.056
-0.52,0.06,0,105.728,20.88
-0.51,0.06,0,105.496,20.704
-0.5,0.06,0,106.748,20.528
-0.49,0.06,0,105.869,20.352
-0.48,0.06,0,107.26,20.192
-0.47,0.06,0,107.431,20.048
-0.46,0.06,0,106.955,19.856
-0.45,0.06,0,107.956,19.728
-0.44,0.06,0,108.115,19.536
-0.43,0.06,0,107.7,19.344
-0.42,0.06,0,108.304,19.184
-0.41,0.06,0,109.232,19.024
-0.4,0.06,0,109.11,18.864
-0.39,0.06,0,107.999,18.672
-0.38,0.06,0,110.05,18.528
-0.37,0.06,0,109.262,18.336
-0.36,0.06,0,109.653,18.176
-0.35,0.06,0,110.239,18.032
-0.34,0.06,0,111.1,17.84
-0.33,0.06,0,109.098,17.648
-0.32,0.06,0,109.195,17.472
-0.31,0.06,0,109.983,17.28
-0.3,0.06,0,109.262,17.136
-0.29,0.06,0,110.306,16.944
-0.28,0.06,0,109.867,16.8
-0.27,0.06,0,108.499,16.624
-0.26,0.06,0,109.964,16.432
-0.25,0.06,0,109.665,16.272
-0.24,0.06,0,110.923,16.08
-0.23,0.06,0,111.515,15.904
-0.22,0.06,0,110.672,15.792
-0.21,0.06,0,110.623,15.6
-0.2,0.06,0,109.159,15.424
-0.19,0.06,0,109.232,15.216
-0.18,0.06,0,110.739,15.04
-0.17,0.06,0,110.361,14.88
-0.16,0.06,0,109.03,14.704
-0.15,0.06,0,109.439,14.544
-0.14,0.06,0,109.726,14.368
-0.13,0.06,0,109.348,14.208
-0.12,0.06,0,109.873,14.032
-0.11,0.06,0,109.58,13.872
-0.1,0.06,0,109.684,13.696
-0.09,0.06,0,108.573,13.536
-0.08,0.06,0,108.341,13.36
-0.07,0.06,0,109.067,13.2
-0.06,0.06,0,109.543,13.04
-0.05,0.06,0,109.561,12.832
-0.04,0.06,0,109.262,12.72
-0.03,0.06,0,108.103,12.512
-0.02,0.06,0,109.604,12.368
-0.01,0.06,0,109.189,12.16
0,0.06,0,107.7,11.984
0,0.07,0,98.9227,12.064
-0.01,0.07,0,100.052,12.272
-0.02,0.07,0,99.0753,12.496
-0.03,0.07,0,98.7457,12.64
-0.04,0.07,0,100.223,12.832
-0.05,0.07,0,99.1363,13.008
-0.06,0.07,0,100.894,13.168
-0.07,0.07,0,98.6175,13.296
-0.08,0.07,0,99.6551,13.488
-0.09,0.07,0,99.8077,13.68
-0.1,0.07,0,101.816,13.856
-0.11,0.07,0,100.955,14.032
-0.12,0.07,0,99.8383,14.192
-0.13,0.07,0,100.62,14.352
-0.14,0.07,0,102.2,14.528
-0.15,0.07,0,99.6185,14.688
-0.16,0.07,0,101.84,14.864
-0.17,0.07,0,101.328,15.024
-0.18,0.07,0,100.656,15.184
-0.19,0.07,0,101.645,15.376
-0.2,0.07,0,101.364,15.536
-0.21,0.07,0,101.999,15.728
-0.22,0.07,0,101.059,15.888
-0.23,0.07,0,101.315,16
-0.24,0.07,0,100.931,16.192
-0.25,0.07,0,101.132,16.352
-0.26,0.07,0,100.858,16.528
-0.27,0.07,0,102.591,16.72
-0.28,0.07,0,100.711,16.864
-0.29,0.07,0,101.785,17.072
-0.3,0.07,0,100.955,17.232
-0.31,0.07,0,100.931,17.408
-0.32,0.07,0,102.719,17.584
-0.33,0.07,0,101.852,17.76
-0.34,0.07,0,101.431,17.936
-0.35,0.07,0,102.17,18.08
-0.36,0.07,0,102.078,18.256
-0.37,0.07,0,100.766,18.432
-0.38,0.07,0,101.492,18.608
-0.39,0.07,0,102.982,18.8
-0.4,0.07,0,102.585,18.976
-0.41,0.07,0,100.943,19.136
-0.42,0.07,0,103.72,19.312
-0.43,0.07,0,101.749,19.472
-0.44,0.07,0,101.523,19.632
-0.45,0.07,0,101.675,19.792
-0.46,0.07,0,101.102,19.968
-0.47,0.07,0,101.535,20.144
-0.48,0.07,0,100.54,20.32
-0.49,0.07,0,101.553,20.496
-0.5,0.07,0,100.735,20.672
-0.51,0.07,0,101.517,20.832
-0.52,0.07,0,100.168,21.008
-0.53,0.07,0,101.047,21.168
-0.54,0.07,0,100.125,21.344
-0.55,0.07,0,100.064,21.408
-0.56,0.07,0,100.198,21.664
-0.57,0.07,0,100.034,21.856
-0.58,0.07,0,98.9227,22.048
-0.59,0.07,0,100.986,22.208
-0.6,0.07,0,98.6541,22.384
-0.61,0.07,0,98.0621,22.48
-0.62,0.07,0,98.9471,22.672
-0.63,0.07,0,98.1109,22.864
-0.64,0.07,0,98.7335,23.072
-0.65,0.07,0,97.3846,23.2
-0.66,0.07,0,98.1964,23.392
-0.67,0.07,0,97.6714,23.584
-0.68,0.07,0,96.9695,23.744
-0.69,0.07,0,96.8963,23.904
-0.7,0.07,0,95.9502,24.08
-0.71,0.07,0,95.9319,24.24
-0.72,0.07,0,97.0794,24.4
-0.73,0.07,0,96.2615,24.592
-0.74,0.07,0,94.528,24.768
-0.75,0.07,0,95.5779,24.928
-0.76,0.07,0,95.6328,25.104
-0.77,0.07,0,95.0407,25.264
-0.78,0.07,0,94.058,25.44
-0.79,0.07,0,94.1496,25.616
-0.8,0.07,0,93.6186,25.792
-0.81,0.07,0,93.5148,25.952
-0.82,0.07,0,92.3673,26.128
-0.83,0.07,0,93.6613,26.256
-0.84,0.07,0,92.6481,26.448
-0.85,0.07,0,92.3429,26.64
-0.86,0.07,0,91.171,26.784
-0.87,0.07,0,91.3114,26.96
-0.88,0.07,0,91.3602,27.152
-0.89,0.07,0,91.2381,27.296
-0.9,0.07,0,89.346,27.472
-0.91,0.07,0,90.933,27.68
-0.92,0.07,0,90.0845,27.824
-0.93,0.07,0,90.463,28.016
-0.94,0.07,0,89.8526,28.192
-0.95,0.07,0,88.2595,28.368
-0.96,0.07,0,90.0967,28.48
-0.97,0.07,0,88.5037,28.672
-0.98,0.07,0,88.4243,28.88
-0.99,0.07,0,87.875,29.008
-1,0.07,0,87.5515,29.2
-1,0.08,0,84.7072,29.168
-0.99,0.08,0,82.9859,29.024
-0.98,0.08,0,84.7377,28.768
-0.97,0.08,0,82.9676,28.592
-0.96,0.08,0,83.2911,28.416
-0.95,0.08,0,83.6207,28.256
-0.94,0.08,0,84.6767,28.08
-0.93,0.08,0,84.286,27.904
-0.92,0.08,0,85.9096,27.744
-0.91,0.08,0,85.7936,27.584
-0.9,0.08,0,84.7743,27.44
-0.89,0.08,0,85.8608,27.248
-0.88,0.08,0,85.8852,27.072
-0.87,0.08,0,85.9706,26.944
-0.86,0.08,0,86.2148,26.736
-0.85,0.08,0,85.7326,26.544
-0.84,0.08,0,86.1476,26.416
-0.83,0.08,0,87.6431,26.256
-0.82,0.08,0,86.3491,26.064
-0.81,0.08,0,86.7336,25.856
-0.8,0.08,0,87.3196,25.68
-0.79,0.08,0,87.1792,25.52
-0.78,0.08,0,86.1904,25.328
-0.77,0.08,0,87.7224,25.168
-0.76,0.08,0,87.4538,24.976
-0.75,0.08,0,89.9014,24.816
-0.74,0.08,0,87.2585,24.64
-0.73,0.08,0,88.1069,24.496
-0.72,0.08,0,88.1375,24.32
-0.71,0.08,0,87.9238,24.144
-0.7,0.08,0,88.2107,23.984
-0.69,0.08,0,89.3338,23.808
-0.68,0.08,0,88.9615,23.632
-0.67,0.08,0,88.1191,23.456
-0.66,0.08,0,89.7244,23.328
-0.65,0.08,0,89.7671,23.136
-0.64,0.08,0,88.9492,22.96
-0.63,0.08,0,90.4447,22.848
-0.62,0.08,0,89.4986,22.64
-0.61,0.08,0,90.5667,22.448
-0.6,0.08,0,90.0296,22.256
-0.59,0.08,0,89.0408,22.096
-0.58,0.08,0,89.4009,21.904
-0.57,0.08,0,89.0347,21.776
-0.56,0.08,0,89.2361,21.632
-0.55,0.08,0,89.639,21.424
-0.54,0.08,0,89.4375,21.232
-0.53,0.08,0,89.6939,21.072
-0.52,0.08,0,89.3765,20.912
-0.51,0.08,0,89.1751,20.736
-0.5,0.08,0,89.1324,20.544
-0.49,0.08,0,89.9197,20.384
-0.48,0.08,0,90.2066,20.192
-0.47,0.08,0,89.1263,20.032
-0.46,0.08,0,89.3887,19.856
-0.45,0.08,0,89.3033,19.696
-0.44,0.08,0,89.6756,19.52
-0.43,0.08,0,90.3104,19.376
-0.42,0.08,0,88.7661,19.184
-0.41,0.08,0,89.346,19.072
-0.4,0.08,0,89.3948,18.88
-0.39,0.08,0,90.5606,18.72
-0.38,0.08,0,89.5291,18.56
-0.37,0.08,0,89.3948,18.368
-0.36,0.08,0,88.583,18.176
-0.35,0.08,0,88.6563,18
-0.34,0.08,0,89.7305,17.856
-0.33,0.08,0,89.0652,17.68
-0.32,0.08,0,87.9849,17.488
-0.31,0.08,0,88.7295,17.296
-0.3,0.08,0,88.4121,17.168
-0.29,0.08,0,88.1314,16.992
-0.28,0.08,0,87.8445,16.816
-0.27,0.08,0,87.3501,16.624
-0.26,0.08,0,89.5718,16.48
-0.25,0.08,0,88.2656,16.288
-0.24,0.08,0,88.7783,16.128
-0.23,0.08,0,87.7529,15.952
-0.22,0.08,0,87.8201,15.76
-0.21,0.08,0,87.4722,15.6
-0.2,0.08,0,87.405,15.408
-0.19,0.08,0,86.9472,15.232
-0.18,0.08,0,87.4111,15.072
-0.17,0.08,0,87.8445,14.912
-0.16,0.08,0,86.9045,14.72
-0.15,0.08,0,87.6186,14.56
-0.14,0.08,0,86.9045,14.4
-0.13,0.08,0,86.1782,14.24
-0.12,0.08,0,86.9411,14.048
-0.11,0.08,0,87.2646,13.872
-0.1,0.08,0,87.6308,13.76
-0.09,0.08,0,85.7936,13.536
-0.08,0.08,0,87.3012,13.376
-0.07,0.08,0,85.8913,13.184
-0.06,0.08,0,86.7153,13.008
-0.05,0.08,0,88.3389,12.864
-0.04,0.08,0,86.8252,12.688
-0.03,0.08,0,87.6125,12.512
-0.02,0.08,0,87.167,12.32
-0.01,0.08,0,87.3379,12.144
0,0.08,0,88.7356,11.984
0,0.09,0,80.8741,12.096
-0.01,0.09,0,81.0327,12.272
-0.02,0.09,0,81.0999,12.496
-0.03,0.09,0,81.0816,12.672
-0.04,0.09,0,79.9463,12.832
-0.05,0.09,0,80.1843,13.008
-0.06,0.09,0,79.1284,13.184
-0.07,0.09,0,80.8863,13.312
-0.08,0.09,0,80.0562,13.472
-0.09,0.09,0,80.4224,13.664
-0.1,0.09,0,79.4763,13.808
-0.11,0.09,0,79.2261,14.016
-0.12,0.09,0,80.2332,14.192
-0.13,0.09,0,79.9768,14.384
-0.14,0.09,0,79.5251,14.528
-0.15,0.09,0,79.5984,14.704
-0.16,0.09,0,79.2688,14.88
-0.17,0.09,0,79.751,15.056
-0.18,0.09,0,79.3542,15.232
-0.19,0.09,0,79.8303,15.392
-0.2,0.09,0,80.5078,15.552
-0.21,0.09,0,79.7632,15.744
-0.22,0.09,0,80.2637,15.888
-0.23,0.09,0,80.9595,16.064
-0.24,0.09,0,80.3186,16.224
-0.25,0.09,0,79.8486,16.4
-0.26,0.09,0,80.8924,16.576
-0.27,0.09,0,81.0389,16.736
-0.28,0.09,0,78.7988,16.912
-0.29,0.09,0,81.2159,17.104
-0.3,0.09,0,79.9219,17.264
-0.31,0.09,0,79.989,17.392
-0.32,0.09,0,81.4844,17.568
-0.33,0.09,0,80.8924,17.76
-0.34,0.09,0,81.6553,17.936
-0.35,0.09,0,80.697,18.128
-0.36,0.09,0,80.9961,18.288
-0.37,0.09,0,81.8873,18.432
-0.38,0.09,0,80.8924,18.608
-0.39,0.09,0,81.3135,18.8
-0.4,0.09,0,82.6014,18.992
-0.41,0.09,0,82.4976,19.136
-0.42,0.09,0,82.4305,19.312
-0.43,0.09,0,82.5282,19.472
-0.44,0.09,0,82.9554,19.664
-0.45,0.09,0,81.7896,19.824
-0.46,0.09,0,82.3206,20
-0.47,0.09,0,82.461,20.176
-0.48,0.09,0,82.5587,20.336
-0.49,0.09,0,83.4681,20.512
-0.5,0.09,0,83.1263,20.656
-0.51,0.09,0,82.6563,20.848
-0.52,0.09,0,81.9849,21.024
-0.53,0.09,0,83.5963,21.2
-0.54,0.09,0,84.4203,21.36
-0.55,0.09,0,82.7662,21.536
-0.56,0.09,0,82.6136,21.68
-0.57,0.09,0,83.6024,21.856
-0.58,0.09,0,83.9076,22.032
-0.59,0.09,0,83.932,22.208
-0.6,0.09,0,83.2362,22.384
-0.61,0.09,0,83.5292,22.576
-0.62,0.09,0,83.6085,22.736
-0.63,0.09,0,83.7306,22.912
-0.64,0.09,0,83.6268,23.072
-0.65,0.09,0,82.7906,23.184
-0.66,0.09,0,83.3705,23.392
-0.67,0.09,0,82.4732,23.584
-0.68,0.09,0,82.107,23.744
-0.69,0.09,0,83.5047,23.92
-0.7,0.09,0,85.1466,24.096
-0.71,0.09,0,82.7906,24.272
-0.72,0.09,0,83.7733,24.448
-0.73,0.09,0,83.8282,24.624
-0.74,0.09,0,82.2108,24.8
-0.75,0.09,0,83.9564,24.96
-0.76,0.09,0,82.5587,25.12
-0.77,0.09,0,82.5831,25.296
-0.78,0.09,0,82.0276,25.456
-0.79,0.09,0,82.7357,25.616
-0.8,0.09,0,82.8333,25.808
-0.81,0.09,0,82.2169,25.984
-0.82,0.09,0,81.8445,26.16
-0.83,0.09,0,82.2657,26.288
-0.84,0.09,0,82.3389,26.48
-0.85,0.09,0,81.5088,26.64
-0.86,0.09,0,81.5943,26.848
-0.87,0.09,0,82.1924,26.976
-0.88,0.09,0,81.0083,27.168
-0.89,0.09,0,81.4112,27.296
-0.9,0.09,0,80.7337,27.488
-0.91,0.09,0,80.7825,27.68
-0.92,0.09,0,81.1121,27.856
-0.93,0.09,0,80.99,28.032
-0.94,0.09,0,80.4224,28.208
-0.95,0.09,0,80.8313,28.368
-0.96,0.09,0,80.4895,28.544
-0.97,0.09,0,80.9229,28.72
-0.98,0.09,0,79.3054,28.88
-0.99,0.09,0,80.636,29.056
-1,0.09,0,80.4346,29.2
-1,0.1,0,74.9168,29.136
-0.99,0.1,0,73.7449,29.056
-0.98,0.1,0,74.3309,28.816
-0.97,0.1,0,74.4346,28.656
-0.96,0.1,0,73.8731,28.464
-0.95,0.1,0,73.8487,28.272
-0.94,0.1,0,73.6412,28.08
-0.93,0.1,0,73.8914,27.92
-0.92,0.1,0,73.6534,27.744
-0.91,0.1,0,74.221,27.568
-0.9,0.1,0,75.753,27.472
-0.89,0.1,0,74.5445,27.264
-0.88,0.1,0,73.5374,27.088
-0.87,0.1,0,74.16,26.912
-0.86,0.1,0,73.8487,26.768
-0.85,0.1,0,73.9952,26.592
-0.84,0.1,0,73.4214,26.4
-0.83,0.1,0,75.0572,26.208
-0.82,0.1,0,74.3675,26.032
-0.81,0.1,0,74.4469,25.888
-0.8,0.1,0,74.4407,25.728
-0.79,0.1,0,74.0318,25.536
-0.78,0.1,0,73.928,25.36
-0.77,0.1,0,75.0206,25.184
-0.76,0.1,0,74.6849,25.04
-0.75,0.1,0,74.5872,24.864
-0.74,0.1,0,73.5557,24.688
-0.73,0.1,0,74.0074,24.512
-0.72,0.1,0,72.8721,24.352
-0.71,0.1,0,73.8365,24.16
-0.7,0.1,0,73.4764,23.984
-0.69,0.1,0,74.5323,23.84
-0.68,0.1,0,74.1295,23.664
-0.67,0.1,0,73.3421,23.488
-0.66,0.1,0,72.8965,23.312
-0.65,0.1,0,72.5364,23.136
-0.64,0.1,0,73.806,22.976
-0.63,0.1,0,73.6961,22.896
-0.62,0.1,0,72.9392,22.704
-0.61,0.1,0,72.5913,22.464
-0.6,0.1,0,72.4754,22.288
-0.59,0.1,0,72.158,22.096
-0.58,0.1,0,72.5364,21.936
-0.57,0.1,0,72.5242,21.76
-0.56,0.1,0,74.3187,21.616
-0.55,0.1,0,73.0491,21.472
-0.54,0.1,0,71.7612,21.264
-0.53,0.1,0,71.749,21.088
-0.52,0.1,0,72.1274,20.896
-0.51,0.1,0,71.4133,20.736
-0.5,0.1,0,72.5364,20.544
-0.49,0.1,0,72.2434,20.384
-0.48,0.1,0,71.7185,20.208
-0.47,0.1,0,70.9189,20.032
-0.46,0.1,0,70.6748,19.856
-0.45,0.1,0,70.5893,19.712
-0.44,0.1,0,71.6514,19.536
-0.43,0.1,0,71.865,19.408
-0.42,0.1,0,71.7368,19.232
-0.41,0.1,0,70.4855,19.056
-0.4,0.1,0,71.1631,18.864
-0.39,0.1,0,69.9973,18.688
-0.38,0.1,0,70.3146,18.496
-0.37,0.1,0,69.7653,18.32
-0.36,0.1,0,69.8141,18.176
-0.35,0.1,0,71.6453,18.064
-0.34,0.1,0,69.6493,17.904
-0.33,0.1,0,70.0949,17.664
-0.32,0.1,0,69.0512,17.52
-0.31,0.1,0,70.0583,17.312
-0.3,0.1,0,69.9118,17.152
-0.29,0.1,0,68.6483,16.992
-0.28,0.1,0,68.0197,16.8
-0.27,0.1,0,68.9718,16.608
-0.26,0.1,0,69.0512,16.448
-0.25,0.1,0,68.9108,16.288
-0.24,0.1,0,68.2577,16.112
-0.23,0.1,0,69.9789,15.936
-0.22,0.1,0,69.2282,15.776
-0.21,0.1,0,68.4042,15.616
-0.2,0.1,0,69.0329,15.424
-0.19,0.1,0,69.3686,15.248
-0.18,0.1,0,68.9901,15.072
-0.17,0.1,0,68.337,14.896
-0.16,0.1,0,69.216,14.736
-0.15,0.1,0,69.9301,14.624
-0.14,0.1,0,69.6127,14.4
-0.13,0.1,0,68.9718,14.224
-0.12,0.1,0,69.6066,14.048
-0.11,0.1,0,69.7653,13.872
-0.1,0.1,0,69.7714,13.712
-0.09,0.1,0,70.0461,13.52
-0.08,0.1,0,69.1855,13.376
-0.07,0.1,0,70.0644,13.232
-0.06,0.1,0,70.5344,13.04
-0.05,0.1,0,69.8508,12.848
-0.04,0.1,0,70.6626,12.672
-0.03,0.1,0,70.9677,12.528
-0.02,0.1,0,70.1498,12.336
-0.01,0.1,0,70.748,12.16
0,0.1,0,71.3706,11.984
0,0.11,0,63.1245,12.096
-0.01,0.11,0,64.864,12.304
-0.02,0.11,0,65.6514,12.512
-0.03,0.11,0,64.2903,12.688
-0.04,0.11,0,64.7053,12.864
-0.05,0.11,0,65.1875,13.024
-0.06,0.11,0,64.04,13.184
-0.07,0.11,0,63.5701,13.36
-0.08,0.11,0,64.2842,13.536
-0.09,0.11,0,63.2221,13.696
-0.1,0.11,0,63.6982,13.888
-0.11,0.11,0,64.1499,14.048
-0.12,0.11,0,63.8325,14.24
-0.13,0.11,0,63.5456,14.4
-0.14,0.11,0,63.3503,14.544
-0.15,0.11,0,64.4978,14.736
-0.16,0.11,0,63.4846,14.88
-0.17,0.11,0,63.6189,15.072
-0.18,0.11,0,63.2282,15.232
-0.19,0.11,0,63.4297,15.408
-0.2,0.11,0,64.4368,15.568
-0.21,0.11,0,62.6728,15.728
-0.22,0.11,0,63.3198,15.888
-0.23,0.11,0,62.9475,16.08
-0.24,0.11,0,63.6494,16.256
-0.25,0.11,0,63.3076,16.416
-0.26,0.11,0,63.2527,16.592
-0.27,0.11,0,64.7847,16.768
-0.28,0.11,0,63.3686,16.944
-0.29,0.11,0,63.1611,17.104
-0.3,0.11,0,63.7104,17.264
-0.31,0.11,0,63.6433,17.456
-0.32,0.11,0,63.0024,17.616
-0.33,0.11,0,64.4673,17.792
-0.34,0.11,0,63.4053,17.952
-0.35,0.11,0,64.0584,18.128
-0.36,0.11,0,63.9973,18.32
-0.37,0.11,0,64.4673,18.496
-0.38,0.11,0,64.1804,18.656
-0.39,0.11,0,64.3452,18.832
-0.4,0.11,0,64.3696,19.008
-0.41,0.11,0,64.6687,19.168
-0.42,0.11,0,63.802,19.328
-0.43,0.11,0,65.212,19.504
-0.44,0.11,0,65.4134,19.664
-0.45,0.11,0,66.1397,19.84
-0.46,0.11,0,66.3289,20.016
-0.47,0.11,0,65.389,20.16
-0.48,0.11,0,64.8091,20.352
-0.49,0.11,0,65.9993,20.528
-0.5,0.11,0,66.7989,20.688
-0.51,0.11,0,67.0186,20.848
-0.52,0.11,0,66.1092,21.008
-0.53,0.11,0,66.3228,21.216
-0.54,0.11,0,67.5314,21.376
-0.55,0.11,0,66.7196,21.568
-0.56,0.11,0,67.1773,21.728
-0.57,0.11,0,67.568,21.888
-0.58,0.11,0,67.037,22.064
-0.59,0.11,0,67.2506,22.24
-0.6,0.11,0,68.3004,22.416
-0.61,0.11,0,67.5375,22.576
-0.62,0.11,0,68.0807,22.752
-0.63,0.11,0,67.2933,22.928
-0.64,0.11,0,67.2079,23.088
-0.65,0.11,0,68.3248,23.264
-0.66,0.11,0,67.5436,23.424
-0.67,0.11,0,68.4347,23.616
-0.68,0.11,0,67.6046,23.76
-0.69,0.11,0,67.5314,23.92
-0.7,0.11,0,68.6483,24.112
-0.71,0.11,0,68.3737,24.288
-0.72,0.11,0,69.2038,24.464
-0.73,0.11,0,69.2282,24.64
-0.74,0.11,0,69.0756,24.8
-0.75,0.11,0,68.4103,24.944
-0.76,0.11,0,69.0817,25.136
-0.77,0.11,0,68.0929,25.312
-0.78,0.11,0,69.4296,25.456
-0.79,0.11,0,70.2536,25.648
-0.8,0.11,0,69.7897,25.808
-0.81,0.11,0,69.2465,25.984
-0.82,0.11,0,69.4967,26.176
-0.83,0.11,0,69.5334,26.336
-0.84,0.11,0,67.6168,26.512
-0.85,0.11,0,70.2048,26.688
-0.86,0.11,0,68.9718,26.864
-0.87,0.11,0,69.7714,27.04
-0.88,0.11,0,69.3442,27.12
-0.89,0.11,0,70.0522,27.312
-0.9,0.11,0,69.509,27.504
-0.91,0.11,0,69.3075,27.68
-0.92,0.11,0,68.5751,27.856
-0.93,0.11,0,69.6738,28.048
-0.94,0.11,0,69.9728,28.224
-0.95,0.11,0,70.1315,28.4
-0.96,0.11,0,69.7287,28.56
-0.97,0.11,0,69.5517,28.736
-0.98,0.11,0,68.5018,28.896
-0.99,0.11,0,69.6982,29.072
-1,0.11,0,70.0949,29.232
-1,0.12,0,63.5029,29.2
-0.99,0.12,0,62.8498,29.072
-0.98,0.12,0,62.9902,28.816
-0.97,0.12,0,63.3442,28.656
-0.96,0.12,0,60.6098,28.464
-0.95,0.12,0,62.6911,28.288
-0.94,0.12,0,62.2272,28.112
-0.93,0.12,0,62.3188,27.936
-0.92,0.12,0,61.7573,27.792
-0.91,0.12,0,60.7379,27.616
-0.9,0.12,0,61.6047,27.424
-0.89,0.12,0,62.0869,27.248
-0.88,0.12,0,60.7379,27.072
-0.87,0.12,0,60.4694,26.896
-0.86,0.12,0,61.6108,26.752
-0.85,0.12,0,59.9261,26.592
-0.84,0.12,0,61.1286,26.4
-0.83,0.12,0,60.8661,26.24
-0.82,0.12,0,61.2995,26.096
-0.81,0.12,0,60.9272,25.904
-0.8,0.12,0,61.7512,25.728
-0.79,0.12,0,61.5131,25.552
-0.78,0.12,0,61.0431,25.376
-0.77,0.12,0,61.8732,25.2
-0.76,0.12,0,60.6098,25.024
-0.75,0.12,0,59.8041,24.992
-0.74,0.12,0,59.8712,24.704
-0.73,0.12,0,60.3778,24.544
-0.72,0.12,0,59.743,24.352
-0.71,0.12,0,60.3046,24.192
-0.7,0.12,0,59.0594,24.016
-0.69,0.12,0,58.504,23.824
-0.68,0.12,0,59.566,23.664
-0.67,0.12,0,59.3158,23.504
-0.66,0.12,0,59.8163,23.328
-0.65,0.12,0,58.5467,23.152
-0.64,0.12,0,57.7898,22.976
-0.63,0.12,0,58.9557,22.816
-0.62,0.12,0,58.327,22.64
-0.61,0.12,0,59.8285,22.464
-0.6,0.12,0,58.7298,22.304
-0.59,0.12,0,57.9302,22.112
-0.58,0.12,0,58.4674,21.936
-0.57,0.12,0,58.5955,21.776
-0.56,0.12,0,57.3016,21.616
-0.55,0.12,0,57.2588,21.456
-0.54,0.12,0,57.8997,21.312
-0.53,0.12,0,57.5396,21.12
-0.52,0.12,0,56.9781,20.944
-0.51,0.12,0,56.7705,20.752
-0.5,0.12,0,56.5752,20.576
-0.49,0.12,0,55.9893,20.416
-0.48,0.12,0,56.148,20.224
-0.47,0.12,0,56.4714,20.24
-0.46,0.12,0,55.7024,19.92
-0.45,0.12,0,56.3921,19.744
-0.44,0.12,0,56.2395,19.552
-0.43,0.12,0,55.8123,19.376
-0.42,0.12,0,55.2507,19.216
-0.41,0.12,0,57.1062,19.056
-0.4,0.12,0,54.9333,18.88
-0.39,0.12,0,55.562,18.72
-0.38,0.12,0,55.3545,18.512
-0.37,0.12,0,55.623,18.352
-0.36,0.12,0,55.0127,18.176
-0.35,0.12,0,56.1174,18
-0.34,0.12,0,55.0371,17.84
-0.33,0.12,0,54.9394,17.68
-0.32,0.12,0,56.0198,17.52
-0.31,0.12,0,54.8784,17.328
-0.3,0.12,0,55.9832,17.152
-0.29,0.12,0,55.0798,16.976
-0.28,0.12,0,55.4521,16.816
-0.27,0.12,0,54.799,16.64
-0.26,0.12,0,56.3433,16.528
-0.25,0.12,0,55.6963,16.32
-0.24,0.12,0,55.0859,16.128
-0.23,0.12,0,55.2446,15.952
-0.22,0.12,0,55.1042,15.792
-0.21,0.12,0,55.7939,15.632
-0.2,0.12,0,55.8855,15.456
-0.19,0.12,0,55.7939,15.264
-0.18,0.12,0,56.3982,15.152
-0.17,0.12,0,56.1419,14.944
-0.16,0.12,0,55.6841,14.768
-0.15,0.12,0,54.9455,14.592
-0.14,0.12,0,56.1541,14.4
-0.13,0.12,0,55.7451,14.224
-0.12,0.12,0,55.0737,14.064
-0.11,0.12,0,55.6597,13.904
-0.1,0.12,0,56.1663,13.728
-0.09,0.12,0,56.4287,13.552
-0.08,0.12,0,54.3779,13.376
-0.07,0.12,0,55.6108,13.216
-0.06,0.12,0,55.1225,13.104
-0.05,0.12,0,55.3606,12.912
-0.04,0.12,0,56.0869,12.704
-0.03,0.12,0,55.8672,12.512
-0.02,0.12,0,55.7634,12.336
-0.01,0.12,0,55.5742,12.16
0,0.12,0,55.6597,12
0,0.13,0,50.2762,12.128
-0.01,0.13,0,50.5631,12.304
-0.02,0.13,0,51.0147,12.512
-0.03,0.13,0,50.4471,12.656
-0.04,0.13,0,50.4105,12.832
-0.05,0.13,0,49.6475,13.008
-0.06,0.13,0,50.3555,13.216
-0.07,0.13,0,50.2823,13.36
-0.08,0.13,0,50.5814,13.536
-0.09,0.13,0,51.6068,13.728
-0.1,0.13,0,51.3077,13.888
-0.11,0.13,0,51.4664,14.064
-0.12,0.13,0,50.6729,14.24
-0.13,0.13,0,51.558,14.416
-0.14,0.13,0,50.032,14.56
-0.15,0.13,0,50.4959,14.736
-0.16,0.13,0,50.9659,14.912
-0.17,0.13,0,51.4115,15.072
-0.18,0.13,0,51.0636,15.264
-0.19,0.13,0,51.381,15.424
-0.2,0.13,0,51.088,15.6
-0.21,0.13,0,52.3637,15.76
-0.22,0.13,0,50.9781,15.92
-0.23,0.13,0,50.618,16.048
-0.24,0.13,0,52.15,16.24
-0.25,0.13,0,51.1734,16.432
-0.26,0.13,0,51.0208,16.592
-0.27,0.13,0,51.2955,16.784
-0.28,0.13,0,52.0707,16.944
-0.29,0.13,0,50.9598,17.136
-0.3,0.13,0,50.7706,17.296
-0.31,0.13,0,52.1256,17.472
-0.32,0.13,0,51.558,17.616
-0.33,0.13,0,52.0951,17.776
-0.34,0.13,0,51.0025,17.968
-0.35,0.13,0,50.8805,18.16
-0.36,0.13,0,51.8876,18.304
-0.37,0.13,0,50.9354,18.496
-0.38,0.13,0,50.5387,18.656
-0.39,0.13,0,50.2518,18.816
-0.4,0.13,0,50.7767,19.008
-0.41,0.13,0,51.6373,19.168
-0.42,0.13,0,51.9303,19.328
-0.43,0.13,0,52.6994,19.52
-0.44,0.13,0,52.2782,19.68
-0.45,0.13,0,51.381,19.856
-0.46,0.13,0,52.5712,20.016
-0.47,0.13,0,51.3749,20.192
-0.48,0.13,0,51.8937,20.368
-0.49,0.13,0,51.7411,20.496
-0.5,0.13,0,51.735,20.672
-0.51,0.13,0,51.7594,20.88
-0.52,0.13,0,52.5529,21.072
-0.53,0.13,0,52.7604,21.232
-0.54,0.13,0,53.1999,21.408
-0.55,0.13,0,53.151,21.568
-0.56,0.13,0,53.0168,21.76
-0.57,0.13,0,53.2548,21.92
-0.58,0.13,0,52.3392,22.096
-0.59,0.13,0,52.9435,22.256
-0.6,0.13,0,52.5163,22.4
-0.61,0.13,0,53.7004,22.576
-0.62,0.13,0,53.6027,22.736
-0.63,0.13,0,53.7187,22.912
-0.64,0.13,0,53.6576,23.072
-0.65,0.13,0,53.2792,23.248
-0.66,0.13,0,53.9201,23.392
-0.67,0.13,0,54.5488,23.616
-0.68,0.13,0,54.1826,23.776
-0.69,0.13,0,55.092,23.968
-0.7,0.13,0,55.324,24.144
-0.71,0.13,0,55.1592,24.32
-0.72,0.13,0,55.4949,24.464
-0.73,0.13,0,55.5986,24.624
-0.74,0.13,0,55.0676,24.816
-0.75,0.13,0,55.5315,24.96
-0.76,0.13,0,56.1113,25.152
-0.77,0.13,0,56.0747,25.328
-0.78,0.13,0,56.093,25.488
-0.79,0.13,0,55.6658,25.664
-0.8,0.13,0,56.1174,25.856
-0.81,0.13,0,57.0147,26.016
-0.82,0.13,0,57.4908,26.208
-0.83,0.13,0,56.6301,26.368
-0.84,0.13,0,57.0269,26.528
-0.85,0.13,0,56.9292,26.64
-0.86,0.13,0,57.1429,26.848
-0.87,0.13,0,57.5335,27.008
-0.88,0.13,0,56.9048,27.184
-0.89,0.13,0,57.9119,27.376
-0.9,0.13,0,57.7105,27.568
-0.91,0.13,0,57.7837,27.712
-0.92,0.13,0,57.9058,27.904
-0.93,0.13,0,57.4847,28.064
-0.94,0.13,0,57.9669,28.24
-0.95,0.13,0,56.6607,28.432
-0.96,0.13,0,59.212,28.592
-0.97,0.13,0,58.565,28.752
-0.98,0.13,0,58.7115,28.912
-0.99,0.13,0,57.2344,29.088
-1,0.13,0,59.0777,29.264
-1,0.14,0,53.5051,29.2
-0.99,0.14,0,52.3148,29.104
-0.98,0.14,0,50.4288,28.88
-0.97,0.14,0,51.619,28.656
-0.96,0.14,0,51.5336,28.48
-0.95,0.14,0,51.149,28.304
-0.94,0.14,0,50.4654,28.128
-0.93,0.14,0,52.3942,27.968
-0.92,0.14,0,51.2162,27.904
-0.91,0.14,0,50.5509,27.696
-0.9,0.14,0,50.856,27.52
-0.89,0.14,0,50.3128,27.296
-0.88,0.14,0,51.3504,27.2
-0.87,0.14,0,49.6109,27.04
-0.86,0.14,0,50.2457,26.816
-0.85,0.14,0,50.441,26.624
-0.84,0.14,0,50.4349,26.416
-0.83,0.14,0,49.7818,26.24
-0.82,0.14,0,48.9273,26.08
-0.81,0.14,0,49.0249,25.904
-0.8,0.14,0,48.9212,25.744
-0.79,0.14,0,48.97,25.568
-0.78,0.14,0,48.1399,25.392
-0.77,0.14,0,48.4329,25.248
-0.76,0.14,0,47.2671,25.072
-0.75,0.14,0,48.2803,24.88
-0.74,0.14,0,48.4512,24.704
-0.73,0.14,0,47.969,24.528
-0.72,0.14,0,48.1033,24.384
-0.71,0.14,0,47.3708,24.192
-0.7,0.14,0,47.5906,24.032
-0.69,0.14,0,47.7065,23.856
-0.68,0.14,0,47.8469,23.728
-0.67,0.14,0,46.382,23.536
-0.66,0.14,0,47.5417,23.344
-0.65,0.14,0,47.9202,23.168
-0.64,0.14,0,46.614,23.008
-0.63,0.14,0,46.3271,22.832
-0.62,0.14,0,46.5468,22.64
-0.61,0.14,0,45.4237,22.464
-0.6,0.14,0,45.4299,22.336
-0.59,0.14,0,45.8205,22.176
-0.58,0.14,0,46.4492,22.016
-0.57,0.14,0,46.0097,21.808
-0.56,0.14,0,45.9853,21.616
-0.55,0.14,0,45.5947,21.472
-0.54,0.14,0,46.0829,21.264
-0.53,0.14,0,45.2651,21.104
-0.52,0.14,0,45.3932,20.928
-0.51,0.14,0,46.8764,20.784
-0.5,0.14,0,45.9731,20.592
-0.49,0.14,0,45.2467,20.448
-0.48,0.14,0,45.9426,20.336
-0.47,0.14,0,45.0636,20.176
-0.46,0.14,0,45.5397,19.968
-0.45,0.14,0,45.4237,19.744
-0.44,0.14,0,44.911,19.568
-0.43,0.14,0,45.6252,19.392
-0.42,0.14,0,45.9792,19.232
-0.41,0.14,0,45.5885,19.072
-0.4,0.14,0,45.2284,18.896
-0.39,0.14,0,45.0087,18.736
-0.38,0.14,0,45.0575,18.528
-0.37,0.14,0,44.203,18.368
-0.36,0.14,0,45.2162,18.176
-0.35,0.14,0,44.6852,18.032
-0.34,0.14,0,45.2773,17.856
-0.33,0.14,0,43.5194,17.68
-0.32,0.14,0,44.9904,17.632
-0.31,0.14,0,46.5468,17.424
-0.3,0.14,0,45.1125,17.232
-0.29,0.14,0,45.1308,17.056
-0.28,0.14,0,44.9904,16.896
-0.27,0.14,0,45.0026,16.688
-0.26,0.14,0,44.7768,16.48
-0.25,0.14,0,44.6303,16.32
-0.24,0.14,0,44.8866,16.144
-0.23,0.14,0,44.4349,15.984
-0.22,0.14,0,44.5204,15.824
-0.21,0.14,0,44.1115,15.648
-0.2,0.14,0,44.3129,15.472
-0.19,0.14,0,45.0697,15.312
-0.18,0.14,0,44.1847,15.12
-0.17,0.14,0,44.5936,14.944
-0.16,0.14,0,44.8988,14.768
-0.15,0.14,0,44.1908,14.592
-0.14,0.14,0,44.734,14.448
-0.13,0.14,0,43.8307,14.256
-0.12,0.14,0,44.4899,14.08
-0.11,0.14,0,44.5082,13.888
-0.1,0.14,0,44.38,13.728
-0.09,0.14,0,44.4166,13.68
-0.08,0.14,0,43.2447,13.456
-0.07,0.14,0,43.8917,13.328
-0.06,0.14,0,45.4909,13.12
-0.05,0.14,0,44.2213,12.928
-0.04,0.14,0,44.2213,12.736
-0.03,0.14,0,43.1654,12.608
-0.02,0.14,0,44.2701,12.384
-0.01,0.14,0,44.0382,12.24
0,0.14,0,43.4584,12.048
0,0.15,0,39.2407,12.16
-0.01,0.15,0,39.3567,12.304
-0.02,0.15,0,40.0769,12.544
-0.03,0.15,0,40.1013,12.72
-0.04,0.15,0,39.6008,12.896
-0.05,0.15,0,40.2539,13.072
-0.06,0.15,0,39.845,13.248
-0.07,0.15,0,40.9925,13.408
-0.08,0.15,0,40.083,13.584
-0.09,0.15,0,40.4798,13.744
-0.1,0.15,0,40.9253,13.904
-0.11,0.15,0,39.1858,14.096
-0.12,0.15,0,40.4187,14.24
-0.13,0.15,0,42.0423,14.336
-0.14,0.15,0,40.3027,14.528
-0.15,0.15,0,40.9803,14.736
-0.16,0.15,0,40.7056,14.896
-0.17,0.15,0,40.5774,15.04
-0.18,0.15,0,40.3638,15.248
-0.19,0.15,0,40.5652,15.44
-0.2,0.15,0,40.2783,15.552
-0.21,0.15,0,40.5347,15.776
-0.22,0.15,0,41.2671,15.936
-0.23,0.15,0,41.023,16.096
-0.24,0.15,0,40.6995,16.288
-0.25,0.15,0,41.377,16.448
-0.26,0.15,0,41.1939,16.624
-0.27,0.15,0,40.6079,16.752
-0.28,0.15,0,40.4736,16.928
-0.29,0.15,0,41.3587,17.12
-0.3,0.15,0,40.2539,17.312
-0.31,0.15,0,40.7605,17.472
-0.32,0.15,0,41.4502,17.632
-0.33,0.15,0,41.4808,17.792
-0.34,0.15,0,41.0901,17.968
-0.35,0.15,0,41.0047,18.16
-0.36,0.15,0,41.9446,18.32
-0.37,0.15,0,41.6517,18.48
-0.38,0.15,0,41.3465,18.672
-0.39,0.15,0,42.378,18.848
-0.4,0.15,0,41.4136,19.008
-0.41,0.15,0,41.023,19.168
-0.42,0.15,0,42.8114,19.328
-0.43,0.15,0,41.6028,19.472
-0.44,0.15,0,41.8775,19.68
-0.45,0.15,0,41.7737,19.808
-0.46,0.15,0,42.3841,20.032
-0.47,0.15,0,41.9691,20.192
-0.48,0.15,0,41.4075,20.368
-0.49,0.15,0,41.2976,20.528
-0.5,0.15,0,42.1522,20.704
-0.51,0.15,0,43.6293,20.896
-0.52,0.15,0,41.847,21.072
-0.53,0.15,0,43.0982,21.248
-0.54,0.15,0,42.5001,21.424
-0.55,0.15,0,41.9263,21.6
-0.56,0.15,0,41.3648,21.696
-0.57,0.15,0,42.4451,21.888
-0.58,0.15,0,43.2508,22.048
-0.59,0.15,0,42.8236,22.208
-0.6,0.15,0,43.1715,22.416
-0.61,0.15,0,44.2457,22.608
-0.62,0.15,0,43.5743,22.752
-0.63,0.15,0,43.6476,22.944
-0.64,0.15,0,43.6354,23.072
-0.65,0.15,0,42.8602,23.232
-0.66,0.15,0,44.6181,23.456
-0.67,0.15,0,43.4584,23.616
-0.68,0.15,0,43.141,23.76
-0.69,0.15,0,44.3007,23.936
-0.7,0.15,0,44.0077,24.144
-0.71,0.15,0,44.8012,24.32
-0.72,0.15,0,45.088,24.496
-0.73,0.15,0,45.2589,24.64
-0.74,0.15,0,45.5092,24.832
-0.75,0.15,0,45.1247,25.008
-0.76,0.15,0,44.6669,25.152
-0.77,0.15,0,44.1847,25.296
-0.78,0.15,0,44.7218,25.456
-0.79,0.15,0,45.32,25.664
-0.8,0.15,0,45.2223,25.872
-0.81,0.15,0,45.4726,25.936
-0.82,0.15,0,45.5885,26.176
-0.83,0.15,0,45.4726,26.368
-0.84,0.15,0,46.1928,26.528
-0.85,0.15,0,45.5763,26.72
-0.86,0.15,0,45.7595,26.848
-0.87,0.15,0,46.4858,27.008
-0.88,0.15,0,45.6496,27.216
-0.89,0.15,0,46.9131,27.376
-0.9,0.15,0,46.144,27.568
-0.91,0.15,0,47.2182,27.744
-0.92,0.15,0,48.1521,27.904
-0.93,0.15,0,47.1084,28.08
-0.94,0.15,0,47.6333,28.224
-0.95,0.15,0,47.0229,28.416
-0.96,0.15,0,47.5417,28.48
-0.97,0.15,0,48.384,28.736
-0.98,0.15,0,47.6455,28.912
-0.99,0.15,0,47.322,29.072
-1,0.15,0,48.1216,29.264
-1,0.16,0,43.4278,29.216
-0.99,0.16,0,42.8114,29.104
-0.98,0.16,0,42.6222,28.88
-0.97,0.16,0,42.0057,28.688
-0.96,0.16,0,41.6334,28.512
-0.95,0.16,0,42.1339,28.32
-0.94,0.16,0,42.0484,28.176
-0.93,0.16,0,42.1888,28.016
-0.92,0.16,0,42.1949,27.888
-0.91,0.16,0,40.8094,27.744
-0.9,0.16,0,40.1563,27.6
-0.89,0.16,0,41.9019,27.376
-0.88,0.16,0,41.8348,27.152
-0.87,0.16,0,40.2905,26.96
-0.86,0.16,0,40.6384,26.816
-0.85,0.16,0,40.1685,26.64
-0.84,0.16,0,39.4787,26.448
-0.83,0.16,0,39.668,26.32
-0.82,0.16,0,39.2468,26.144
-0.81,0.16,0,40.2356,25.936
-0.8,0.16,0,38.4289,25.76
-0.79,0.16,0,39.2163,25.616
-0.78,0.16,0,39.5215,25.472
-0.77,0.16,0,38.7097,25.264
-0.76,0.16,0,38.4655,25.104
-0.75,0.16,0,39.2041,24.944
-0.74,0.16,0,39.5947,24.768
-0.73,0.16,0,38.3496,24.56
-0.72,0.16,0,38.4655,24.4
-0.71,0.16,0,39.7046,24.256
-0.7,0.16,0,38.0627,24.032
-0.69,0.16,0,38.5937,23.952
-0.68,0.16,0,38.2824,23.712
-0.67,0.16,0,38.6486,23.552
-0.66,0.16,0,37.6171,23.344
-0.65,0.16,0,38.0566,23.184
-0.64,0.16,0,38.6547,23.024
-0.63,0.16,0,37.672,22.832
-0.62,0.16,0,37.5072,22.688
-0.61,0.16,0,37.1166,22.528
-0.6,0.16,0,37.3119,22.432
-0.59,0.16,0,38.0688,22.208
-0.58,0.16,0,37.3302,22
-0.57,0.16,0,38.1481,21.856
-0.56,0.16,0,37.9589,21.744
-0.55,0.16,0,37.1288,21.552
-0.54,0.16,0,37.6537,21.344
-0.53,0.16,0,38.081,21.152
-0.52,0.16,0,38.3923,20.992
-0.51,0.16,0,37.611,20.816
-0.5,0.16,0,38.0383,20.64
-0.49,0.16,0,37.0983,20.544
-0.48,0.16,0,37.1471,20.336
-0.47,0.16,0,36.5307,20.128
-0.46,0.16,0,37.2326,19.936
-0.45,0.16,0,37.3669,19.856
-0.44,0.16,0,37.6537,19.632
-0.43,0.16,0,36.6771,19.44
-0.42,0.16,0,36.6588,19.28
-0.41,0.16,0,36.0668,19.072
-0.4,0.16,0,36.6832,18.896
-0.39,0.16,0,37.6904,18.72
-0.38,0.16,0,36.964,18.672
-0.37,0.16,0,35.6883,18.448
-0.36,0.16,0,37.0861,18.32
-0.35,0.16,0,37.257,18.144
-0.34,0.16,0,38.0871,17.952
-0.33,0.16,0,36.5734,17.776
-0.32,0.16,0,36.4879,17.552
-0.31,0.16,0,37.6659,17.376
-0.3,0.16,0,37.0617,17.264
-0.29,0.16,0,35.5663,17.056
-0.28,0.16,0,35.8287,16.864
-0.27,0.16,0,35.5174,16.704
-0.26,0.16,0,35.6761,16.496
-0.25,0.16,0,36.3842,16.384
-0.24,0.16,0,35.2733,16.176
-0.23,0.16,0,35.5907,16
-0.22,0.16,0,35.9203,15.824
-0.21,0.16,0,36.0546,15.664
-0.2,0.16,0,35.7616,15.488
-0.19,0.16,0,36.4757,15.312
-0.18,0.16,0,35.3648,15.136
-0.17,0.16,0,36.0973,14.992
-0.16,0.16,0,35.6578,14.8
-0.15,0.16,0,34.4615,14.64
-0.14,0.16,0,34.7056,14.448
-0.13,0.16,0,35.4503,14.4
-0.12,0.16,0,35.255,14.16
-0.11,0.16,0,35.7189,14.032
-0.1,0.16,0,35.2428,13.824
-0.09,0.16,0,35.1085,13.632
-0.08,0.16,0,35.9386,13.44
-0.07,0.16,0,34.7667,13.312
-0.06,0.16,0,35.1756,13.248
-0.05,0.16,0,34.5836,12.96
-0.04,0.16,0,33.9305,12.768
-0.03,0.16,0,34.5592,12.656
-0.02,0.16,0,34.1136,12.496
-0.01,0.16,0,34.8766,12.256
0,0.16,0,33.552,12.064
0,0.17,0,29.9448,12.224
-0.01,0.17,0,30.1889,12.304
-0.02,0.17,0,31.1289,12.576
-0.03,0.17,0,30.8237,12.736
-0.04,0.17,0,31.4707,12.928
-0.05,0.17,0,30.9824,13.104
-0.06,0.17,0,31.3181,13.248
-0.07,0.17,0,31.5134,13.392
-0.08,0.17,0,30.7505,13.584
-0.09,0.17,0,32.1177,13.776
-0.1,0.17,0,31.5989,13.92
-0.11,0.17,0,31.312,14.112
-0.12,0.17,0,32.0322,14.24
-0.13,0.17,0,31.6233,14.448
-0.14,0.17,0,32.6548,14.608
-0.15,0.17,0,32.9905,14.784
-0.16,0.17,0,33.2224,14.944
-0.17,0.17,0,32.1482,15.056
-0.18,0.17,0,34.547,15.248
-0.19,0.17,0,33.9305,15.456
-0.2,0.17,0,32.7769,15.632
-0.21,0.17,0,32.4717,15.808
-0.22,0.17,0,33.0638,15.984
-0.23,0.17,0,32.8928,16.144
-0.24,0.17,0,33.4971,16.304
-0.25,0.17,0,33.3445,16.48
-0.26,0.17,0,32.6304,16.656
-0.27,0.17,0,33.5704,16.832
-0.28,0.17,0,32.7891,16.992
-0.29,0.17,0,33.8633,17.184
-0.3,0.17,0,33.8511,17.36
-0.31,0.17,0,34.2112,17.504
-0.32,0.17,0,34.4554,17.68
-0.33,0.17,0,34.7789,17.856
-0.34,0.17,0,33.5643,18.032
-0.35,0.17,0,34.2601,18.16
-0.36,0.17,0,33.5093,18.336
-0.37,0.17,0,33.076,18.496
-0.38,0.17,0,35.0291,18.688
-0.39,0.17,0,35.2,18.864
-0.4,0.17,0,34.2723,19.056
-0.41,0.17,0,34.1502,19.216
-0.42,0.17,0,33.9305,19.344
-0.43,0.17,0,33.9976,19.552
-0.44,0.17,0,34.5103,19.728
-0.45,0.17,0,33.784,19.808
-0.46,0.17,0,33.2774,20.032
-0.47,0.17,0,35.2245,20.224
-0.48,0.17,0,34.1807,20.368
-0.49,0.17,0,35.3343,20.576
-0.5,0.17,0,34.7545,20.752
-0.51,0.17,0,35.3221,20.928
-0.52,0.17,0,34.5408,21.104
-0.53,0.17,0,35.0719,21.264
-0.54,0.17,0,35.3343,21.44
-0.55,0.17,0,34.254,21.616
-0.56,0.17,0,35.4564,21.776
-0.57,0.17,0,35.1756,21.952
-0.58,0.17,0,34.9803,22.112
-0.59,0.17,0,35.1512,22.288
-0.6,0.17,0,35.0841,22.448
-0.61,0.17,0,34.8216,22.608
-0.62,0.17,0,35.1878,22.784
-0.63,0.17,0,35.6395,22.992
-0.64,0.17,0,34.2112,23.12
-0.65,0.17,0,35.255,23.296
-0.66,0.17,0,35.7128,23.488
-0.67,0.17,0,35.7067,23.6
-0.68,0.17,0,36.1034,23.76
-0.69,0.17,0,35.7433,23.904
-0.7,0.17,0,35.6517,24.16
-0.71,0.17,0,35.8715,24.32
-0.72,0.17,0,36.1705,24.512
-0.73,0.17,0,35.786,24.704
-0.74,0.17,0,35.8104,24.832
-0.75,0.17,0,37.318,25.008
-0.76,0.17,0,36.7626,25.184
-0.77,0.17,0,36.0118,25.392
-0.78,0.17,0,35.6273,25.536
-0.79,0.17,0,36.6344,25.728
-0.8,0.17,0,36.4269,25.904
-0.81,0.17,0,37.0983,26.064
-0.82,0.17,0,37.5011,26.16
-0.83,0.17,0,37.0373,26.336
-0.84,0.17,0,36.9091,26.528
-0.85,0.17,0,37.3119,26.72
-0.86,0.17,0,37.495,26.912
-0.87,0.17,0,37.6049,27.056
-0.88,0.17,0,37.7697,27.232
-0.89,0.17,0,37.3424,27.408
-0.9,0.17,0,37.8246,27.584
-0.91,0.17,0,37.8796,27.792
-0.92,0.17,0,37.7697,27.888
-0.93,0.17,0,38.7829,28.096
-0.94,0.17,0,38.5754,28.272
-0.95,0.17,0,38.0688,28.432
-0.96,0.17,0,39.1675,28.624
-0.97,0.17,0,39.9121,28.784
-0.98,0.17,0,37.9162,28.96
-0.99,0.17,0,39.3933,29.136
-1,0.17,0,38.8745,29.312
-1,0.18,0,35.2062,29.232
-0.99,0.18,0,34.1685,29.136
-0.98,0.18,0,34.2723,28.896
-0.97,0.18,0,34.4188,28.704
-0.96,0.18,0,33.8633,28.512
-0.95,0.18,0,33.4727,28.336
-0.94,0.18,0,35.4686,28.16
-0.93,0.18,0,34.0831,27.984
-0.92,0.18,0,33.7168,27.84
-0.91,0.18,0,33.1919,27.648
-0.9,0.18,0,32.4229,27.488
-0.89,0.18,0,33.6863,27.328
-0.88,0.18,0,32.6609,27.152
-0.87,0.18,0,33.43,26.992
-0.86,0.18,0,32.6548,26.816
-0.85,0.18,0,33.0882,26.64
-0.84,0.18,0,32.252,26.464
-0.83,0.18,0,32.7219,26.288
-0.82,0.18,0,32.96,26.128
-0.81,0.18,0,33.1431,26.096
-0.8,0.18,0,33.3323,25.792
-0.79,0.18,0,32.3435,25.6
-0.78,0.18,0,31.6294,25.44
-0.77,0.18,0,32.6426,25.264
-0.76,0.18,0,32.4168,25.104
-0.75,0.18,0,31.7148,24.928
-0.74,0.18,0,32.2092,24.752
-0.73,0.18,0,32.5144,24.592
-0.72,0.18,0,32.5694,24.416
-0.71,0.18,0,31.8613,24.256
-0.7,0.18,0,31.8857,24.08
-0.69,0.18,0,31.5989,23.888
-0.68,0.18,0,31.4585,23.808
-0.67,0.18,0,31.3242,23.6
-0.66,0.18,0,31.251,23.392
-0.65,0.18,0,31.135,23.2
-0.64,0.18,0,30.7871,23.04
-0.63,0.18,0,30.9824,22.88
-0.62,0.18,0,31.0312,22.704
-0.61,0.18,0,31.0129,22.512
-0.6,0.18,0,31.3852,22.352
-0.59,0.18,0,30.2988,22.208
-0.58,0.18,0,31.3364,22.032
-0.57,0.18,0,30.1035,21.84
-0.56,0.18,0,31.0312,21.664
-0.55,0.18,0,32.02,21.488
-0.54,0.18,0,31.2998,21.312
-0.53,0.18,0,30.8969,21.136
-0.52,0.18,0,30.3781,20.992
-0.51,0.18,0,31.3364,20.864
-0.5,0.18,0,31.6538,20.672
-0.49,0.18,0,31.0739,20.464
-0.48,0.18,0,30.6772,20.304
-0.47,0.18,0,30.4147,20.144
-0.46,0.18,0,30.7871,20.112
-0.45,0.18,0,30.3293,19.824
-0.44,0.18,0,30.2377,19.648
-0.43,0.18,0,29.2489,19.44
-0.42,0.18,0,30.7688,19.296
-0.41,0.18,0,29.3893,19.136
-0.4,0.18,0,30.1279,18.96
-0.39,0.18,0,29.4504,18.768
-0.38,0.18,0,29.8471,18.608
-0.37,0.18,0,29.6274,18.448
-0.36,0.18,0,30.1035,18.272
-0.35,0.18,0,29.4687,18.064
-0.34,0.18,0,29.7555,17.92
-0.33,0.18,0,29.8654,17.744
-0.32,0.18,0,30.4453,17.584
-0.31,0.18,0,30.8786,17.408
-0.3,0.18,0,30.4636,17.248
-0.29,0.18,0,29.0536,17.088
-0.28,0.18,0,30.0668,16.896
-0.27,0.18,0,30.0119,16.752
-0.26,0.18,0,28.3944,16.56
-0.25,0.18,0,29.3466,16.368
-0.24,0.18,0,29.4076,16.24
-0.23,0.18,0,28.6019,16.048
-0.22,0.18,0,28.7423,15.872
-0.21,0.18,0,28.1503,15.728
-0.2,0.18,0,28.9315,15.536
-0.19,0.18,0,28.7118,15.36
-0.18,0.18,0,28.4371,15.152
-0.17,0.18,0,28.9499,15.024
-0.16,0.18,0,27.5033,14.896
-0.15,0.18,0,28.3883,14.688
-0.14,0.18,0,27.7779,14.496
-0.13,0.18,0,27.8573,14.336
-0.12,0.18,0,26.9051,14.144
-0.11,0.18,0,28.0282,14
-0.1,0.18,0,27.3019,13.84
-0.09,0.18,0,27.0333,13.664
-0.08,0.18,0,27.4606,13.472
-0.07,0.18,0,26.5206,13.296
-0.06,0.18,0,26.9173,13.104
-0.05,0.18,0,27.6925,13.04
-0.04,0.18,0,25.2205,12.816
-0.03,0.18,0,26.2886,12.64
-0.02,0.18,0,26.5511,12.448
-0.01,0.18,0,26.7953,12.272
0,0.18,0,25.9041,12.112
0,0.19,0,24.4087,12.24
-0.01,0.19,0,24.6101,12.352
-0.02,0.19,0,24.3477,12.608
-0.03,0.19,0,24.6529,12.752
-0.04,0.19,0,24.2744,12.944
-0.05,0.19,0,24.9397,13.136
-0.06,0.19,0,24.0547,13.28
-0.07,0.19,0,24.7444,13.472
-0.08,0.19,0,24.4514,13.632
-0.09,0.19,0,25.0618,13.808
-0.1,0.19,0,24.5491,13.904
-0.11,0.19,0,24.7688,14.112
-0.12,0.19,0,25.2754,14.304
-0.13,0.19,0,25.9224,14.48
-0.14,0.19,0,25.6417,14.64
-0.15,0.19,0,27.5765,14.832
-0.16,0.19,0,25.6355,14.992
-0.17,0.19,0,25.9896,15.184
-0.18,0.19,0,26.1666,15.344
-0.19,0.19,0,26.7464,15.52
-0.2,0.19,0,26.5145,15.664
-0.21,0.19,0,26.4351,15.808
-0.22,0.19,0,27.3751,16
-0.23,0.19,0,25.9102,16.176
-0.24,0.19,0,26.4351,16.352
-0.25,0.19,0,28.5226,16.528
-0.26,0.19,0,26.1238,16.672
-0.27,0.19,0,26.9478,16.848
-0.28,0.19,0,27.9489,17.04
-0.29,0.19,0,27.0821,17.184
-0.3,0.19,0,27.5643,17.36
-0.31,0.19,0,27.4728,17.52
-0.32,0.19,0,28.3395,17.712
-0.33,0.19,0,27.5643,17.856
-0.34,0.19,0,27.7779,18.032
-0.35,0.19,0,28.2662,18.224
-0.36,0.19,0,28.0831,18.384
-0.37,0.19,0,28.193,18.56
-0.38,0.19,0,27.8146,18.736
-0.39,0.19,0,27.9122,18.928
-0.4,0.19,0,28.4005,19.072
-0.41,0.19,0,28.3273,19.264
-0.42,0.19,0,28.7301,19.424
-0.43,0.19,0,28.6203,19.552
-0.44,0.19,0,27.6254,19.712
-0.45,0.19,0,29.3527,19.904
-0.46,0.19,0,28.4371,20.096
-0.47,0.19,0,28.8461,20.256
-0.48,0.19,0,28.5043,20.432
-0.49,0.19,0,28.8522,20.608
-0.5,0.19,0,27.9733,20.752
-0.51,0.19,0,28.8705,20.944
-0.52,0.19,0,28.7118,21.12
-0.53,0.19,0,28.8034,21.28
-0.54,0.19,0,28.6935,21.472
-0.55,0.19,0,28.9438,21.648
-0.56,0.19,0,29.725,21.792
-0.57,0.19,0,28.309,21.936
-0.58,0.19,0,29.3527,22.144
-0.59,0.19,0,28.8522,22.32
-0.6,0.19,0,30.018,22.496
-0.61,0.19,0,29.7922,22.656
-0.62,0.19,0,29.31,22.816
-0.63,0.19,0,29.4687,22.976
-0.64,0.19,0,28.724,23.152
-0.65,0.19,0,30.2438,23.328
-0.66,0.19,0,29.8349,23.504
-0.67,0.19,0,29.7311,23.68
-0.68,0.19,0,29.5053,23.824
-0.69,0.19,0,29.5114,24.032
-0.7,0.19,0,29.2795,24.192
-0.71,0.19,0,30.4514,24.384
-0.72,0.19,0,30.5307,24.56
-0.73,0.19,0,29.9081,24.72
-0.74,0.19,0,30.2133,24.912
-0.75,0.19,0,30.8298,25.056
-0.76,0.19,0,29.902,25.2
-0.77,0.19,0,29.6213,25.36
-0.78,0.19,0,29.5724,25.52
-0.79,0.19,0,30.9458,25.696
-0.8,0.19,0,30.488,25.92
-0.81,0.19,0,30.0119,26.08
-0.82,0.19,0,30.2377,26.224
-0.83,0.19,0,31.4035,26.352
-0.84,0.19,0,29.7189,26.544
-0.85,0.19,0,31.4829,26.752
-0.86,0.19,0,29.9936,26.928
-0.87,0.19,0,29.5969,27.12
-0.88,0.19,0,31.9651,27.264
-0.89,0.19,0,31.2693,27.424
-0.9,0.19,0,31.4035,27.632
-0.91,0.19,0,31.373,27.792
-0.92,0.19,0,31.4951,27.952
-0.93,0.19,0,32.2581,28.128
-0.94,0.19,0,31.8491,28.336
-0.95,0.19,0,31.5195,28.48
-0.96,0.19,0,31.6904,28.656
-0.97,0.19,0,31.782,28.816
-0.98,0.19,0,32.1055,28.976
-0.99,0.19,0,32.0688,29.136
-1,0.19,0,31.4646,29.328
-1,0.2,0,28.7851,29.264
-0.99,0.2,0,28.3639,29.152
-0.98,0.2,0,28.5348,28.88
-0.97,0.2,0,28.8156,28.72
-0.96,0.2,0,28.4433,28.544
-0.95,0.2,0,27.3019,28.448
-0.94,0.2,0,28.1686,28.24
-0.93,0.2,0,27.9855,28.048
-0.92,0.2,0,27.4422,27.888
-0.91,0.2,0,27.3751,27.728
-0.9,0.2,0,28.6508,27.552
-0.89,0.2,0,27.7779,27.344
-0.88,0.2,0,27.5704,27.152
-0.87,0.2,0,27.7169,26.992
-0.86,0.2,0,27.3812,26.832
-0.85,0.2,0,27.192,26.64
-0.84,0.2,0,27.7108,26.48
-0.83,0.2,0,28.0709,26.32
-0.82,0.2,0,26.661,26.144
-0.81,0.2,0,27.6193,25.984
-0.8,0.2,0,27.5826,25.792
-0.79,0.2,0,28.1381,25.616
-0.78,0.2,0,26.3802,25.456
-0.77,0.2,0,26.899,25.296
-0.76,0.2,0,27.3446,25.104
-0.75,0.2,0,26.7586,24.96
-0.74,0.2,0,26.8868,24.8
-0.73,0.2,0,27.3507,24.592
-0.72,0.2,0,27.4972,24.432
-0.71,0.2,0,27.1493,24.352
-0.7,0.2,0,26.5572,24.096
-0.69,0.2,0,26.2947,23.936
-0.68,0.2,0,26.7769,23.76
-0.67,0.2,0,26.8502,23.6
-0.66,0.2,0,26.4962,23.424
-0.65,0.2,0,26.1971,23.232
-0.64,0.2,0,27.1371,23.056
-0.63,0.2,0,26.3558,22.912
-0.62,0.2,0,27.5338,22.736
-0.61,0.2,0,26.8624,22.56
-0.6,0.2,0,26.2215,22.384
-0.59,0.2,0,26.5267,22.224
-0.58,0.2,0,26.0201,22.08
-0.57,0.2,0,26.307,21.888
-0.56,0.2,0,25.9651,21.68
-0.55,0.2,0,26.0689,21.52
-0.54,0.2,0,26.9417,21.376
-0.53,0.2,0,27.0638,21.184
-0.52,0.2,0,25.9407,21.008
-0.51,0.2,0,25.605,20.864
-0.5,0.2,0,26.8807,20.72
-0.49,0.2,0,25.1534,20.512
-0.48,0.2,0,25.4646,20.352
-0.47,0.2,0,25.3426,20.16
-0.46,0.2,0,24.6162,19.984
-0.45,0.2,0,25.9163,19.824
-0.44,0.2,0,25.0313,19.664
-0.43,0.2,0,24.5735,19.504
-0.42,0.2,0,25.3182,19.36
-0.41,0.2,0,26.6305,19.28
-0.4,0.2,0,25.0557,19.008
-0.39,0.2,0,24.7993,18.848
-0.38,0.2,0,25.0496,18.672
-0.37,0.2,0,24.8604,18.496
-0.36,0.2,0,24.8848,18.304
-0.35,0.2,0,24.7017,18.144
-0.34,0.2,0,24.6406,17.936
-0.33,0.2,0,24.4514,17.776
-0.32,0.2,0,24.5247,17.6
-0.31,0.2,0,25.2754,17.456
-0.3,0.2,0,24.8909,17.296
-0.29,0.2,0,24.2744,17.104
-0.28,0.2,0,23.9753,17.008
-0.27,0.2,0,25.0679,16.8
-0.26,0.2,0,24.1707,16.592
-0.25,0.2,0,23.6396,16.416
-0.24,0.2,0,23.8716,16.24
-0.23,0.2,0,22.9926,16.112
-0.22,0.2,0,23.6457,15.92
-0.21,0.2,0,23.8044,15.888
-0.2,0.2,0,23.0842,15.616
-0.19,0.2,0,23.2368,15.408
-0.18,0.2,0,22.8462,15.248
-0.17,0.2,0,23.8594,15.056
-0.16,0.2,0,21.3263,14.928
-0.15,0.2,0,22.1809,14.736
-0.14,0.2,0,22.6875,14.592
-0.13,0.2,0,22.7119,14.496
-0.12,0.2,0,21.6865,14.224
-0.11,0.2,0,22.4738,14.032
-0.1,0.2,0,23.0964,13.984
-0.09,0.2,0,21.4118,13.744
-0.08,0.2,0,21.6681,13.536
-0.07,0.2,0,21.1676,13.36
-0.06,0.2,0,21.3324,13.2
-0.05,0.2,0,21.7902,13.04
-0.04,0.2,0,21.1066,12.832
-0.03,0.2,0,20.7648,12.672
-0.02,0.2,0,21.5583,12.56
-0.01,0.2,0,21.2836,12.368
0,0.2,0,20.9296,12.144
