X,Y,Z,Amp,Tof
-2,-0.2,0,20.2155,46.24
-1.99,-0.2,0,20.1971,46.128
-1.98,-0.2,0,20.5206,45.952
-1.97,-0.2,0,21.2592,45.712
-1.96,-0.2,0,20.716,45.568
-1.95,-0.2,0,21.5888,45.424
-1.94,-0.2,0,22.1137,45.264
-1.93,-0.2,0,20.8197,45.056
-1.92,-0.2,0,20.9601,44.928
-1.91,-0.2,0,21.1066,44.8
-1.9,-0.2,0,20.8258,44.592
-1.89,-0.2,0,21.0578,44.368
-1.88,-0.2,0,20.6366,44.272
-1.87,-0.2,0,20.8319,44
-1.86,-0.2,0,21.7475,43.856
-1.85,-0.2,0,20.4169,43.648
-1.84,-0.2,0,21.4667,43.488
-1.83,-0.2,0,20.1422,43.312
-1.82,-0.2,0,20.423,43.168
-1.81,-0.2,0,19.9713,42.992
-1.8,-0.2,0,20.3558,42.832
-1.79,-0.2,0,20.8502,42.64
-1.78,-0.2,0,19.892,42.528
-1.77,-0.2,0,21.0273,42.304
-1.76,-0.2,0,20.539,42.144
-1.75,-0.2,0,19.9835,42.032
-1.74,-0.2,0,20.6366,41.76
-1.73,-0.2,0,20.4108,41.6
-1.72,-0.2,0,20.2704,41.456
-1.71,-0.2,0,20.13,41.28
-1.7,-0.2,0,20.4962,41.104
-1.69,-0.2,0,19.8187,40.912
-1.68,-0.2,0,19.8309,40.752
-1.67,-0.2,0,19.7638,40.592
-1.66,-0.2,0,19.6234,40.416
-1.65,-0.2,0,19.6295,40.24
-1.64,-0.2,0,19.3731,40.192
-1.63,-0.2,0,19.7211,40
-1.62,-0.2,0,19.9713,39.744
-1.61,-0.2,0,21.3202,39.584
-1.6,-0.2,0,20.3253,39.472
-1.59,-0.2,0,20.069,39.216
-1.58,-0.2,0,19.4342,39.024
-1.57,-0.2,0,19.3731,38.96
-1.56,-0.2,0,19.7455,38.688
-1.55,-0.2,0,19.7821,38.496
-1.54,-0.2,0,18.9032,38.352
-1.53,-0.2,0,18.9642,38.192
-1.52,-0.2,0,19.6844,38.016
-1.51,-0.2,0,19.0313,37.84
-1.5,-0.2,0,19.6661,37.776
-1.49,-0.2,0,19.4281,37.52
-1.48,-0.2,0,19.2999,37.328
-1.47,-0.2,0,18.9703,37.2
-1.46,-0.2,0,20.3009,37.008
-1.45,-0.2,0,19.6112,36.864
-1.44,-0.2,0,18.6712,36.64
-1.43,-0.2,0,19.715,36.464
-1.42,-0.2,0,19.1046,36.304
-1.41,-0.2,0,19.6112,36.128
-1.4,-0.2,0,19.068,36.064
-1.39,-0.2,0,19.8492,35.808
-1.38,-0.2,0,19.8248,35.696
-1.37,-0.2,0,19.4586,35.44
-1.36,-0.2,0,19.245,35.264
-1.35,-0.2,0,19.6417,35.104
-1.34,-0.2,0,18.659,34.912
-1.33,-0.2,0,19.1168,34.768
-1.32,-0.2,0,18.6102,34.64
-1.31,-0.2,0,19.0252,34.4
-1.3,-0.2,0,18.659,34.256
-1.29,-0.2,0,18.7078,34.128
-1.28,-0.2,0,19.422,33.904
-1.27,-0.2,0,18.3111,33.744
-1.26,-0.2,0,18.8849,33.536
-1.25,-0.2,0,19.367,33.408
-1.24,-0.2,0,19.4281,33.2
-1.23,-0.2,0,18.2745,33.072
-1.22,-0.2,0,19.4159,32.864
-1.21,-0.2,0,19.3182,32.704
-1.2,-0.2,0,18.2134,32.56
-1.19,-0.2,0,18.5369,32.352
-1.18,-0.2,0,17.6946,32.176
-1.17,-0.2,0,19.66,32
-1.16,-0.2,0,19.1595,31.856
-1.15,-0.2,0,19.0985,31.68
-1.14,-0.2,0,18.8543,31.52
-1.13,-0.2,0,19.068,31.36
-1.12,-0.2,0,19.4342,31.168
-1.11,-0.2,0,19.0191,31.104
-1.1,-0.2,0,19.4159,30.816
-1.09,-0.2,0,18.7323,30.656
-1.08,-0.2,0,19.5929,30.528
-1.07,-0.2,0,19.2267,30.304
-1.06,-0.2,0,19.1839,30.128
-1.05,-0.2,0,18.7078,30.08
-1.04,-0.2,0,19.1656,29.776
-1.03,-0.2,0,19.5074,29.6
-1.02,-0.2,0,19.3426,29.456
-1.01,-0.2,0,20.2216,29.28
-1,-0.2,0,19.5196,29.104
-0.99,-0.2,0,18.6407,28.96
-0.98,-0.2,0,19.6478,28.832
-0.97,-0.2,0,19.1168,28.688
-0.96,-0.2,0,18.598,28.448
-0.95,-0.2,0,19.4464,28.256
-0.94,-0.2,0,18.8971,28.144
-0.93,-0.2,0,18.8177,27.92
-0.92,-0.2,0,18.659,27.744
-0.91,-0.2,0,18.2806,27.6
-0.9,-0.2,0,19.0191,27.424
-0.89,-0.2,0,19.1839,27.296
-0.88,-0.2,0,19.3609,27.072
-0.87,-0.2,0,18.9337,26.896
-0.86,-0.2,0,19.6844,26.704
-0.85,-0.2,0,19.7211,26.512
-0.84,-0.2,0,18.9947,26.368
-0.83,-0.2,0,19.0558,26.192
-0.82,-0.2,0,20.014,26.048
-0.81,-0.2,0,19.6905,25.856
-0.8,-0.2,0,18.7017,25.744
-0.79,-0.2,0,18.714,25.536
-0.78,-0.2,0,18.2379,25.376
-0.77,-0.2,0,18.5369,25.28
-0.76,-0.2,0,19.6173,24.976
-0.75,-0.2,0,19.1534,24.864
-0.74,-0.2,0,20.0262,24.752
-0.73,-0.2,0,18.9947,24.496
-0.72,-0.2,0,18.8726,24.304
-0.71,-0.2,0,19.129,24.176
-0.7,-0.2,0,19.6112,23.984
-0.69,-0.2,0,19.3426,23.904
-0.68,-0.2,0,18.6041,23.648
-0.67,-0.2,0,19.306,23.472
-0.66,-0.2,0,18.3111,23.296
-0.65,-0.2,0,18.8971,23.152
-0.64,-0.2,0,18.4088,22.944
-0.63,-0.2,0,19.4098,22.8
-0.62,-0.2,0,18.0914,22.656
-0.61,-0.2,0,18.2867,22.432
-0.6,-0.2,0,17.9754,22.288
-0.59,-0.2,0,18.3233,22.128
-0.58,-0.2,0,18.421,21.936
-0.57,-0.2,0,18.1402,21.76
-0.56,-0.2,0,18.8543,21.6
-0.55,-0.2,0,18.2989,21.424
-0.54,-0.2,0,18.0914,21.264
-0.53,-0.2,0,18.6773,21.056
-0.52,-0.2,0,17.9998,20.928
-0.51,-0.2,0,17.7679,20.736
-0.5,-0.2,0,18.5614,20.544
-0.49,-0.2,0,17.6702,20.368
-0.48,-0.2,0,17.2124,20.256
-0.47,-0.2,0,17.89,20.032
-0.46,-0.2,0,17.7618,19.888
-0.45,-0.2,0,17.6763,19.68
-0.44,-0.2,0,17.2918,19.552
-0.43,-0.2,0,17.7862,19.36
-0.42,-0.2,0,17.3589,19.248
-0.41,-0.2,0,17.0476,19.04
-0.4,-0.2,0,18.0914,18.928
-0.39,-0.2,0,18.0486,18.816
-0.38,-0.2,0,17.5054,18.512
-0.37,-0.2,0,17.9571,18.368
-0.36,-0.2,0,17.7984,18.176
-0.35,-0.2,0,17.6885,18.016
-0.34,-0.2,0,17.4871,17.84
-0.33,-0.2,0,17.3345,17.664
-0.32,-0.2,0,17.6031,17.552
-0.31,-0.2,0,17.066,17.296
-0.3,-0.2,0,17.066,17.152
-0.29,-0.2,0,17.2613,16.976
-0.28,-0.2,0,16.6509,16.832
-0.27,-0.2,0,16.7791,16.624
-0.26,-0.2,0,17.3956,16.544
-0.25,-0.2,0,16.7608,16.304
-0.24,-0.2,0,16.6997,16.144
-0.23,-0.2,0,16.3335,15.984
-0.22,-0.2,0,16.3396,15.776
-0.21,-0.2,0,16.7241,15.616
-0.2,-0.2,0,16.3213,15.552
-0.19,-0.2,0,17.4871,15.296
-0.18,-0.2,0,17.0232,15.104
-0.17,-0.2,0,16.3518,15.056
-0.16,-0.2,0,16.8218,14.752
-0.15,-0.2,0,17.4383,14.608
-0.14,-0.2,0,16.6875,14.416
-0.13,-0.2,0,16.3213,14.224
-0.12,-0.2,0,16.2969,14.112
-0.11,-0.2,0,15.8452,13.952
-0.1,-0.2,0,15.9368,13.728
-0.09,-0.2,0,16.1199,13.568
-0.08,-0.2,0,16.2969,13.392
-0.07,-0.2,0,15.9734,13.248
-0.06,-0.2,0,16.1016,13.104
-0.05,-0.2,0,17.1819,12.944
-0.04,-0.2,0,16.0894,12.8
-0.03,-0.2,0,15.0334,12.56
-0.02,-0.2,0,15.3935,12.384
-0.01,-0.2,0,15.3935,12.224
0,-0.2,0,15.4607,12.016
0.01,-0.2,0,15.6621,11.968
0.02,-0.2,0,16.3152,11.792
0.03,-0.2,0,14.6428,11.536
0.04,-0.2,0,15.1006,11.424
0.05,-0.2,0,15.4729,11.168
0.06,-0.2,0,15.2654,11.04
0.07,-0.2,0,15.6194,10.848
0.08,-0.2,0,14.7954,10.688
0.09,-0.2,0,14.8381,10.544
0.1,-0.2,0,14.9663,10.48
0.11,-0.2,0,14.4597,10.16
0.12,-0.2,0,14.6367,10.016
0.13,-0.2,0,14.185,9.824
0.14,-0.2,0,14.2949,9.648
0.15,-0.2,0,13.6723,9.504
0.16,-0.2,0,14.1423,9.328
0.17,-0.2,0,13.8005,9.136
0.18,-0.2,0,14.4658,9.008
0.19,-0.2,0,14.2399,8.832
0.2,-0.2,0,13.1291,8.64
0.21,-0.2,0,13.3122,8.496
0.22,-0.2,0,12.6957,8.32
0.23,-0.2,0,13.3366,8.24
0.24,-0.2,0,12.598,7.92
0.25,-0.2,0,12.067,7.776
0.26,-0.2,0,12.6713,7.68
0.27,-0.2,0,11.8412,7.456
0.28,-0.2,0,11.4933,7.312
0.29,-0.2,0,10.95,7.152
0.3,-0.2,0,12.1464,7.04
0.31,-0.2,0,11.3407,6.752
0.32,-0.2,0,9.99176,6.64
0.33,-0.2,0,10.6693,6.448
0.34,-0.2,0,9.68657,6.288
0.35,-0.2,0,10.9134,6.128
0.36,-0.2,0,9.80255,5.984
0.37,-0.2,0,9.24711,5.856
0.38,-0.2,0,8.55129,5.712
0.39,-0.2,0,8.27052,5.424
0.4,-0.2,0,7.87988,5.28
0.41,-0.2,0,8.64895,5.104
0.42,-0.2,0,7.34275,7.792
0.43,-0.2,0,6.72018,4.608
0.44,-0.2,0,6.64083,4.48
0.45,-0.2,0,6.67745,7.456
0.46,-0.2,0,5.66424,7.36
0.47,-0.2,0,6.1037,6.8
0.48,-0.2,0,6.2624,7.104
0.49,-0.2,0,5.34074,7.136
0.5,-0.2,0,5.95721,6.912
0.51,-0.2,0,4.18104,34.704
0.52,-0.2,0,3.40587,46.512
0.53,-0.2,0,3.66222,45.52
0.54,-0.2,0,3.74767,40.864
0.55,-0.2,0,4.07727,26.224
0.56,-0.2,0,4.26038,10.736
0.57,-0.2,0,4.2848,6.096
0.58,-0.2,0,4.1261,2.72
0.59,-0.2,0,4.30311,8.832
0.6,-0.2,0,3.60729,43.984
0.61,-0.2,0,4.05286,30.064
0.62,-0.2,0,3.43028,2.096
0.63,-0.2,0,4.01013,37.84
0.64,-0.2,0,4.49232,14.592
0.64,-0.19,0,5.15763,13.728
0.63,-0.19,0,4.99893,2.144
0.62,-0.19,0,3.97961,28.896
0.61,-0.19,0,4.34584,38.832
0.6,-0.19,0,4.42518,2.48
0.59,-0.19,0,4.66323,30.016
0.58,-0.19,0,4.03455,32.208
0.57,-0.19,0,4.24207,35.984
0.56,-0.19,0,3.57067,5.936
0.55,-0.19,0,3.82092,7.52
0.54,-0.19,0,3.89416,2.8
0.53,-0.19,0,3.91858,3.456
0.52,-0.19,0,5.87786,6.656
0.51,-0.19,0,5.35905,3.344
0.5,-0.19,0,5.15152,33.152
0.49,-0.19,0,6.55538,6.944
0.48,-0.19,0,6.62252,7.072
0.47,-0.19,0,7.28782,4.032
0.46,-0.19,0,6.81784,6.928
0.45,-0.19,0,7.45872,4.544
0.44,-0.19,0,8.63674,4.624
0.43,-0.19,0,8.03247,4.848
0.42,-0.19,0,8.92972,5.04
0.41,-0.19,0,9.08841,5.216
0.4,-0.19,0,10.2786,5.376
0.39,-0.19,0,9.84527,5.488
0.38,-0.19,0,10.7913,5.696
0.37,-0.19,0,10.1871,5.888
0.36,-0.19,0,11.2125,6.032
0.35,-0.19,0,11.5909,6.192
0.34,-0.19,0,12.3417,6.352
0.33,-0.19,0,11.5299,6.496
0.32,-0.19,0,12.7201,6.64
0.31,-0.19,0,12.7018,6.88
0.3,-0.19,0,12.2379,7.008
0.29,-0.19,0,14.008,7.152
0.28,-0.19,0,13.4098,7.36
0.27,-0.19,0,13.5258,7.536
0.26,-0.19,0,13.8615,7.664
0.25,-0.19,0,14.008,7.856
0.24,-0.19,0,15.0151,8.048
0.23,-0.19,0,14.6428,8.144
0.22,-0.19,0,14.478,8.32
0.21,-0.19,0,15.3569,8.56
0.2,-0.19,0,14.1606,8.672
0.19,-0.19,0,15.5583,8.912
0.18,-0.19,0,15.125,9.04
0.17,-0.19,0,15.5461,9.216
0.16,-0.19,0,15.247,9.408
0.15,-0.19,0,15.6316,9.6
0.14,-0.19,0,17.0598,9.712
0.13,-0.19,0,16.0527,9.904
0.12,-0.19,0,15.2837,10.016
0.11,-0.19,0,16.2297,10.256
0.1,-0.19,0,17.1575,10.384
0.09,-0.19,0,17.0232,10.528
0.08,-0.19,0,16.1138,10.752
0.07,-0.19,0,17.0965,10.944
0.06,-0.19,0,16.596,11.088
0.05,-0.19,0,16.9683,11.28
0.04,-0.19,0,17.481,11.44
0.03,-0.19,0,17.1636,11.6
0.02,-0.19,0,16.9195,11.728
0.01,-0.19,0,16.6204,11.968
0,-0.19,0,17.3345,12.128
-0.01,-0.19,0,17.8594,12.24
-0.02,-0.19,0,18.8971,12.464
-0.03,-0.19,0,17.3101,12.624
-0.04,-0.19,0,17.066,12.784
-0.05,-0.19,0,18.6895,12.976
-0.06,-0.19,0,18.189,13.104
-0.07,-0.19,0,17.9693,13.296
-0.08,-0.19,0,17.8838,13.472
-0.09,-0.19,0,17.9571,13.632
-0.1,-0.19,0,18.5064,13.808
-0.11,-0.19,0,18.1402,13.984
-0.12,-0.19,0,17.2613,14.128
-0.13,-0.19,0,18.4515,14.304
-0.14,-0.19,0,17.7618,14.432
-0.15,-0.19,0,17.8777,14.672
-0.16,-0.19,0,17.835,14.832
-0.17,-0.19,0,17.6336,14.912
-0.18,-0.19,0,18.4881,15.152
-0.19,-0.19,0,18.5797,15.328
-0.2,-0.19,0,19.0069,15.504
-0.21,-0.19,0,18.2196,15.616
-0.22,-0.19,0,18.2989,15.856
-0.23,-0.19,0,18.2012,16.016
-0.24,-0.19,0,18.891,16.192
-0.25,-0.19,0,18.012,16.352
-0.26,-0.19,0,18.2867,16.496
-0.27,-0.19,0,18.8604,16.736
-0.28,-0.19,0,18.2745,16.8
-0.29,-0.19,0,18.4881,17.072
-0.3,-0.19,0,17.9022,17.152
-0.31,-0.19,0,18.5736,17.392
-0.32,-0.19,0,18.4393,17.536
-0.33,-0.19,0,18.9093,17.712
-0.34,-0.19,0,19.068,17.92
-0.35,-0.19,0,18.3538,18
-0.36,-0.19,0,18.8421,18.192
-0.37,-0.19,0,19.5074,18.368
-0.38,-0.19,0,18.2257,18.576
-0.39,-0.19,0,18.6712,18.736
-0.4,-0.19,0,18.5003,18.912
-0.41,-0.19,0,18.5675,19.104
-0.42,-0.19,0,18.543,19.248
-0.43,-0.19,0,20.191,19.44
-0.44,-0.19,0,19.6356,19.568
-0.45,-0.19,0,19.367,19.696
-0.46,-0.19,0,20.0751,19.952
-0.47,-0.19,0,19.5135,20.096
-0.48,-0.19,0,19.3121,20.288
-0.49,-0.19,0,20.0385,20.464
-0.5,-0.19,0,19.0191,20.656
-0.51,-0.19,0,19.8004,20.784
-0.52,-0.19,0,19.1595,21.024
-0.53,-0.19,0,19.7943,21.152
-0.54,-0.19,0,19.4342,21.312
-0.55,-0.19,0,19.9164,21.472
-0.56,-0.19,0,19.6783,21.616
-0.57,-0.19,0,19.0863,21.84
-0.58,-0.19,0,19.6844,22.032
-0.59,-0.19,0,19.6112,22.176
-0.6,-0.19,0,20.0201,22.336
-0.61,-0.19,0,19.0252,22.512
-0.62,-0.19,0,20.1178,22.688
-0.63,-0.19,0,21.3141,22.864
-0.64,-0.19,0,19.7089,23.024
-0.65,-0.19,0,20.0323,23.2
-0.66,-0.19,0,20.0201,23.376
-0.67,-0.19,0,20.3009,23.52
-0.68,-0.19,0,20.3864,23.68
-0.69,-0.19,0,19.7211,23.792
-0.7,-0.19,0,19.9164,24.048
-0.71,-0.19,0,20.9235,24.192
-0.72,-0.19,0,20.307,24.352
-0.73,-0.19,0,18.5858,24.576
-0.74,-0.19,0,20.7465,24.736
-0.75,-0.19,0,19.7211,24.832
-0.76,-0.19,0,19.8798,25.072
-0.77,-0.19,0,19.6844,25.248
-0.78,-0.19,0,19.599,25.424
-0.79,-0.19,0,20.1605,25.584
-0.8,-0.19,0,20.2399,25.76
-0.81,-0.19,0,21.4545,25.92
-0.82,-0.19,0,19.9774,26.112
-0.83,-0.19,0,20.3986,26.288
-0.84,-0.19,0,20.954,26.416
-0.85,-0.19,0,20.1666,26.624
-0.86,-0.19,0,20.4535,26.752
-0.87,-0.19,0,20.4108,26.96
-0.88,-0.19,0,20.3925,27.104
-0.89,-0.19,0,20.6732,27.264
-0.9,-0.19,0,21.1371,27.472
-0.91,-0.19,0,20.4596,27.568
-0.92,-0.19,0,19.8309,27.792
-0.93,-0.19,0,21.1005,27.952
-0.94,-0.19,0,19.9347,28.08
-0.95,-0.19,0,20.5634,28.32
-0.96,-0.19,0,19.7699,28.48
-0.97,-0.19,0,20.4901,28.624
-0.98,-0.19,0,19.0985,28.832
-0.99,-0.19,0,21.0089,29.008
-1,-0.19,0,20.0018,29.152
-1.01,-0.19,0,20.4779,29.36
-1.02,-0.19,0,19.6356,29.536
-1.03,-0.19,0,19.892,29.6
-1.04,-0.19,0,20.5329,29.84
-1.05,-0.19,0,20.0873,30.032
-1.06,-0.19,0,19.9469,30.16
-1.07,-0.19,0,20.0934,30.384
-1.08,-0.19,0,20.307,30.528
-1.09,-0.19,0,20.4474,30.704
-1.1,-0.19,0,20.1971,30.88
-1.11,-0.19,0,19.9408,31.008
-1.12,-0.19,0,20.423,31.232
-1.13,-0.19,0,19.7394,31.392
-1.14,-0.19,0,20.6793,31.568
-1.15,-0.19,0,20.7221,31.728
-1.16,-0.19,0,20.5267,31.92
-1.17,-0.19,0,20.3803,32.064
-1.18,-0.19,0,20.9113,32.224
-1.19,-0.19,0,19.9103,32.384
-1.2,-0.19,0,19.9713,32.592
-1.21,-0.19,0,19.8431,32.688
-1.22,-0.19,0,19.6661,32.928
-1.23,-0.19,0,19.6844,33.088
-1.24,-0.19,0,20.7099,33.28
-1.25,-0.19,0,20.9296,33.424
-1.26,-0.19,0,20.1971,33.6
-1.27,-0.19,0,19.7027,33.792
-1.28,-0.19,0,20.7587,33.952
-1.29,-0.19,0,21.0517,34.112
-1.3,-0.19,0,20.5817,34.288
-1.31,-0.19,0,19.6051,34.496
-1.32,-0.19,0,20.6122,34.656
-1.33,-0.19,0,20.4352,34.816
-1.34,-0.19,0,21.4301,34.928
-1.35,-0.19,0,20.8258,35.136
-1.36,-0.19,0,20.1483,35.344
-1.37,-0.19,0,20.661,35.456
-1.38,-0.19,0,19.892,35.68
-1.39,-0.19,0,20.6122,35.84
-1.4,-0.19,0,21.0211,36.016
-1.41,-0.19,0,20.4352,36.16
-1.42,-0.19,0,20.954,36.368
-1.43,-0.19,0,20.0201,36.528
-1.44,-0.19,0,21.5766,36.704
-1.45,-0.19,0,20.8136,36.848
-1.46,-0.19,0,20.4901,37.04
-1.47,-0.19,0,21.1859,37.2
-1.48,-0.19,0,20.1971,37.36
-1.49,-0.19,0,21.0822,37.536
-1.5,-0.19,0,20.8808,37.68
-1.51,-0.19,0,20.8441,37.888
-1.52,-0.19,0,20.4779,38.064
-1.53,-0.19,0,21.4911,38.16
-1.54,-0.19,0,21.0089,38.384
-1.55,-0.19,0,20.5084,38.576
-1.56,-0.19,0,21.0578,38.752
-1.57,-0.19,0,20.6977,38.928
-1.58,-0.19,0,20.7404,39.088
-1.59,-0.19,0,20.5756,39.232
-1.6,-0.19,0,21.0211,39.44
-1.61,-0.19,0,21.6987,39.632
-1.62,-0.19,0,20.246,39.728
-1.63,-0.19,0,20.6305,39.888
-1.64,-0.19,0,21.0334,40.096
-1.65,-0.19,0,21.4789,40.32
-1.66,-0.19,0,22.1015,40.464
-1.67,-0.19,0,21.2653,40.56
-1.68,-0.19,0,22.4128,40.816
-1.69,-0.19,0,20.716,40.96
-1.7,-0.19,0,21.2043,41.152
-1.71,-0.19,0,21.6926,41.28
-1.72,-0.19,0,20.7831,41.472
-1.73,-0.19,0,21.54,41.664
-1.74,-0.19,0,21.894,41.76
-1.75,-0.19,0,21.3874,41.952
-1.76,-0.19,0,21.6193,42.128
-1.77,-0.19,0,22.0466,42.336
-1.78,-0.19,0,21.2226,42.528
-1.79,-0.19,0,21.0822,42.704
-1.8,-0.19,0,21.9977,42.832
-1.81,-0.19,0,22.7973,43.056
-1.82,-0.19,0,21.5705,43.184
-1.83,-0.19,0,22.2846,43.296
-1.84,-0.19,0,21.1371,43.536
-1.85,-0.19,0,21.8207,43.712
-1.86,-0.19,0,21.2714,43.904
-1.87,-0.19,0,22.5166,44.032
-1.88,-0.19,0,21.9733,44.144
-1.89,-0.19,0,21.9489,44.4
-1.9,-0.19,0,22.5837,44.56
-1.91,-0.19,0,21.4301,44.752
-1.92,-0.19,0,22.7363,44.896
-1.93,-0.19,0,22.2358,45.04
-1.94,-0.19,0,22.3884,45.232
-1.95,-0.19,0,22.718,45.424
-1.96,-0.19,0,21.9123,45.584
-1.97,-0.19,0,21.717,45.744
-1.98,-0.19,0,22.4372,45.936
-1.99,-0.19,0,21.7597,46.048
-2,-0.19,0,21.7353,46.272
-2,-0.18,0,24.1951,46.24
-1.99,-0.18,0,24.4148,46.128
-1.98,-0.18,0,23.7922,45.888
-1.97,-0.18,0,24.3233,45.776
-1.96,-0.18,0,24.0852,45.52
-1.95,-0.18,0,23.8594,45.376
-1.94,-0.18,0,24.4148,45.184
-1.93,-0.18,0,24.0669,45.072
-1.92,-0.18,0,23.9753,44.864
-1.91,-0.18,0,23.7007,44.72
-1.9,-0.18,0,24.2561,44.624
-1.89,-0.18,0,24.1401,44.368
-1.88,-0.18,0,24.4697,44.16
-1.87,-0.18,0,23.6274,44.016
-1.86,-0.18,0,23.7983,43.84
-1.85,-0.18,0,24.2317,43.712
-1.84,-0.18,0,23.6213,43.552
-1.83,-0.18,0,24.6223,43.408
-1.82,-0.18,0,23.0842,43.152
-1.81,-0.18,0,23.2917,42.992
-1.8,-0.18,0,24.1829,42.88
-1.79,-0.18,0,23.5847,42.64
-1.78,-0.18,0,23.6763,42.464
-1.77,-0.18,0,23.9631,42.304
-1.76,-0.18,0,23.9143,42.128
-1.75,-0.18,0,23.7068,41.984
-1.74,-0.18,0,24.6956,41.84
-1.73,-0.18,0,22.5654,41.648
-1.72,-0.18,0,24.2317,41.44
-1.71,-0.18,0,23.4443,41.264
-1.7,-0.18,0,22.6386,41.12
-1.69,-0.18,0,23.249,40.928
-1.68,-0.18,0,23.31,40.784
-1.67,-0.18,0,23.3039,40.576
-1.66,-0.18,0,22.3579,40.384
-1.65,-0.18,0,23.7861,40.256
-1.64,-0.18,0,24.0547,40.08
-1.63,-0.18,0,22.895,39.904
-1.62,-0.18,0,22.5349,39.728
-1.61,-0.18,0,24.134,39.6
-1.6,-0.18,0,23.8533,39.392
-1.59,-0.18,0,23.1758,39.216
-1.58,-0.18,0,21.9306,39.072
-1.57,-0.18,0,23.5664,38.88
-1.56,-0.18,0,23.0415,38.72
-1.55,-0.18,0,22.1809,38.624
-1.54,-0.18,0,22.6264,38.352
-1.53,-0.18,0,21.9855,38.16
-1.52,-0.18,0,23.835,38.032
-1.51,-0.18,0,22.8217,37.872
-1.5,-0.18,0,22.7729,37.696
-1.49,-0.18,0,22.6203,37.504
-1.48,-0.18,0,21.9001,37.328
-1.47,-0.18,0,22.5288,37.184
-1.46,-0.18,0,22.0161,36.96
-1.45,-0.18,0,21.9306,36.816
-1.44,-0.18,0,22.9316,36.672
-1.43,-0.18,0,21.6926,36.496
-1.42,-0.18,0,22.6264,36.32
-1.41,-0.18,0,22.0893,36.176
-1.4,-0.18,0,22.1503,35.936
-1.39,-0.18,0,22.2297,35.808
-1.38,-0.18,0,21.8451,35.632
-1.37,-0.18,0,22.6753,35.44
-1.36,-0.18,0,21.894,35.264
-1.35,-0.18,0,21.717,35.104
-1.34,-0.18,0,21.1737,34.928
-1.33,-0.18,0,21.9123,34.832
-1.32,-0.18,0,21.6865,34.624
-1.31,-0.18,0,21.7902,34.416
-1.3,-0.18,0,22.718,34.272
-1.29,-0.18,0,21.5217,34.08
-1.28,-0.18,0,22.2297,33.968
-1.27,-0.18,0,22.1442,33.824
-1.26,-0.18,0,22.4311,33.536
-1.25,-0.18,0,21.5949,33.392
-1.24,-0.18,0,22.0038,33.216
-1.23,-0.18,0,23.3772,33.04
-1.22,-0.18,0,22.6447,32.944
-1.21,-0.18,0,21.7963,32.72
-1.2,-0.18,0,21.8879,32.56
-1.19,-0.18,0,21.4057,32.448
-1.18,-0.18,0,22.132,32.256
-1.17,-0.18,0,21.6376,32.016
-1.16,-0.18,0,21.6559,31.824
-1.15,-0.18,0,22.0099,31.712
-1.14,-0.18,0,21.2287,31.504
-1.13,-0.18,0,21.3813,31.344
-1.12,-0.18,0,21.8879,31.184
-1.11,-0.18,0,21.9245,31.104
-1.1,-0.18,0,21.7231,30.832
-1.09,-0.18,0,21.5033,30.656
-1.08,-0.18,0,21.7231,30.464
-1.07,-0.18,0,21.717,30.32
-1.06,-0.18,0,21.3691,30.144
-1.05,-0.18,0,21.6865,29.952
-1.04,-0.18,0,21.8085,29.792
-1.03,-0.18,0,22.1686,29.632
-1.02,-0.18,0,21.5217,29.552
-1.01,-0.18,0,21.6193,29.248
-1,-0.18,0,20.8319,29.12
-0.99,-0.18,0,21.778,28.912
-0.98,-0.18,0,21.7658,28.8
-0.97,-0.18,0,22.7729,28.608
-0.96,-0.18,0,21.7231,28.416
-0.95,-0.18,0,21.8451,28.304
-0.94,-0.18,0,22.4311,28.176
-0.93,-0.18,0,22.0161,27.904
-0.92,-0.18,0,21.8757,27.728
-0.91,-0.18,0,21.0456,27.664
-0.9,-0.18,0,22.132,27.392
-0.89,-0.18,0,20.9174,27.2
-0.88,-0.18,0,21.9977,27.056
-0.87,-0.18,0,21.0089,26.88
-0.86,-0.18,0,21.8207,26.72
-0.85,-0.18,0,21.4301,26.56
-0.84,-0.18,0,21.1921,26.384
-0.83,-0.18,0,22.1259,26.208
-0.82,-0.18,0,21.955,26.112
-0.81,-0.18,0,21.5949,25.856
-0.8,-0.18,0,21.9184,25.68
-0.79,-0.18,0,22.3823,25.616
-0.78,-0.18,0,21.9733,25.408
-0.77,-0.18,0,21.5094,25.152
-0.76,-0.18,0,21.1554,24.992
-0.75,-0.18,0,21.7719,24.832
-0.74,-0.18,0,21.7048,24.656
-0.73,-0.18,0,22.5471,24.56
-0.72,-0.18,0,21.3263,24.336
-0.71,-0.18,0,22.7729,24.144
-0.7,-0.18,0,21.7414,24
-0.69,-0.18,0,22.0649,23.792
-0.68,-0.18,0,20.6915,23.632
-0.67,-0.18,0,21.2043,23.44
-0.66,-0.18,0,21.2287,23.28
-0.65,-0.18,0,21.4362,23.168
-0.64,-0.18,0,21.955,22.96
-0.63,-0.18,0,21.3263,22.784
-0.62,-0.18,0,21.1493,22.592
-0.61,-0.18,0,21.2104,22.464
-0.6,-0.18,0,21.8207,22.384
-0.59,-0.18,0,21.8146,22.096
-0.58,-0.18,0,21.2287,21.936
-0.57,-0.18,0,21.6193,21.776
-0.56,-0.18,0,22.6814,21.568
-0.55,-0.18,0,21.6865,21.424
-0.54,-0.18,0,21.6742,21.248
-0.53,-0.18,0,21.1249,21.104
-0.52,-0.18,0,21.3141,20.896
-0.51,-0.18,0,21.6681,20.704
-0.5,-0.18,0,21.9611,20.56
-0.49,-0.18,0,21.9489,20.4
-0.48,-0.18,0,22.0649,20.256
-0.47,-0.18,0,21.2165,20.144
-0.46,-0.18,0,21.7963,19.856
-0.45,-0.18,0,21.6987,19.712
-0.44,-0.18,0,21.0273,19.632
-0.43,-0.18,0,21.2165,19.344
-0.42,-0.18,0,21.2836,19.2
-0.41,-0.18,0,21.1615,19.072
-0.4,-0.18,0,20.3925,18.864
-0.39,-0.18,0,20.4779,18.672
-0.38,-0.18,0,21.1493,18.528
-0.37,-0.18,0,20.9601,18.32
-0.36,-0.18,0,20.5939,18.24
-0.35,-0.18,0,21.2226,18
-0.34,-0.18,0,20.9601,17.824
-0.33,-0.18,0,21.308,17.632
-0.32,-0.18,0,20.9967,17.504
-0.31,-0.18,0,20.6122,17.312
-0.3,-0.18,0,21.1005,17.152
-0.29,-0.18,0,20.1483,16.992
-0.28,-0.18,0,19.8981,16.832
-0.27,-0.18,0,20.6671,16.752
-0.26,-0.18,0,20.7099,16.448
-0.25,-0.18,0,19.8309,16.288
-0.24,-0.18,0,20.6549,16.144
-0.23,-0.18,0,20.5329,16
-0.22,-0.18,0,20.5206,15.872
-0.21,-0.18,0,20.661,15.584
-0.2,-0.18,0,20.7404,15.456
-0.19,-0.18,0,19.9713,15.312
-0.18,-0.18,0,20.8319,15.104
-0.17,-0.18,0,21.0089,14.928
-0.16,-0.18,0,19.8309,14.8
-0.15,-0.18,0,21.0089,14.576
-0.14,-0.18,0,19.8981,14.416
-0.13,-0.18,0,20.2338,14.24
-0.12,-0.18,0,19.8492,14.08
-0.11,-0.18,0,20.2704,13.888
-0.1,-0.18,0,19.8248,13.776
-0.09,-0.18,0,19.5929,13.568
-0.08,-0.18,0,19.9286,13.392
-0.07,-0.18,0,19.9408,13.232
-0.06,-0.18,0,19.3976,13.04
-0.05,-0.18,0,19.4037,12.848
-0.04,-0.18,0,18.8238,12.72
-0.03,-0.18,0,19.2572,12.512
-0.02,-0.18,0,19.2267,12.368
-0.01,-0.18,0,19.1229,12.176
0,-0.18,0,19.599,12.016
0.01,-0.18,0,19.6783,11.84
0.02,-0.18,0,20.1483,11.664
0.03,-0.18,0,19.1778,11.52
0.04,-0.18,0,19.7882,11.328
0.05,-0.18,0,18.8116,11.184
0.06,-0.18,0,19.4586,10.976
0.07,-0.18,0,18.9581,10.848
0.08,-0.18,0,18.5736,10.672
0.09,-0.18,0,18.2134,10.496
0.1,-0.18,0,18.4393,10.336
0.11,-0.18,0,18.6956,10.16
0.12,-0.18,0,18.1585,9.968
0.13,-0.18,0,17.9144,9.776
0.14,-0.18,0,18.3538,9.6
0.15,-0.18,0,18.0364,9.472
0.16,-0.18,0,18.1158,9.376
0.17,-0.18,0,17.1636,9.104
0.18,-0.18,0,16.9134,8.976
0.19,-0.18,0,16.9988,8.912
0.2,-0.18,0,17.5787,8.624
0.21,-0.18,0,17.5298,8.432
0.22,-0.18,0,17.4871,8.32
0.23,-0.18,0,16.7486,8.096
0.24,-0.18,0,16.5349,7.952
0.25,-0.18,0,16.01,7.776
0.26,-0.18,0,17.011,7.584
0.27,-0.18,0,15.7353,7.472
0.28,-0.18,0,15.4424,7.36
0.29,-0.18,0,15.7414,7.2
0.3,-0.18,0,16.1992,6.912
0.31,-0.18,0,14.2033,6.736
0.32,-0.18,0,14.6123,6.56
0.33,-0.18,0,14.3803,6.368
0.34,-0.18,0,14.4169,6.32
0.35,-0.18,0,14.2155,6.08
0.36,-0.18,0,13.6784,5.92
0.37,-0.18,0,13.9164,5.824
0.38,-0.18,0,12.6041,5.536
0.39,-0.18,0,13.3,5.44
0.4,-0.18,0,13.4037,5.248
0.41,-0.18,0,11.2918,5.056
0.42,-0.18,0,11.4505,4.976
0.43,-0.18,0,10.6632,4.72
0.44,-0.18,0,10.6937,4.576
0.45,-0.18,0,9.9002,4.416
0.46,-0.18,0,9.28983,4.24
0.47,-0.18,0,8.77712,4.064
0.48,-0.18,0,8.28272,3.952
0.49,-0.18,0,8.31324,3.728
0.5,-0.18,0,7.53197,3.584
0.51,-0.18,0,6.77511,3.184
0.52,-0.18,0,6.87277,3.088
0.53,-0.18,0,6.23188,2.864
0.54,-0.18,0,5.68865,6.144
0.55,-0.18,0,5.01114,6.064
0.56,-0.18,0,4.16272,5.616
0.57,-0.18,0,4.22376,2.24
0.58,-0.18,0,4.10169,2.512
0.59,-0.18,0,4.48622,39.888
0.6,-0.18,0,5.55437,24.832
0.61,-0.18,0,4.62661,12.928
0.62,-0.18,0,4.81582,25.824
0.63,-0.18,0,4.1261,18.384
0.64,-0.18,0,4.70595,1.696
0.64,-0.17,0,6.50655,1.584
0.63,-0.17,0,5.67034,1.68
0.62,-0.17,0,4.79751,18.784
0.61,-0.17,0,4.66933,33.952
0.6,-0.17,0,4.02844,25.504
0.59,-0.17,0,4.33973,2.368
0.58,-0.17,0,4.92569,4.592
0.57,-0.17,0,5.6093,5.424
0.56,-0.17,0,6.57979,5.872
0.55,-0.17,0,6.70186,2.592
0.54,-0.17,0,7.21458,2.96
0.53,-0.17,0,7.97143,3.088
0.52,-0.17,0,8.60012,3.088
0.51,-0.17,0,9.76592,3.424
0.5,-0.17,0,9.83306,3.632
0.49,-0.17,0,10.6265,3.76
0.48,-0.17,0,11.2796,3.92
0.47,-0.17,0,11.8412,4.128
0.46,-0.17,0,11.89,4.304
0.45,-0.17,0,12.8727,4.416
0.44,-0.17,0,13.1779,4.576
0.43,-0.17,0,14.3803,4.784
0.42,-0.17,0,14.9724,4.944
0.41,-0.17,0,14.832,5.136
0.4,-0.17,0,15.8147,5.248
0.39,-0.17,0,15.3996,5.488
0.38,-0.17,0,15.7292,5.616
0.37,-0.17,0,15.8391,5.76
0.36,-0.17,0,17.2308,5.968
0.35,-0.17,0,17.7984,6.112
0.34,-0.17,0,17.42,6.304
0.33,-0.17,0,16.7852,6.464
0.32,-0.17,0,17.2613,6.624
0.31,-0.17,0,17.6946,6.816
0.3,-0.17,0,17.9144,7.008
0.29,-0.17,0,18.2867,7.152
0.28,-0.17,0,18.5492,7.344
0.27,-0.17,0,18.2989,7.424
0.26,-0.17,0,18.6041,7.616
0.25,-0.17,0,20.0751,7.824
0.24,-0.17,0,18.9947,8.016
0.23,-0.17,0,19.3304,8.208
0.22,-0.17,0,19.1473,8.336
0.21,-0.17,0,20.5634,8.48
0.2,-0.17,0,19.3793,8.688
0.19,-0.17,0,19.7943,8.848
0.18,-0.17,0,20.1239,9.04
0.17,-0.17,0,19.3121,9.152
0.16,-0.17,0,19.6722,9.344
0.15,-0.17,0,20.6061,9.552
0.14,-0.17,0,20.4169,9.68
0.13,-0.17,0,21.308,9.872
0.12,-0.17,0,21.1676,10.032
0.11,-0.17,0,20.8014,10.144
0.1,-0.17,0,20.9113,10.4
0.09,-0.17,0,21.0883,10.592
0.08,-0.17,0,21.2958,10.736
0.07,-0.17,0,21.015,10.88
0.06,-0.17,0,20.8014,11.008
0.05,-0.17,0,20.8319,11.248
0.04,-0.17,0,21.2348,11.424
0.03,-0.17,0,21.1921,11.616
0.02,-0.17,0,21.6987,11.744
0.01,-0.17,0,21.7658,11.936
0,-0.17,0,21.1493,12.08
-0.01,-0.17,0,21.955,12.256
-0.02,-0.17,0,21.4728,12.416
-0.03,-0.17,0,22.0222,12.544
-0.04,-0.17,0,21.5033,12.736
-0.05,-0.17,0,22.4189,12.928
-0.06,-0.17,0,20.3681,13.024
-0.07,-0.17,0,22.2175,13.296
-0.08,-0.17,0,21.6987,13.424
-0.09,-0.17,0,22.0588,13.616
-0.1,-0.17,0,21.6681,13.792
-0.11,-0.17,0,21.5033,13.952
-0.12,-0.17,0,21.5644,14.144
-0.13,-0.17,0,23.31,14.304
-0.14,-0.17,0,21.5949,14.4
-0.15,-0.17,0,21.8757,14.656
-0.16,-0.17,0,22.4067,14.816
-0.17,-0.17,0,22.1931,14.96
-0.18,-0.17,0,22.6325,15.136
-0.19,-0.17,0,23.0659,15.312
-0.2,-0.17,0,21.8451,15.472
-0.21,-0.17,0,22.8217,15.632
-0.22,-0.17,0,21.8574,15.84
-0.23,-0.17,0,22.0588,16
-0.24,-0.17,0,23.5176,16.16
-0.25,-0.17,0,21.9733,16.32
-0.26,-0.17,0,22.1198,16.512
-0.27,-0.17,0,22.6875,16.672
-0.28,-0.17,0,21.7048,16.848
-0.29,-0.17,0,22.2846,17.056
-0.3,-0.17,0,22.6569,17.2
-0.31,-0.17,0,23.133,17.408
-0.32,-0.17,0,22.3334,17.536
-0.33,-0.17,0,23.2429,17.712
-0.34,-0.17,0,22.3579,17.888
-0.35,-0.17,0,22.895,18.048
-0.36,-0.17,0,22.5898,18.224
-0.37,-0.17,0,22.5593,18.384
-0.38,-0.17,0,23.9509,18.56
-0.39,-0.17,0,22.9926,18.752
-0.4,-0.17,0,23.7739,18.912
-0.41,-0.17,0,22.6569,19.072
-0.42,-0.17,0,23.6396,19.248
-0.43,-0.17,0,23.31,19.36
-0.44,-0.17,0,22.2968,19.616
-0.45,-0.17,0,23.3406,19.744
-0.46,-0.17,0,23.1635,19.872
-0.47,-0.17,0,23.5054,20.08
-0.48,-0.17,0,23.6824,20.256
-0.49,-0.17,0,23.6152,20.4
-0.5,-0.17,0,22.6569,20.608
-0.51,-0.17,0,23.5054,20.816
-0.52,-0.17,0,23.7007,20.96
-0.53,-0.17,0,23.5054,21.12
-0.54,-0.17,0,23.7861,21.296
-0.55,-0.17,0,24.1401,21.456
-0.56,-0.17,0,22.4006,21.584
-0.57,-0.17,0,23.2002,21.776
-0.58,-0.17,0,23.487,21.984
-0.59,-0.17,0,24.25,22.064
-0.6,-0.17,0,22.5898,22.352
-0.61,-0.17,0,23.5542,22.512
-0.62,-0.17,0,23.4809,22.672
-0.63,-0.17,0,23.1086,22.832
-0.64,-0.17,0,22.5471,22.976
-0.65,-0.17,0,23.6579,23.168
-0.66,-0.17,0,22.8706,23.328
-0.67,-0.17,0,23.5847,23.504
-0.68,-0.17,0,22.5898,23.712
-0.69,-0.17,0,23.6763,23.872
-0.7,-0.17,0,24.1157,23.968
-0.71,-0.17,0,23.3711,24.192
-0.72,-0.17,0,23.4565,24.368
-0.73,-0.17,0,22.9316,24.528
-0.74,-0.17,0,22.3762,24.736
-0.75,-0.17,0,23.011,24.864
-0.76,-0.17,0,23.4321,24.992
-0.77,-0.17,0,23.1635,25.216
-0.78,-0.17,0,23.4993,25.408
-0.79,-0.17,0,23.31,25.568
-0.8,-0.17,0,23.1941,25.728
-0.81,-0.17,0,23.4809,25.92
-0.82,-0.17,0,23.1697,26.096
-0.83,-0.17,0,23.6213,26.208
-0.84,-0.17,0,23.1697,26.432
-0.85,-0.17,0,23.2368,26.576
-0.86,-0.17,0,23.3894,26.736
-0.87,-0.17,0,23.0171,26.944
-0.88,-0.17,0,23.2917,27.088
-0.89,-0.17,0,23.6885,27.296
-0.9,-0.17,0,23.1208,27.424
-0.91,-0.17,0,22.6936,27.568
-0.92,-0.17,0,23.2124,27.76
-0.93,-0.17,0,23.2856,27.92
-0.94,-0.17,0,23.2307,28.16
-0.95,-0.17,0,23.7251,28.288
-0.96,-0.17,0,23.8411,28.464
-0.97,-0.17,0,22.8095,28.608
-0.98,-0.17,0,23.2978,28.832
-0.99,-0.17,0,22.9438,28.992
-1,-0.17,0,23.4504,29.088
-1.01,-0.17,0,22.7424,29.36
-1.02,-0.17,0,23.603,29.488
-1.03,-0.17,0,23.5359,29.68
-1.04,-0.17,0,23.8105,29.824
-1.05,-0.17,0,23.5603,30.016
-1.06,-0.17,0,23.7617,30.128
-1.07,-0.17,0,22.9194,30.368
-1.08,-0.17,0,22.8828,30.496
-1.09,-0.17,0,23.1208,30.688
-1.1,-0.17,0,23.3955,30.864
-1.11,-0.17,0,23.7678,31.056
-1.12,-0.17,0,23.5481,31.2
-1.13,-0.17,0,23.2429,31.392
-1.14,-0.17,0,23.5542,31.488
-1.15,-0.17,0,23.957,31.696
-1.16,-0.17,0,23.1697,31.872
-1.17,-0.17,0,23.0476,32.032
-1.18,-0.17,0,23.6396,32.24
-1.19,-0.17,0,23.7007,32.4
-1.2,-0.17,0,22.8889,32.592
-1.21,-0.17,0,23.6091,32.752
-1.22,-0.17,0,23.2673,32.944
-1.23,-0.17,0,23.5237,33.12
-1.24,-0.17,0,22.8523,33.296
-1.25,-0.17,0,23.7983,33.424
-1.26,-0.17,0,22.6753,33.616
-1.27,-0.17,0,23.6274,33.792
-1.28,-0.17,0,23.6091,33.936
-1.29,-0.17,0,24.3843,34.08
-1.3,-0.17,0,23.719,34.304
-1.31,-0.17,0,23.487,34.464
-1.32,-0.17,0,24.073,34.624
-1.33,-0.17,0,23.78,34.736
-1.34,-0.17,0,23.6396,34.992
-1.35,-0.17,0,23.5725,35.152
-1.36,-0.17,0,23.8227,35.344
-1.37,-0.17,0,23.5725,35.504
-1.38,-0.17,0,23.9265,35.616
-1.39,-0.17,0,24.5918,35.824
-1.4,-0.17,0,23.1086,36.016
-1.41,-0.17,0,23.7983,36.16
-1.42,-0.17,0,24.1829,36.368
-1.43,-0.17,0,23.9265,36.544
-1.44,-0.17,0,23.1391,36.656
-1.45,-0.17,0,23.3955,36.864
-1.46,-0.17,0,23.2368,37.024
-1.47,-0.17,0,24.8848,37.216
-1.48,-0.17,0,23.896,37.408
-1.49,-0.17,0,24.4392,37.552
-1.5,-0.17,0,24.4026,37.712
-1.51,-0.17,0,24.2561,37.888
-1.52,-0.17,0,24.4636,38.08
-1.53,-0.17,0,23.9509,38.224
-1.54,-0.17,0,25.1228,38.416
-1.55,-0.17,0,24.4026,38.56
-1.56,-0.17,0,25.0557,38.768
-1.57,-0.17,0,24.3538,38.848
-1.58,-0.17,0,23.8594,39.088
-1.59,-0.17,0,25.19,39.264
-1.6,-0.17,0,25.1839,39.44
-1.61,-0.17,0,25.1961,39.6
-1.62,-0.17,0,25.5562,39.776
-1.63,-0.17,0,24.2805,39.952
-1.64,-0.17,0,25.4097,40.112
-1.65,-0.17,0,24.5491,40.288
-1.66,-0.17,0,24.8421,40.448
-1.67,-0.17,0,25.5013,40.624
-1.68,-0.17,0,24.6406,40.768
-1.69,-0.17,0,25.0313,40.928
-1.7,-0.17,0,25.5501,41.12
-1.71,-0.17,0,24.8482,41.328
-1.72,-0.17,0,24.0059,41.488
-1.73,-0.17,0,24.5003,41.664
-1.74,-0.17,0,24.72,41.776
-1.75,-0.17,0,24.5552,41.984
-1.76,-0.17,0,25.4219,42.128
-1.77,-0.17,0,25.3182,42.32
-1.78,-0.17,0,25.7149,42.496
-1.79,-0.17,0,24.4575,42.688
-1.8,-0.17,0,24.6284,42.864
-1.81,-0.17,0,25.9468,43.024
-1.82,-0.17,0,25.6294,43.2
-1.83,-0.17,0,25.0557,43.36
-1.84,-0.17,0,25.0191,43.552
-1.85,-0.17,0,26.2215,43.632
-1.86,-0.17,0,25.6294,43.824
-1.87,-0.17,0,25.5928,44.064
-1.88,-0.17,0,26.4168,44.224
-1.89,-0.17,0,25.5379,44.4
-1.9,-0.17,0,25.6417,44.544
-1.91,-0.17,0,26.5755,44.752
-1.92,-0.17,0,25.1411,44.88
-1.93,-0.17,0,25.8431,45.024
-1.94,-0.17,0,25.4707,45.264
-1.95,-0.17,0,26.307,45.408
-1.96,-0.17,0,26.0201,45.52
-1.97,-0.17,0,25.5379,45.744
-1.98,-0.17,0,25.9651,45.92
-1.99,-0.17,0,25.8858,46.08
-2,-0.17,0,25.959,46.208
-2,-0.16,0,28.9499,46.224
-1.99,-0.16,0,29.017,46.096
-1.98,-0.16,0,28.4005,45.904
-1.97,-0.16,0,27.8207,45.76
-1.96,-0.16,0,27.6986,45.504
-1.95,-0.16,0,28.8827,45.424
-1.94,-0.16,0,27.8146,45.232
-1.93,-0.16,0,29.548,45.04
-1.92,-0.16,0,28.4738,44.848
-1.91,-0.16,0,27.8939,44.704
-1.9,-0.16,0,27.0089,44.592
-1.89,-0.16,0,27.8695,44.416
-1.88,-0.16,0,27.3934,44.176
-1.87,-0.16,0,27.8695,44.032
-1.86,-0.16,0,28.1014,43.872
-1.85,-0.16,0,27.5155,43.664
-1.84,-0.16,0,27.1371,43.488
-1.83,-0.16,0,28.6264,43.344
-1.82,-0.16,0,27.9916,43.136
-1.81,-0.16,0,28.1564,42.976
-1.8,-0.16,0,27.3385,42.8
-1.79,-0.16,0,28.0587,42.704
-1.78,-0.16,0,28.1198,42.448
-1.77,-0.16,0,27.5033,42.304
-1.76,-0.16,0,27.1615,42.128
-1.75,-0.16,0,28.0892,41.968
-1.74,-0.16,0,27.3385,41.84
-1.73,-0.16,0,27.7841,41.616
-1.72,-0.16,0,26.8258,41.424
-1.71,-0.16,0,26.9723,41.28
-1.7,-0.16,0,27.6315,41.088
-1.69,-0.16,0,28.1991,41.024
-1.68,-0.16,0,27.2408,40.768
-1.67,-0.16,0,28.1991,40.592
-1.66,-0.16,0,26.6732,40.416
-1.65,-0.16,0,26.5755,40.224
-1.64,-0.16,0,27.5887,40.08
-1.63,-0.16,0,26.5633,39.888
-1.62,-0.16,0,27.723,39.728
-1.61,-0.16,0,27.4728,39.552
-1.6,-0.16,0,27.7352,39.456
-1.59,-0.16,0,26.8868,39.2
-1.58,-0.16,0,27.9244,39.04
-1.57,-0.16,0,26.4473,38.88
-1.56,-0.16,0,26.722,38.688
-1.55,-0.16,0,27.5948,38.544
-1.54,-0.16,0,27.7779,38.368
-1.53,-0.16,0,26.3192,38.192
-1.52,-0.16,0,27.1249,38.048
-1.51,-0.16,0,27.5948,37.92
-1.5,-0.16,0,26.307,37.696
-1.49,-0.16,0,27.4911,37.52
-1.48,-0.16,0,27.5582,37.328
-1.47,-0.16,0,26.9784,37.12
-1.46,-0.16,0,27.485,37.008
-1.45,-0.16,0,26.6366,36.8
-1.44,-0.16,0,27.4117,36.704
-1.43,-0.16,0,26.5084,36.448
-1.42,-0.16,0,26.6366,36.304
-1.41,-0.16,0,26.2276,36.192
-1.4,-0.16,0,26.4962,35.968
-1.39,-0.16,0,26.3741,35.792
-1.38,-0.16,0,26.2642,35.68
-1.37,-0.16,0,26.3558,35.488
-1.36,-0.16,0,26.3741,35.328
-1.35,-0.16,0,27.192,35.104
-1.34,-0.16,0,26.9051,34.912
-1.33,-0.16,0,26.1177,34.768
-1.32,-0.16,0,25.3975,34.576
-1.31,-0.16,0,25.66,34.432
-1.3,-0.16,0,25.5196,34.272
-1.29,-0.16,0,25.9285,34.08
-1.28,-0.16,0,26.2703,33.904
-1.27,-0.16,0,24.8787,33.728
-1.26,-0.16,0,26.0506,33.536
-1.25,-0.16,0,25.5745,33.504
-1.24,-0.16,0,25.2998,33.28
-1.23,-0.16,0,25.7088,33.008
-1.22,-0.16,0,25.5806,32.896
-1.21,-0.16,0,25.4952,32.688
-1.2,-0.16,0,25.7454,32.544
-1.19,-0.16,0,26.3375,32.384
-1.18,-0.16,0,25.2571,32.176
-1.17,-0.16,0,24.897,32.048
-1.16,-0.16,0,25.5745,31.84
-1.15,-0.16,0,24.9336,31.68
-1.14,-0.16,0,25.1289,31.52
-1.13,-0.16,0,25.9224,31.44
-1.12,-0.16,0,25.3548,31.184
-1.11,-0.16,0,26.7953,30.992
-1.1,-0.16,0,25.2571,30.832
-1.09,-0.16,0,26.368,30.64
-1.08,-0.16,0,25.2693,30.544
-1.07,-0.16,0,25.2632,30.304
-1.06,-0.16,0,25.0252,30.144
-1.05,-0.16,0,26.307,29.952
-1.04,-0.16,0,24.5369,29.776
-1.03,-0.16,0,26.2276,29.632
-1.02,-0.16,0,25.1289,29.424
-1.01,-0.16,0,25.0862,29.264
-1,-0.16,0,25.7454,29.088
-0.99,-0.16,0,26.0933,29.024
-0.98,-0.16,0,23.9814,28.784
-0.97,-0.16,0,25.9224,28.592
-0.96,-0.16,0,26.4351,28.4
-0.95,-0.16,0,26.0201,28.24
-0.94,-0.16,0,26.4595,28.08
-0.93,-0.16,0,25.4219,27.904
-0.92,-0.16,0,25.0984,27.728
-0.91,-0.16,0,25.3731,27.552
-0.9,-0.16,0,24.6284,27.392
-0.89,-0.16,0,25.721,27.216
-0.88,-0.16,0,25.7454,27.056
-0.87,-0.16,0,24.9825,26.88
-0.86,-0.16,0,24.9153,26.688
-0.85,-0.16,0,24.72,26.512
-0.84,-0.16,0,25.3304,26.368
-0.83,-0.16,0,25.0008,26.208
-0.82,-0.16,0,25.6661,26.112
-0.81,-0.16,0,25.7332,25.856
-0.8,-0.16,0,25.9529,25.68
-0.79,-0.16,0,26.0872,25.568
-0.78,-0.16,0,25.251,25.328
-0.77,-0.16,0,27.3141,25.168
-0.76,-0.16,0,24.8421,25.008
-0.75,-0.16,0,25.9835,24.8
-0.74,-0.16,0,25.9774,24.656
-0.73,-0.16,0,25.7332,24.48
-0.72,-0.16,0,25.5074,24.32
-0.71,-0.16,0,25.9285,24.128
-0.7,-0.16,0,24.9886,23.968
-0.69,-0.16,0,25.8492,23.792
-0.68,-0.16,0,26.5938,23.68
-0.67,-0.16,0,25.8065,23.472
-0.66,-0.16,0,25.8553,23.296
-0.65,-0.16,0,25.8614,23.2
-0.64,-0.16,0,25.8553,22.944
-0.63,-0.16,0,26.252,22.768
-0.62,-0.16,0,26.5145,22.608
-0.61,-0.16,0,25.4341,22.432
-0.6,-0.16,0,26.4412,22.336
-0.59,-0.16,0,26.2581,22.128
-0.58,-0.16,0,26.4534,21.904
-0.57,-0.16,0,25.2937,21.76
-0.56,-0.16,0,25.7637,21.648
-0.55,-0.16,0,26.6793,21.408
-0.54,-0.16,0,26.0384,21.232
-0.53,-0.16,0,25.8431,21.184
-0.52,-0.16,0,25.3182,20.944
-0.51,-0.16,0,25.8126,20.736
-0.5,-0.16,0,25.0191,20.56
-0.49,-0.16,0,25.4891,20.4
-0.48,-0.16,0,25.7515,20.192
-0.47,-0.16,0,25.2815,20.032
-0.46,-0.16,0,25.7637,19.872
-0.45,-0.16,0,25.7271,19.696
-0.44,-0.16,0,25.6844,19.52
-0.43,-0.16,0,26.191,19.392
-0.42,-0.16,0,25.8309,19.184
-0.41,-0.16,0,25.2571,19.072
-0.4,-0.16,0,25.6966,18.816
-0.39,-0.16,0,25.2632,18.656
-0.38,-0.16,0,24.897,18.512
-0.37,-0.16,0,25.6294,18.352
-0.36,-0.16,0,25.367,18.208
-0.35,-0.16,0,26.2398,17.952
-0.34,-0.16,0,25.5562,17.808
-0.33,-0.16,0,25.5562,17.664
-0.32,-0.16,0,25.7637,17.44
-0.31,-0.16,0,24.7505,17.376
-0.3,-0.16,0,25.6661,17.12
-0.29,-0.16,0,25.2388,16.944
-0.28,-0.16,0,25.9102,16.88
-0.27,-0.16,0,25.4524,16.672
-0.26,-0.16,0,25.5196,16.416
-0.25,-0.16,0,25.9102,16.256
-0.24,-0.16,0,25.6478,16.08
-0.23,-0.16,0,24.8787,15.936
-0.22,-0.16,0,26.0201,15.856
-0.21,-0.16,0,24.6834,15.568
-0.2,-0.16,0,24.3904,15.408
-0.19,-0.16,0,25.0496,15.248
-0.18,-0.16,0,24.6956,15.056
-0.17,-0.16,0,25.1839,14.88
-0.16,-0.16,0,24.9519,14.72
-0.15,-0.16,0,24.6956,14.64
-0.14,-0.16,0,24.7749,14.384
-0.13,-0.16,0,25.2388,14.208
-0.12,-0.16,0,24.427,14.048
-0.11,-0.16,0,24.8726,13.92
-0.1,-0.16,0,24.4148,13.68
-0.09,-0.16,0,24.9641,13.52
-0.08,-0.16,0,25.2266,13.344
-0.07,-0.16,0,23.6641,13.216
-0.06,-0.16,0,24.2683,13.008
-0.05,-0.16,0,23.8655,12.864
-0.04,-0.16,0,24.5125,12.768
-0.03,-0.16,0,25.1228,12.48
-0.02,-0.16,0,23.5786,12.368
-0.01,-0.16,0,25.4769,12.144
0,-0.16,0,24.2012,11.984
0.01,-0.16,0,23.9387,11.936
0.02,-0.16,0,25.135,11.664
0.03,-0.16,0,24.189,11.504
0.04,-0.16,0,23.8472,11.28
0.05,-0.16,0,23.8227,11.104
0.06,-0.16,0,23.6396,10.96
0.07,-0.16,0,23.9875,10.768
0.08,-0.16,0,23.5176,10.624
0.09,-0.16,0,23.8166,10.496
0.1,-0.16,0,24.0181,10.4
0.11,-0.16,0,23.7922,10.096
0.12,-0.16,0,23.2368,9.952
0.13,-0.16,0,23.6579,9.76
0.14,-0.16,0,23.2368,9.648
0.15,-0.16,0,23.5664,9.44
0.16,-0.16,0,22.5898,9.264
0.17,-0.16,0,23.0781,9.232
0.18,-0.16,0,23.0781,8.96
0.19,-0.16,0,23.1635,8.72
0.2,-0.16,0,23.2368,8.592
0.21,-0.16,0,23.3955,8.384
0.22,-0.16,0,22.4372,8.192
0.23,-0.16,0,21.9855,8.064
0.24,-0.16,0,22.4738,7.952
0.25,-0.16,0,22.0771,7.696
0.26,-0.16,0,22.0832,7.552
0.27,-0.16,0,21.9062,7.344
0.28,-0.16,0,21.6987,7.184
0.29,-0.16,0,21.5888,7.04
0.3,-0.16,0,20.2521,6.88
0.31,-0.16,0,21.7048,6.784
0.32,-0.16,0,21.1982,6.528
0.33,-0.16,0,20.5573,6.368
0.34,-0.16,0,21.1798,6.208
0.35,-0.16,0,20.4901,6.016
0.36,-0.16,0,20.2155,5.84
0.37,-0.16,0,20.1544,5.68
0.38,-0.16,0,19.8614,5.632
0.39,-0.16,0,19.5624,5.328
0.4,-0.16,0,19.306,5.152
0.41,-0.16,0,18.0853,5.04
0.42,-0.16,0,17.9754,4.864
0.43,-0.16,0,18.4332,4.656
0.44,-0.16,0,17.2185,4.48
0.45,-0.16,0,16.8462,4.336
0.46,-0.16,0,16.6936,4.16
0.47,-0.16,0,15.0029,4
0.48,-0.16,0,14.7221,3.84
0.49,-0.16,0,15.1006,3.648
0.5,-0.16,0,14.5817,3.584
0.51,-0.16,0,13.892,3.328
0.52,-0.16,0,12.122,3.12
0.53,-0.16,0,12.1647,2.992
0.54,-0.16,0,10.5472,2.848
0.55,-0.16,0,10.126,6.288
0.56,-0.16,0,8.47804,2.272
0.57,-0.16,0,7.70898,8.176
0.58,-0.16,0,7.35496,4.48
0.59,-0.16,0,5.84735,1.792
0.6,-0.16,0,5.24918,3.456
0.61,-0.16,0,4.33973,4.8
0.62,-0.16,0,6.19526,2.448
0.63,-0.16,0,6.7629,2
0.64,-0.16,0,7.79443,1.408
0.64,-0.15,0,5.74969,1.328
0.63,-0.15,0,4.76699,1.648
0.62,-0.15,0,6.25019,23.952
0.61,-0.15,0,7.40989,1.712
0.6,-0.15,0,8.75271,3.712
0.59,-0.15,0,10.5472,2.048
0.58,-0.15,0,11.6886,2.176
0.57,-0.15,0,12.6652,2.336
0.56,-0.15,0,14.9602,2.528
0.55,-0.15,0,16.0772,2.704
0.54,-0.15,0,16.8645,2.864
0.53,-0.15,0,15.9429,2.976
0.52,-0.15,0,17.5237,3.2
0.51,-0.15,0,18.1097,3.392
0.5,-0.15,0,18.714,3.536
0.49,-0.15,0,19.6661,3.76
0.48,-0.15,0,19.6295,3.792
0.47,-0.15,0,20.0934,4
0.46,-0.15,0,21.0395,4.224
0.45,-0.15,0,22.7668,4.4
0.44,-0.15,0,22.4311,4.544
0.43,-0.15,0,22.4799,4.704
0.42,-0.15,0,22.9194,4.864
0.41,-0.15,0,22.364,5.04
0.4,-0.15,0,23.9814,5.248
0.39,-0.15,0,23.4809,5.408
0.38,-0.15,0,23.1574,5.488
0.37,-0.15,0,23.8655,5.76
0.36,-0.15,0,23.5969,5.856
0.35,-0.15,0,24.6895,6.064
0.34,-0.15,0,25.2998,6.24
0.33,-0.15,0,24.5186,6.432
0.32,-0.15,0,26.1605,6.592
0.31,-0.15,0,25.4524,6.784
0.3,-0.15,0,25.9346,6.896
0.29,-0.15,0,25.3487,7.104
0.28,-0.15,0,25.6661,7.312
0.27,-0.15,0,26.429,7.44
0.26,-0.15,0,25.8614,7.616
0.25,-0.15,0,26.6793,7.792
0.24,-0.15,0,26.1849,7.968
0.23,-0.15,0,25.8309,8.032
0.22,-0.15,0,26.6366,8.336
0.21,-0.15,0,26.4718,8.464
0.2,-0.15,0,26.1299,8.576
0.19,-0.15,0,26.4412,8.816
0.18,-0.15,0,26.6671,8.976
0.17,-0.15,0,26.4779,9.088
0.16,-0.15,0,26.7037,9.264
0.15,-0.15,0,26.6488,9.504
0.14,-0.15,0,26.9112,9.648
0.13,-0.15,0,25.9224,9.84
0.12,-0.15,0,26.7953,10
0.11,-0.15,0,27.1004,10.176
0.1,-0.15,0,27.131,10.272
0.09,-0.15,0,27.1859,10.464
0.08,-0.15,0,27.1981,10.688
0.07,-0.15,0,27.1981,10.88
0.06,-0.15,0,27.3995,11.072
0.05,-0.15,0,26.7647,11.216
0.04,-0.15,0,26.5084,11.36
0.03,-0.15,0,26.5572,11.536
0.02,-0.15,0,26.5328,11.68
0.01,-0.15,0,27.4422,11.856
0,-0.15,0,27.2347,11.984
-0.01,-0.15,0,27.1676,12.256
-0.02,-0.15,0,28.016,12.432
-0.03,-0.15,0,26.429,12.544
-0.04,-0.15,0,26.9112,12.752
-0.05,-0.15,0,27.2897,12.832
-0.06,-0.15,0,26.5389,13.072
-0.07,-0.15,0,27.3019,13.216
-0.08,-0.15,0,27.4483,13.392
-0.09,-0.15,0,28.1808,13.584
-0.1,-0.15,0,26.8319,13.744
-0.11,-0.15,0,27.2774,13.936
-0.12,-0.15,0,28.3151,14.112
-0.13,-0.15,0,27.955,14.288
-0.14,-0.15,0,27.5887,14.448
-0.15,-0.15,0,27.3385,14.576
-0.16,-0.15,0,27.3019,14.768
-0.17,-0.15,0,26.5694,14.928
-0.18,-0.15,0,27.7718,15.136
-0.19,-0.15,0,27.8024,15.296
-0.2,-0.15,0,27.7718,15.472
-0.21,-0.15,0,28.1686,15.6
-0.22,-0.15,0,27.5704,15.76
-0.23,-0.15,0,27.8695,15.952
-0.24,-0.15,0,27.9305,16.144
-0.25,-0.15,0,28.4005,16.288
-0.26,-0.15,0,28.4738,16.512
-0.27,-0.15,0,28.0953,16.688
-0.28,-0.15,0,28.6264,16.848
-0.29,-0.15,0,28.3456,17.024
-0.3,-0.15,0,28.37,17.184
-0.31,-0.15,0,28.0709,17.344
-0.32,-0.15,0,27.9672,17.52
-0.33,-0.15,0,29.1635,17.664
-0.34,-0.15,0,28.1198,17.856
-0.35,-0.15,0,28.4982,18.016
-0.36,-0.15,0,27.9977,18.208
-0.37,-0.15,0,28.0831,18.384
-0.38,-0.15,0,28.5104,18.544
-0.39,-0.15,0,29.3222,18.72
-0.4,-0.15,0,28.1564,18.88
-0.41,-0.15,0,28.3151,19.072
-0.42,-0.15,0,28.6874,19.248
-0.43,-0.15,0,27.9183,19.392
-0.44,-0.15,0,28.7118,19.552
-0.45,-0.15,0,28.3944,19.728
-0.46,-0.15,0,27.4483,19.92
-0.47,-0.15,0,28.309,20.08
-0.48,-0.15,0,29.1818,20.24
-0.49,-0.15,0,27.7413,20.416
-0.5,-0.15,0,28.3517,20.544
-0.51,-0.15,0,27.0577,20.768
-0.52,-0.15,0,28.3761,20.96
-0.53,-0.15,0,27.4911,21.104
-0.54,-0.15,0,28.8522,21.264
-0.55,-0.15,0,28.2968,21.44
-0.56,-0.15,0,27.2225,21.616
-0.57,-0.15,0,27.8451,21.776
-0.58,-0.15,0,26.8441,21.936
-0.59,-0.15,0,27.6254,22.08
-0.6,-0.15,0,28.1442,22.304
-0.61,-0.15,0,27.8512,22.48
-0.62,-0.15,0,29.3039,22.656
-0.63,-0.15,0,27.5582,22.848
-0.64,-0.15,0,28.2174,22.928
-0.65,-0.15,0,27.3263,23.168
-0.66,-0.15,0,26.9906,23.328
-0.67,-0.15,0,28.2418,23.44
-0.68,-0.15,0,27.4545,23.664
-0.69,-0.15,0,27.0455,23.84
-0.7,-0.15,0,28.3639,23.952
-0.71,-0.15,0,27.3568,24.176
-0.72,-0.15,0,27.0272,24.352
-0.73,-0.15,0,27.9489,24.496
-0.74,-0.15,0,26.6976,24.704
-0.75,-0.15,0,27.6376,24.816
-0.76,-0.15,0,27.4728,25.056
-0.77,-0.15,0,27.4178,25.216
-0.78,-0.15,0,27.9794,25.392
-0.79,-0.15,0,27.308,25.568
-0.8,-0.15,0,27.1065,25.728
-0.81,-0.15,0,27.076,25.856
-0.82,-0.15,0,26.7708,26.08
-0.83,-0.15,0,28.3395,26.192
-0.84,-0.15,0,27.0699,26.416
-0.85,-0.15,0,26.7953,26.576
-0.86,-0.15,0,27.7352,26.752
-0.87,-0.15,0,28.1564,26.928
-0.88,-0.15,0,28.9315,27.088
-0.89,-0.15,0,27.662,27.264
-0.9,-0.15,0,28.2174,27.44
-0.91,-0.15,0,27.9672,27.616
-0.92,-0.15,0,27.0821,27.776
-0.93,-0.15,0,26.8075,27.952
-0.94,-0.15,0,26.9967,28.144
-0.95,-0.15,0,26.6121,28.32
-0.96,-0.15,0,27.8024,28.416
-0.97,-0.15,0,26.8441,28.624
-0.98,-0.15,0,27.9,28.816
-0.99,-0.15,0,27.8878,28.944
-1,-0.15,0,27.4117,29.088
-1.01,-0.15,0,27.3568,29.296
-1.02,-0.15,0,27.4789,29.488
-1.03,-0.15,0,26.9906,29.664
-1.04,-0.15,0,27.43,29.856
-1.05,-0.15,0,26.722,29.984
-1.06,-0.15,0,28.4433,30.112
-1.07,-0.15,0,28.7606,30.368
-1.08,-0.15,0,27.9122,30.528
-1.09,-0.15,0,27.7902,30.688
-1.1,-0.15,0,27.3507,30.864
-1.11,-0.15,0,27.253,31.04
-1.12,-0.15,0,27.2835,31.216
-1.13,-0.15,0,27.1371,31.376
-1.14,-0.15,0,28.7057,31.552
-1.15,-0.15,0,27.3202,31.728
-1.16,-0.15,0,29.7311,31.904
-1.17,-0.15,0,27.4361,32.016
-1.18,-0.15,0,27.4422,32.192
-1.19,-0.15,0,27.9733,32.4
-1.2,-0.15,0,27.6254,32.592
-1.21,-0.15,0,27.7657,32.72
-1.22,-0.15,0,28.5836,32.912
-1.23,-0.15,0,27.6009,33.072
-1.24,-0.15,0,28.6447,33.248
-1.25,-0.15,0,28.6386,33.44
-1.26,-0.15,0,29.371,33.6
-1.27,-0.15,0,28.2846,33.712
-1.28,-0.15,0,28.8827,33.936
-1.29,-0.15,0,28.7057,34.112
-1.3,-0.15,0,28.7606,34.272
-1.31,-0.15,0,28.4249,34.464
-1.32,-0.15,0,28.3517,34.64
-1.33,-0.15,0,29.6091,34.816
-1.34,-0.15,0,28.0099,34.944
-1.35,-0.15,0,27.7657,35.104
-1.36,-0.15,0,28.7362,35.296
-1.37,-0.15,0,27.8634,35.472
-1.38,-0.15,0,28.3456,35.616
-1.39,-0.15,0,29.6701,35.84
-1.4,-0.15,0,29.3039,36
-1.41,-0.15,0,29.4443,36.128
-1.42,-0.15,0,29.2611,36.352
-1.43,-0.15,0,29.3161,36.496
-1.44,-0.15,0,28.8949,36.64
-1.45,-0.15,0,28.2113,36.848
-1.46,-0.15,0,29.2367,37.008
-1.47,-0.15,0,28.8156,37.232
-1.48,-0.15,0,29.0353,37.36
-1.49,-0.15,0,28.9254,37.472
-1.5,-0.15,0,29.4321,37.712
-1.51,-0.15,0,29.3771,37.872
-1.52,-0.15,0,29.017,38.016
-1.53,-0.15,0,29.5297,38.208
-1.54,-0.15,0,29.9326,38.384
-1.55,-0.15,0,28.8339,38.512
-1.56,-0.15,0,29.8227,38.736
-1.57,-0.15,0,29.1269,38.896
-1.58,-0.15,0,29.2673,39.056
-1.59,-0.15,0,29.31,39.232
-1.6,-0.15,0,30.0058,39.408
-1.61,-0.15,0,28.6325,39.568
-1.62,-0.15,0,29.0536,39.76
-1.63,-0.15,0,29.8288,39.936
-1.64,-0.15,0,28.7179,40.112
-1.65,-0.15,0,29.9936,40.288
-1.66,-0.15,0,28.4188,40.384
-1.67,-0.15,0,28.956,40.592
-1.68,-0.15,0,29.2795,40.784
-1.69,-0.15,0,30.4819,40.976
-1.7,-0.15,0,29.3588,41.12
-1.71,-0.15,0,29.5663,41.296
-1.72,-0.15,0,29.9387,41.472
-1.73,-0.15,0,29.9692,41.568
-1.74,-0.15,0,29.6579,41.776
-1.75,-0.15,0,30.2866,42
-1.76,-0.15,0,30.2988,42.144
-1.77,-0.15,0,30.372,42.272
-1.78,-0.15,0,29.603,42.512
-1.79,-0.15,0,29.8898,42.672
-1.8,-0.15,0,29.2611,42.848
-1.81,-0.15,0,29.371,43.024
-1.82,-0.15,0,30.3049,43.152
-1.83,-0.15,0,30.5612,43.344
-1.84,-0.15,0,30.0607,43.52
-1.85,-0.15,0,29.6457,43.68
-1.86,-0.15,0,30.311,43.856
-1.87,-0.15,0,30.9336,44.016
-1.88,-0.15,0,30.372,44.144
-1.89,-0.15,0,29.1696,44.384
-1.9,-0.15,0,30.5429,44.544
-1.91,-0.15,0,29.6884,44.72
-1.92,-0.15,0,30.2927,44.896
-1.93,-0.15,0,29.725,44.992
-1.94,-0.15,0,30.8664,45.232
-1.95,-0.15,0,30.7199,45.392
-1.96,-0.15,0,30.1889,45.568
-1.97,-0.15,0,29.8593,45.696
-1.98,-0.15,0,30.1584,45.904
-1.99,-0.15,0,29.8349,46.016
-2,-0.15,0,30.1401,46.272
-2,-0.14,0,32.9112,46.24
-1.99,-0.14,0,33.1065,46.128
-1.98,-0.14,0,33.3628,45.872
-1.97,-0.14,0,33.3018,45.696
-1.96,-0.14,0,32.7342,45.568
-1.95,-0.14,0,32.9539,45.36
-1.94,-0.14,0,32.4473,45.184
-1.93,-0.14,0,32.9417,45.072
-1.92,-0.14,0,33.2774,44.832
-1.91,-0.14,0,33.6253,44.672
-1.9,-0.14,0,33.0882,44.48
-1.89,-0.14,0,32.3191,44.336
-1.88,-0.14,0,32.606,44.176
-1.87,-0.14,0,32.5449,43.952
-1.86,-0.14,0,33.2896,43.904
-1.85,-0.14,0,33.2774,43.648
-1.84,-0.14,0,33.5093,43.472
-1.83,-0.14,0,32.4595,43.312
-1.82,-0.14,0,33.4422,43.136
-1.81,-0.14,0,32.9356,42.96
-1.8,-0.14,0,32.3496,42.8
-1.79,-0.14,0,32.2275,42.624
-1.78,-0.14,0,32.7219,42.448
-1.77,-0.14,0,33.3079,42.272
-1.76,-0.14,0,32.8745,42.112
-1.75,-0.14,0,33.5704,41.952
-1.74,-0.14,0,32.0444,41.776
-1.73,-0.14,0,33.3934,41.584
-1.72,-0.14,0,32.728,41.424
-1.71,-0.14,0,32.8135,41.264
-1.7,-0.14,0,32.136,41.088
-1.69,-0.14,0,32.4717,40.928
-1.68,-0.14,0,32.8562,40.72
-1.67,-0.14,0,32.899,40.576
-1.66,-0.14,0,32.7952,40.384
-1.65,-0.14,0,32.6548,40.224
-1.64,-0.14,0,32.1238,40.048
-1.63,-0.14,0,32.2092,39.888
-1.62,-0.14,0,32.1421,39.712
-1.61,-0.14,0,32.7219,39.552
-1.6,-0.14,0,32.4778,39.376
-1.59,-0.14,0,32.6426,39.216
-1.58,-0.14,0,31.782,39.04
-1.57,-0.14,0,31.9163,38.864
-1.56,-0.14,0,32.5999,38.752
-1.55,-0.14,0,32.313,38.496
-1.54,-0.14,0,33.0821,38.336
-1.53,-0.14,0,31.5134,38.192
-1.52,-0.14,0,32.0322,38.016
-1.51,-0.14,0,32.0017,37.872
-1.5,-0.14,0,32.8623,37.664
-1.49,-0.14,0,31.7942,37.488
-1.48,-0.14,0,32.0139,37.408
-1.47,-0.14,0,32.6914,37.136
-1.46,-0.14,0,32.197,36.96
-1.45,-0.14,0,31.7576,36.832
-1.44,-0.14,0,32.4351,36.624
-1.43,-0.14,0,31.5989,36.48
-1.42,-0.14,0,31.6233,36.288
-1.41,-0.14,0,32.6975,36.128
-1.4,-0.14,0,32.0383,36.016
-1.39,-0.14,0,31.428,35.776
-1.38,-0.14,0,31.2387,35.616
-1.37,-0.14,0,31.9468,35.504
-1.36,-0.14,0,31.6233,35.248
-1.35,-0.14,0,31.196,35.104
-1.34,-0.14,0,31.2815,34.896
-1.33,-0.14,0,31.3547,34.752
-1.32,-0.14,0,32.0688,34.656
-1.31,-0.14,0,31.1106,34.4
-1.3,-0.14,0,30.5795,34.24
-1.29,-0.14,0,32.5083,34.128
-1.28,-0.14,0,31.0068,33.904
-1.27,-0.14,0,31.8552,33.696
-1.26,-0.14,0,32.3374,33.536
-1.25,-0.14,0,31.55,33.392
-1.24,-0.14,0,31.8125,33.264
-1.23,-0.14,0,31.2632,33.008
-1.22,-0.14,0,31.5195,32.88
-1.21,-0.14,0,31.7698,32.704
-1.2,-0.14,0,31.9651,32.528
-1.19,-0.14,0,31.6294,32.352
-1.18,-0.14,0,31.782,32.272
-1.17,-0.14,0,31.4829,32
-1.16,-0.14,0,30.372,31.84
-1.15,-0.14,0,30.9275,31.68
-1.14,-0.14,0,31.019,31.504
-1.13,-0.14,0,30.3842,31.328
-1.12,-0.14,0,31.9346,31.232
-1.11,-0.14,0,30.6284,30.992
-1.1,-0.14,0,30.0913,30.816
-1.09,-0.14,0,31.2754,30.64
-1.08,-0.14,0,30.5185,30.464
-1.07,-0.14,0,31.2326,30.288
-1.06,-0.14,0,31.1594,30.144
-1.05,-0.14,0,30.549,29.984
-1.04,-0.14,0,30.6284,29.776
-1.03,-0.14,0,30.0729,29.616
-1.02,-0.14,0,30.3903,29.44
-1.01,-0.14,0,30.2805,29.28
-1,-0.14,0,29.9326,29.104
-0.99,-0.14,0,29.9509,28.96
-0.98,-0.14,0,29.6518,28.752
-0.97,-0.14,0,30.4819,28.64
-0.96,-0.14,0,31.1228,28.4
-0.95,-0.14,0,29.9753,28.24
-0.94,-0.14,0,30.1645,28.08
-0.93,-0.14,0,29.5297,27.92
-0.92,-0.14,0,30.134,27.824
-0.91,-0.14,0,30.1584,27.568
-0.9,-0.14,0,30.7077,27.36
-0.89,-0.14,0,30.3781,27.264
-0.88,-0.14,0,30.4392,27.04
-0.87,-0.14,0,29.6945,26.848
-0.86,-0.14,0,30.6406,26.656
-0.85,-0.14,0,30.0546,26.528
-0.84,-0.14,0,31.2571,26.352
-0.83,-0.14,0,30.7566,26.176
-0.82,-0.14,0,30.9824,26.016
-0.81,-0.14,0,29.9753,25.856
-0.8,-0.14,0,30.5246,25.68
-0.79,-0.14,0,29.902,25.536
-0.78,-0.14,0,30.8298,25.376
-0.77,-0.14,0,30.4636,25.136
-0.76,-0.14,0,29.4809,24.976
-0.75,-0.14,0,29.8654,24.864
-0.74,-0.14,0,30.0485,24.608
-0.73,-0.14,0,30.0058,24.464
-0.72,-0.14,0,30.7505,24.384
-0.71,-0.14,0,30.9397,24.144
-0.7,-0.14,0,29.7555,23.968
-0.69,-0.14,0,30.8725,23.872
-0.68,-0.14,0,30.7505,23.648
-0.67,-0.14,0,30.8969,23.44
-0.66,-0.14,0,30.9336,23.36
-0.65,-0.14,0,30.5673,23.104
-0.64,-0.14,0,30.3415,22.96
-0.63,-0.14,0,30.079,22.768
-0.62,-0.14,0,30.9885,22.576
-0.61,-0.14,0,30.1462,22.464
-0.6,-0.14,0,30.8054,22.256
-0.59,-0.14,0,31.7759,22.08
-0.58,-0.14,0,31.1167,22.016
-0.57,-0.14,0,31.0678,21.776
-0.56,-0.14,0,30.5857,21.536
-0.55,-0.14,0,30.6955,21.408
-0.54,-0.14,0,30.842,21.28
-0.53,-0.14,0,30.842,21.056
-0.52,-0.14,0,30.6772,20.976
-0.51,-0.14,0,32.1238,20.688
-0.5,-0.14,0,31.5561,20.56
-0.49,-0.14,0,31.9529,20.464
-0.48,-0.14,0,31.1289,20.208
-0.47,-0.14,0,31.7942,19.984
-0.46,-0.14,0,31.4829,19.84
-0.45,-0.14,0,31.3852,19.664
-0.44,-0.14,0,31.2082,19.6
-0.43,-0.14,0,31.666,19.312
-0.42,-0.14,0,31.6111,19.168
-0.41,-0.14,0,31.0862,19.024
-0.4,-0.14,0,29.6823,18.816
-0.39,-0.14,0,32.5999,18.736
-0.38,-0.14,0,31.1167,18.528
-0.37,-0.14,0,31.2815,18.272
-0.36,-0.14,0,31.5744,18.128
-0.35,-0.14,0,31.8064,17.984
-0.34,-0.14,0,31.8796,17.792
-0.33,-0.14,0,32.2275,17.68
-0.32,-0.14,0,31.5317,17.44
-0.31,-0.14,0,31.7392,17.28
-0.3,-0.14,0,31.2937,17.088
-0.29,-0.14,0,31.1289,16.944
-0.28,-0.14,0,30.3537,16.864
-0.27,-0.14,0,31.9407,16.608
-0.26,-0.14,0,32.2886,16.432
-0.25,-0.14,0,31.2082,16.272
-0.24,-0.14,0,31.019,16.096
-0.23,-0.14,0,32.0627,15.92
-0.22,-0.14,0,31.9468,15.712
-0.21,-0.14,0,31.7209,15.568
-0.2,-0.14,0,31.2143,15.408
-0.19,-0.14,0,31.1838,15.232
-0.18,-0.14,0,31.8308,15.072
-0.17,-0.14,0,30.3781,14.992
-0.16,-0.14,0,31.1777,14.704
-0.15,-0.14,0,31.9224,14.56
-0.14,-0.14,0,31.9956,14.48
-0.13,-0.14,0,31.1289,14.176
-0.12,-0.14,0,30.9214,14.032
-0.11,-0.14,0,32.0017,13.904
-0.1,-0.14,0,31.6111,13.664
-0.09,-0.14,0,30.7932,13.536
-0.08,-0.14,0,30.372,13.376
-0.07,-0.14,0,31.196,13.184
-0.06,-0.14,0,31.2998,12.976
-0.05,-0.14,0,30.3537,12.816
-0.04,-0.14,0,30.5246,12.656
-0.03,-0.14,0,30.6345,12.512
-0.02,-0.14,0,32.49,12.368
-0.01,-0.14,0,32.3801,12.24
0,-0.14,0,31.1838,11.952
0.01,-0.14,0,30.9091,11.808
0.02,-0.14,0,31.251,11.648
0.03,-0.14,0,32.6487,11.52
0.04,-0.14,0,31.0678,11.28
0.05,-0.14,0,31.9346,11.072
0.06,-0.14,0,31.0617,10.992
0.07,-0.14,0,31.6538,10.768
0.08,-0.14,0,32.2459,10.592
0.09,-0.14,0,31.8796,10.416
0.1,-0.14,0,31.5012,10.24
0.11,-0.14,0,29.957,10.096
0.12,-0.14,0,31.0373,9.888
0.13,-0.14,0,31.312,9.744
0.14,-0.14,0,30.9214,9.552
0.15,-0.14,0,31.489,9.408
0.16,-0.14,0,31.5012,9.28
0.17,-0.14,0,31.3608,9.056
0.18,-0.14,0,31.6965,8.864
0.19,-0.14,0,30.2744,8.72
0.2,-0.14,0,30.6101,8.544
0.21,-0.14,0,31.3791,8.352
0.22,-0.14,0,31.0007,8.208
0.23,-0.14,0,30.2622,8.016
0.24,-0.14,0,30.9214,7.856
0.25,-0.14,0,31.4096,7.728
0.26,-0.14,0,30.134,7.504
0.27,-0.14,0,31.196,7.344
0.28,-0.14,0,30.7932,7.136
0.29,-0.14,0,31.2449,7.024
0.3,-0.14,0,30.3476,6.848
0.31,-0.14,0,30.8054,6.656
0.32,-0.14,0,30.4331,6.464
0.33,-0.14,0,29.7311,6.336
0.34,-0.14,0,30.4147,6.192
0.35,-0.14,0,30.9946,5.968
0.36,-0.14,0,30.1462,5.792
0.37,-0.14,0,30.665,5.648
0.38,-0.14,0,29.3649,5.472
0.39,-0.14,0,28.956,5.28
0.4,-0.14,0,29.7555,5.104
0.41,-0.14,0,29.1391,4.976
0.42,-0.14,0,29.2917,4.752
0.43,-0.14,0,28.486,4.64
0.44,-0.14,0,28.6691,4.464
0.45,-0.14,0,28.2846,4.384
0.46,-0.14,0,28.5165,4.08
0.47,-0.14,0,27.9,3.952
0.48,-0.14,0,27.6254,3.76
0.49,-0.14,0,26.4595,3.648
0.5,-0.14,0,25.0252,3.408
0.51,-0.14,0,24.5003,3.232
0.52,-0.14,0,24.0242,3.088
0.53,-0.14,0,23.7312,2.88
0.54,-0.14,0,22.6936,2.736
0.55,-0.14,0,22.2602,2.544
0.56,-0.14,0,21.4606,2.4
0.57,-0.14,0,20.7343,2.24
0.58,-0.14,0,20.0262,2.112
0.59,-0.14,0,18.6224,1.888
0.6,-0.14,0,15.9978,1.696
0.61,-0.14,0,16.8218,1.664
0.62,-0.14,0,12.83,1.376
0.63,-0.14,0,9.79034,1.504
0.64,-0.14,0,7.89819,1.024
0.64,-0.13,0,22.364,1.072
0.63,-0.13,0,22.9255,1.232
0.62,-0.13,0,24.4881,1.424
0.61,-0.13,0,27.0821,1.616
0.6,-0.13,0,25.3426,1.696
0.59,-0.13,0,30.4819,1.952
0.58,-0.13,0,30.4514,2.128
0.57,-0.13,0,31.6172,2.32
0.56,-0.13,0,30.3171,2.448
0.55,-0.13,0,30.726,2.64
0.54,-0.13,0,29.9142,2.72
0.53,-0.13,0,32.1055,2.992
0.52,-0.13,0,33.8023,3.136
0.51,-0.13,0,32.8806,3.248
0.5,-0.13,0,32.8684,3.52
0.49,-0.13,0,33.5582,3.648
0.48,-0.13,0,33.4544,3.76
0.47,-0.13,0,33.8084,4
0.46,-0.13,0,34.8827,4.192
0.45,-0.13,0,34.7423,4.352
0.44,-0.13,0,36.0485,4.528
0.43,-0.13,0,35.9874,4.656
0.42,-0.13,0,35.8654,4.848
0.41,-0.13,0,34.8094,5.024
0.4,-0.13,0,35.4747,5.184
0.39,-0.13,0,36.024,5.376
0.38,-0.13,0,36.7931,5.552
0.37,-0.13,0,35.6578,5.648
0.36,-0.13,0,35.371,5.888
0.35,-0.13,0,36.0546,6.064
0.34,-0.13,0,36.14,6.224
0.33,-0.13,0,36.0607,6.4
0.32,-0.13,0,35.9569,6.496
0.31,-0.13,0,35.6395,6.752
0.3,-0.13,0,35.2672,6.896
0.29,-0.13,0,36.6527,7.088
0.28,-0.13,0,36.3598,7.248
0.27,-0.13,0,35.8531,7.376
0.26,-0.13,0,36.1705,7.584
0.25,-0.13,0,35.3771,7.728
0.24,-0.13,0,35.3526,7.84
0.23,-0.13,0,36.4452,8.128
0.22,-0.13,0,36.2011,8.256
0.21,-0.13,0,36.7321,8.448
0.2,-0.13,0,35.2611,8.608
0.19,-0.13,0,35.5235,8.784
0.18,-0.13,0,35.5541,8.976
0.17,-0.13,0,35.6029,9.136
0.16,-0.13,0,35.4259,9.312
0.15,-0.13,0,35.1024,9.456
0.14,-0.13,0,35.0352,9.648
0.13,-0.13,0,35.0902,9.792
0.12,-0.13,0,36.0546,9.968
0.11,-0.13,0,35.4503,10.16
0.1,-0.13,0,34.9071,10.304
0.09,-0.13,0,34.9925,10.448
0.08,-0.13,0,35.6273,10.64
0.07,-0.13,0,35.1939,10.816
0.06,-0.13,0,35.0963,10.992
0.05,-0.13,0,34.6385,11.2
0.04,-0.13,0,34.2967,11.36
0.03,-0.13,0,34.9071,11.456
0.02,-0.13,0,35.4015,11.68
0.01,-0.13,0,35.8776,11.872
0,-0.13,0,35.6273,11.968
-0.01,-0.13,0,35.1451,12.224
-0.02,-0.13,0,35.3954,12.384
-0.03,-0.13,0,36.8236,12.56
-0.04,-0.13,0,35.1756,12.736
-0.05,-0.13,0,34.6446,12.832
-0.06,-0.13,0,35.0597,13.008
-0.07,-0.13,0,36.2072,13.232
-0.08,-0.13,0,34.9864,13.408
-0.09,-0.13,0,34.7301,13.6
-0.1,-0.13,0,35.8531,13.744
-0.11,-0.13,0,35.609,13.888
-0.12,-0.13,0,34.7056,14.032
-0.13,-0.13,0,35.2184,14.288
-0.14,-0.13,0,36.5246,14.432
-0.15,-0.13,0,35.7433,14.592
-0.16,-0.13,0,35.0536,14.768
-0.17,-0.13,0,34.3394,14.944
-0.18,-0.13,0,35.0169,15.088
-0.19,-0.13,0,36.0546,15.248
-0.2,-0.13,0,34.2723,15.44
-0.21,-0.13,0,34.3394,15.648
-0.22,-0.13,0,35.8043,15.808
-0.23,-0.13,0,34.2723,15.968
-0.24,-0.13,0,34.8643,16.08
-0.25,-0.13,0,34.9864,16.304
-0.26,-0.13,0,35.1939,16.464
-0.27,-0.13,0,34.9559,16.64
-0.28,-0.13,0,34.6263,16.816
-0.29,-0.13,0,35.0352,16.992
-0.3,-0.13,0,34.0098,17.104
-0.31,-0.13,0,34.2723,17.296
-0.32,-0.13,0,35.2062,17.456
-0.33,-0.13,0,34.376,17.68
-0.34,-0.13,0,35.1268,17.84
-0.35,-0.13,0,34.254,18.016
-0.36,-0.13,0,35.3038,18.192
-0.37,-0.13,0,34.1868,18.352
-0.38,-0.13,0,34.492,18.512
-0.39,-0.13,0,34.138,18.704
-0.4,-0.13,0,34.6995,18.88
-0.41,-0.13,0,33.9793,19.04
-0.42,-0.13,0,34.5653,19.2
-0.43,-0.13,0,34.0953,19.376
-0.44,-0.13,0,33.8389,19.552
-0.45,-0.13,0,34.9864,19.712
-0.46,-0.13,0,34.2112,19.872
-0.47,-0.13,0,33.8694,20.064
-0.48,-0.13,0,33.8878,20.224
-0.49,-0.13,0,35.371,20.416
-0.5,-0.13,0,33.7291,20.576
-0.51,-0.13,0,34.1685,20.768
-0.52,-0.13,0,34.431,20.928
-0.53,-0.13,0,34.2418,21.072
-0.54,-0.13,0,33.6924,21.28
-0.55,-0.13,0,34.0281,21.424
-0.56,-0.13,0,34.8766,21.616
-0.57,-0.13,0,33.9366,21.776
-0.58,-0.13,0,33.8939,21.936
-0.59,-0.13,0,33.7962,22.096
-0.6,-0.13,0,33.3323,22.256
-0.61,-0.13,0,33.1248,22.432
-0.62,-0.13,0,33.6802,22.64
-0.63,-0.13,0,31.5622,22.8
-0.64,-0.13,0,32.7036,22.976
-0.65,-0.13,0,33.7901,23.136
-0.66,-0.13,0,33.7901,23.296
-0.67,-0.13,0,33.4666,23.472
-0.68,-0.13,0,33.2652,23.664
-0.69,-0.13,0,33.0699,23.84
-0.7,-0.13,0,33.0515,23.968
-0.71,-0.13,0,33.1797,24.192
-0.72,-0.13,0,32.7158,24.272
-0.73,-0.13,0,32.5816,24.528
-0.74,-0.13,0,32.3496,24.656
-0.75,-0.13,0,33.8816,24.864
-0.76,-0.13,0,33.2652,25.024
-0.77,-0.13,0,32.728,25.136
-0.78,-0.13,0,33.723,25.376
-0.79,-0.13,0,32.7647,25.552
-0.8,-0.13,0,32.4046,25.728
-0.81,-0.13,0,33.3506,25.904
-0.82,-0.13,0,33.2347,26.048
-0.83,-0.13,0,33.9366,26.24
-0.84,-0.13,0,33.0271,26.416
-0.85,-0.13,0,32.8196,26.592
-0.86,-0.13,0,32.606,26.736
-0.87,-0.13,0,32.3008,26.896
-0.88,-0.13,0,32.7647,27.088
-0.89,-0.13,0,32.8867,27.248
-0.9,-0.13,0,32.3374,27.392
-0.91,-0.13,0,33.2774,27.584
-0.92,-0.13,0,34.0831,27.792
-0.93,-0.13,0,33.7291,27.936
-0.94,-0.13,0,33.3018,28.128
-0.95,-0.13,0,32.6426,28.272
-0.96,-0.13,0,33.0393,28.448
-0.97,-0.13,0,33.0393,28.64
-0.98,-0.13,0,34.0281,28.832
-0.99,-0.13,0,32.6304,28.976
-1,-0.13,0,33.3262,29.152
-1.01,-0.13,0,33.7718,29.232
-1.02,-0.13,0,33.198,29.52
-1.03,-0.13,0,33.4666,29.632
-1.04,-0.13,0,33.7779,29.84
-1.05,-0.13,0,33.4666,30
-1.06,-0.13,0,33.2408,30.16
-1.07,-0.13,0,33.2774,30.352
-1.08,-0.13,0,32.9661,30.48
-1.09,-0.13,0,34.3333,30.672
-1.1,-0.13,0,33.4849,30.832
-1.11,-0.13,0,33.8084,30.96
-1.12,-0.13,0,34.3822,31.184
-1.13,-0.13,0,33.4727,31.36
-1.14,-0.13,0,32.9905,31.472
-1.15,-0.13,0,34.4859,31.696
-1.16,-0.13,0,33.2713,31.872
-1.17,-0.13,0,33.7657,32.016
-1.18,-0.13,0,33.4117,32.224
-1.19,-0.13,0,34.431,32.368
-1.2,-0.13,0,33.7168,32.544
-1.21,-0.13,0,33.8389,32.736
-1.22,-0.13,0,34.7545,32.864
-1.23,-0.13,0,33.5032,33.088
-1.24,-0.13,0,33.4544,33.248
-1.25,-0.13,0,34.3028,33.36
-1.26,-0.13,0,34.1746,33.536
-1.27,-0.13,0,33.9976,33.76
-1.28,-0.13,0,34.254,33.92
-1.29,-0.13,0,33.3995,34.112
-1.3,-0.13,0,34.7179,34.24
-1.31,-0.13,0,34.6629,34.448
-1.32,-0.13,0,34.2174,34.608
-1.33,-0.13,0,33.6375,34.8
-1.34,-0.13,0,33.8389,34.928
-1.35,-0.13,0,34.1624,35.12
-1.36,-0.13,0,34.4615,35.296
-1.37,-0.13,0,34.3577,35.456
-1.38,-0.13,0,34.5164,35.632
-1.39,-0.13,0,34.4066,35.824
-1.4,-0.13,0,34.6934,36
-1.41,-0.13,0,35.3465,36.112
-1.42,-0.13,0,34.8888,36.32
-1.43,-0.13,0,34.6446,36.528
-1.44,-0.13,0,34.3272,36.64
-1.45,-0.13,0,34.2662,36.832
-1.46,-0.13,0,34.4249,36.976
-1.47,-0.13,0,35.67,37.184
-1.48,-0.13,0,34.5408,37.344
-1.49,-0.13,0,34.3211,37.52
-1.5,-0.13,0,34.0403,37.68
-1.51,-0.13,0,34.6812,37.888
-1.52,-0.13,0,35.023,38.032
-1.53,-0.13,0,35.0414,38.192
-1.54,-0.13,0,33.7901,38.384
-1.55,-0.13,0,34.724,38.544
-1.56,-0.13,0,35.0902,38.688
-1.57,-0.13,0,35.2672,38.88
-1.58,-0.13,0,35.3526,39.072
-1.59,-0.13,0,34.9132,39.232
-1.6,-0.13,0,35.5052,39.408
-1.61,-0.13,0,34.431,39.6
-1.62,-0.13,0,34.9986,39.76
-1.63,-0.13,0,33.8694,39.92
-1.64,-0.13,0,35.4137,40.096
-1.65,-0.13,0,34.1929,40.24
-1.66,-0.13,0,35.6456,40.416
-1.67,-0.13,0,34.6202,40.592
-1.68,-0.13,0,35.023,40.704
-1.69,-0.13,0,34.724,40.944
-1.7,-0.13,0,34.1563,41.088
-1.71,-0.13,0,35.6212,41.248
-1.72,-0.13,0,34.2662,41.472
-1.73,-0.13,0,34.5775,41.648
-1.74,-0.13,0,35.2855,41.808
-1.75,-0.13,0,35.0291,41.968
-1.76,-0.13,0,34.4005,42.064
-1.77,-0.13,0,34.492,42.288
-1.78,-0.13,0,34.5103,42.496
-1.79,-0.13,0,34.724,42.64
-1.8,-0.13,0,34.5042,42.768
-1.81,-0.13,0,34.9803,42.976
-1.82,-0.13,0,35.2367,43.168
-1.83,-0.13,0,35.6456,43.36
-1.84,-0.13,0,34.3822,43.52
-1.85,-0.13,0,34.5347,43.664
-1.86,-0.13,0,34.5714,43.792
-1.87,-0.13,0,34.7118,44.032
-1.88,-0.13,0,34.9315,44.176
-1.89,-0.13,0,35.2245,44.352
-1.9,-0.13,0,34.2479,44.544
-1.91,-0.13,0,34.4981,44.704
-1.92,-0.13,0,34.2784,44.864
-1.93,-0.13,0,34.4005,44.976
-1.94,-0.13,0,35.0963,45.232
-1.95,-0.13,0,34.1929,45.392
-1.96,-0.13,0,35.4686,45.552
-1.97,-0.13,0,34.1441,45.712
-1.98,-0.13,0,33.7962,45.904
-1.99,-0.13,0,34.2601,46.096
-2,-0.13,0,34.0587,46.176
-2,-0.12,0,37.8735,46.208
-1.99,-0.12,0,37.5134,46.096
-1.98,-0.12,0,38.3557,45.872
-1.97,-0.12,0,38.3862,45.664
-1.96,-0.12,0,38.2336,45.488
-1.95,-0.12,0,38.7585,45.344
-1.94,-0.12,0,37.6598,45.184
-1.93,-0.12,0,38.0139,44.992
-1.92,-0.12,0,37.8491,44.912
-1.91,-0.12,0,37.9223,44.736
-1.9,-0.12,0,38.1664,44.512
-1.89,-0.12,0,38.081,44.32
-1.88,-0.12,0,39.0027,44.144
-1.87,-0.12,0,38.1664,43.984
-1.86,-0.12,0,37.9345,43.808
-1.85,-0.12,0,37.5011,43.616
-1.84,-0.12,0,38.5632,43.472
-1.83,-0.12,0,37.3424,43.312
-1.82,-0.12,0,38.6059,43.184
-1.81,-0.12,0,37.6843,42.944
-1.8,-0.12,0,38.142,42.8
-1.79,-0.12,0,38.2092,42.624
-1.78,-0.12,0,38.8134,42.448
-1.77,-0.12,0,38.0566,42.24
-1.76,-0.12,0,38.2397,42.08
-1.75,-0.12,0,38.4777,42
-1.74,-0.12,0,38.4228,41.76
-1.73,-0.12,0,37.7148,41.584
-1.72,-0.12,0,38.8134,41.44
-1.71,-0.12,0,37.9772,41.232
-1.7,-0.12,0,37.7636,41.056
-1.69,-0.12,0,37.8063,40.912
-1.68,-0.12,0,37.9284,40.736
-1.67,-0.12,0,38.6303,40.56
-1.66,-0.12,0,38.905,40.384
-1.65,-0.12,0,38.8379,40.208
-1.64,-0.12,0,38.1909,40.032
-1.63,-0.12,0,38.1848,39.872
-1.62,-0.12,0,38.374,39.696
-1.61,-0.12,0,38.8867,39.616
-1.6,-0.12,0,38.0627,39.376
-1.59,-0.12,0,37.8735,39.2
-1.58,-0.12,0,39.082,39.008
-1.57,-0.12,0,38.374,38.832
-1.56,-0.12,0,38.5754,38.656
-1.55,-0.12,0,38.728,38.528
-1.54,-0.12,0,37.9406,38.32
-1.53,-0.12,0,37.3669,38.208
-1.52,-0.12,0,37.6659,38.064
-1.51,-0.12,0,38.3068,37.808
-1.5,-0.12,0,37.4645,37.648
-1.49,-0.12,0,37.6659,37.488
-1.48,-0.12,0,38.1603,37.312
-1.47,-0.12,0,38.9416,37.232
-1.46,-0.12,0,37.8674,36.944
-1.45,-0.12,0,38.4228,36.768
-1.44,-0.12,0,37.8735,36.64
-1.43,-0.12,0,38.1787,36.448
-1.42,-0.12,0,38.4716,36.272
-1.41,-0.12,0,38.9904,36.096
-1.4,-0.12,0,37.5927,35.92
-1.39,-0.12,0,37.7636,35.76
-1.38,-0.12,0,39.2529,35.584
-1.37,-0.12,0,38.6792,35.408
-1.36,-0.12,0,37.9833,35.312
-1.35,-0.12,0,38.3007,35.152
-1.34,-0.12,0,38.1603,34.976
-1.33,-0.12,0,38.3496,34.768
-1.32,-0.12,0,37.6598,34.544
-1.31,-0.12,0,37.7758,34.384
-1.3,-0.12,0,38.3312,34.288
-1.29,-0.12,0,37.8368,34.048
-1.28,-0.12,0,37.7575,33.904
-1.27,-0.12,0,37.8002,33.792
-1.26,-0.12,0,37.7209,33.632
-1.25,-0.12,0,38.1054,33.344
-1.24,-0.12,0,37.8185,33.184
-1.23,-0.12,0,38.319,33.024
-1.22,-0.12,0,38.789,32.864
-1.21,-0.12,0,37.8979,32.752
-1.2,-0.12,0,38.2031,32.496
-1.19,-0.12,0,38.3312,32.336
-1.18,-0.12,0,38.0749,32.144
-1.17,-0.12,0,38.7646,31.968
-1.16,-0.12,0,38.0627,31.888
-1.15,-0.12,0,37.6232,31.728
-1.14,-0.12,0,37.843,31.472
-1.13,-0.12,0,37.4401,31.312
-1.12,-0.12,0,37.8979,31.216
-1.11,-0.12,0,37.8368,30.976
-1.1,-0.12,0,36.8053,30.816
-1.09,-0.12,0,36.8053,30.624
-1.08,-0.12,0,37.4767,30.432
-1.07,-0.12,0,38.1237,30.304
-1.06,-0.12,0,37.2143,30.112
-1.05,-0.12,0,36.6466,29.936
-1.04,-0.12,0,37.7453,29.856
-1.03,-0.12,0,36.9518,29.6
-1.02,-0.12,0,36.6771,29.408
-1.01,-0.12,0,37.6232,29.312
-1,-0.12,0,37.8491,29.088
-0.99,-0.12,0,37.3669,28.96
-0.98,-0.12,0,36.8419,28.816
-0.97,-0.12,0,37.1654,28.56
-0.96,-0.12,0,35.9752,28.4
-0.95,-0.12,0,37.55,28.224
-0.94,-0.12,0,37.4523,28.048
-0.93,-0.12,0,37.4096,27.872
-0.92,-0.12,0,36.5612,27.728
-0.91,-0.12,0,37.2814,27.568
-0.9,-0.12,0,36.8969,27.424
-0.89,-0.12,0,37.0495,27.2
-0.88,-0.12,0,36.6771,27.056
-0.87,-0.12,0,36.4757,26.944
-0.86,-0.12,0,35.8898,26.688
-0.85,-0.12,0,36.5612,26.544
-0.84,-0.12,0,36.1034,26.336
-0.83,-0.12,0,37.2631,26.144
-0.82,-0.12,0,37.55,26
-0.81,-0.12,0,35.5785,25.84
-0.8,-0.12,0,36.4269,25.68
-0.79,-0.12,0,36.2011,25.504
-0.78,-0.12,0,35.9569,25.344
-0.77,-0.12,0,35.9813,25.136
-0.76,-0.12,0,36.1278,24.944
-0.75,-0.12,0,37.495,24.784
-0.74,-0.12,0,37.0617,24.736
-0.73,-0.12,0,37.4889,24.512
-0.72,-0.12,0,36.6222,24.272
-0.71,-0.12,0,37.0495,24.096
-0.7,-0.12,0,35.902,24.048
-0.69,-0.12,0,35.9386,23.776
-0.68,-0.12,0,37.1593,23.6
-0.67,-0.12,0,36.1217,23.568
-0.66,-0.12,0,36.256,23.232
-0.65,-0.12,0,36.9579,23.104
-0.64,-0.12,0,37.4584,22.928
-0.63,-0.12,0,36.1705,22.752
-0.62,-0.12,0,36.5368,22.672
-0.61,-0.12,0,37.1899,22.416
-0.6,-0.12,0,36.671,22.24
-0.59,-0.12,0,37.2509,22.048
-0.58,-0.12,0,36.7382,21.888
-0.57,-0.12,0,37.1532,21.808
-0.56,-0.12,0,37.8307,21.552
-0.55,-0.12,0,37.6476,21.36
-0.54,-0.12,0,36.1034,21.2
-0.53,-0.12,0,36.5062,21.072
-0.52,-0.12,0,37.8491,20.896
-0.51,-0.12,0,37.8185,20.704
-0.5,-0.12,0,37.5561,20.528
-0.49,-0.12,0,37.2265,20.368
-0.48,-0.12,0,38.5754,20.16
-0.47,-0.12,0,38.2641,20.128
-0.46,-0.12,0,38.0932,19.856
-0.45,-0.12,0,38.612,19.664
-0.44,-0.12,0,38.258,19.504
-0.43,-0.12,0,38.4838,19.424
-0.42,-0.12,0,37.7819,19.184
-0.41,-0.12,0,38.3312,18.96
-0.4,-0.12,0,39.2407,18.784
-0.39,-0.12,0,37.9162,18.64
-0.38,-0.12,0,38.9172,18.464
-0.37,-0.12,0,38.4899,18.304
-0.36,-0.12,0,38.3312,18.144
-0.35,-0.12,0,39.0698,17.936
-0.34,-0.12,0,38.9843,17.792
-0.33,-0.12,0,39.3811,17.6
-0.32,-0.12,0,39.259,17.44
-0.31,-0.12,0,38.9355,17.28
-0.3,-0.12,0,38.6364,17.104
-0.29,-0.12,0,39.7046,16.912
-0.28,-0.12,0,39.8511,16.752
-0.27,-0.12,0,38.5205,16.576
-0.26,-0.12,0,39.5581,16.432
-0.25,-0.12,0,40.1379,16.256
-0.24,-0.12,0,40.1196,16.064
-0.23,-0.12,0,39.4116,15.888
-0.22,-0.12,0,40.0525,15.76
-0.21,-0.12,0,38.7646,15.552
-0.2,-0.12,0,40.376,15.392
-0.19,-0.12,0,39.9548,15.216
-0.18,-0.12,0,40.1196,15.008
-0.17,-0.12,0,40.3943,14.848
-0.16,-0.12,0,39.6252,14.672
-0.15,-0.12,0,39.8694,14.528
-0.14,-0.12,0,41.2122,14.352
-0.13,-0.12,0,39.3628,14.16
-0.12,-0.12,0,39.9915,14.032
-0.11,-0.12,0,39.9487,13.856
-0.1,-0.12,0,40.6812,13.648
-0.09,-0.12,0,40.3516,13.488
-0.08,-0.12,0,39.6069,13.328
-0.07,-0.12,0,40.4065,13.152
-0.06,-0.12,0,40.2661,12.976
-0.05,-0.12,0,39.8816,12.8
-0.04,-0.12,0,39.9976,12.752
-0.03,-0.12,0,40.4553,12.448
-0.02,-0.12,0,40.6018,12.304
-0.01,-0.12,0,39.7229,12.24
0,-0.12,0,41.0657,11.984
0.01,-0.12,0,40.2966,11.808
0.02,-0.12,0,40.9497,11.696
0.03,-0.12,0,41.0047,11.456
0.04,-0.12,0,40.0403,11.296
0.05,-0.12,0,41.2061,11.2
0.06,-0.12,0,41.2671,10.976
0.07,-0.12,0,41.5784,10.832
0.08,-0.12,0,41.2061,10.576
0.09,-0.12,0,41.7066,10.384
0.1,-0.12,0,40.6507,10.272
0.11,-0.12,0,40.9925,10.048
0.12,-0.12,0,41.2427,9.872
0.13,-0.12,0,41.1451,9.728
0.14,-0.12,0,40.4248,9.6
0.15,-0.12,0,40.8826,9.488
0.16,-0.12,0,41.6211,9.216
0.17,-0.12,0,41.8897,9.04
0.18,-0.12,0,41.7859,8.864
0.19,-0.12,0,42.1339,8.672
0.2,-0.12,0,41.1267,8.512
0.21,-0.12,0,41.4991,8.352
0.22,-0.12,0,41.9263,8.272
0.23,-0.12,0,42.9884,8.08
0.24,-0.12,0,41.2915,7.824
0.25,-0.12,0,42.024,7.68
0.26,-0.12,0,42.3109,7.488
0.27,-0.12,0,42.5489,7.328
0.28,-0.12,0,42.5428,7.168
0.29,-0.12,0,42.9029,6.96
0.3,-0.12,0,42.8053,6.816
0.31,-0.12,0,43.3363,6.608
0.32,-0.12,0,43.4706,6.464
0.33,-0.12,0,44.9965,6.304
0.34,-0.12,0,44.6791,6.096
0.35,-0.12,0,44.203,5.952
0.36,-0.12,0,44.4166,5.776
0.37,-0.12,0,44.8256,5.616
0.38,-0.12,0,44.8439,5.504
0.39,-0.12,0,45.1674,5.248
0.4,-0.12,0,44.9843,5.088
0.41,-0.12,0,43.8246,4.928
0.42,-0.12,0,44.9171,4.752
0.43,-0.12,0,44.2213,4.56
0.44,-0.12,0,45.2101,4.432
0.45,-0.12,0,45.4054,4.32
0.46,-0.12,0,45.497,4.048
0.47,-0.12,0,45.3017,3.904
0.48,-0.12,0,45.4421,3.712
0.49,-0.12,0,44.8927,3.552
0.5,-0.12,0,44.7707,3.376
0.51,-0.12,0,43.91,3.2
0.52,-0.12,0,45.4543,3.04
0.53,-0.12,0,44.3495,2.88
0.54,-0.12,0,44.2701,2.688
0.55,-0.12,0,43.141,2.528
0.56,-0.12,0,44.8256,2.432
0.57,-0.12,0,44.1542,2.192
0.58,-0.12,0,45.7839,2
0.59,-0.12,0,45.2284,1.84
0.6,-0.12,0,44.7645,1.648
0.61,-0.12,0,44.6669,1.504
0.62,-0.12,0,46.5529,1.312
0.63,-0.12,0,44.8744,1.136
0.64,-0.12,0,50.9476,1.008
0.64,-0.11,0,78.0175,1.056
0.63,-0.11,0,68.5263,1.232
0.62,-0.11,0,67.5558,1.392
0.61,-0.11,0,65.0227,1.584
0.6,-0.11,0,63.1855,1.744
0.59,-0.11,0,61.5131,1.936
0.58,-0.11,0,60.9821,2.016
0.57,-0.11,0,59.8834,2.256
0.56,-0.11,0,59.0533,2.432
0.55,-0.11,0,59.2547,2.592
0.54,-0.11,0,56.1296,2.8
0.53,-0.11,0,58.1866,2.96
0.52,-0.11,0,57.68,3.152
0.51,-0.11,0,56.3799,3.296
0.5,-0.11,0,56.5142,3.472
0.49,-0.11,0,56.3005,3.648
0.48,-0.11,0,56.6057,3.808
0.47,-0.11,0,57.3138,3.984
0.46,-0.11,0,55.0615,4.144
0.45,-0.11,0,53.6576,4.256
0.44,-0.11,0,56.2517,4.512
0.43,-0.11,0,54.3474,4.656
0.42,-0.11,0,55.2446,4.768
0.41,-0.11,0,54.4755,5.024
0.4,-0.11,0,54.7502,5.184
0.39,-0.11,0,52.089,5.376
0.38,-0.11,0,53.8347,5.536
0.37,-0.11,0,52.6688,5.696
0.36,-0.11,0,52.6139,5.84
0.35,-0.11,0,51.1734,5.968
0.34,-0.11,0,51.3688,6.208
0.33,-0.11,0,51.4664,6.384
0.32,-0.11,0,50.8133,6.464
0.31,-0.11,0,50.7279,6.704
0.3,-0.11,0,49.5682,6.864
0.29,-0.11,0,49.9039,7.04
0.28,-0.11,0,49.7635,7.232
0.27,-0.11,0,50.4654,7.392
0.26,-0.11,0,49.324,7.6
0.25,-0.11,0,50.1846,7.744
0.24,-0.11,0,49.3606,7.872
0.23,-0.11,0,47.9568,8.096
0.22,-0.11,0,48.4634,8.272
0.21,-0.11,0,48.146,8.432
0.2,-0.11,0,49.4339,8.592
0.19,-0.11,0,47.4441,8.72
0.18,-0.11,0,48.03,8.96
0.17,-0.11,0,47.2976,9.12
0.16,-0.11,0,46.6506,9.28
0.15,-0.11,0,47.7371,9.408
0.14,-0.11,0,47.6394,9.664
0.13,-0.11,0,48.03,9.808
0.12,-0.11,0,47.1389,9.904
0.11,-0.11,0,46.559,10.128
0.1,-0.11,0,46.382,10.32
0.09,-0.11,0,46.5102,10.496
0.08,-0.11,0,47.1938,10.672
0.07,-0.11,0,46.4431,10.848
0.06,-0.11,0,47.1023,11.024
0.05,-0.11,0,46.6323,11.184
0.04,-0.11,0,46.968,11.36
0.03,-0.11,0,46.4431,11.536
0.02,-0.11,0,46.3515,11.68
0.01,-0.11,0,46.8276,11.872
0,-0.11,0,47.5478,12.032
-0.01,-0.11,0,45.4787,12.224
-0.02,-0.11,0,46.3637,12.368
-0.03,-0.11,0,45.2467,12.544
-0.04,-0.11,0,45.5824,12.736
-0.05,-0.11,0,45.6557,12.88
-0.06,-0.11,0,45.2956,13.056
-0.07,-0.11,0,46.1989,13.216
-0.08,-0.11,0,45.9487,13.408
-0.09,-0.11,0,44.6791,13.488
-0.1,-0.11,0,44.2213,13.696
-0.11,-0.11,0,44.3129,13.904
-0.12,-0.11,0,45.7961,14.096
-0.13,-0.11,0,45.2834,14.256
-0.14,-0.11,0,44.5997,14.416
-0.15,-0.11,0,44.5265,14.576
-0.16,-0.11,0,45.0148,14.768
-0.17,-0.11,0,44.9232,14.944
-0.18,-0.11,0,45.1308,15.072
-0.19,-0.11,0,43.8185,15.2
-0.2,-0.11,0,43.44,15.44
-0.21,-0.11,0,44.2824,15.6
-0.22,-0.11,0,43.0677,15.712
-0.23,-0.11,0,43.9344,15.968
-0.24,-0.11,0,43.7025,16.112
-0.25,-0.11,0,43.6048,16.304
-0.26,-0.11,0,43.6537,16.464
-0.27,-0.11,0,43.4462,16.624
-0.28,-0.11,0,42.7747,16.8
-0.29,-0.11,0,43.6354,16.976
-0.3,-0.11,0,42.9945,17.152
-0.31,-0.11,0,42.0545,17.28
-0.32,-0.11,0,42.732,17.456
-0.33,-0.11,0,42.2193,17.68
-0.34,-0.11,0,42.9884,17.84
-0.35,-0.11,0,41.8226,17.984
-0.36,-0.11,0,42.5611,18.176
-0.37,-0.11,0,42.5611,18.352
-0.38,-0.11,0,41.963,18.512
-0.39,-0.11,0,42.0423,18.704
-0.4,-0.11,0,41.8836,18.88
-0.41,-0.11,0,42.1155,19.008
-0.42,-0.11,0,42.1583,19.168
-0.43,-0.11,0,41.6822,19.312
-0.44,-0.11,0,42.1949,19.552
-0.45,-0.11,0,40.4492,19.728
-0.46,-0.11,0,42.3902,19.856
-0.47,-0.11,0,41.5967,20.064
-0.48,-0.11,0,41.2671,20.24
-0.49,-0.11,0,40.2905,20.352
-0.5,-0.11,0,40.8216,20.56
-0.51,-0.11,0,40.0586,20.768
-0.52,-0.11,0,40.9253,20.88
-0.53,-0.11,0,40.2783,21.088
-0.54,-0.11,0,40.6018,21.264
-0.55,-0.11,0,40.4248,21.424
-0.56,-0.11,0,40.7544,21.616
-0.57,-0.11,0,40.9375,21.776
-0.58,-0.11,0,40.907,21.936
-0.59,-0.11,0,40.8338,22.128
-0.6,-0.11,0,41.2732,22.256
-0.61,-0.11,0,40.8216,22.384
-0.62,-0.11,0,40.5957,22.624
-0.63,-0.11,0,41.0779,22.816
-0.64,-0.11,0,40.0525,22.912
-0.65,-0.11,0,39.0515,23.136
-0.66,-0.11,0,39.2834,23.328
-0.67,-0.11,0,40.0342,23.44
-0.68,-0.11,0,40.5713,23.648
-0.69,-0.11,0,40.6262,23.84
-0.7,-0.11,0,40.2966,24
-0.71,-0.11,0,40.7971,24.144
-0.72,-0.11,0,38.8867,24.336
-0.73,-0.11,0,39.729,24.512
-0.74,-0.11,0,40.3699,24.64
-0.75,-0.11,0,40.5774,24.8
-0.76,-0.11,0,39.5642,25.04
-0.77,-0.11,0,40.1257,25.2
-0.78,-0.11,0,40.6262,25.312
-0.79,-0.11,0,40.6018,25.488
-0.8,-0.11,0,40.0952,25.728
-0.81,-0.11,0,41.4624,25.856
-0.82,-0.11,0,41.4075,26.064
-0.83,-0.11,0,41.0718,26.24
-0.84,-0.11,0,41.023,26.416
-0.85,-0.11,0,40.1807,26.576
-0.86,-0.11,0,41.2549,26.752
-0.87,-0.11,0,40.9131,26.912
-0.88,-0.11,0,40.1746,27.088
-0.89,-0.11,0,41.2061,27.248
-0.9,-0.11,0,40.2112,27.424
-0.91,-0.11,0,40.5896,27.584
-0.92,-0.11,0,40.0464,27.776
-0.93,-0.11,0,40.6568,27.952
-0.94,-0.11,0,40.4981,28.096
-0.95,-0.11,0,42.2315,28.288
-0.96,-0.11,0,40.3272,28.464
-0.97,-0.11,0,39.5215,28.624
-0.98,-0.11,0,40.907,28.752
-0.99,-0.11,0,40.3638,28.976
-1,-0.11,0,41.5357,29.136
-1.01,-0.11,0,41.2488,29.248
-1.02,-0.11,0,40.2661,29.504
-1.03,-0.11,0,41.1512,29.648
-1.04,-0.11,0,40.4859,29.824
-1.05,-0.11,0,41.7859,30
-1.06,-0.11,0,40.9131,30.16
-1.07,-0.11,0,40.7788,30.352
-1.08,-0.11,0,41.2671,30.432
-1.09,-0.11,0,42.1888,30.688
-1.1,-0.11,0,40.3027,30.832
-1.11,-0.11,0,42.0301,30.976
-1.12,-0.11,0,40.8704,31.2
-1.13,-0.11,0,41.7982,31.36
-1.14,-0.11,0,40.8765,31.472
-1.15,-0.11,0,40.9742,31.696
-1.16,-0.11,0,40.6384,31.856
-1.17,-0.11,0,41.2366,32.048
-1.18,-0.11,0,41.4624,32.208
-1.19,-0.11,0,41.5357,32.384
-1.2,-0.11,0,42.0484,32.496
-1.21,-0.11,0,41.3648,32.736
-1.22,-0.11,0,41.2366,32.912
-1.23,-0.11,0,40.8704,33.056
-1.24,-0.11,0,41.3953,33.264
-1.25,-0.11,0,41.3892,33.36
-1.26,-0.11,0,42.5916,33.6
-1.27,-0.11,0,41.9691,33.728
-1.28,-0.11,0,40.9803,33.904
-1.29,-0.11,0,39.7717,34.096
-1.3,-0.11,0,41.5296,34.272
-1.31,-0.11,0,41.554,34.448
-1.32,-0.11,0,41.554,34.624
-1.33,-0.11,0,40.9864,34.768
-1.34,-0.11,0,40.2478,34.976
-1.35,-0.11,0,41.3953,35.136
-1.36,-0.11,0,40.6201,35.296
-1.37,-0.11,0,40.8032,35.424
-1.38,-0.11,0,41.6089,35.648
-1.39,-0.11,0,40.9436,35.808
-1.4,-0.11,0,41.3343,35.984
-1.41,-0.11,0,40.4981,36.16
-1.42,-0.11,0,42.1827,36.32
-1.43,-0.11,0,40.4126,36.496
-1.44,-0.11,0,39.8877,36.688
-1.45,-0.11,0,41.4136,36.832
-1.46,-0.11,0,40.8887,37.024
-1.47,-0.11,0,41.0047,37.152
-1.48,-0.11,0,41.1145,37.36
-1.49,-0.11,0,41.3221,37.52
-1.5,-0.11,0,40.9864,37.648
-1.51,-0.11,0,40.8948,37.824
-1.52,-0.11,0,41.2366,38.048
-1.53,-0.11,0,41.4014,38.208
-1.54,-0.11,0,41.4624,38.336
-1.55,-0.11,0,41.0962,38.496
-1.56,-0.11,0,41.2488,38.688
-1.57,-0.11,0,40.7056,38.88
-1.58,-0.11,0,40.5713,39.056
-1.59,-0.11,0,40.6568,39.168
-1.6,-0.11,0,40.1624,39.408
-1.61,-0.11,0,42.2864,39.568
-1.62,-0.11,0,41.67,39.712
-1.63,-0.11,0,40.5896,39.856
-1.64,-0.11,0,41.2244,40.112
-1.65,-0.11,0,41.4808,40.24
-1.66,-0.11,0,41.9385,40.416
-1.67,-0.11,0,40.2905,40.592
-1.68,-0.11,0,41.6639,40.72
-1.69,-0.11,0,40.4614,40.896
-1.7,-0.11,0,41.4319,41.088
-1.71,-0.11,0,40.7544,41.28
-1.72,-0.11,0,41.7615,41.456
-1.73,-0.11,0,41.5662,41.632
-1.74,-0.11,0,40.9925,41.776
-1.75,-0.11,0,41.2549,41.968
-1.76,-0.11,0,40.5286,42.096
-1.77,-0.11,0,39.7778,42.304
-1.78,-0.11,0,40.7361,42.48
-1.79,-0.11,0,40.8887,42.64
-1.8,-0.11,0,39.9854,42.816
-1.81,-0.11,0,40.9192,42.976
-1.82,-0.11,0,39.6741,43.104
-1.83,-0.11,0,41.1023,43.296
-1.84,-0.11,0,40.4859,43.504
-1.85,-0.11,0,39.7351,43.68
-1.86,-0.11,0,40.3088,43.84
-1.87,-0.11,0,39.4299,44.016
-1.88,-0.11,0,40.6751,44.208
-1.89,-0.11,0,39.5032,44.384
-1.9,-0.11,0,40.0342,44.512
-1.91,-0.11,0,39.7107,44.704
-1.92,-0.11,0,40.3088,44.864
-1.93,-0.11,0,40.0769,45.056
-1.94,-0.11,0,39.375,45.216
-1.95,-0.11,0,39.7046,45.376
-1.96,-0.11,0,40.8277,45.552
-1.97,-0.11,0,39.1491,45.728
-1.98,-0.11,0,39.7107,45.824
-1.99,-0.11,0,40.2112,46.016
-2,-0.11,0,39.2285,46.24
-2,-0.1,0,41.6395,46.192
-1.99,-0.1,0,42.848,46.096
-1.98,-0.1,0,44.3373,45.904
-1.97,-0.1,0,41.9935,45.712
-1.96,-0.1,0,42.4512,45.52
-1.95,-0.1,0,43.0921,45.328
-1.94,-0.1,0,42.5489,45.184
-1.93,-0.1,0,42.262,45.008
-1.92,-0.1,0,42.7137,44.832
-1.91,-0.1,0,43.4034,44.72
-1.9,-0.1,0,42.9701,44.528
-1.89,-0.1,0,43.7941,44.32
-1.88,-0.1,0,43.5011,44.144
-1.87,-0.1,0,43.0067,43.952
-1.86,-0.1,0,42.9945,43.808
-1.85,-0.1,0,43.5438,43.616
-1.84,-0.1,0,43.495,43.44
-1.83,-0.1,0,43.3119,43.28
-1.82,-0.1,0,44.1115,43.12
-1.81,-0.1,0,43.8307,43.04
-1.8,-0.1,0,43.6415,42.8
-1.79,-0.1,0,43.3607,42.608
-1.78,-0.1,0,44.4472,42.432
-1.77,-0.1,0,43.44,42.272
-1.76,-0.1,0,44.5814,42.16
-1.75,-0.1,0,43.8917,41.872
-1.74,-0.1,0,43.9222,41.76
-1.73,-0.1,0,44.8866,41.664
-1.72,-0.1,0,44.911,41.44
-1.71,-0.1,0,43.4828,41.264
-1.7,-0.1,0,45.2284,41.056
-1.69,-0.1,0,43.6476,40.896
-1.68,-0.1,0,44.5021,40.752
-1.67,-0.1,0,45.3566,40.576
-1.66,-0.1,0,44.6913,40.368
-1.65,-0.1,0,44.5021,40.272
-1.64,-0.1,0,44.203,40.096
-1.63,-0.1,0,44.9538,39.888
-1.62,-0.1,0,46.0219,39.664
-1.61,-0.1,0,44.557,39.52
-1.6,-0.1,0,44.8317,39.36
-1.59,-0.1,0,44.2274,39.184
-1.58,-0.1,0,45.6984,39.024
-1.57,-0.1,0,44.9721,38.912
-1.56,-0.1,0,44.6242,38.672
-1.55,-0.1,0,44.3556,38.496
-1.54,-0.1,0,45.4909,38.336
-1.53,-0.1,0,45.32,38.24
-1.52,-0.1,0,44.1298,38.032
-1.51,-0.1,0,45.3993,37.84
-1.5,-0.1,0,45.8754,37.648
-1.49,-0.1,0,45.204,37.488
-1.48,-0.1,0,45.6557,37.296
-1.47,-0.1,0,46.0097,37.184
-1.46,-0.1,0,44.8256,36.976
-1.45,-0.1,0,46.1684,36.768
-1.44,-0.1,0,45.5092,36.624
-1.43,-0.1,0,44.8683,36.432
-1.42,-0.1,0,44.6547,36.272
-1.41,-0.1,0,45.8693,36.112
-1.4,-0.1,0,45.4237,36
-1.39,-0.1,0,45.2589,35.76
-1.38,-0.1,0,46.2111,35.6
-1.37,-0.1,0,45.0636,35.424
-1.36,-0.1,0,45.5275,35.232
-1.35,-0.1,0,45.3505,35.056
-1.34,-0.1,0,45.6313,34.896
-1.33,-0.1,0,45.6557,34.72
-1.32,-0.1,0,46.4858,34.576
-1.31,-0.1,0,45.3749,34.432
-1.3,-0.1,0,44.2885,34.24
-1.29,-0.1,0,45.8083,34.048
-1.28,-0.1,0,45.3627,33.92
-1.27,-0.1,0,46.2539,33.728
-1.26,-0.1,0,45.5336,33.536
-1.25,-0.1,0,46.4675,33.376
-1.24,-0.1,0,45.1613,33.248
-1.23,-0.1,0,45.8144,33.04
-1.22,-0.1,0,45.4115,32.848
-1.21,-0.1,0,46.5041,32.736
-1.2,-0.1,0,47.6455,32.496
-1.19,-0.1,0,45.5947,32.336
-1.18,-0.1,0,45.4909,32.16
-1.17,-0.1,0,45.2773,32.016
-1.16,-0.1,0,45.8449,31.92
-1.15,-0.1,0,46.3454,31.696
-1.14,-0.1,0,45.3993,31.488
-1.13,-0.1,0,45.4909,31.312
-1.12,-0.1,0,46.1745,31.12
-1.11,-0.1,0,45.5947,30.976
-1.1,-0.1,0,45.5519,30.832
-1.09,-0.1,0,45.735,30.624
-1.08,-0.1,0,45.9365,30.448
-1.07,-0.1,0,46.2233,30.384
-1.06,-0.1,0,45.613,30.08
-1.05,-0.1,0,46.4064,29.952
-1.04,-0.1,0,45.9792,29.856
-1.03,-0.1,0,46.4614,29.6
-1.02,-0.1,0,45.4115,29.408
-1.01,-0.1,0,46.0036,29.264
-1,-0.1,0,45.8693,29.104
-0.99,-0.1,0,46.5835,29.008
-0.98,-0.1,0,46.8154,28.8
-0.97,-0.1,0,46.736,28.56
-0.96,-0.1,0,45.8693,28.416
-0.95,-0.1,0,45.8754,28.32
-0.94,-0.1,0,45.7717,28.048
-0.93,-0.1,0,46.2111,27.888
-0.92,-0.1,0,45.6252,27.744
-0.91,-0.1,0,45.5458,27.536
-0.9,-0.1,0,45.4665,27.392
-0.89,-0.1,0,45.6862,27.2
-0.88,-0.1,0,46.2966,27.04
-0.87,-0.1,0,45.5824,26.88
-0.86,-0.1,0,45.3383,26.672
-0.85,-0.1,0,46.0768,26.528
-0.84,-0.1,0,45.7289,26.368
-0.83,-0.1,0,45.8205,26.176
-0.82,-0.1,0,45.5397,26.032
-0.81,-0.1,0,45.9426,25.824
-0.8,-0.1,0,45.8937,25.648
-0.79,-0.1,0,45.8022,25.488
-0.78,-0.1,0,46.028,25.312
-0.77,-0.1,0,46.3027,25.136
-0.76,-0.1,0,45.6801,24.96
-0.75,-0.1,0,44.4594,24.8
-0.74,-0.1,0,45.5031,24.624
-0.73,-0.1,0,45.0758,24.48
-0.72,-0.1,0,45.2345,24.272
-0.71,-0.1,0,44.9416,24.128
-0.7,-0.1,0,45.1674,23.936
-0.69,-0.1,0,44.5082,23.808
-0.68,-0.1,0,45.9609,23.6
-0.67,-0.1,0,45.3383,23.44
-0.66,-0.1,0,45.1369,23.248
-0.65,-0.1,0,45.4115,23.088
-0.64,-0.1,0,45.9426,23.024
-0.63,-0.1,0,44.5875,22.768
-0.62,-0.1,0,45.7472,22.592
-0.61,-0.1,0,45.6069,22.512
-0.6,-0.1,0,45.3627,22.32
-0.59,-0.1,0,45.9609,22.064
-0.58,-0.1,0,45.4726,21.872
-0.57,-0.1,0,46.382,21.824
-0.56,-0.1,0,45.912,21.616
-0.55,-0.1,0,44.8317,21.392
-0.54,-0.1,0,46.1806,21.184
-0.53,-0.1,0,46.321,21.04
-0.52,-0.1,0,45.0819,20.848
-0.51,-0.1,0,46.028,20.688
-0.5,-0.1,0,46.0463,20.528
-0.49,-0.1,0,45.381,20.384
-0.48,-0.1,0,47.1633,20.176
-0.47,-0.1,0,45.7106,20.016
-0.46,-0.1,0,46.0585,19.904
-0.45,-0.1,0,46.321,19.632
-0.44,-0.1,0,46.559,19.504
-0.43,-0.1,0,46.4003,19.312
-0.42,-0.1,0,46.9192,19.136
-0.41,-0.1,0,46.8642,18.992
-0.4,-0.1,0,47.7676,18.8
-0.39,-0.1,0,46.8825,18.624
-0.38,-0.1,0,46.9314,18.448
-0.37,-0.1,0,46.8337,18.32
-0.36,-0.1,0,48.1216,18.112
-0.35,-0.1,0,47.8774,18.048
-0.34,-0.1,0,48.616,17.76
-0.33,-0.1,0,47.8164,17.616
-0.32,-0.1,0,48.6648,17.552
-0.31,-0.1,0,48.3108,17.248
-0.3,-0.1,0,48.7503,17.104
-0.29,-0.1,0,48.5916,16.912
-0.28,-0.1,0,48.9151,16.752
-0.27,-0.1,0,49.1165,16.656
-0.26,-0.1,0,48.8113,16.496
-0.25,-0.1,0,49.2996,16.24
-0.24,-0.1,0,49.2264,16.064
-0.23,-0.1,0,50.0809,15.936
-0.22,-0.1,0,49.6963,15.712
-0.21,-0.1,0,49.0555,15.552
-0.2,-0.1,0,49.6109,15.472
-0.19,-0.1,0,49.8367,15.184
-0.18,-0.1,0,50.0015,15.04
-0.17,-0.1,0,50.8499,14.96
-0.16,-0.1,0,49.7696,14.688
-0.15,-0.1,0,50.1053,14.528
-0.14,-0.1,0,51.6007,14.432
-0.13,-0.1,0,51.381,14.16
-0.12,-0.1,0,51.2284,14.016
-0.11,-0.1,0,50.6668,13.824
-0.1,-0.1,0,50.7096,13.648
-0.09,-0.1,0,50.4959,13.488
-0.08,-0.1,0,51.8937,13.328
-0.07,-0.1,0,51.4908,13.152
-0.06,-0.1,0,52.0219,12.976
-0.05,-0.1,0,51.912,12.8
-0.04,-0.1,0,52.028,12.64
-0.03,-0.1,0,52.4918,12.48
-0.02,-0.1,0,53.0045,12.288
-0.01,-0.1,0,53.9323,12.128
0,-0.1,0,52.1439,11.936
0.01,-0.1,0,53.1693,11.744
0.02,-0.1,0,52.736,11.568
0.03,-0.1,0,53.3403,11.424
0.04,-0.1,0,53.737,11.248
0.05,-0.1,0,53.5234,11.12
0.06,-0.1,0,54.3779,10.912
0.07,-0.1,0,54.5427,10.736
0.08,-0.1,0,54.5915,10.576
0.09,-0.1,0,54.1459,10.416
0.1,-0.1,0,54.3718,10.24
0.11,-0.1,0,55.3606,10.064
0.12,-0.1,0,54.8479,9.888
0.13,-0.1,0,54.854,9.824
0.14,-0.1,0,56.1785,9.648
0.15,-0.1,0,56.325,9.344
0.16,-0.1,0,56.5508,9.216
0.17,-0.1,0,56.4898,9.136
0.18,-0.1,0,57.2771,8.848
0.19,-0.1,0,56.1968,8.688
0.2,-0.1,0,57.6189,8.528
0.21,-0.1,0,56.8682,8.352
0.22,-0.1,0,56.8377,8.208
0.23,-0.1,0,58.4063,8.016
0.24,-0.1,0,57.9669,7.808
0.25,-0.1,0,57.8021,7.776
0.26,-0.1,0,59.2059,7.456
0.27,-0.1,0,59.4684,7.312
0.28,-0.1,0,58.5711,7.12
0.29,-0.1,0,59.3646,6.976
0.3,-0.1,0,60.2069,6.816
0.31,-0.1,0,61.5009,6.64
0.32,-0.1,0,60.445,6.48
0.33,-0.1,0,60.9699,6.272
0.34,-0.1,0,62.1784,6.144
0.35,-0.1,0,62.5141,5.968
0.36,-0.1,0,64.2659,5.744
0.37,-0.1,0,62.9963,5.616
0.38,-0.1,0,63.4297,5.552
0.39,-0.1,0,65.9322,5.248
0.4,-0.1,0,65.8589,5.088
0.41,-0.1,0,66.4449,4.912
0.42,-0.1,0,66.1153,4.752
0.43,-0.1,0,67.9464,4.544
0.44,-0.1,0,68.9474,4.384
0.45,-0.1,0,69.8752,4.224
0.46,-0.1,0,70.5283,4.064
0.47,-0.1,0,70.1926,3.888
0.48,-0.1,0,71.7124,3.728
0.49,-0.1,0,72.866,3.648
0.5,-0.1,0,72.4754,3.376
0.51,-0.1,0,72.9637,3.216
0.52,-0.1,0,74.3614,3.024
0.53,-0.1,0,75.8568,2.848
0.54,-0.1,0,76.4794,2.704
0.55,-0.1,0,77.8588,2.512
0.56,-0.1,0,79.7571,2.352
0.57,-0.1,0,80.8191,2.192
0.58,-0.1,0,83.4132,2.112
0.59,-0.1,0,84.6278,1.888
0.6,-0.1,0,88.0886,1.664
0.61,-0.1,0,89.7671,1.472
0.62,-0.1,0,90.6827,1.328
0.63,-0.1,0,93.2768,1.184
0.64,-0.1,0,97.7203,1.008
0.64,-0.09,0,97.8851,1.072
0.63,-0.09,0,95.6633,1.184
0.62,-0.09,0,99.002,1.44
0.61,-0.09,0,98.941,1.616
0.6,-0.09,0,97.4456,1.68
0.59,-0.09,0,98.0926,1.904
0.58,-0.09,0,97.354,2.128
0.57,-0.09,0,96.1516,2.304
0.56,-0.09,0,94.937,2.448
0.55,-0.09,0,93.7651,2.64
0.54,-0.09,0,90.7071,2.72
0.53,-0.09,0,89.4742,2.976
0.52,-0.09,0,89.9075,3.12
0.51,-0.09,0,86.6237,3.328
0.5,-0.09,0,86.697,3.488
0.49,-0.09,0,86.5566,3.648
0.48,-0.09,0,83.9503,3.824
0.47,-0.09,0,82.9188,4.016
0.46,-0.09,0,83.1263,4.128
0.45,-0.09,0,80.7947,4.272
0.44,-0.09,0,79.9341,4.448
0.43,-0.09,0,78.634,4.688
0.42,-0.09,0,78.3654,4.832
0.41,-0.09,0,78.4631,4.928
0.4,-0.09,0,75.9789,5.2
0.39,-0.09,0,76.2108,5.376
0.38,-0.09,0,75.1915,5.52
0.37,-0.09,0,73.1407,5.696
0.36,-0.09,0,73.3543,5.792
0.35,-0.09,0,72.3411,6.016
0.34,-0.09,0,72.4448,6.208
0.33,-0.09,0,71.1386,6.384
0.32,-0.09,0,70.8457,6.56
0.31,-0.09,0,69.2343,6.72
0.3,-0.09,0,69.9606,6.896
0.29,-0.09,0,70.1437,7.056
0.28,-0.09,0,68.5812,7.248
0.27,-0.09,0,69.1122,7.392
0.26,-0.09,0,67.9952,7.568
0.25,-0.09,0,66.4876,7.728
0.24,-0.09,0,66.9759,7.92
0.23,-0.09,0,66.512,8.112
0.22,-0.09,0,66.274,8.208
0.21,-0.09,0,65.6758,8.4
0.2,-0.09,0,65.1509,8.528
0.19,-0.09,0,65.1509,8.8
0.18,-0.09,0,66.0176,8.96
0.17,-0.09,0,64.4551,9.12
0.16,-0.09,0,63.6433,9.28
0.15,-0.09,0,63.8081,9.472
0.14,-0.09,0,64.3025,9.648
0.13,-0.09,0,64.1804,9.808
0.12,-0.09,0,63.7654,10
0.11,-0.09,0,63.0696,10.096
0.1,-0.09,0,62.8498,10.32
0.09,-0.09,0,63.0512,10.496
0.08,-0.09,0,61.5864,10.672
0.07,-0.09,0,61.6413,10.832
0.06,-0.09,0,61.1469,11.008
0.05,-0.09,0,61.6596,11.168
0.04,-0.09,0,60.4511,11.296
0.03,-0.09,0,59.7858,11.536
0.02,-0.09,0,61.1408,11.696
0.01,-0.09,0,60.0543,11.84
0,-0.09,0,59.8407,11.984
-0.01,-0.09,0,58.9373,12.208
-0.02,-0.09,0,58.974,12.352
-0.03,-0.09,0,58.6261,12.544
-0.04,-0.09,0,58.858,12.688
-0.05,-0.09,0,57.7105,12.8
-0.06,-0.09,0,58.2537,13.008
-0.07,-0.09,0,57.1062,13.168
-0.08,-0.09,0,59.0533,13.36
-0.09,-0.09,0,58.2781,13.552
-0.1,-0.09,0,57.564,13.76
-0.11,-0.09,0,56.5752,13.92
-0.12,-0.09,0,57.2405,14.064
-0.13,-0.09,0,56.5935,14.256
-0.14,-0.09,0,56.447,14.416
-0.15,-0.09,0,56.4348,14.592
-0.16,-0.09,0,55.1164,14.752
-0.17,-0.09,0,55.1469,14.944
-0.18,-0.09,0,55.1531,15.104
-0.19,-0.09,0,55.6597,15.264
-0.2,-0.09,0,54.6587,15.44
-0.21,-0.09,0,54.8357,15.616
-0.22,-0.09,0,54.1887,15.792
-0.23,-0.09,0,54.5183,15.936
-0.24,-0.09,0,55.1408,16.112
-0.25,-0.09,0,54.2924,16.272
-0.26,-0.09,0,52.8886,16.416
-0.27,-0.09,0,53.5539,16.624
-0.28,-0.09,0,53.8408,16.816
-0.29,-0.09,0,53.2426,16.912
-0.3,-0.09,0,52.797,17.168
-0.31,-0.09,0,53.1144,17.344
-0.32,-0.09,0,52.8581,17.504
-0.33,-0.09,0,52.8275,17.664
-0.34,-0.09,0,53.4745,17.824
-0.35,-0.09,0,52.7909,18.032
-0.36,-0.09,0,51.4664,18.192
-0.37,-0.09,0,52.4552,18.352
-0.38,-0.09,0,51.558,18.512
-0.39,-0.09,0,52.7299,18.704
-0.4,-0.09,0,51.619,18.848
-0.41,-0.09,0,52.0646,19.024
-0.42,-0.09,0,51.1612,19.2
-0.43,-0.09,0,51.6373,19.328
-0.44,-0.09,0,51.5946,19.52
-0.45,-0.09,0,52.1744,19.664
-0.46,-0.09,0,51.4725,19.888
-0.47,-0.09,0,51.1246,20.048
-0.48,-0.09,0,52.0035,20.224
-0.49,-0.09,0,50.9476,20.4
-0.5,-0.09,0,52.5224,20.576
-0.51,-0.09,0,51.3932,20.752
-0.52,-0.09,0,49.8917,20.864
-0.53,-0.09,0,50.7523,21.104
-0.54,-0.09,0,51.3504,21.264
-0.55,-0.09,0,50.441,21.408
-0.56,-0.09,0,51.5763,21.6
-0.57,-0.09,0,49.9344,21.776
-0.58,-0.09,0,50.7889,21.92
-0.59,-0.09,0,50.3616,22.112
-0.6,-0.09,0,50.6607,22.304
-0.61,-0.09,0,50.5325,22.432
-0.62,-0.09,0,51.2467,22.64
-0.63,-0.09,0,50.6302,22.8
-0.64,-0.09,0,50.3067,22.96
-0.65,-0.09,0,50.5448,23.152
-0.66,-0.09,0,50.7462,23.312
-0.67,-0.09,0,51.6617,23.504
-0.68,-0.09,0,50.4105,23.648
-0.69,-0.09,0,49.7452,23.824
-0.7,-0.09,0,50.7889,24.016
-0.71,-0.09,0,51.1185,24.192
-0.72,-0.09,0,51.6984,24.32
-0.73,-0.09,0,50.4532,24.448
-0.74,-0.09,0,50.441,24.608
-0.75,-0.09,0,50.5264,24.864
-0.76,-0.09,0,49.8489,25.024
-0.77,-0.09,0,50.8011,25.2
-0.78,-0.09,0,51.5091,25.36
-0.79,-0.09,0,50.3616,25.504
-0.8,-0.09,0,50.2152,25.728
-0.81,-0.09,0,50.6851,25.872
-0.82,-0.09,0,49.9527,26.064
-0.83,-0.09,0,51.0636,26.256
-0.84,-0.09,0,49.8733,26.336
-0.85,-0.09,0,51.0147,26.576
-0.86,-0.09,0,50.6729,26.768
-0.87,-0.09,0,51.5213,26.88
-0.88,-0.09,0,50.8438,27.072
-0.89,-0.09,0,49.8306,27.248
-0.9,-0.09,0,50.8072,27.44
-0.91,-0.09,0,49.4095,27.616
-0.92,-0.09,0,49.971,27.792
-0.93,-0.09,0,50.8988,27.936
-0.94,-0.09,0,49.4827,28.096
-0.95,-0.09,0,50.9354,28.288
-0.96,-0.09,0,50.1236,28.464
-0.97,-0.09,0,50.2701,28.56
-0.98,-0.09,0,51.204,28.784
-0.99,-0.09,0,49.6658,28.992
-1,-0.09,0,49.5254,29.104
-1.01,-0.09,0,50.2091,29.248
-1.02,-0.09,0,49.3851,29.504
-1.03,-0.09,0,50.7096,29.664
-1.04,-0.09,0,50.1419,29.776
-1.05,-0.09,0,49.5254,30
-1.06,-0.09,0,50.5203,30.192
-1.07,-0.09,0,50.9232,30.336
-1.08,-0.09,0,50.1724,30.512
-1.09,-0.09,0,49.7085,30.624
-1.1,-0.09,0,49.8428,30.784
-1.11,-0.09,0,50.1175,30.976
-1.12,-0.09,0,49.8611,31.184
-1.13,-0.09,0,50.9354,31.36
-1.14,-0.09,0,48.5305,31.488
-1.15,-0.09,0,48.6892,31.664
-1.16,-0.09,0,49.3179,31.888
-1.17,-0.09,0,49.7269,32.016
-1.18,-0.09,0,49.9588,32.208
-1.19,-0.09,0,48.7197,32.352
-1.2,-0.09,0,49.0982,32.576
-1.21,-0.09,0,48.2498,32.752
-1.22,-0.09,0,47.676,32.896
-1.23,-0.09,0,48.9212,33.088
-1.24,-0.09,0,49.2264,33.232
-1.25,-0.09,0,48.9883,33.36
-1.26,-0.09,0,49.031,33.504
-1.27,-0.09,0,50.0198,33.744
-1.28,-0.09,0,49.6597,33.904
-1.29,-0.09,0,49.2141,34.096
-1.3,-0.09,0,49.9527,34.288
-1.31,-0.09,0,48.9151,34.432
-1.32,-0.09,0,50.2762,34.608
-1.33,-0.09,0,48.9761,34.784
-1.34,-0.09,0,49.8367,34.944
-1.35,-0.09,0,50.0687,35.136
-1.36,-0.09,0,48.7442,35.312
-1.37,-0.09,0,48.793,35.456
-1.38,-0.09,0,49.3301,35.664
-1.39,-0.09,0,49.1226,35.792
-1.4,-0.09,0,47.8591,35.984
-1.41,-0.09,0,48.9517,36.128
-1.42,-0.09,0,48.5427,36.336
-1.43,-0.09,0,49.1104,36.48
-1.44,-0.09,0,49.5804,36.672
-1.45,-0.09,0,48.0178,36.832
-1.46,-0.09,0,48.5305,36.944
-1.47,-0.09,0,47.9812,37.184
-1.48,-0.09,0,48.4024,37.344
-1.49,-0.09,0,48.8052,37.52
-1.5,-0.09,0,48.8845,37.664
-1.51,-0.09,0,48.6221,37.856
-1.52,-0.09,0,48.2437,38.032
-1.53,-0.09,0,48.323,38.112
-1.54,-0.09,0,48.3779,38.352
-1.55,-0.09,0,47.4319,38.48
-1.56,-0.09,0,48.616,38.704
-1.57,-0.09,0,48.1521,38.896
-1.58,-0.09,0,48.0178,39.04
-1.59,-0.09,0,48.4573,39.248
-1.6,-0.09,0,47.1084,39.328
-1.61,-0.09,0,46.9863,39.584
-1.62,-0.09,0,47.2854,39.664
-1.63,-0.09,0,47.4197,39.888
-1.64,-0.09,0,47.2793,40.08
-1.65,-0.09,0,47.1999,40.272
-1.66,-0.09,0,47.1816,40.432
-1.67,-0.09,0,47.4136,40.592
-1.68,-0.09,0,46.5224,40.688
-1.69,-0.09,0,47.3647,40.928
-1.7,-0.09,0,47.0046,41.104
-1.71,-0.09,0,46.1684,41.28
-1.72,-0.09,0,46.7727,41.456
-1.73,-0.09,0,46.6628,41.584
-1.74,-0.09,0,47.4746,41.776
-1.75,-0.09,0,46.6079,41.968
-1.76,-0.09,0,46.5835,42.064
-1.77,-0.09,0,46.852,42.272
-1.78,-0.09,0,46.6872,42.448
-1.79,-0.09,0,46.0524,42.576
-1.8,-0.09,0,46.7238,42.832
-1.81,-0.09,0,46.3393,42.976
-1.82,-0.09,0,46.4553,43.168
-1.83,-0.09,0,45.8693,43.328
-1.84,-0.09,0,47.0595,43.488
-1.85,-0.09,0,46.0463,43.68
-1.86,-0.09,0,46.5773,43.824
-1.87,-0.09,0,46.4187,44.016
-1.88,-0.09,0,45.6862,44.128
-1.89,-0.09,0,45.8876,44.288
-1.9,-0.09,0,45.0331,44.48
-1.91,-0.09,0,44.9721,44.704
-1.92,-0.09,0,44.8805,44.896
-1.93,-0.09,0,44.8134,45.04
-1.94,-0.09,0,44.1603,45.216
-1.95,-0.09,0,45.1125,45.376
-1.96,-0.09,0,46.26,45.552
-1.97,-0.09,0,44.8439,45.712
-1.98,-0.09,0,44.7035,45.808
-1.99,-0.09,0,44.1725,46.032
-2,-0.09,0,45.143,46.24
-2,-0.08,0,47.4319,46.208
-1.99,-0.08,0,48.6221,46.08
-1.98,-0.08,0,47.7981,45.904
-1.97,-0.08,0,47.4502,45.664
-1.96,-0.08,0,47.7126,45.536
-1.95,-0.08,0,48.5611,45.376
-1.94,-0.08,0,47.4929,45.2
-1.93,-0.08,0,48.4268,45.024
-1.92,-0.08,0,48.7991,44.816
-1.91,-0.08,0,49.5437,44.672
-1.9,-0.08,0,48.2986,44.512
-1.89,-0.08,0,49.1043,44.32
-1.88,-0.08,0,47.4868,44.144
-1.87,-0.08,0,49.1348,43.952
-1.86,-0.08,0,48.5794,43.792
-1.85,-0.08,0,48.3596,43.616
-1.84,-0.08,0,50.6241,43.552
-1.83,-0.08,0,49.4461,43.296
-1.82,-0.08,0,49.0982,43.12
-1.81,-0.08,0,50.4044,43.04
-1.8,-0.08,0,50.6424,42.864
-1.79,-0.08,0,49.5804,42.592
-1.78,-0.08,0,49.6353,42.48
-1.77,-0.08,0,49.0555,42.256
-1.76,-0.08,0,49.7085,42.112
-1.75,-0.08,0,50.4532,41.92
-1.74,-0.08,0,49.1165,41.76
-1.73,-0.08,0,49.8978,41.616
-1.72,-0.08,0,51.7899,41.488
-1.71,-0.08,0,50.2701,41.248
-1.7,-0.08,0,50.4349,41.088
-1.69,-0.08,0,50.9476,40.896
-1.68,-0.08,0,50.7889,40.72
-1.67,-0.08,0,49.8917,40.576
-1.66,-0.08,0,50.7035,40.368
-1.65,-0.08,0,50.0931,40.208
-1.64,-0.08,0,51.0331,40.032
-1.63,-0.08,0,50.38,39.872
-1.62,-0.08,0,50.7584,39.792
-1.61,-0.08,0,51.8387,39.584
-1.6,-0.08,0,51.6251,39.44
-1.59,-0.08,0,52.1012,39.248
-1.58,-0.08,0,51.3199,39.008
-1.57,-0.08,0,51.2162,38.848
-1.56,-0.08,0,51.0514,38.688
-1.55,-0.08,0,52.2111,38.512
-1.54,-0.08,0,52.5407,38.32
-1.53,-0.08,0,51.4176,38.176
-1.52,-0.08,0,51.8326,38.08
-1.51,-0.08,0,51.4664,37.808
-1.5,-0.08,0,52.1683,37.648
-1.49,-0.08,0,52.6688,37.552
-1.48,-0.08,0,53.1449,37.296
-1.47,-0.08,0,52.2965,37.136
-1.46,-0.08,0,54.0971,36.944
-1.45,-0.08,0,54.0788,36.768
-1.44,-0.08,0,53.1327,36.64
-1.43,-0.08,0,53.1327,36.416
-1.42,-0.08,0,53.0656,36.288
-1.41,-0.08,0,53.7126,36.176
-1.4,-0.08,0,54.0544,35.92
-1.39,-0.08,0,53.6515,35.776
-1.38,-0.08,0,53.0656,35.632
-1.37,-0.08,0,54.3535,35.424
-1.36,-0.08,0,53.6637,35.232
-1.35,-0.08,0,53.5356,35.136
-1.34,-0.08,0,53.2426,34.912
-1.33,-0.08,0,52.2599,34.72
-1.32,-0.08,0,54.9211,34.576
-1.31,-0.08,0,53.5234,34.416
-1.3,-0.08,0,54.0788,34.224
-1.29,-0.08,0,53.9384,34.064
-1.28,-0.08,0,54.2009,33.872
-1.27,-0.08,0,55.4033,33.744
-1.26,-0.08,0,53.7492,33.536
-1.25,-0.08,0,54.4572,33.36
-1.24,-0.08,0,53.7553,33.184
-1.23,-0.08,0,54.4389,33.008
-1.22,-0.08,0,55.9221,32.864
-1.21,-0.08,0,53.9567,32.688
-1.2,-0.08,0,54.4389,32.48
-1.19,-0.08,0,54.3474,32.336
-1.18,-0.08,0,54.5305,32.176
-1.17,-0.08,0,56.2578,32
-1.16,-0.08,0,54.6831,31.856
-1.15,-0.08,0,55.3545,31.664
-1.14,-0.08,0,54.8601,31.472
-1.13,-0.08,0,54.7197,31.328
-1.12,-0.08,0,55.9282,31.152
-1.11,-0.08,0,56.1602,31.056
-1.1,-0.08,0,54.3229,30.784
-1.09,-0.08,0,55.739,30.624
-1.08,-0.08,0,55.3423,30.448
-1.07,-0.08,0,55.4033,30.288
-1.06,-0.08,0,55.5315,30.112
-1.05,-0.08,0,55.1408,29.968
-1.04,-0.08,0,55.9893,29.76
-1.03,-0.08,0,55.7817,29.616
-1.02,-0.08,0,56.4531,29.44
-1.01,-0.08,0,56.7766,29.248
-1,-0.08,0,56.1724,29.136
-0.99,-0.08,0,56.1846,28.896
-0.98,-0.08,0,55.9343,28.752
-0.97,-0.08,0,57.1429,28.624
-0.96,-0.08,0,56.6179,28.4
-0.95,-0.08,0,56.4104,28.24
-0.94,-0.08,0,56.1052,28.16
-0.93,-0.08,0,56.2029,27.872
-0.92,-0.08,0,57.21,27.744
-0.91,-0.08,0,56.0686,27.552
-0.9,-0.08,0,56.6546,27.36
-0.89,-0.08,0,56.4409,27.232
-0.88,-0.08,0,57.1184,27.008
-0.87,-0.08,0,56.0869,26.864
-0.86,-0.08,0,57.4969,26.704
-0.85,-0.08,0,57.8082,26.512
-0.84,-0.08,0,57.6861,26.336
-0.83,-0.08,0,56.5752,26.176
-0.82,-0.08,0,56.4714,26
-0.81,-0.08,0,56.7034,25.84
-0.8,-0.08,0,56.032,25.648
-0.79,-0.08,0,56.2212,25.488
-0.78,-0.08,0,56.6301,25.312
-0.77,-0.08,0,57.5274,25.152
-0.76,-0.08,0,55.9771,24.992
-0.75,-0.08,0,57.1612,24.816
-0.74,-0.08,0,57.2161,24.608
-0.73,-0.08,0,56.972,24.512
-0.72,-0.08,0,57.7593,24.352
-0.71,-0.08,0,57.1795,24.16
-0.7,-0.08,0,57.5335,23.968
-0.69,-0.08,0,58.0523,23.824
-0.68,-0.08,0,57.7532,23.6
-0.67,-0.08,0,57.3687,23.456
-0.66,-0.08,0,57.4786,23.28
-0.65,-0.08,0,58.2598,23.056
-0.64,-0.08,0,57.2649,22.912
-0.63,-0.08,0,57.5335,22.752
-0.62,-0.08,0,56.7339,22.608
-0.61,-0.08,0,56.9353,22.432
-0.6,-0.08,0,57.5823,22.24
-0.59,-0.08,0,57.9058,22.064
-0.58,-0.08,0,57.6067,21.888
-0.57,-0.08,0,58.919,21.712
-0.56,-0.08,0,57.1673,21.568
-0.55,-0.08,0,56.5203,21.376
-0.54,-0.08,0,56.856,21.248
-0.53,-0.08,0,58.3941,21.04
-0.52,-0.08,0,58.6871,20.88
-0.51,-0.08,0,59.2425,20.672
-0.5,-0.08,0,58.0401,20.528
-0.49,-0.08,0,57.7105,20.368
-0.48,-0.08,0,58.9312,20.272
-0.47,-0.08,0,57.7349,20.032
-0.46,-0.08,0,58.034,19.856
-0.45,-0.08,0,58.9312,19.648
-0.44,-0.08,0,58.6261,19.504
-0.43,-0.08,0,58.8641,19.312
-0.42,-0.08,0,59.4745,19.136
-0.41,-0.08,0,58.4613,19.008
-0.4,-0.08,0,58.6077,18.816
-0.39,-0.08,0,58.3148,18.64
-0.38,-0.08,0,59.743,18.464
-0.37,-0.08,0,58.504,18.304
-0.36,-0.08,0,58.7786,18.112
-0.35,-0.08,0,59.6454,18.016
-0.34,-0.08,0,59.2486,17.856
-0.33,-0.08,0,60.4022,17.632
-0.32,-0.08,0,59.5904,17.44
-0.31,-0.08,0,61.2995,17.248
-0.3,-0.08,0,60.6281,17.104
-0.29,-0.08,0,60.1093,16.944
-0.28,-0.08,0,60.6342,16.752
-0.27,-0.08,0,61.5131,16.56
-0.26,-0.08,0,61.3483,16.432
-0.25,-0.08,0,61.0553,16.336
-0.24,-0.08,0,61.7817,16.16
-0.23,-0.08,0,60.5365,16
-0.22,-0.08,0,61.3117,15.792
-0.21,-0.08,0,62.8559,15.552
-0.2,-0.08,0,62.74,15.376
-0.19,-0.08,0,62.8925,15.312
-0.18,-0.08,0,62.0563,15.024
-0.17,-0.08,0,63.3869,14.864
-0.16,-0.08,0,62.1052,14.672
-0.15,-0.08,0,62.7155,14.512
-0.14,-0.08,0,63.2282,14.4
-0.13,-0.08,0,62.8193,14.16
-0.12,-0.08,0,63.2954,14.016
-0.11,-0.08,0,64.0767,13.888
-0.1,-0.08,0,65.4622,13.664
-0.09,-0.08,0,64.8762,13.504
-0.08,-0.08,0,66.0604,13.424
-0.07,-0.08,0,66.3656,13.152
-0.06,-0.08,0,64.7786,12.976
-0.05,-0.08,0,65.0777,12.88
-0.04,-0.08,0,66.0298,12.736
-0.03,-0.08,0,66.5242,12.528
-0.02,-0.08,0,66.9698,12.4
-0.01,-0.08,0,68.4286,12.224
0,-0.08,0,67.8976,12.048
0.01,-0.08,0,69.7348,11.76
0.02,-0.08,0,68.0929,11.6
0.03,-0.08,0,69.4357,11.424
0.04,-0.08,0,69.2953,11.264
0.05,-0.08,0,70.4855,11.088
0.06,-0.08,0,69.57,10.896
0.07,-0.08,0,69.4357,10.736
0.08,-0.08,0,69.8508,10.576
0.09,-0.08,0,71.0288,10.512
0.1,-0.08,0,71.1447,10.352
0.11,-0.08,0,72.1641,10.144
0.12,-0.08,0,73.3665,9.888
0.13,-0.08,0,72.7744,9.728
0.14,-0.08,0,73.5923,9.552
0.15,-0.08,0,73.4397,9.36
0.16,-0.08,0,73.7877,9.2
0.17,-0.08,0,73.5191,9.024
0.18,-0.08,0,75.0145,8.976
0.19,-0.08,0,74.9413,8.8
0.2,-0.08,0,75.6127,8.576
0.21,-0.08,0,76.223,8.32
0.22,-0.08,0,76.6625,8.192
0.23,-0.08,0,77.163,8.016
0.24,-0.08,0,78.9636,7.856
0.25,-0.08,0,78.927,7.648
0.26,-0.08,0,79.6838,7.504
0.27,-0.08,0,79.0918,7.328
0.28,-0.08,0,79.3664,7.136
0.29,-0.08,0,80.3674,6.96
0.3,-0.08,0,82.2413,6.832
0.31,-0.08,0,81.6858,6.624
0.32,-0.08,0,82.87,6.48
0.33,-0.08,0,83.3583,6.304
0.34,-0.08,0,84.2799,6.128
0.35,-0.08,0,84.2311,5.952
0.36,-0.08,0,85.5739,5.792
0.37,-0.08,0,86.3369,5.728
0.38,-0.08,0,85.7875,5.472
0.39,-0.08,0,88.2229,5.376
0.4,-0.08,0,89.0042,5.088
0.41,-0.08,0,90.408,4.944
0.42,-0.08,0,89.8648,4.784
0.43,-0.08,0,92.3917,4.592
0.44,-0.08,0,93.1852,4.416
0.45,-0.08,0,94.6501,4.24
0.46,-0.08,0,96.2798,4.096
0.47,-0.08,0,97.0367,3.872
0.48,-0.08,0,97.879,3.744
0.49,-0.08,0,100.644,3.552
0.5,-0.08,0,101.065,3.392
0.51,-0.08,0,101.01,3.248
0.52,-0.08,0,103.659,3.104
0.53,-0.08,0,104.929,2.88
0.54,-0.08,0,105.069,2.704
0.55,-0.08,0,105.6,2.528
0.56,-0.08,0,106.143,2.352
0.57,-0.08,0,105.85,2.208
0.58,-0.08,0,106.113,2.032
0.59,-0.08,0,104.501,1.856
0.6,-0.08,0,103.439,1.68
0.61,-0.08,0,102.927,1.52
0.62,-0.08,0,100.668,1.344
0.63,-0.08,0,97.9278,1.168
0.64,-0.08,0,103.787,1.008
0.64,-0.07,0,107.437,1.072
0.63,-0.07,0,103.592,1.232
0.62,-0.07,0,104.367,1.44
0.61,-0.07,0,103.116,1.6
0.6,-0.07,0,104.74,1.808
0.59,-0.07,0,105.325,1.984
0.58,-0.07,0,107.279,2.128
0.57,-0.07,0,108.072,2.336
0.56,-0.07,0,108.847,2.48
0.55,-0.07,0,109.61,2.656
0.54,-0.07,0,108.737,2.8
0.53,-0.07,0,108.506,2.992
0.52,-0.07,0,109.226,3.152
0.51,-0.07,0,107.773,3.344
0.5,-0.07,0,106.125,3.472
0.49,-0.07,0,105.899,3.648
0.48,-0.07,0,105.002,3.84
0.47,-0.07,0,105.289,4
0.46,-0.07,0,103.488,4.16
0.45,-0.07,0,103.055,4.352
0.44,-0.07,0,103.037,4.496
0.43,-0.07,0,102.341,4.688
0.42,-0.07,0,101.028,4.88
0.41,-0.07,0,101.596,5.024
0.4,-0.07,0,99.5819,5.152
0.39,-0.07,0,98.0743,5.392
0.38,-0.07,0,97.9766,5.52
0.37,-0.07,0,97.9095,5.664
0.36,-0.07,0,96.176,5.888
0.35,-0.07,0,96.0784,6.08
0.34,-0.07,0,94.4975,6.24
0.33,-0.07,0,93.3561,6.4
0.32,-0.07,0,94.3632,6.576
0.31,-0.07,0,92.6054,6.72
0.3,-0.07,0,91.4396,6.896
0.29,-0.07,0,91.7936,7.088
0.28,-0.07,0,91.4884,7.248
0.27,-0.07,0,89.8221,7.424
0.26,-0.07,0,89.8953,7.616
0.25,-0.07,0,89.1079,7.728
0.24,-0.07,0,88.3023,7.936
0.23,-0.07,0,86.9839,8.096
0.22,-0.07,0,86.343,8.208
0.21,-0.07,0,86.0378,8.464
0.2,-0.07,0,86.3674,8.624
0.19,-0.07,0,85.3236,8.72
0.18,-0.07,0,85.519,8.944
0.17,-0.07,0,83.5353,9.136
0.16,-0.07,0,82.5404,9.296
0.15,-0.07,0,83.2667,9.456
0.14,-0.07,0,82.0948,9.584
0.13,-0.07,0,83.1751,9.824
0.12,-0.07,0,82.0215,9.968
0.11,-0.07,0,80.3308,10.16
0.1,-0.07,0,81.4844,10.32
0.09,-0.07,0,78.7317,10.512
0.08,-0.07,0,79.6533,10.672
0.07,-0.07,0,78.5546,10.832
0.06,-0.07,0,77.8283,11.024
0.05,-0.07,0,78.3593,11.184
0.04,-0.07,0,77.926,11.296
0.03,-0.07,0,77.0531,11.472
0.02,-0.07,0,76.7113,11.68
0.01,-0.07,0,76.5465,11.872
0,-0.07,0,75.8812,11.984
-0.01,-0.07,0,75.222,12.208
-0.02,-0.07,0,73.8914,12.4
-0.03,-0.07,0,73.1529,12.56
-0.04,-0.07,0,74.4591,12.72
-0.05,-0.07,0,73.7449,12.816
-0.06,-0.07,0,72.6585,13.072
-0.07,-0.07,0,72.9514,13.248
-0.08,-0.07,0,73.6229,13.392
-0.09,-0.07,0,72.8172,13.584
-0.1,-0.07,0,71.8589,13.728
-0.11,-0.07,0,72.6157,13.904
-0.12,-0.07,0,72.1641,14.064
-0.13,-0.07,0,71.5964,14.256
-0.14,-0.07,0,71.6819,14.416
-0.15,-0.07,0,70.4123,14.528
-0.16,-0.07,0,71.1753,14.752
-0.17,-0.07,0,70.2353,14.928
-0.18,-0.07,0,68.9535,15.104
-0.19,-0.07,0,69.6249,15.28
-0.2,-0.07,0,68.1417,15.44
-0.21,-0.07,0,69.9545,15.584
-0.22,-0.07,0,69.8569,15.792
-0.23,-0.07,0,67.6107,15.968
-0.24,-0.07,0,67.7084,16.08
-0.25,-0.07,0,68.0685,16.32
-0.26,-0.07,0,66.9454,16.48
-0.27,-0.07,0,66.7989,16.64
-0.28,-0.07,0,67.0553,16.816
-0.29,-0.07,0,67.9037,16.992
-0.3,-0.07,0,66.1153,17.152
-0.31,-0.07,0,66.4754,17.328
-0.32,-0.07,0,66.8905,17.536
-0.33,-0.07,0,66.4388,17.664
-0.34,-0.07,0,65.9444,17.824
-0.35,-0.07,0,65.0472,18.032
-0.36,-0.07,0,66.3411,18.192
-0.37,-0.07,0,65.2181,18.352
-0.38,-0.07,0,65.3829,18.528
-0.39,-0.07,0,66.0726,18.656
-0.4,-0.07,0,65.2974,18.88
-0.41,-0.07,0,65.865,19.056
-0.42,-0.07,0,65.4805,19.216
-0.43,-0.07,0,64.9678,19.392
-0.44,-0.07,0,64.7176,19.568
-0.45,-0.07,0,64.8824,19.744
-0.46,-0.07,0,64.9739,19.872
-0.47,-0.07,0,64.9251,20.08
-0.48,-0.07,0,65.3768,20.224
-0.49,-0.07,0,64.8824,20.416
-0.5,-0.07,0,64.3696,20.592
-0.51,-0.07,0,64.5955,20.768
-0.52,-0.07,0,64.4551,20.928
-0.53,-0.07,0,64.1255,21.104
-0.54,-0.07,0,64.5528,21.28
-0.55,-0.07,0,65.4317,21.408
-0.56,-0.07,0,65.1936,21.536
-0.57,-0.07,0,63.7898,21.76
-0.58,-0.07,0,63.686,21.872
-0.59,-0.07,0,63.7165,22.128
-0.6,-0.07,0,63.0207,22.32
-0.61,-0.07,0,64.9373,22.464
-0.62,-0.07,0,64.7603,22.64
-0.63,-0.07,0,63.2527,22.8
-0.64,-0.07,0,64.4673,22.96
-0.65,-0.07,0,63.5212,23.152
-0.66,-0.07,0,63.8081,23.312
-0.67,-0.07,0,63.1062,23.408
-0.68,-0.07,0,63.5701,23.664
-0.69,-0.07,0,64.1011,23.84
-0.7,-0.07,0,64.2354,24.032
-0.71,-0.07,0,63.7593,24.176
-0.72,-0.07,0,63.1977,24.288
-0.73,-0.07,0,63.0696,24.528
-0.74,-0.07,0,63.8874,24.672
-0.75,-0.07,0,63.3992,24.848
-0.76,-0.07,0,63.6555,25.024
-0.77,-0.07,0,62.7583,25.136
-0.78,-0.07,0,63.2832,25.376
-0.79,-0.07,0,62.5568,25.568
-0.8,-0.07,0,63.0818,25.712
-0.81,-0.07,0,62.8742,25.888
-0.82,-0.07,0,61.3666,25.968
-0.83,-0.07,0,62.3798,26.16
-0.84,-0.07,0,62.6911,26.352
-0.85,-0.07,0,62.8986,26.592
-0.86,-0.07,0,62.8559,26.72
-0.87,-0.07,0,61.9892,26.912
-0.88,-0.07,0,61.8854,27.072
-0.89,-0.07,0,61.2995,27.248
-0.9,-0.07,0,62.7338,27.424
-0.91,-0.07,0,61.3361,27.536
-0.92,-0.07,0,62.2394,27.792
-0.93,-0.07,0,61.8,27.952
-0.94,-0.07,0,62.3066,28.096
-0.95,-0.07,0,61.8732,28.288
-0.96,-0.07,0,61.3849,28.432
-0.97,-0.07,0,62.3554,28.624
-0.98,-0.07,0,62.038,28.8
-0.99,-0.07,0,61.2445,28.96
-1,-0.07,0,60.9027,29.152
-1.01,-0.07,0,60.799,29.312
-1.02,-0.07,0,60.3412,29.488
-1.03,-0.07,0,61.6047,29.664
-1.04,-0.07,0,60.4633,29.84
-1.05,-0.07,0,59.6454,29.984
-1.06,-0.07,0,60.2374,30.128
-1.07,-0.07,0,59.8346,30.336
-1.08,-0.07,0,59.8224,30.464
-1.09,-0.07,0,60.0299,30.592
-1.1,-0.07,0,61.446,30.848
-1.11,-0.07,0,59.5294,31.024
-1.12,-0.07,0,60.9455,31.2
-1.13,-0.07,0,59.8224,31.344
-1.14,-0.07,0,59.7186,31.52
-1.15,-0.07,0,58.3148,31.728
-1.16,-0.07,0,59.096,31.872
-1.17,-0.07,0,58.797,32.032
-1.18,-0.07,0,59.5599,32.224
-1.19,-0.07,0,58.6138,32.336
-1.2,-0.07,0,57.8997,32.512
-1.21,-0.07,0,58.6505,32.736
-1.22,-0.07,0,58.7115,32.88
-1.23,-0.07,0,58.211,33.072
-1.24,-0.07,0,58.3331,33.248
-1.25,-0.07,0,58.7054,33.408
-1.26,-0.07,0,59.1571,33.568
-1.27,-0.07,0,56.9842,33.76
-1.28,-0.07,0,57.6861,33.856
-1.29,-0.07,0,57.4053,34.112
-1.3,-0.07,0,57.6189,34.272
-1.31,-0.07,0,57.3992,34.368
-1.32,-0.07,0,58.0096,34.624
-1.33,-0.07,0,58.1744,34.784
-1.34,-0.07,0,56.624,34.96
-1.35,-0.07,0,57.8997,35.12
-1.36,-0.07,0,57.1184,35.296
-1.37,-0.07,0,56.5569,35.424
-1.38,-0.07,0,57.0574,35.648
-1.39,-0.07,0,57.326,35.808
-1.4,-0.07,0,57.7837,35.92
-1.41,-0.07,0,56.2212,36.096
-1.42,-0.07,0,56.4531,36.32
-1.43,-0.07,0,56.4592,36.48
-1.44,-0.07,0,55.5864,36.576
-1.45,-0.07,0,55.9282,36.816
-1.46,-0.07,0,56.2578,36.976
-1.47,-0.07,0,56.6973,37.136
-1.48,-0.07,0,56.2578,37.344
-1.49,-0.07,0,56.148,37.52
-1.5,-0.07,0,54.7563,37.632
-1.51,-0.07,0,55.0615,37.84
-1.52,-0.07,0,54.5,38.048
-1.53,-0.07,0,54.9699,38.192
-1.54,-0.07,0,55.3789,38.384
-1.55,-0.07,0,55.1531,38.528
-1.56,-0.07,0,55.562,38.704
-1.57,-0.07,0,54.8479,38.88
-1.58,-0.07,0,55.8061,39.04
-1.59,-0.07,0,53.5417,39.216
-1.6,-0.07,0,54.0117,39.392
-1.61,-0.07,0,53.4684,39.552
-1.62,-0.07,0,53.6821,39.728
-1.63,-0.07,0,54.2558,39.856
-1.64,-0.07,0,54.3107,40.096
-1.65,-0.07,0,52.443,40.224
-1.66,-0.07,0,53.3586,40.416
-1.67,-0.07,0,53.3158,40.56
-1.68,-0.07,0,53.6943,40.768
-1.69,-0.07,0,53.2731,40.928
-1.7,-0.07,0,53.444,41.088
-1.71,-0.07,0,52.4613,41.248
-1.72,-0.07,0,52.8764,41.392
-1.73,-0.07,0,52.1317,41.632
-1.74,-0.07,0,52.6322,41.776
-1.75,-0.07,0,51.7411,41.904
-1.76,-0.07,0,51.9364,42.128
-1.77,-0.07,0,51.5458,42.288
-1.78,-0.07,0,52.4552,42.464
-1.79,-0.07,0,52.4857,42.64
-1.8,-0.07,0,51.6373,42.752
-1.81,-0.07,0,52.2294,43.008
-1.82,-0.07,0,52.2111,43.088
-1.83,-0.07,0,51.6129,43.328
-1.84,-0.07,0,51.973,43.504
-1.85,-0.07,0,52.0157,43.6
-1.86,-0.07,0,51.4115,43.84
-1.87,-0.07,0,50.7767,44.016
-1.88,-0.07,0,51.1917,44.16
-1.89,-0.07,0,50.8377,44.336
-1.9,-0.07,0,49.3728,44.512
-1.91,-0.07,0,51.0636,44.672
-1.92,-0.07,0,49.971,44.848
-1.93,-0.07,0,50.1724,45.056
-1.94,-0.07,0,49.3973,45.184
-1.95,-0.07,0,50.4288,45.36
-1.96,-0.07,0,50.3739,45.552
-1.97,-0.07,0,49.6353,45.712
-1.98,-0.07,0,49.0677,45.904
-1.99,-0.07,0,49.3057,46.064
-2,-0.07,0,50.7157,46.224
-2,-0.06,0,51.8876,46.208
-1.99,-0.06,0,51.8082,46.096
-1.98,-0.06,0,52.5285,45.856
-1.97,-0.06,0,51.8143,45.696
-1.96,-0.06,0,52.8703,45.584
-1.95,-0.06,0,52.4674,45.344
-1.94,-0.06,0,53.0717,45.168
-1.93,-0.06,0,53.2853,44.992
-1.92,-0.06,0,52.327,44.848
-1.91,-0.06,0,52.9618,44.672
-1.9,-0.06,0,53.4013,44.48
-1.89,-0.06,0,53.1755,44.32
-1.88,-0.06,0,54.4694,44.128
-1.87,-0.06,0,54.1093,43.984
-1.86,-0.06,0,53.7431,43.824
-1.85,-0.06,0,53.9262,43.632
-1.84,-0.06,0,53.5295,43.44
-1.83,-0.06,0,55.0676,43.36
-1.82,-0.06,0,54.1093,43.12
-1.81,-0.06,0,54.9699,42.96
-1.8,-0.06,0,53.9018,42.784
-1.79,-0.06,0,55.0554,42.592
-1.78,-0.06,0,56.679,42.432
-1.77,-0.06,0,56.3311,42.272
-1.76,-0.06,0,54.9394,42.096
-1.75,-0.06,0,56.3616,41.92
-1.74,-0.06,0,55.8245,41.808
-1.73,-0.06,0,56.9048,41.648
-1.72,-0.06,0,56.6179,41.392
-1.71,-0.06,0,56.0686,41.264
-1.7,-0.06,0,56.9597,41.104
-1.69,-0.06,0,56.2517,40.912
-1.68,-0.06,0,57.2954,40.72
-1.67,-0.06,0,56.1663,40.624
-1.66,-0.06,0,56.7339,40.368
-1.65,-0.06,0,56.1846,40.224
-1.64,-0.06,0,56.6485,40.032
-1.63,-0.06,0,57.8448,39.856
-1.62,-0.06,0,57.1184,39.696
-1.61,-0.06,0,57.2832,39.52
-1.6,-0.06,0,58.9068,39.36
-1.59,-0.06,0,57.1306,39.184
-1.58,-0.06,0,58.7359,39.024
-1.57,-0.06,0,57.5457,38.848
-1.56,-0.06,0,59.5477,38.672
-1.55,-0.06,0,58.1072,38.592
-1.54,-0.06,0,59.743,38.336
-1.53,-0.06,0,58.5162,38.128
-1.52,-0.06,0,58.62,38
-1.51,-0.06,0,59.4562,37.84
-1.5,-0.06,0,59.6454,37.648
-1.49,-0.06,0,59.8834,37.472
-1.48,-0.06,0,60.5853,37.28
-1.47,-0.06,0,59.8102,37.12
-1.46,-0.06,0,60.6891,36.976
-1.45,-0.06,0,60.2924,36.784
-1.44,-0.06,0,60.3229,36.608
-1.43,-0.06,0,59.7247,36.432
-1.42,-0.06,0,59.8651,36.32
-1.41,-0.06,0,60.9394,36.096
-1.4,-0.06,0,61.3239,36.016
-1.39,-0.06,0,60.6891,35.76
-1.38,-0.06,0,61.0797,35.6
-1.37,-0.06,0,61.8427,35.408
-1.36,-0.06,0,62.9902,35.248
-1.35,-0.06,0,61.8183,35.12
-1.34,-0.06,0,61.4582,34.896
-1.33,-0.06,0,62.1113,34.72
-1.32,-0.06,0,62.1113,34.576
-1.31,-0.06,0,63.271,34.416
-1.3,-0.06,0,63.1367,34.288
-1.29,-0.06,0,61.5375,34.064
-1.28,-0.06,0,62.3554,33.872
-1.27,-0.06,0,62.5141,33.696
-1.26,-0.06,0,63.1611,33.552
-1.25,-0.06,0,63.8386,33.36
-1.24,-0.06,0,63.9973,33.2
-1.23,-0.06,0,63.2771,33.04
-1.22,-0.06,0,63.8752,32.864
-1.21,-0.06,0,63.7654,32.768
-1.2,-0.06,0,64.8335,32.496
-1.19,-0.06,0,64.4063,32.336
-1.18,-0.06,0,63.979,32.224
-1.17,-0.06,0,64.98,31.984
-1.16,-0.06,0,65.1143,31.824
-1.15,-0.06,0,64.9068,31.648
-1.14,-0.06,0,65.1143,31.472
-1.13,-0.06,0,65.45,31.392
-1.12,-0.06,0,65.212,31.136
-1.11,-0.06,0,65.7491,31.072
-1.1,-0.06,0,65.5416,30.784
-1.09,-0.06,0,65.1082,30.624
-1.08,-0.06,0,65.5477,30.448
-1.07,-0.06,0,67.1285,30.256
-1.06,-0.06,0,66.3228,30.128
-1.05,-0.06,0,66.4937,29.92
-1.04,-0.06,0,67.1529,29.792
-1.03,-0.06,0,66.7806,29.68
-1.02,-0.06,0,66.335,29.424
-1.01,-0.06,0,67.684,29.264
-1,-0.06,0,67.4825,29.072
-0.99,-0.06,0,66.4144,28.928
-0.98,-0.06,0,68.1906,28.752
-0.97,-0.06,0,67.4825,28.576
-0.96,-0.06,0,67.7145,28.4
-0.95,-0.06,0,68.7277,28.224
-0.94,-0.06,0,67.4398,28.08
-0.93,-0.06,0,68.2333,27.888
-0.92,-0.06,0,69.0695,27.712
-0.91,-0.06,0,67.9952,27.536
-0.9,-0.06,0,68.5446,27.376
-0.89,-0.06,0,69.1855,27.2
-0.88,-0.06,0,69.0634,27.136
-0.87,-0.06,0,69.7836,26.944
-0.86,-0.06,0,68.685,26.736
-0.85,-0.06,0,71.0166,26.512
-0.84,-0.06,0,69.3319,26.32
-0.83,-0.06,0,70.0949,26.176
-0.82,-0.06,0,69.0512,26
-0.81,-0.06,0,70.7846,25.936
-0.8,-0.06,0,70.5405,25.76
-0.79,-0.06,0,69.5761,25.488
-0.78,-0.06,0,70.0888,25.328
-0.77,-0.06,0,70.0095,25.152
-0.76,-0.06,0,70.5466,24.992
-0.75,-0.06,0,70.6442,24.8
-0.74,-0.06,0,71.0044,24.608
-0.73,-0.06,0,71.3584,24.528
-0.72,-0.06,0,71.6819,24.288
-0.71,-0.06,0,71.4499,24.128
-0.7,-0.06,0,70.9494,23.952
-0.69,-0.06,0,71.9871,23.776
-0.68,-0.06,0,72.4326,23.616
-0.67,-0.06,0,72.2373,23.44
-0.66,-0.06,0,73.1162,23.248
-0.65,-0.06,0,71.8772,23.136
-0.64,-0.06,0,72.8965,23.024
-0.63,-0.06,0,72.1519,22.736
-0.62,-0.06,0,72.0969,22.592
-0.61,-0.06,0,72.3716,22.4
-0.6,-0.06,0,72.3716,22.272
-0.59,-0.06,0,72.5608,22.08
-0.58,-0.06,0,72.75,21.904
-0.57,-0.06,0,73.281,21.744
-0.56,-0.06,0,72.982,21.584
-0.55,-0.06,0,73.3177,21.36
-0.54,-0.06,0,73.0918,21.232
-0.53,-0.06,0,73.7022,21.04
-0.52,-0.06,0,73.7083,20.88
-0.51,-0.06,0,74.3004,20.752
-0.5,-0.06,0,74.2576,20.56
-0.49,-0.06,0,74.2149,20.384
-0.48,-0.06,0,74.0196,20.304
-0.47,-0.06,0,73.8426,20.016
-0.46,-0.06,0,73.9402,19.84
-0.45,-0.06,0,74.4041,19.696
-0.44,-0.06,0,75.0877,19.472
-0.43,-0.06,0,74.1722,19.328
-0.42,-0.06,0,75.3563,19.168
-0.41,-0.06,0,75.2342,19.008
-0.4,-0.06,0,74.5994,18.816
-0.39,-0.06,0,75.5333,18.64
-0.38,-0.06,0,76.3268,18.464
-0.37,-0.06,0,75.2892,18.304
-0.36,-0.06,0,76.0826,18.128
-0.35,-0.06,0,76.0704,17.968
-0.34,-0.06,0,74.453,17.808
-0.33,-0.06,0,76.2841,17.632
-0.32,-0.06,0,76.2719,17.44
-0.31,-0.06,0,75.7225,17.296
-0.3,-0.06,0,78.2556,17.12
-0.29,-0.06,0,76.516,16.928
-0.28,-0.06,0,77.2301,16.816
-0.27,-0.06,0,77.3156,16.576
-0.26,-0.06,0,78.0541,16.4
-0.25,-0.06,0,77.6086,16.256
-0.24,-0.06,0,77.0409,16.096
-0.23,-0.06,0,77.2179,15.904
-0.22,-0.06,0,77.7917,15.76
-0.21,-0.06,0,77.9748,15.552
-0.2,-0.06,0,78.0541,15.392
-0.19,-0.06,0,79.3115,15.28
-0.18,-0.06,0,77.7001,15.024
-0.17,-0.06,0,79.0613,14.864
-0.16,-0.06,0,79.5068,14.816
-0.15,-0.06,0,79.8853,14.496
-0.14,-0.06,0,80.0195,14.352
-0.13,-0.06,0,80.282,14.176
-0.12,-0.06,0,81.1121,14.032
-0.11,-0.06,0,80.7215,13.872
-0.1,-0.06,0,81.5394,13.664
-0.09,-0.06,0,81.9849,13.584
-0.08,-0.06,0,82.4732,13.312
-0.07,-0.06,0,82.3817,13.152
-0.06,-0.06,0,82.5404,12.976
-0.05,-0.06,0,83.9015,12.816
-0.04,-0.06,0,82.0032,12.624
-0.03,-0.06,0,83.0287,12.448
-0.02,-0.06,0,83.9076,12.416
-0.01,-0.06,0,84.8903,12.208
0,-0.06,0,85.1283,11.952
0.01,-0.06,0,86.1049,11.776
0.02,-0.06,0,86.4589,11.616
0.03,-0.06,0,87.3135,11.44
0.04,-0.06,0,88.4976,11.312
0.05,-0.06,0,88.6074,11.104
0.06,-0.06,0,87.6675,10.944
0.07,-0.06,0,88.2717,10.768
0.08,-0.06,0,89.7061,10.608
0.09,-0.06,0,89.9747,10.464
0.1,-0.06,0,91.8546,10.24
0.11,-0.06,0,91.4823,10.08
0.12,-0.06,0,91.7386,9.92
0.13,-0.06,0,93.2035,9.728
0.14,-0.06,0,92.6725,9.536
0.15,-0.06,0,94.9736,9.36
0.16,-0.06,0,94.8698,9.2
0.17,-0.06,0,94.0519,9.072
0.18,-0.06,0,95.0102,8.88
0.19,-0.06,0,96.1272,8.704
0.2,-0.06,0,95.9807,8.56
0.21,-0.06,0,96.6338,8.352
0.22,-0.06,0,97.0855,8.192
0.23,-0.06,0,98.2574,8
0.24,-0.06,0,98.5992,7.872
0.25,-0.06,0,99.0997,7.68
0.26,-0.06,0,99.4842,7.536
0.27,-0.06,0,100.778,7.312
0.28,-0.06,0,100.833,7.168
0.29,-0.06,0,101.566,6.992
0.3,-0.06,0,102.493,6.832
0.31,-0.06,0,104.013,6.656
0.32,-0.06,0,104.172,6.544
0.33,-0.06,0,104.263,6.4
0.34,-0.06,0,104.147,6.128
0.35,-0.06,0,105.295,5.952
0.36,-0.06,0,106.674,5.792
0.37,-0.06,0,105.985,5.664
0.38,-0.06,0,107.224,5.44
0.39,-0.06,0,107.45,5.28
0.4,-0.06,0,108.573,5.232
0.41,-0.06,0,109.653,4.928
0.42,-0.06,0,110.074,4.768
0.43,-0.06,0,110.245,4.592
0.44,-0.06,0,111.185,4.432
0.45,-0.06,0,110.263,4.24
0.46,-0.06,0,110.141,4.096
0.47,-0.06,0,110.416,3.904
0.48,-0.06,0,110.978,3.744
0.49,-0.06,0,111.655,3.552
0.5,-0.06,0,109.958,3.424
0.51,-0.06,0,109.836,3.216
0.52,-0.06,0,109.824,3.056
0.53,-0.06,0,107.968,2.96
0.54,-0.06,0,108.188,2.72
0.55,-0.06,0,105.533,2.544
0.56,-0.06,0,104.605,2.368
0.57,-0.06,0,104.398,2.192
0.58,-0.06,0,104.477,2.064
0.59,-0.06,0,104.99,1.856
0.6,-0.06,0,106.601,1.68
0.61,-0.06,0,107.285,1.536
0.62,-0.06,0,107.395,1.36
0.63,-0.06,0,107.645,1.2
0.64,-0.06,0,112.857,1.024
0.64,-0.05,0,111.155,1.072
0.63,-0.05,0,105.875,1.2
0.62,-0.05,0,106.503,1.424
0.61,-0.05,0,106.363,1.568
0.6,-0.05,0,106.107,1.776
0.59,-0.05,0,104.953,1.952
0.58,-0.05,0,105.905,2.032
0.57,-0.05,0,103.482,2.32
0.56,-0.05,0,103.598,2.496
0.55,-0.05,0,103.897,2.672
0.54,-0.05,0,104.349,2.832
0.53,-0.05,0,105.368,2.928
0.52,-0.05,0,105.423,3.104
0.51,-0.05,0,107.651,3.344
0.5,-0.05,0,108.713,3.424
0.49,-0.05,0,109.708,3.68
0.48,-0.05,0,111.71,3.872
0.47,-0.05,0,112.198,3.936
0.46,-0.05,0,113.639,4.144
0.45,-0.05,0,114.035,4.368
0.44,-0.05,0,113.559,4.528
0.43,-0.05,0,113.791,4.688
0.42,-0.05,0,113.852,4.816
0.41,-0.05,0,113.272,5.056
0.4,-0.05,0,113.382,5.232
0.39,-0.05,0,114.573,5.312
0.38,-0.05,0,112.87,5.552
0.37,-0.05,0,113.279,5.744
0.36,-0.05,0,112.217,5.888
0.35,-0.05,0,111.979,6.064
0.34,-0.05,0,111.191,6.24
0.33,-0.05,0,111.087,6.4
0.32,-0.05,0,109.58,6.576
0.31,-0.05,0,110.367,6.752
0.3,-0.05,0,109.818,6.944
0.29,-0.05,0,109.336,7.088
0.28,-0.05,0,108.762,7.248
0.27,-0.05,0,108.536,7.424
0.26,-0.05,0,107.376,7.6
0.25,-0.05,0,107.974,7.792
0.24,-0.05,0,105.966,7.92
0.23,-0.05,0,106.4,8.08
0.22,-0.05,0,105.271,8.272
0.21,-0.05,0,105.857,8.464
0.2,-0.05,0,105.368,8.64
0.19,-0.05,0,104.044,8.8
0.18,-0.05,0,102.609,8.96
0.17,-0.05,0,103.464,9.152
0.16,-0.05,0,102.835,9.328
0.15,-0.05,0,102.445,9.488
0.14,-0.05,0,100.949,9.584
0.13,-0.05,0,99.7345,9.808
0.12,-0.05,0,98.8617,10
0.11,-0.05,0,100.027,10.128
0.1,-0.05,0,97.9522,10.32
0.09,-0.05,0,99.6063,10.512
0.08,-0.05,0,99.1241,10.672
0.07,-0.05,0,98.5565,10.848
0.06,-0.05,0,97.8057,11.04
0.05,-0.05,0,96.6216,11.2
0.04,-0.05,0,96.939,11.376
0.03,-0.05,0,96.9756,11.536
0.02,-0.05,0,94.4609,11.744
0.01,-0.05,0,95.3642,11.872
0,-0.05,0,95.3337,12.048
-0.01,-0.05,0,94.9492,12.224
-0.02,-0.05,0,94.1374,12.336
-0.03,-0.05,0,93.7162,12.576
-0.04,-0.05,0,92.0194,12.736
-0.05,-0.05,0,93.3683,12.912
-0.06,-0.05,0,90.994,13.056
-0.07,-0.05,0,91.5799,13.184
-0.08,-0.05,0,91.1954,13.424
-0.09,-0.05,0,91.879,13.584
-0.1,-0.05,0,90.0601,13.76
-0.11,-0.05,0,90.2738,13.904
-0.12,-0.05,0,90.2066,14.096
-0.13,-0.05,0,89.7732,14.272
-0.14,-0.05,0,89.8465,14.384
-0.15,-0.05,0,88.3572,14.592
-0.16,-0.05,0,88.7967,14.784
-0.17,-0.05,0,88.7906,14.944
-0.18,-0.05,0,88.1008,15.12
-0.19,-0.05,0,88.2595,15.28
-0.2,-0.05,0,87.1853,15.472
-0.21,-0.05,0,87.7102,15.632
-0.22,-0.05,0,88.2351,15.808
-0.23,-0.05,0,86.8923,15.968
-0.24,-0.05,0,86.0683,16.144
-0.25,-0.05,0,87.0205,16.304
-0.26,-0.05,0,86.8679,16.48
-0.27,-0.05,0,86.7702,16.656
-0.28,-0.05,0,86.2941,16.816
-0.29,-0.05,0,85.8974,16.944
-0.3,-0.05,0,85.3298,17.184
-0.31,-0.05,0,85.4396,17.344
-0.32,-0.05,0,85.8242,17.488
-0.33,-0.05,0,85.0795,17.696
-0.34,-0.05,0,84.7865,17.84
-0.35,-0.05,0,85.3542,18.016
-0.36,-0.05,0,83.9747,18.176
-0.37,-0.05,0,84.109,18.384
-0.38,-0.05,0,84.5912,18.544
-0.39,-0.05,0,83.9259,18.704
-0.4,-0.05,0,83.7245,18.88
-0.41,-0.05,0,84.0358,19.056
-0.42,-0.05,0,83.5231,19.216
-0.43,-0.05,0,83.4925,19.392
-0.44,-0.05,0,83.4925,19.52
-0.45,-0.05,0,83.0592,19.68
-0.46,-0.05,0,84.2921,19.904
-0.47,-0.05,0,83.2911,20.08
-0.48,-0.05,0,81.9544,20.24
-0.49,-0.05,0,82.9798,20.4
-0.5,-0.05,0,81.3562,20.56
-0.51,-0.05,0,82.6746,20.768
-0.52,-0.05,0,81.8201,20.928
-0.53,-0.05,0,81.0205,21.104
-0.54,-0.05,0,80.2515,21.296
-0.55,-0.05,0,81.2403,21.424
-0.56,-0.05,0,80.9229,21.584
-0.57,-0.05,0,80.4163,21.776
-0.58,-0.05,0,81.2159,21.936
-0.59,-0.05,0,81.2403,22.112
-0.6,-0.05,0,80.398,22.288
-0.61,-0.05,0,80.6238,22.448
-0.62,-0.05,0,79.7143,22.624
-0.63,-0.05,0,79.4214,22.768
-0.64,-0.05,0,79.1406,22.992
-0.65,-0.05,0,79.2688,23.152
-0.66,-0.05,0,77.6208,23.248
-0.67,-0.05,0,78.9697,23.456
-0.68,-0.05,0,78.2556,23.664
-0.69,-0.05,0,78.6279,23.824
-0.7,-0.05,0,78.9453,24.016
-0.71,-0.05,0,78.6645,24.16
-0.72,-0.05,0,77.9321,24.352
-0.73,-0.05,0,78.6889,24.512
-0.74,-0.05,0,76.925,24.64
-0.75,-0.05,0,78.048,24.864
-0.76,-0.05,0,76.6503,25.024
-0.77,-0.05,0,77.3522,25.2
-0.78,-0.05,0,77.3705,25.312
-0.79,-0.05,0,76.9616,25.52
-0.8,-0.05,0,77.1081,25.712
-0.81,-0.05,0,75.9667,25.808
-0.82,-0.05,0,75.3075,26.064
-0.83,-0.05,0,75.869,26.176
-0.84,-0.05,0,74.929,26.4
-0.85,-0.05,0,75.1427,26.576
-0.86,-0.05,0,74.8436,26.672
-0.87,-0.05,0,76.2597,26.896
-0.88,-0.05,0,75.3502,27.104
-0.89,-0.05,0,74.9474,27.232
-0.9,-0.05,0,74.691,27.44
-0.91,-0.05,0,72.9637,27.52
-0.92,-0.05,0,73.7144,27.792
-0.93,-0.05,0,73.5008,27.92
-0.94,-0.05,0,73.4275,28.08
-0.95,-0.05,0,73.3482,28.272
-0.96,-0.05,0,72.1458,28.416
-0.97,-0.05,0,72.5791,28.576
-0.98,-0.05,0,71.9077,28.8
-0.99,-0.05,0,72.0908,28.96
-1,-0.05,0,72.2129,29.136
-1.01,-0.05,0,72.2007,29.312
-1.02,-0.05,0,72.0969,29.488
-1.03,-0.05,0,71.7795,29.648
-1.04,-0.05,0,71.279,29.808
-1.05,-0.05,0,69.5273,29.968
-1.06,-0.05,0,71.6758,30.144
-1.07,-0.05,0,71.2729,30.336
-1.08,-0.05,0,71.1325,30.512
-1.09,-0.05,0,69.9301,30.656
-1.1,-0.05,0,70.5649,30.864
-1.11,-0.05,0,69.4662,31.008
-1.12,-0.05,0,70.2536,31.2
-1.13,-0.05,0,68.8559,31.376
-1.14,-0.05,0,69.3075,31.504
-1.15,-0.05,0,69.277,31.712
-1.16,-0.05,0,68.3432,31.808
-1.17,-0.05,0,69.1305,32.016
-1.18,-0.05,0,67.8426,32.176
-1.19,-0.05,0,67.7694,32.4
-1.2,-0.05,0,67.7572,32.544
-1.21,-0.05,0,67.3177,32.736
-1.22,-0.05,0,67.3544,32.896
-1.23,-0.05,0,67.4825,33.072
-1.24,-0.05,0,67.1468,33.248
-1.25,-0.05,0,67.3727,33.36
-1.26,-0.05,0,66.2679,33.584
-1.27,-0.05,0,66.9271,33.776
-1.28,-0.05,0,65.5416,33.92
-1.29,-0.05,0,67.4154,34.08
-1.3,-0.05,0,66.9393,34.272
-1.31,-0.05,0,66.4205,34.432
-1.32,-0.05,0,65.1143,34.56
-1.33,-0.05,0,66.0726,34.784
-1.34,-0.05,0,64.0889,34.944
-1.35,-0.05,0,64.4307,35.12
-1.36,-0.05,0,64.3635,35.248
-1.37,-0.05,0,65.3279,35.424
-1.38,-0.05,0,64.5466,35.568
-1.39,-0.05,0,65.1936,35.808
-1.4,-0.05,0,64.4063,35.952
-1.41,-0.05,0,64.7298,36.144
-1.42,-0.05,0,64.1743,36.336
-1.43,-0.05,0,62.7583,36.496
-1.44,-0.05,0,63.564,36.656
-1.45,-0.05,0,62.4592,36.752
-1.46,-0.05,0,63.5823,36.976
-1.47,-0.05,0,63.094,37.12
-1.48,-0.05,0,62.392,37.296
-1.49,-0.05,0,62.0319,37.44
-1.5,-0.05,0,62.2517,37.696
-1.51,-0.05,0,61.5253,37.856
-1.52,-0.05,0,61.5009,38.032
-1.53,-0.05,0,61.6047,38.192
-1.54,-0.05,0,61.4643,38.32
-1.55,-0.05,0,61.7634,38.496
-1.56,-0.05,0,61.3666,38.656
-1.57,-0.05,0,60.5914,38.864
-1.58,-0.05,0,60.5426,39.056
-1.59,-0.05,0,60.6098,39.168
-1.6,-0.05,0,60.4144,39.376
-1.61,-0.05,0,60.5792,39.552
-1.62,-0.05,0,60.8051,39.744
-1.63,-0.05,0,59.682,39.904
-1.64,-0.05,0,60.0482,40.08
-1.65,-0.05,0,59.7552,40.256
-1.66,-0.05,0,58.9557,40.416
-1.67,-0.05,0,58.8641,40.592
-1.68,-0.05,0,58.8458,40.72
-1.69,-0.05,0,58.9984,40.928
-1.7,-0.05,0,58.9434,41.104
-1.71,-0.05,0,57.6861,41.264
-1.72,-0.05,0,58.2965,41.376
-1.73,-0.05,0,58.1439,41.584
-1.74,-0.05,0,58.4124,41.776
-1.75,-0.05,0,57.6312,41.968
-1.76,-0.05,0,57.4847,42.128
-1.77,-0.05,0,57.8692,42.272
-1.78,-0.05,0,56.972,42.464
-1.79,-0.05,0,57.2405,42.64
-1.8,-0.05,0,56.1296,42.816
-1.81,-0.05,0,56.2029,42.992
-1.82,-0.05,0,56.0259,43.152
-1.83,-0.05,0,56.1724,43.344
-1.84,-0.05,0,55.3911,43.488
-1.85,-0.05,0,56.4776,43.68
-1.86,-0.05,0,55.8672,43.84
-1.87,-0.05,0,55.6536,44
-1.88,-0.05,0,56.2273,44.112
-1.89,-0.05,0,55.7573,44.336
-1.9,-0.05,0,55.8,44.448
-1.91,-0.05,0,55.2385,44.64
-1.92,-0.05,0,55.0432,44.8
-1.93,-0.05,0,54.7075,44.992
-1.94,-0.05,0,55.0737,45.2
-1.95,-0.05,0,53.8835,45.376
-1.96,-0.05,0,55.2751,45.488
-1.97,-0.05,0,54.9394,45.728
-1.98,-0.05,0,54.3474,45.872
-1.99,-0.05,0,53.7431,46
-2,-0.05,0,53.1449,46.192
-2,-0.04,0,55.1408,46.176
-1.99,-0.04,0,56.8133,46.064
-1.98,-0.04,0,56.2944,45.856
-1.97,-0.04,0,56.9048,45.696
-1.96,-0.04,0,57.0757,45.52
-1.95,-0.04,0,57.1306,45.344
-1.94,-0.04,0,56.5996,45.168
-1.93,-0.04,0,56.0137,45.024
-1.92,-0.04,0,56.6546,44.816
-1.91,-0.04,0,57.2039,44.656
-1.9,-0.04,0,57.7715,44.496
-1.89,-0.04,0,58.3697,44.304
-1.88,-0.04,0,59.7858,44.144
-1.87,-0.04,0,58.388,43.984
-1.86,-0.04,0,57.9974,43.856
-1.85,-0.04,0,58.1622,43.696
-1.84,-0.04,0,58.2842,43.504
-1.83,-0.04,0,58.4613,43.296
-1.82,-0.04,0,58.8153,43.136
-1.81,-0.04,0,59.9445,42.944
-1.8,-0.04,0,58.7359,42.784
-1.79,-0.04,0,60.2313,42.608
-1.78,-0.04,0,60.1154,42.432
-1.77,-0.04,0,60.8234,42.32
-1.76,-0.04,0,60.5487,42.16
-1.75,-0.04,0,59.8163,41.904
-1.74,-0.04,0,61.2201,41.776
-1.73,-0.04,0,60.5548,41.552
-1.72,-0.04,0,61.1347,41.424
-1.71,-0.04,0,61.1286,41.232
-1.7,-0.04,0,61.2629,41.072
-1.69,-0.04,0,61.9892,40.912
-1.68,-0.04,0,61.8854,40.704
-1.67,-0.04,0,62.4714,40.544
-1.66,-0.04,0,61.745,40.368
-1.65,-0.04,0,62.6545,40.256
-1.64,-0.04,0,62.8193,40.032
-1.63,-0.04,0,63.2954,39.856
-1.62,-0.04,0,63.2893,39.696
-1.61,-0.04,0,62.447,39.52
-1.6,-0.04,0,62.6972,39.344
-1.59,-0.04,0,63.2099,39.2
-1.58,-0.04,0,64.6809,39.008
-1.57,-0.04,0,63.5884,38.832
-1.56,-0.04,0,64.1987,38.672
-1.55,-0.04,0,64.6138,38.512
-1.54,-0.04,0,65.0288,38.336
-1.53,-0.04,0,64.919,38.16
-1.52,-0.04,0,65.3218,37.984
-1.51,-0.04,0,64.2598,37.792
-1.5,-0.04,0,65.5965,37.712
-1.49,-0.04,0,65.2974,37.456
-1.48,-0.04,0,65.8834,37.296
-1.47,-0.04,0,65.9322,37.12
-1.46,-0.04,0,67.098,36.944
-1.45,-0.04,0,66.1397,36.784
-1.44,-0.04,0,66.6219,36.624
-1.43,-0.04,0,67.2018,36.496
-1.42,-0.04,0,68.3126,36.272
-1.41,-0.04,0,68.5934,36.128
-1.4,-0.04,0,68.3493,36
-1.39,-0.04,0,68.3004,35.76
-1.38,-0.04,0,67.7572,35.568
-1.37,-0.04,0,67.8304,35.472
-1.36,-0.04,0,68.5324,35.232
-1.35,-0.04,0,68.9779,35.056
-1.34,-0.04,0,68.2699,34.992
-1.33,-0.04,0,69.7958,34.72
-1.32,-0.04,0,69.6371,34.576
-1.31,-0.04,0,69.6127,34.448
-1.3,-0.04,0,70.3085,34.224
-1.29,-0.04,0,69.9118,34.048
-1.28,-0.04,0,70.5527,33.872
-1.27,-0.04,0,71.6758,33.712
-1.26,-0.04,0,70.7907,33.536
-1.25,-0.04,0,71.0898,33.392
-1.24,-0.04,0,71.8223,33.184
-1.23,-0.04,0,72.4326,33.024
-1.22,-0.04,0,72.4509,32.864
-1.21,-0.04,0,72.396,32.688
-1.2,-0.04,0,72.3594,32.496
-1.19,-0.04,0,72.457,32.32
-1.18,-0.04,0,73.69,32.16
-1.17,-0.04,0,73.3482,32.032
-1.16,-0.04,0,74.7703,31.808
-1.15,-0.04,0,74.7276,31.648
-1.14,-0.04,0,73.5984,31.472
-1.13,-0.04,0,75.6859,31.328
-1.12,-0.04,0,74.807,31.136
-1.11,-0.04,0,75.7714,30.976
-1.1,-0.04,0,74.8375,30.816
-1.09,-0.04,0,75.8263,30.608
-1.08,-0.04,0,75.6615,30.528
-1.07,-0.04,0,76.6381,30.288
-1.06,-0.04,0,76.6076,30.096
-1.05,-0.04,0,76.6808,29.936
-1.04,-0.04,0,76.9189,29.824
-1.03,-0.04,0,76.8578,29.664
-1.02,-0.04,0,77.633,29.424
-1.01,-0.04,0,78.0053,29.28
-1,-0.04,0,78.3776,29.184
-0.99,-0.04,0,77.5292,28.896
-0.98,-0.04,0,78.6096,28.752
-0.97,-0.04,0,78.75,28.592
-0.96,-0.04,0,78.6523,28.4
-0.95,-0.04,0,79.8608,28.32
-0.94,-0.04,0,79.1162,28.032
-0.93,-0.04,0,80.0073,27.888
-0.92,-0.04,0,80.2576,27.728
-0.91,-0.04,0,80.7276,27.552
-0.9,-0.04,0,80.1599,27.376
-0.89,-0.04,0,81.8018,27.184
-0.88,-0.04,0,81.3746,27.024
-0.87,-0.04,0,80.8374,26.88
-0.86,-0.04,0,81.5516,26.672
-0.85,-0.04,0,82.0215,26.528
-0.84,-0.04,0,81.5882,26.352
-0.83,-0.04,0,82.0582,26.176
-0.82,-0.04,0,82.3878,26
-0.81,-0.04,0,84.4325,25.824
-0.8,-0.04,0,84.1945,25.696
-0.79,-0.04,0,83.5658,25.504
-0.78,-0.04,0,84.579,25.328
-0.77,-0.04,0,83.6818,25.152
-0.76,-0.04,0,86.1965,25.056
-0.75,-0.04,0,85.0978,24.8
-0.74,-0.04,0,86.3796,24.608
-0.73,-0.04,0,84.8231,24.512
-0.72,-0.04,0,85.7265,24.288
-0.71,-0.04,0,86.2758,24.144
-0.7,-0.04,0,86.5383,24.048
-0.69,-0.04,0,87.1731,23.776
-0.68,-0.04,0,87.1303,23.6
-0.67,-0.04,0,87.0083,23.456
-0.66,-0.04,0,88.0154,23.28
-0.65,-0.04,0,88.6258,23.2
-0.64,-0.04,0,88.6929,22.96
-0.63,-0.04,0,88.9187,22.752
-0.62,-0.04,0,87.7773,22.592
-0.61,-0.04,0,88.7844,22.496
-0.6,-0.04,0,90.9513,22.256
-0.59,-0.04,0,89.877,22.048
-0.58,-0.04,0,89.3704,21.936
-0.57,-0.04,0,90.7865,21.792
-0.56,-0.04,0,90.3592,21.584
-0.55,-0.04,0,90.585,21.376
-0.54,-0.04,0,91.0978,21.232
-0.53,-0.04,0,91.1405,21.024
-0.52,-0.04,0,91.2564,20.928
-0.51,-0.04,0,92.6176,20.704
-0.5,-0.04,0,93.0631,20.528
-0.49,-0.04,0,93.5881,20.416
-0.48,-0.04,0,93.0754,20.176
-0.47,-0.04,0,93.8505,20.016
-0.46,-0.04,0,93.4233,19.888
-0.45,-0.04,0,95.2422,19.664
-0.44,-0.04,0,93.2402,19.568
-0.43,-0.04,0,93.6552,19.392
-0.42,-0.04,0,93.3012,19.152
-0.41,-0.04,0,96.2676,18.992
-0.4,-0.04,0,94.8332,18.848
-0.39,-0.04,0,95.5535,18.656
-0.38,-0.04,0,95.1567,18.496
-0.37,-0.04,0,95.6328,18.32
-0.36,-0.04,0,95.9563,18.16
-0.35,-0.04,0,96.4568,18.016
-0.34,-0.04,0,95.8708,17.808
-0.33,-0.04,0,95.3459,17.632
-0.32,-0.04,0,96.878,17.52
-0.31,-0.04,0,97.0977,17.264
-0.3,-0.04,0,97.7691,17.088
-0.29,-0.04,0,97.5372,17.024
-0.28,-0.04,0,98.2635,16.816
-0.27,-0.04,0,97.879,16.608
-0.26,-0.04,0,98.0132,16.416
-0.25,-0.04,0,97.9705,16.272
-0.24,-0.04,0,98.4466,16.096
-0.23,-0.04,0,98.7335,15.92
-0.22,-0.04,0,99.002,15.76
-0.21,-0.04,0,101.205,15.664
-0.2,-0.04,0,100.546,15.408
-0.19,-0.04,0,100.345,15.216
-0.18,-0.04,0,99.8077,15.168
-0.17,-0.04,0,101.682,14.944
-0.16,-0.04,0,102.353,14.8
-0.15,-0.04,0,101.083,14.512
-0.14,-0.04,0,101.059,14.4
-0.13,-0.04,0,101.144,14.192
-0.12,-0.04,0,101.285,14.048
-0.11,-0.04,0,101.981,13.856
-0.1,-0.04,0,102.115,13.68
-0.09,-0.04,0,100.955,13.52
-0.08,-0.04,0,102.365,13.328
-0.07,-0.04,0,102.646,13.152
-0.06,-0.04,0,103.049,13.008
-0.05,-0.04,0,103.415,12.816
-0.04,-0.04,0,103.372,12.656
-0.03,-0.04,0,103.989,12.496
-0.02,-0.04,0,103.464,12.336
-0.01,-0.04,0,105.789,12.144
0,-0.04,0,104.807,12.08
0.01,-0.04,0,105.423,11.76
0.02,-0.04,0,105.564,11.648
0.03,-0.04,0,106.076,11.536
0.04,-0.04,0,106.186,11.28
0.05,-0.04,0,106.027,11.12
0.06,-0.04,0,106.034,11.04
0.07,-0.04,0,106.247,10.768
0.08,-0.04,0,107.041,10.576
0.09,-0.04,0,107.834,10.432
0.1,-0.04,0,107.706,10.272
0.11,-0.04,0,108.646,10.096
0.12,-0.04,0,110.251,9.888
0.13,-0.04,0,109.726,9.744
0.14,-0.04,0,110.52,9.568
0.15,-0.04,0,110.532,9.44
0.16,-0.04,0,111.991,9.216
0.17,-0.04,0,112.326,9.04
0.18,-0.04,0,110.959,8.896
0.19,-0.04,0,113.877,8.704
0.2,-0.04,0,112.479,8.528
0.21,-0.04,0,112.632,8.4
0.22,-0.04,0,113.926,8.176
0.23,-0.04,0,114.682,8.128
0.24,-0.04,0,114.811,7.856
0.25,-0.04,0,115,7.664
0.26,-0.04,0,115.873,7.52
0.27,-0.04,0,114.975,7.36
0.28,-0.04,0,115.775,7.184
0.29,-0.04,0,115.171,7.024
0.3,-0.04,0,115.665,6.96
0.31,-0.04,0,116.349,6.688
0.32,-0.04,0,115.268,6.48
0.33,-0.04,0,116.849,6.304
0.34,-0.04,0,115.567,6.128
0.35,-0.04,0,116.074,5.952
0.36,-0.04,0,115.464,5.808
0.37,-0.04,0,116.66,5.648
0.38,-0.04,0,115.329,5.456
0.39,-0.04,0,115.275,5.296
0.4,-0.04,0,114.859,5.12
0.41,-0.04,0,113.108,4.976
0.42,-0.04,0,113.48,4.8
0.43,-0.04,0,112.503,4.624
0.44,-0.04,0,111.411,4.448
0.45,-0.04,0,110.227,4.256
0.46,-0.04,0,109.696,4.096
0.47,-0.04,0,108.329,3.92
0.48,-0.04,0,106.699,3.744
0.49,-0.04,0,106.79,3.568
0.5,-0.04,0,105.216,3.424
0.51,-0.04,0,103.598,3.216
0.52,-0.04,0,104.27,3.056
0.53,-0.04,0,103.305,2.928
0.54,-0.04,0,105.631,2.816
0.55,-0.04,0,104.41,2.544
0.56,-0.04,0,103.476,2.4
0.57,-0.04,0,104.569,2.272
0.58,-0.04,0,104.459,2.064
0.59,-0.04,0,104.245,1.856
0.6,-0.04,0,105.741,1.76
0.61,-0.04,0,106.552,1.536
0.62,-0.04,0,106.577,1.392
0.63,-0.04,0,105.545,1.248
0.64,-0.04,0,110.001,1.056
0.64,-0.03,0,107.303,1.104
0.63,-0.03,0,102.396,1.216
0.62,-0.03,0,104.062,1.472
0.61,-0.03,0,103.146,1.648
0.6,-0.03,0,104.08,1.712
0.59,-0.03,0,103.916,1.92
0.58,-0.03,0,104.215,2.16
0.57,-0.03,0,105.106,2.336
0.56,-0.03,0,104.788,2.48
0.55,-0.03,0,105.509,2.656
0.54,-0.03,0,105.203,2.752
0.53,-0.03,0,105.014,3.008
0.52,-0.03,0,105.283,3.2
0.51,-0.03,0,104.019,3.344
0.5,-0.03,0,103.568,3.536
0.49,-0.03,0,103.476,3.632
0.48,-0.03,0,103.708,3.856
0.47,-0.03,0,104.19,4.064
0.46,-0.03,0,104.849,4.192
0.45,-0.03,0,105.179,4.384
0.44,-0.03,0,106.858,4.544
0.43,-0.03,0,108.054,4.704
0.42,-0.03,0,108.176,4.896
0.41,-0.03,0,111.112,5.056
0.4,-0.03,0,112.241,5.232
0.39,-0.03,0,113.205,5.344
0.38,-0.03,0,115.329,5.584
0.37,-0.03,0,114.652,5.712
0.36,-0.03,0,115.372,5.936
0.35,-0.03,0,116.276,6.096
0.34,-0.03,0,117.808,6.256
0.33,-0.03,0,118.155,6.432
0.32,-0.03,0,119.993,6.528
0.31,-0.03,0,118.68,6.736
0.3,-0.03,0,119.138,6.928
0.29,-0.03,0,120.67,7.12
0.28,-0.03,0,120.811,7.264
0.27,-0.03,0,119.388,7.472
0.26,-0.03,0,119.663,7.568
0.25,-0.03,0,120.2,7.792
0.24,-0.03,0,120.145,7.952
0.23,-0.03,0,120.011,8.112
0.22,-0.03,0,119.681,8.288
0.21,-0.03,0,119.889,8.48
0.2,-0.03,0,119.559,8.624
0.19,-0.03,0,117.911,8.816
0.18,-0.03,0,119.382,8.976
0.17,-0.03,0,118.796,9.152
0.16,-0.03,0,118.253,9.312
0.15,-0.03,0,118.162,9.504
0.14,-0.03,0,117.832,9.648
0.13,-0.03,0,118.113,9.84
0.12,-0.03,0,117.71,10
0.11,-0.03,0,116.935,10.176
0.1,-0.03,0,117.045,10.368
0.09,-0.03,0,116.611,10.496
0.08,-0.03,0,116.166,10.704
0.07,-0.03,0,116.453,10.848
0.06,-0.03,0,116.678,11.04
0.05,-0.03,0,116.251,11.2
0.04,-0.03,0,116.495,11.376
0.03,-0.03,0,114.762,11.552
0.02,-0.03,0,116.568,11.712
0.01,-0.03,0,116.642,11.888
0,-0.03,0,116.996,12
-0.01,-0.03,0,115.098,12.24
-0.02,-0.03,0,116.135,12.432
-0.03,-0.03,0,114.756,12.576
-0.04,-0.03,0,115.11,12.752
-0.05,-0.03,0,113.791,12.912
-0.06,-0.03,0,113.846,13.072
-0.07,-0.03,0,114.359,13.168
-0.08,-0.03,0,112.973,13.424
-0.09,-0.03,0,114.945,13.584
-0.1,-0.03,0,114.585,13.728
-0.11,-0.03,0,113.443,13.936
-0.12,-0.03,0,112.973,14.096
-0.13,-0.03,0,112.198,14.224
-0.14,-0.03,0,111.521,14.448
-0.15,-0.03,0,112.412,14.624
-0.16,-0.03,0,112.259,14.784
-0.17,-0.03,0,111.893,14.976
-0.18,-0.03,0,110.001,15.12
-0.19,-0.03,0,110.892,15.296
-0.2,-0.03,0,110.776,15.472
-0.21,-0.03,0,111.142,15.648
-0.22,-0.03,0,110.898,15.792
-0.23,-0.03,0,108.713,15.968
-0.24,-0.03,0,110.221,16.144
-0.25,-0.03,0,109.738,16.32
-0.26,-0.03,0,109.098,16.48
-0.27,-0.03,0,108.206,16.656
-0.28,-0.03,0,108.036,16.832
-0.29,-0.03,0,107.352,16.96
-0.3,-0.03,0,106.027,17.168
-0.31,-0.03,0,107.62,17.344
-0.32,-0.03,0,104.379,17.456
-0.33,-0.03,0,107.523,17.68
-0.34,-0.03,0,106.265,17.872
-0.35,-0.03,0,105.753,17.968
-0.36,-0.03,0,105.057,18.144
-0.37,-0.03,0,104.209,18.368
-0.38,-0.03,0,104.508,18.544
-0.39,-0.03,0,103.452,18.704
-0.4,-0.03,0,103.732,18.896
-0.41,-0.03,0,104.221,19.024
-0.42,-0.03,0,103.757,19.232
-0.43,-0.03,0,102.353,19.392
-0.44,-0.03,0,101.7,19.568
-0.45,-0.03,0,101.572,19.728
-0.46,-0.03,0,102.066,19.904
-0.47,-0.03,0,102.438,20.08
-0.48,-0.03,0,100.601,20.176
-0.49,-0.03,0,100.766,20.4
-0.5,-0.03,0,100.241,20.592
-0.51,-0.03,0,98.9349,20.768
-0.52,-0.03,0,98.526,20.848
-0.53,-0.03,0,98.5076,21.12
-0.54,-0.03,0,99.6551,21.264
-0.55,-0.03,0,97.8057,21.44
-0.56,-0.03,0,99.0997,21.616
-0.57,-0.03,0,98.648,21.776
-0.58,-0.03,0,97.3479,21.952
-0.59,-0.03,0,96.7803,22.064
-0.6,-0.03,0,96.0295,22.272
-0.61,-0.03,0,96.292,22.464
-0.62,-0.03,0,95.3459,22.656
-0.63,-0.03,0,95.6206,22.816
-0.64,-0.03,0,94.7417,22.992
-0.65,-0.03,0,94.9858,23.152
-0.66,-0.03,0,94.4731,23.264
-0.67,-0.03,0,95.2483,23.504
-0.68,-0.03,0,93.3195,23.664
-0.69,-0.03,0,92.4711,23.776
-0.7,-0.03,0,91.8119,24.016
-0.71,-0.03,0,92.8007,24.192
-0.72,-0.03,0,90.9085,24.368
-0.73,-0.03,0,91.3297,24.528
-0.74,-0.03,0,91.8485,24.624
-0.75,-0.03,0,90.701,24.816
-0.76,-0.03,0,91.0306,25.024
-0.77,-0.03,0,89.1385,25.216
-0.78,-0.03,0,89.462,25.376
-0.79,-0.03,0,90.2005,25.568
-0.8,-0.03,0,89.3216,25.712
-0.81,-0.03,0,87.7529,25.856
-0.82,-0.03,0,89.3155,26.048
-0.83,-0.03,0,88.4426,26.24
-0.84,-0.03,0,87.637,26.4
-0.85,-0.03,0,87.8445,26.576
-0.86,-0.03,0,86.5505,26.704
-0.87,-0.03,0,86.7641,26.864
-0.88,-0.03,0,85.1283,27.088
-0.89,-0.03,0,87.3196,27.264
-0.9,-0.03,0,85.2931,27.424
-0.91,-0.03,0,86.6237,27.6
-0.92,-0.03,0,86.0683,27.776
-0.93,-0.03,0,83.2789,27.952
-0.94,-0.03,0,84.1273,28.032
-0.95,-0.03,0,83.6024,28.288
-0.96,-0.03,0,83.9564,28.464
-0.97,-0.03,0,83.2789,28.56
-0.98,-0.03,0,82.8822,28.8
-0.99,-0.03,0,82.3084,28.976
-1,-0.03,0,81.5638,29.12
-1.01,-0.03,0,81.3746,29.264
-1.02,-0.03,0,81.1914,29.488
-1.03,-0.03,0,80.1721,29.632
-1.04,-0.03,0,80.636,29.76
-1.05,-0.03,0,81.4539,30
-1.06,-0.03,0,80.5628,30.144
-1.07,-0.03,0,79.3054,30.288
-1.08,-0.03,0,80.7825,30.512
-1.09,-0.03,0,79.4214,30.672
-1.1,-0.03,0,79.519,30.864
-1.11,-0.03,0,78.7866,31.008
-1.12,-0.03,0,78.1213,31.136
-1.13,-0.03,0,78.4936,31.328
-1.14,-0.03,0,78.4387,31.52
-1.15,-0.03,0,77.1203,31.712
-1.16,-0.03,0,77.2485,31.824
-1.17,-0.03,0,76.6137,32.048
-1.18,-0.03,0,75.1427,32.208
-1.19,-0.03,0,77.0898,32.368
-1.2,-0.03,0,76.6991,32.56
-1.21,-0.03,0,73.5069,32.72
-1.22,-0.03,0,75.2647,32.896
-1.23,-0.03,0,74.3858,33.072
-1.24,-0.03,0,75.277,33.216
-1.25,-0.03,0,74.9046,33.408
-1.26,-0.03,0,75.1122,33.584
-1.27,-0.03,0,74.4896,33.744
-1.28,-0.03,0,73.1162,33.92
-1.29,-0.03,0,73.4275,34.096
-1.3,-0.03,0,73.4092,34.208
-1.31,-0.03,0,72.3167,34.416
-1.32,-0.03,0,71.8223,34.608
-1.33,-0.03,0,71.7185,34.784
-1.34,-0.03,0,71.0654,34.944
-1.35,-0.03,0,71.6453,35.072
-1.36,-0.03,0,71.8284,35.216
-1.37,-0.03,0,71.5171,35.408
-1.38,-0.03,0,70.2963,35.632
-1.39,-0.03,0,71.0227,35.808
-1.4,-0.03,0,70.455,35.968
-1.41,-0.03,0,68.8986,36.128
-1.42,-0.03,0,69.6554,36.272
-1.43,-0.03,0,71.279,36.48
-1.44,-0.03,0,68.4652,36.656
-1.45,-0.03,0,68.8314,36.832
-1.46,-0.03,0,68.1784,37.024
-1.47,-0.03,0,70.2231,37.168
-1.48,-0.03,0,67.5863,37.36
-1.49,-0.03,0,68.3676,37.504
-1.5,-0.03,0,67.3971,37.68
-1.51,-0.03,0,67.5924,37.792
-1.52,-0.03,0,67.0431,38.048
-1.53,-0.03,0,68.5324,38.192
-1.54,-0.03,0,67.3299,38.352
-1.55,-0.03,0,66.5731,38.544
-1.56,-0.03,0,65.9871,38.704
-1.57,-0.03,0,65.9871,38.88
-1.58,-0.03,0,65.9444,39.008
-1.59,-0.03,0,66.2557,39.216
-1.6,-0.03,0,64.2781,39.408
-1.61,-0.03,0,65.6758,39.552
-1.62,-0.03,0,65.5843,39.744
-1.63,-0.03,0,65.1692,39.92
-1.64,-0.03,0,64.7847,40.096
-1.65,-0.03,0,63.6311,40.4
-1.66,-0.03,0,63.741,40.416
-1.67,-0.03,0,64.217,40.576
-1.68,-0.03,0,64.333,40.768
-1.69,-0.03,0,63.6067,40.864
-1.7,-0.03,0,63.6677,41.072
-1.71,-0.03,0,62.2272,41.296
-1.72,-0.03,0,63.3625,41.408
-1.73,-0.03,0,61.7878,41.568
-1.74,-0.03,0,62.1296,41.76
-1.75,-0.03,0,62.5629,41.952
-1.76,-0.03,0,62.0502,42.064
-1.77,-0.03,0,61.391,42.304
-1.78,-0.03,0,61.0614,42.464
-1.79,-0.03,0,61.1225,42.64
-1.8,-0.03,0,61.6779,42.832
-1.81,-0.03,0,60.7501,42.976
-1.82,-0.03,0,61.6901,43.168
-1.83,-0.03,0,60.4511,43.264
-1.84,-0.03,0,60.9272,43.504
-1.85,-0.03,0,59.92,43.632
-1.86,-0.03,0,59.6026,43.792
-1.87,-0.03,0,60.6403,44.032
-1.88,-0.03,0,59.682,44.16
-1.89,-0.03,0,60.0055,44.288
-1.9,-0.03,0,59.389,44.496
-1.91,-0.03,0,59.0228,44.704
-1.92,-0.03,0,59.6026,44.88
-1.93,-0.03,0,58.1439,44.96
-1.94,-0.03,0,58.4918,45.2
-1.95,-0.03,0,58.2049,45.376
-1.96,-0.03,0,57.9546,45.552
-1.97,-0.03,0,57.4541,45.712
-1.98,-0.03,0,58.6383,45.888
-1.99,-0.03,0,58.4857,46.032
-2,-0.03,0,57.5823,46.16
-2,-0.02,0,58.1194,46.208
-1.99,-0.02,0,59.6393,46.08
-1.98,-0.02,0,59.2608,45.84
-1.97,-0.02,0,59.3768,45.68
-1.96,-0.02,0,59.1815,45.504
-1.95,-0.02,0,59.9139,45.328
-1.94,-0.02,0,59.6759,45.152
-1.93,-0.02,0,59.9811,45.008
-1.92,-0.02,0,60.7501,44.912
-1.91,-0.02,0,60.6403,44.656
-1.9,-0.02,0,60.744,44.464
-1.89,-0.02,0,61.1591,44.4
-1.88,-0.02,0,61.2201,44.144
-1.87,-0.02,0,61.7084,44
-1.86,-0.02,0,61.2995,43.776
-1.85,-0.02,0,62.447,43.696
-1.84,-0.02,0,61.9648,43.472
-1.83,-0.02,0,62.5202,43.456
-1.82,-0.02,0,61.4521,43.12
-1.81,-0.02,0,63.2588,42.96
-1.8,-0.02,0,63.4663,42.88
-1.79,-0.02,0,63.1611,42.592
-1.78,-0.02,0,64.3635,42.432
-1.77,-0.02,0,64.6382,42.256
-1.76,-0.02,0,62.7583,42.288
-1.75,-0.02,0,63.6799,41.92
-1.74,-0.02,0,63.8874,41.728
-1.73,-0.02,0,64.3208,41.584
-1.72,-0.02,0,64.4124,41.392
-1.71,-0.02,0,64.8885,41.28
-1.7,-0.02,0,64.6138,41.072
-1.69,-0.02,0,64.4856,41.088
-1.68,-0.02,0,66.0237,40.784
-1.67,-0.02,0,64.7298,40.736
-1.66,-0.02,0,66.2313,40.4
-1.65,-0.02,0,66.1824,40.208
-1.64,-0.02,0,67.3605,40.048
-1.63,-0.02,0,68.392,39.904
-1.62,-0.02,0,67.0003,39.68
-1.61,-0.02,0,67.7145,39.52
-1.6,-0.02,0,67.275,39.36
-1.59,-0.02,0,68.3248,39.184
-1.58,-0.02,0,68.5324,39.024
-1.57,-0.02,0,68.6239,38.816
-1.56,-0.02,0,68.6911,38.688
-1.55,-0.02,0,68.9779,38.496
-1.54,-0.02,0,69.3503,38.368
-1.53,-0.02,0,68.8925,38.208
-1.52,-0.02,0,70.0766,38.032
-1.51,-0.02,0,70.9616,37.808
-1.5,-0.02,0,69.4418,37.648
-1.49,-0.02,0,69.985,37.456
-1.48,-0.02,0,69.8691,37.296
-1.47,-0.02,0,71.3462,37.168
-1.46,-0.02,0,71.4743,36.96
-1.45,-0.02,0,71.4743,36.768
-1.44,-0.02,0,71.9138,36.608
-1.43,-0.02,0,71.7612,36.432
-1.42,-0.02,0,72.3594,36.272
-1.41,-0.02,0,73.2078,36.128
-1.4,-0.02,0,73.0552,35.92
-1.39,-0.02,0,72.8965,35.76
-1.38,-0.02,0,73.6534,35.648
-1.37,-0.02,0,74.7215,35.392
-1.36,-0.02,0,74.5689,35.232
-1.35,-0.02,0,74.2332,35.056
-1.34,-0.02,0,75.8812,34.912
-1.33,-0.02,0,74.6727,34.752
-1.32,-0.02,0,75.6432,34.56
-1.31,-0.02,0,75.5638,34.384
-1.3,-0.02,0,76.7235,34.208
-1.29,-0.02,0,76.0277,34.16
-1.28,-0.02,0,77.749,33.872
-1.27,-0.02,0,77.102,33.696
-1.26,-0.02,0,77.456,33.536
-1.25,-0.02,0,77.9931,33.392
-1.24,-0.02,0,77.9138,33.184
-1.23,-0.02,0,78.0786,33.024
-1.22,-0.02,0,78.3898,32.864
-1.21,-0.02,0,79.3115,32.704
-1.2,-0.02,0,79.0735,32.576
-1.19,-0.02,0,80.697,32.32
-1.18,-0.02,0,79.9219,32.176
-1.17,-0.02,0,80.7764,32.08
-1.16,-0.02,0,80.459,31.808
-1.15,-0.02,0,80.4956,31.632
-1.14,-0.02,0,81.6736,31.568
-1.13,-0.02,0,81.7286,31.344
-1.12,-0.02,0,82.5343,31.136
-1.11,-0.02,0,83.1141,30.96
-1.1,-0.02,0,83.6573,30.784
-1.09,-0.02,0,83.7794,30.64
-1.08,-0.02,0,83.7672,30.464
-1.07,-0.02,0,84.0907,30.272
-1.06,-0.02,0,84.0968,30.112
-1.05,-0.02,0,84.7133,29.952
-1.04,-0.02,0,84.0114,29.76
-1.03,-0.02,0,85.5129,29.648
-1.02,-0.02,0,85.696,29.424
-1.01,-0.02,0,85.7814,29.264
-1,-0.02,0,87.1975,29.184
-0.99,-0.02,0,86.2209,28.912
-0.98,-0.02,0,87.1059,28.752
-0.97,-0.02,0,87.9299,28.576
-0.96,-0.02,0,88.2839,28.416
-0.95,-0.02,0,88.1497,28.24
-0.94,-0.02,0,88.9004,28.048
-0.93,-0.02,0,88.5098,27.888
-0.92,-0.02,0,90.0235,27.712
-0.91,-0.02,0,89.523,27.632
-0.9,-0.02,0,91.3663,27.456
-0.89,-0.02,0,91.9095,27.216
-0.88,-0.02,0,91.5983,27.056
-0.87,-0.02,0,91.4945,26.864
-0.86,-0.02,0,91.6654,26.688
-0.85,-0.02,0,93.2035,26.528
-0.84,-0.02,0,92.8983,26.336
-0.83,-0.02,0,93.5087,26.256
-0.82,-0.02,0,93.3683,26.096
-0.81,-0.02,0,94.058,25.888
-0.8,-0.02,0,94.4182,25.68
-0.79,-0.02,0,96.0906,25.472
-0.78,-0.02,0,95.9929,25.376
-0.77,-0.02,0,94.9309,25.168
-0.76,-0.02,0,95.0774,24.976
-0.75,-0.02,0,96.3713,24.816
-0.74,-0.02,0,96.5239,24.672
-0.73,-0.02,0,96.5728,24.464
-0.72,-0.02,0,98.6969,24.368
-0.71,-0.02,0,97.9461,24.192
-0.7,-0.02,0,100.211,24
-0.69,-0.02,0,99.2401,23.792
-0.68,-0.02,0,100.51,23.6
-0.67,-0.02,0,99.7772,23.44
-0.66,-0.02,0,101.334,23.296
-0.65,-0.02,0,100.223,23.088
-0.64,-0.02,0,100.888,22.928
-0.63,-0.02,0,102.078,22.752
-0.62,-0.02,0,103.409,22.608
-0.61,-0.02,0,101.92,22.512
-0.6,-0.02,0,104.044,22.272
-0.59,-0.02,0,103.555,22.048
-0.58,-0.02,0,104.361,21.968
-0.57,-0.02,0,104.709,21.728
-0.56,-0.02,0,105.301,21.584
-0.55,-0.02,0,106.436,21.472
-0.54,-0.02,0,106.778,21.2
-0.53,-0.02,0,107.395,21.072
-0.52,-0.02,0,107.327,20.976
-0.51,-0.02,0,108.548,20.688
-0.5,-0.02,0,108.481,20.528
-0.49,-0.02,0,109.262,20.464
-0.48,-0.02,0,109.372,20.192
-0.47,-0.02,0,110.269,20
-0.46,-0.02,0,109.641,19.84
-0.45,-0.02,0,110.862,19.68
-0.44,-0.02,0,111.417,19.488
-0.43,-0.02,0,111.313,19.344
-0.42,-0.02,0,112.247,19.152
-0.41,-0.02,0,112.626,19.04
-0.4,-0.02,0,112.864,18.848
-0.39,-0.02,0,115.268,18.672
-0.38,-0.02,0,114.139,18.576
-0.37,-0.02,0,114.353,18.304
-0.36,-0.02,0,115.03,18.144
-0.35,-0.02,0,115.47,18
-0.34,-0.02,0,115.635,17.808
-0.33,-0.02,0,117.051,17.6
-0.32,-0.02,0,117.081,17.456
-0.31,-0.02,0,116.324,17.376
-0.3,-0.02,0,118.528,17.12
-0.29,-0.02,0,119.236,16.976
-0.28,-0.02,0,119.138,16.752
-0.27,-0.02,0,120.017,16.592
-0.26,-0.02,0,120.963,16.544
-0.25,-0.02,0,120.627,16.272
-0.24,-0.02,0,120.737,16.08
-0.23,-0.02,0,120.872,15.92
-0.22,-0.02,0,121.305,15.776
-0.21,-0.02,0,122.477,15.584
-0.2,-0.02,0,122.08,15.392
-0.19,-0.02,0,122.33,15.344
-0.18,-0.02,0,123.795,15.088
-0.17,-0.02,0,124.528,14.88
-0.16,-0.02,0,122.99,14.736
-0.15,-0.02,0,123.368,14.56
-0.14,-0.02,0,123.942,14.368
-0.13,-0.02,0,124.851,14.192
-0.12,-0.02,0,125.138,14.048
-0.11,-0.02,0,124.937,13.856
-0.1,-0.02,0,125.15,13.696
-0.09,-0.02,0,125.474,13.536
-0.08,-0.02,0,125.852,13.36
-0.07,-0.02,0,125.175,13.168
-0.06,-0.02,0,125.919,13.024
-0.05,-0.02,0,126.56,12.832
-0.04,-0.02,0,125.913,12.656
-0.03,-0.02,0,126.835,12.576
-0.02,-0.02,0,127.879,12.448
-0.01,-0.02,0,127.506,12.192
0,-0.02,0,128.153,12.064
0.01,-0.02,0,127.488,11.872
0.02,-0.02,0,127.122,11.648
0.03,-0.02,0,127.287,11.472
0.04,-0.02,0,128.379,11.36
0.05,-0.02,0,127.995,11.216
0.06,-0.02,0,126.536,10.96
0.07,-0.02,0,127.396,10.816
0.08,-0.02,0,127.653,10.64
0.09,-0.02,0,127.171,10.432
0.1,-0.02,0,127.103,10.304
0.11,-0.02,0,126.951,10.096
0.12,-0.02,0,127.11,9.92
0.13,-0.02,0,126.975,9.744
0.14,-0.02,0,126.951,9.568
0.15,-0.02,0,126.426,9.44
0.16,-0.02,0,125.846,9.264
0.17,-0.02,0,126.64,9.072
0.18,-0.02,0,124.479,8.896
0.19,-0.02,0,125.205,8.768
0.2,-0.02,0,124.754,8.656
0.21,-0.02,0,124.967,8.384
0.22,-0.02,0,124.491,8.208
0.23,-0.02,0,122.953,8.048
0.24,-0.02,0,122.745,7.904
0.25,-0.02,0,122.404,7.744
0.26,-0.02,0,121.097,7.568
0.27,-0.02,0,120.615,7.328
0.28,-0.02,0,119.37,7.2
0.29,-0.02,0,118.686,7.04
0.3,-0.02,0,116.868,6.88
0.31,-0.02,0,116.288,6.672
0.32,-0.02,0,115.47,6.528
0.33,-0.02,0,115.58,6.336
0.34,-0.02,0,114.536,6.16
0.35,-0.02,0,111.905,6
0.36,-0.02,0,110.276,5.856
0.37,-0.02,0,109.207,5.648
0.38,-0.02,0,107.236,5.504
0.39,-0.02,0,106.961,5.392
0.4,-0.02,0,105.515,5.136
0.41,-0.02,0,103.262,4.976
0.42,-0.02,0,103.916,4.912
0.43,-0.02,0,101.669,4.624
0.44,-0.02,0,102.432,4.432
0.45,-0.02,0,103.018,4.272
0.46,-0.02,0,101.865,4.128
0.47,-0.02,0,102.091,4.016
0.48,-0.02,0,103.177,3.76
0.49,-0.02,0,103.177,3.584
0.5,-0.02,0,103.5,3.44
0.51,-0.02,0,102.951,3.312
0.52,-0.02,0,103.403,3.088
0.53,-0.02,0,103.195,2.896
0.54,-0.02,0,102.652,2.736
0.55,-0.02,0,104.135,2.576
0.56,-0.02,0,104.154,2.384
0.57,-0.02,0,104.08,2.224
0.58,-0.02,0,103.989,2.048
0.59,-0.02,0,104.025,1.856
0.6,-0.02,0,104.465,1.712
0.61,-0.02,0,103.598,1.552
0.62,-0.02,0,104.245,1.392
0.63,-0.02,0,103.464,1.28
0.64,-0.02,0,105.185,1.04
0.64,-0.01,0,104.849,1.104
0.63,-0.01,0,101.389,1.232
0.62,-0.01,0,103.751,1.488
0.61,-0.01,0,104.636,1.648
0.6,-0.01,0,104.404,1.712
0.59,-0.01,0,104.184,1.952
0.58,-0.01,0,103.385,2.16
0.57,-0.01,0,102.86,2.336
0.56,-0.01,0,101.907,2.496
0.55,-0.01,0,102.341,2.672
0.54,-0.01,0,102.615,2.848
0.53,-0.01,0,101.7,3.024
0.52,-0.01,0,102.206,3.184
0.51,-0.01,0,102.902,3.376
0.5,-0.01,0,103.604,3.536
0.49,-0.01,0,103.385,3.696
0.48,-0.01,0,102.957,3.872
0.47,-0.01,0,102.188,4.048
0.46,-0.01,0,102.316,4.16
0.45,-0.01,0,103.153,4.336
0.44,-0.01,0,100.845,4.56
0.43,-0.01,0,101.163,4.736
0.42,-0.01,0,102.298,4.8
0.41,-0.01,0,100.742,5.088
0.4,-0.01,0,100.345,5.264
0.39,-0.01,0,101.48,5.344
0.38,-0.01,0,103.574,5.6
0.37,-0.01,0,104.184,5.76
0.36,-0.01,0,104.788,5.92
0.35,-0.01,0,105.71,6.112
0.34,-0.01,0,106.552,6.272
0.33,-0.01,0,108.09,6.448
0.32,-0.01,0,110.544,6.608
0.31,-0.01,0,112.271,6.8
0.3,-0.01,0,113.718,6.96
0.29,-0.01,0,115.574,7.136
0.28,-0.01,0,118.686,7.312
0.27,-0.01,0,118.491,7.472
0.26,-0.01,0,119.822,7.616
0.25,-0.01,0,121.415,7.808
0.24,-0.01,0,124.363,8.016
0.23,-0.01,0,124.808,8.144
0.22,-0.01,0,129.313,8.336
0.21,-0.01,0,128.855,8.496
0.2,-0.01,0,130.332,8.672
0.19,-0.01,0,131.669,8.816
0.18,-0.01,0,132.609,9.008
0.17,-0.01,0,133.482,9.168
0.16,-0.01,0,133.891,9.344
0.15,-0.01,0,133.451,9.52
0.14,-0.01,0,134.709,9.68
0.13,-0.01,0,135.618,9.808
0.12,-0.01,0,136.003,10.032
0.11,-0.01,0,135.362,10.192
0.1,-0.01,0,137.394,10.368
0.09,-0.01,0,138.401,10.544
0.08,-0.01,0,137.931,10.704
0.07,-0.01,0,137.571,10.88
0.06,-0.01,0,139.616,11.072
0.05,-0.01,0,139.012,11.216
0.04,-0.01,0,138.347,11.392
0.03,-0.01,0,137.602,11.472
0.02,-0.01,0,138.939,11.728
0.01,-0.01,0,137.992,11.904
0,-0.01,0,138.67,12.08
-0.01,-0.01,0,137.748,12.24
-0.02,-0.01,0,139.341,12.4
-0.03,-0.01,0,138.993,12.576
-0.04,-0.01,0,138.151,12.672
-0.05,-0.01,0,136.204,12.864
-0.06,-0.01,0,137.132,13.104
-0.07,-0.01,0,137.84,13.248
-0.08,-0.01,0,137.315,13.44
-0.09,-0.01,0,135.533,13.6
-0.1,-0.01,0,135.783,13.696
-0.11,-0.01,0,136.131,13.952
-0.12,-0.01,0,134.898,14.128
-0.13,-0.01,0,132.45,14.224
-0.14,-0.01,0,134.257,14.464
-0.15,-0.01,0,134.251,14.64
-0.16,-0.01,0,133.354,14.752
-0.17,-0.01,0,134.617,14.96
-0.18,-0.01,0,131.834,15.152
-0.19,-0.01,0,132.371,15.296
-0.2,-0.01,0,131.706,15.472
-0.21,-0.01,0,130.308,15.648
-0.22,-0.01,0,129.447,15.824
-0.23,-0.01,0,128.971,15.984
-0.24,-0.01,0,128.562,16.16
-0.25,-0.01,0,128.141,16.32
-0.26,-0.01,0,127.403,16.496
-0.27,-0.01,0,127.628,16.656
-0.28,-0.01,0,125.877,16.816
-0.29,-0.01,0,126.157,17.024
-0.3,-0.01,0,125.791,17.184
-0.31,-0.01,0,124.613,17.344
-0.32,-0.01,0,123.527,17.536
-0.33,-0.01,0,122.703,17.696
-0.34,-0.01,0,124.094,17.872
-0.35,-0.01,0,122.672,18.048
-0.36,-0.01,0,121.769,18.224
-0.37,-0.01,0,121.409,18.384
-0.38,-0.01,0,120.341,18.544
-0.39,-0.01,0,121.25,18.704
-0.4,-0.01,0,118.986,18.896
-0.41,-0.01,0,118.912,19.008
-0.42,-0.01,0,118.76,19.216
-0.43,-0.01,0,118.564,19.408
-0.44,-0.01,0,116.41,19.52
-0.45,-0.01,0,116.971,19.76
-0.46,-0.01,0,115.317,19.904
-0.47,-0.01,0,114.481,20.032
-0.48,-0.01,0,115.323,20.176
-0.49,-0.01,0,114.066,20.416
-0.5,-0.01,0,114.621,20.576
-0.51,-0.01,0,112.455,20.768
-0.52,-0.01,0,111.979,20.944
-0.53,-0.01,0,111.032,21.104
-0.54,-0.01,0,111.545,21.28
-0.55,-0.01,0,111.979,21.424
-0.56,-0.01,0,109.598,21.616
-0.57,-0.01,0,110.916,21.808
-0.58,-0.01,0,109.549,21.968
-0.59,-0.01,0,107.474,22.128
-0.6,-0.01,0,108.469,22.32
-0.61,-0.01,0,107.486,22.4
-0.62,-0.01,0,106.644,22.656
-0.63,-0.01,0,107.187,22.8
-0.64,-0.01,0,105.075,22.928
-0.65,-0.01,0,105.771,23.12
-0.66,-0.01,0,104.971,23.328
-0.67,-0.01,0,104.086,23.456
-0.68,-0.01,0,104.239,23.68
-0.69,-0.01,0,103.946,23.856
-0.7,-0.01,0,102.841,24
-0.71,-0.01,0,102.573,24.192
-0.72,-0.01,0,102.42,24.288
-0.73,-0.01,0,100.833,24.496
-0.74,-0.01,0,102.219,24.672
-0.75,-0.01,0,100.302,24.864
-0.76,-0.01,0,99.765,25.056
-0.77,-0.01,0,99.3622,25.2
-0.78,-0.01,0,99.1119,25.392
-0.79,-0.01,0,97.0611,25.552
-0.8,-0.01,0,97.1892,25.728
-0.81,-0.01,0,96.5056,25.888
-0.82,-0.01,0,97.3113,26.064
-0.83,-0.01,0,96.1394,26.24
-0.84,-0.01,0,95.0163,26.4
-0.85,-0.01,0,96.115,26.592
-0.86,-0.01,0,95.7671,26.736
-0.87,-0.01,0,93.7895,26.928
-0.88,-0.01,0,94.4243,27.088
-0.89,-0.01,0,94.6257,27.232
-0.9,-0.01,0,93.4599,27.392
-0.91,-0.01,0,93.0387,27.616
-0.92,-0.01,0,91.3175,27.76
-0.93,-0.01,0,91.4579,27.92
-0.94,-0.01,0,91.3785,28.128
-0.95,-0.01,0,91.0672,28.224
-0.96,-0.01,0,91.0978,28.4
-0.97,-0.01,0,90.4202,28.64
-0.98,-0.01,0,89.5718,28.816
-0.99,-0.01,0,88.7295,28.96
-1,-0.01,0,88.0337,29.136
-1.01,-0.01,0,88.6929,29.28
-1.02,-0.01,0,88.3816,29.488
-1.03,-0.01,0,87.6614,29.648
-1.04,-0.01,0,86.8984,29.76
-1.05,-0.01,0,86.9472,29.936
-1.06,-0.01,0,86.2331,30.16
-1.07,-0.01,0,85.1527,30.288
-1.08,-0.01,0,85.3847,30.464
-1.09,-0.01,0,85.9951,30.704
-1.1,-0.01,0,85.1588,30.832
-1.11,-0.01,0,83.9869,31.024
-1.12,-0.01,0,83.8588,31.184
-1.13,-0.01,0,84.1517,31.36
-1.14,-0.01,0,83.3277,31.536
-1.15,-0.01,0,82.3267,31.712
-1.16,-0.01,0,82.7723,31.872
-1.17,-0.01,0,81.8628,32.064
-1.18,-0.01,0,81.9117,32.208
-1.19,-0.01,0,81.8201,32.4
-1.2,-0.01,0,80.8985,32.544
-1.21,-0.01,0,80.3064,32.752
-1.22,-0.01,0,80.9595,32.832
-1.23,-0.01,0,79.7449,33.024
-1.24,-0.01,0,79.2932,33.248
-1.25,-0.01,0,78.6828,33.408
-1.26,-0.01,0,79.0185,33.6
-1.27,-0.01,0,78.7439,33.76
-1.28,-0.01,0,78.7805,33.92
-1.29,-0.01,0,78.3837,34.096
-1.3,-0.01,0,77.6025,34.256
-1.31,-0.01,0,78.3044,34.448
-1.32,-0.01,0,77.7429,34.608
-1.33,-0.01,0,76.4916,34.8
-1.34,-0.01,0,77.7245,34.944
-1.35,-0.01,0,75.7958,35.136
-1.36,-0.01,0,74.691,35.28
-1.37,-0.01,0,75.1122,35.472
-1.38,-0.01,0,74.6727,35.648
-1.39,-0.01,0,74.7765,35.776
-1.4,-0.01,0,73.397,36
-1.41,-0.01,0,74.6544,36.16
-1.42,-0.01,0,74.5079,36.256
-1.43,-0.01,0,72.103,36.672
-1.44,-0.01,0,73.8853,36.848
-1.45,-0.01,0,72.5425,37.008
-1.46,-0.01,0,73.0979,37.008
-1.47,-0.01,0,73.043,37.168
-1.48,-0.01,0,71.7185,37.536
-1.49,-0.01,0,71.9077,37.52
-1.5,-0.01,0,71.2302,37.68
-1.51,-0.01,0,71.2363,37.808
-1.52,-0.01,0,71.4682,38.032
-1.53,-0.01,0,70.0949,38.192
-1.54,-0.01,0,70.1071,38.336
-1.55,-0.01,0,68.4896,38.56
-1.56,-0.01,0,70.3452,38.72
-1.57,-0.01,0,69.8141,39.056
-1.58,-0.01,0,69.747,39.056
-1.59,-0.01,0,69.3319,39.168
-1.6,-0.01,0,69.1794,39.584
-1.61,-0.01,0,68.2516,39.76
-1.62,-0.01,0,67.8182,39.76
-1.63,-0.01,0,67.4764,40.064
-1.64,-0.01,0,66.9942,40.08
-1.65,-0.01,0,66.9637,40.208
-1.66,-0.01,0,66.9881,40.384
-1.67,-0.01,0,65.6941,40.576
-1.68,-0.01,0,67.513,40.72
-1.69,-0.01,0,67.1285,40.944
-1.7,-0.01,0,66.3839,41.104
-1.71,-0.01,0,65.9078,41.216
-1.72,-0.01,0,65.4134,41.456
-1.73,-0.01,0,64.6077,41.616
-1.74,-0.01,0,65.0349,41.808
-1.75,-0.01,0,65.1204,41.952
-1.76,-0.01,0,65.2486,42.064
-1.77,-0.01,0,64.3696,42.304
-1.78,-0.01,0,63.8874,42.448
-1.79,-0.01,0,63.8203,42.576
-1.8,-0.01,0,63.4358,42.768
-1.81,-0.01,0,63.4297,42.96
-1.82,-0.01,0,63.6189,43.184
-1.83,-0.01,0,62.9109,43.328
-1.84,-0.01,0,62.9475,43.52
-1.85,-0.01,0,63.2954,43.648
-1.86,-0.01,0,63.4053,43.84
-1.87,-0.01,0,62.5141,44.208
-1.88,-0.01,0,62.093,44.352
-1.89,-0.01,0,60.799,44.352
-1.9,-0.01,0,61.4643,44.544
-1.91,-0.01,0,60.152,44.688
-1.92,-0.01,0,60.2863,45.072
-1.93,-0.01,0,59.0655,45.056
-1.94,-0.01,0,61.0858,45.2
-1.95,-0.01,0,60.4205,45.392
-1.96,-0.01,0,60.5426,45.536
-1.97,-0.01,0,59.5172,45.728
-1.98,-0.01,0,60.0482,45.888
-1.99,-0.01,0,61.2384,46.048
-2,-0.01,0,59.7613,46.208
-2,0,0,60.4999,46.192
-1.99,0,0,60.9333,46.112
-1.98,0,0,60.3717,46.112
-1.97,0,0,60.7501,45.744
-1.96,0,0,61.5375,45.504
-1.95,0,0,60.9149,45.376
-1.94,0,0,61.5802,45.248
-1.93,0,0,61.4582,45.248
-1.92,0,0,62.7888,45.056
-1.91,0,0,63.4419,44.656
-1.9,0,0,63.6433,44.496
-1.89,0,0,62.4165,44.32
-1.88,0,0,63.0879,44.336
-1.87,0,0,63.4785,43.952
-1.86,0,0,62.9719,44
-1.85,0,0,63.0207,43.664
-1.84,0,0,63.1855,43.456
-1.83,0,0,64.1987,43.296
-1.82,0,0,64.4673,43.12
-1.81,0,0,64.864,43.04
-1.8,0,0,64.742,42.864
-1.79,0,0,65.8895,42.592
-1.78,0,0,65.3584,42.48
-1.77,0,0,65.9444,42.352
-1.76,0,0,65.4439,42.096
-1.75,0,0,65.4134,41.936
-1.74,0,0,66.3839,41.76
-1.73,0,0,66.1336,41.584
-1.72,0,0,66.5181,41.408
-1.71,0,0,67.0797,41.424
-1.7,0,0,67.8304,41.088
-1.69,0,0,67.6717,40.896
-1.68,0,0,68.1356,40.72
-1.67,0,0,68.215,40.56
-1.66,0,0,67.2384,40.576
-1.65,0,0,68.5629,40.208
-1.64,0,0,68.7216,40.08
-1.63,0,0,69.2587,40.048
-1.62,0,0,68.8253,39.696
-1.61,0,0,70.0217,39.728
-1.6,0,0,69.2587,39.376
-1.59,0,0,70.3574,39.264
-1.58,0,0,70.8151,39.024
-1.57,0,0,70.6687,39.024
-1.56,0,0,72.0725,38.672
-1.55,0,0,71.6819,38.512
-1.54,0,0,71.2363,38.352
-1.53,0,0,72.7073,38.352
-1.52,0,0,72.1763,38
-1.51,0,0,72.4021,38.016
-1.5,0,0,72.1213,37.648
-1.49,0,0,73.2444,37.488
-1.48,0,0,73.5862,37.296
-1.47,0,0,73.8243,37.328
-1.46,0,0,74.2393,37.152
-1.45,0,0,74.9168,36.8
-1.44,0,0,74.3004,36.624
-1.43,0,0,75.1976,36.656
-1.42,0,0,76.339,36.288
-1.41,0,0,76.223,36.112
-1.4,0,0,75.5516,35.936
-1.39,0,0,76.1864,35.808
-1.38,0,0,76.4916,35.776
-1.37,0,0,77.0653,35.584
-1.36,0,0,77.0287,35.264
-1.35,0,0,77.6208,35.072
-1.34,0,0,77.7978,34.912
-1.33,0,0,77.3095,34.992
-1.32,0,0,78.8415,34.656
-1.31,0,0,78.7866,34.384
-1.3,0,0,78.9636,34.416
-1.29,0,0,78.9331,34.064
-1.28,0,0,80.6787,33.872
-1.27,0,0,80.3064,33.792
-1.26,0,0,80.575,33.52
-1.25,0,0,80.459,33.376
-1.24,0,0,81.167,33.2
-1.23,0,0,81.0327,33.04
-1.22,0,0,81.5943,32.864
-1.21,0,0,82.1192,32.784
-1.2,0,0,81.8567,32.608
-1.19,0,0,82.5648,32.32
-1.18,0,0,82.5343,32.176
-1.17,0,0,83.3338,31.984
-1.16,0,0,83.8221,31.84
-1.15,0,0,84.7499,31.904
-1.14,0,0,84.1823,31.584
-1.13,0,0,84.5119,31.36
-1.12,0,0,85.3175,31.152
-1.11,0,0,86.0561,30.976
-1.1,0,0,86.3918,30.784
-1.09,0,0,87.6736,30.624
-1.08,0,0,87.8689,30.464
-1.07,0,0,86.8313,30.4
-1.06,0,0,87.6186,30.112
-1.05,0,0,88.7844,29.936
-1.04,0,0,89.2605,29.872
-1.03,0,0,89.3887,29.664
-1.02,0,0,90.1456,29.424
-1.01,0,0,90.5911,29.36
-1,0,0,90.9391,29.12
-0.99,0,0,90.2676,28.944
-0.98,0,0,91.1222,28.72
-0.97,0,0,92.5504,28.576
-0.96,0,0,93.2157,28.416
-0.95,0,0,92.1293,28.256
-0.94,0,0,92.8739,28.256
-0.93,0,0,94.7417,27.904
-0.92,0,0,94.7539,27.728
-0.91,0,0,94.0214,27.568
-0.9,0,0,95.3337,27.392
-0.89,0,0,95.9441,27.2
-0.88,0,0,96.4995,27.04
-0.87,0,0,96.1882,26.864
-0.86,0,0,97.0611,26.736
-0.85,0,0,97.6226,26.608
-0.84,0,0,98.8678,26.336
-0.83,0,0,98.2269,26.192
-0.82,0,0,99.8444,26.016
-0.81,0,0,100.565,25.856
-0.8,0,0,101.254,25.696
-0.79,0,0,101.559,25.52
-0.78,0,0,101.248,25.328
-0.77,0,0,101.7,25.168
-0.76,0,0,102.847,24.992
-0.75,0,0,102.921,24.8
-0.74,0,0,104.19,24.64
-0.73,0,0,103.928,24.496
-0.72,0,0,104.514,24.32
-0.71,0,0,105.124,24.144
-0.7,0,0,105.6,24.048
-0.69,0,0,106.803,23.808
-0.68,0,0,107.895,23.648
-0.67,0,0,106.192,23.456
-0.66,0,0,106.766,23.472
-0.65,0,0,109.519,23.104
-0.64,0,0,110.831,22.944
-0.63,0,0,109.915,22.768
-0.62,0,0,109.812,22.592
-0.61,0,0,111.777,22.512
-0.6,0,0,111.222,22.336
-0.59,0,0,112.314,22.08
-0.58,0,0,113.932,21.904
-0.57,0,0,113.962,21.76
-0.56,0,0,113.895,21.552
-0.55,0,0,115.128,21.376
-0.54,0,0,116.404,21.232
-0.53,0,0,116.581,21.136
-0.52,0,0,116.733,20.96
-0.51,0,0,117.191,20.72
-0.5,0,0,118.345,20.528
-0.49,0,0,119.37,20.352
-0.48,0,0,119.199,20.192
-0.47,0,0,120.072,20.048
-0.46,0,0,120.713,19.872
-0.45,0,0,121.464,19.776
-0.44,0,0,121.976,19.568
-0.43,0,0,123.002,19.36
-0.42,0,0,123.521,19.184
-0.41,0,0,123.789,19.008
-0.4,0,0,125.175,18.832
-0.39,0,0,125.425,18.656
-0.38,0,0,125.529,18.544
-0.37,0,0,127.964,18.384
-0.36,0,0,128.08,18.144
-0.35,0,0,127.604,17.952
-0.34,0,0,129.685,17.808
-0.33,0,0,129.679,17.664
-0.32,0,0,129.844,17.536
-0.31,0,0,131.602,17.344
-0.3,0,0,131.651,17.136
-0.29,0,0,133.207,16.976
-0.28,0,0,134.544,16.864
-0.27,0,0,134.513,16.608
-0.26,0,0,134.623,16.448
-0.25,0,0,134.861,16.256
-0.24,0,0,136.174,16.096
-0.23,0,0,137.217,15.968
-0.22,0,0,138.206,15.76
-0.21,0,0,137.962,15.568
-0.2,0,0,140.648,15.408
-0.19,0,0,139.134,15.248
-0.18,0,0,140.495,15.072
-0.17,0,0,140.489,14.912
-0.16,0,0,141.795,14.72
-0.15,0,0,141.374,14.56
-0.14,0,0,143.443,14.368
-0.13,0,0,143.425,14.272
-0.12,0,0,144.621,14.144
-0.11,0,0,144.713,13.952
-0.1,0,0,144.194,13.728
-0.09,0,0,144.853,13.536
-0.08,0,0,146.232,13.376
-0.07,0,0,145.921,13.184
-0.06,0,0,145.024,13.024
-0.05,0,0,146.446,12.864
-0.04,0,0,146.678,12.688
-0.03,0,0,147.545,12.592
-0.02,0,0,147.758,12.368
-0.01,0,0,148.375,12.208
0,0,0,146.971,11.984
0.01,0,0,148.241,11.824
0.02,0,0,149.62,11.664
0.03,0,0,147.862,11.504
0.04,0,0,149.071,11.312
0.05,0,0,147.917,11.152
0.06,0,0,148.332,10.976
0.07,0,0,146.525,10.8
0.08,0,0,145.83,10.624
0.09,0,0,145.72,10.464
0.1,0,0,146.495,10.352
0.11,0,0,143.962,10.128
0.12,0,0,144.835,9.968
0.13,0,0,141.551,9.824
0.14,0,0,140.715,9.6
0.15,0,0,139.848,9.424
0.16,0,0,139.488,9.296
0.17,0,0,136.326,9.088
0.18,0,0,135.893,8.928
0.19,0,0,133.946,8.784
0.2,0,0,130.296,8.592
0.21,0,0,130.082,8.464
0.22,0,0,128.428,8.368
0.23,0,0,124.235,8.08
0.24,0,0,122.733,7.904
0.25,0,0,121.171,7.84
0.26,0,0,118.65,7.584
0.27,0,0,115.03,7.376
0.28,0,0,113.041,7.248
0.29,0,0,110.636,7.04
0.3,0,0,107.797,6.864
0.31,0,0,105.985,6.688
0.32,0,0,105.429,6.624
0.33,0,0,104.044,6.368
0.34,0,0,102.274,6.208
0.35,0,0,100.864,6.064
0.36,0,0,100.632,5.824
0.37,0,0,99.3988,5.664
0.38,0,0,99.5087,5.488
0.39,0,0,98.9715,5.312
0.4,0,0,99.4537,5.152
0.41,0,0,101.346,4.96
0.42,0,0,102.518,4.8
0.43,0,0,102.921,4.608
0.44,0,0,101.804,4.448
0.45,0,0,102.64,4.304
0.46,0,0,103.201,4.208
0.47,0,0,102.579,3.92
0.48,0,0,103.446,3.792
0.49,0,0,101.852,3.6
0.5,0,0,102.194,3.424
0.51,0,0,101.413,3.264
0.52,0,0,101.871,3.136
0.53,0,0,100.339,2.912
0.54,0,0,101.608,2.768
0.55,0,0,102.286,2.56
0.56,0,0,102.634,2.432
0.57,0,0,102.976,2.24
0.58,0,0,102.225,2.048
0.59,0,0,101.614,1.936
0.6,0,0,102.371,1.728
0.61,0,0,102.615,1.52
0.62,0,0,102.622,1.424
0.63,0,0,103.238,1.312
0.64,0,0,106.424,1.04
0.64,0.01,0,107.346,1.12
0.63,0.01,0,103.934,1.296
0.62,0.01,0,101.865,1.488
0.61,0.01,0,101.254,1.664
0.6,0.01,0,100.626,1.744
0.59,0.01,0,101.743,2.016
0.58,0.01,0,101.505,2.176
0.57,0.01,0,102.347,2.352
0.56,0.01,0,102.615,2.528
0.55,0.01,0,102.365,2.688
0.54,0.01,0,102.786,2.864
0.53,0.01,0,103.079,3.04
0.52,0.01,0,103.836,3.2
0.51,0.01,0,103.244,3.36
0.5,0.01,0,102.078,3.536
0.49,0.01,0,103.604,3.728
0.48,0.01,0,103.177,3.888
0.47,0.01,0,103.507,3.984
0.46,0.01,0,102.683,4.16
0.45,0.01,0,103.995,4.4
0.44,0.01,0,104.135,4.576
0.43,0.01,0,102.127,4.72
0.42,0.01,0,101.395,4.912
0.41,0.01,0,100.052,5.072
0.4,0.01,0,98.7213,5.232
0.39,0.01,0,99.3744,5.344
0.38,0.01,0,98.5992,5.584
0.37,0.01,0,97.8545,5.776
0.36,0.01,0,98.2147,5.968
0.35,0.01,0,99.3377,6.048
0.34,0.01,0,99.1852,6.256
0.33,0.01,0,100.644,6.448
0.32,0.01,0,103.854,6.656
0.31,0.01,0,106.052,6.784
0.3,0.01,0,108.072,6.976
0.29,0.01,0,109.958,7.088
0.28,0.01,0,112.162,7.328
0.27,0.01,0,114.31,7.456
0.26,0.01,0,117.252,7.584
0.25,0.01,0,119.468,7.792
0.24,0.01,0,122.538,7.936
0.23,0.01,0,127.25,8.176
0.22,0.01,0,127.732,8.368
0.21,0.01,0,131.425,8.512
0.2,0.01,0,134.275,8.688
0.19,0.01,0,135.728,8.864
0.18,0.01,0,138.383,9.024
0.17,0.01,0,139.921,9.184
0.16,0.01,0,141.38,9.36
0.15,0.01,0,142.582,9.536
0.14,0.01,0,144.237,9.696
0.13,0.01,0,146.098,9.888
0.12,0.01,0,148.173,10.048
0.11,0.01,0,148.936,10.208
0.1,0.01,0,148.656,10.384
0.09,0.01,0,150.92,10.576
0.08,0.01,0,151.28,10.736
0.07,0.01,0,152.495,10.88
0.06,0.01,0,151.994,11.056
0.05,0.01,0,153.905,11.248
0.04,0.01,0,153.868,11.424
0.03,0.01,0,153.673,11.584
0.02,0.01,0,153.38,11.744
0.01,0.01,0,152.989,11.872
0,0.01,0,153.6,12.112
-0.01,0.01,0,153.551,12.288
-0.02,0.01,0,154.259,12.432
-0.03,0.01,0,152.507,12.608
-0.04,0.01,0,152.794,12.784
-0.05,0.01,0,153.71,12.944
-0.06,0.01,0,152.44,13.024
-0.07,0.01,0,151.976,13.28
-0.08,0.01,0,151.701,13.44
-0.09,0.01,0,150.554,13.616
-0.1,0.01,0,150.835,13.76
-0.11,0.01,0,149.773,13.952
-0.12,0.01,0,148.814,14.128
-0.13,0.01,0,148.094,14.288
-0.14,0.01,0,147.899,14.464
-0.15,0.01,0,146.928,14.56
-0.16,0.01,0,147.581,14.816
-0.17,0.01,0,146.196,14.976
-0.18,0.01,0,145.158,15.072
-0.19,0.01,0,143.248,15.328
-0.2,0.01,0,143.73,15.472
-0.21,0.01,0,142.778,15.664
-0.22,0.01,0,141.923,15.824
-0.23,0.01,0,141.337,16.016
-0.24,0.01,0,139.573,16.176
-0.25,0.01,0,138.731,16.352
-0.26,0.01,0,138.829,16.496
-0.27,0.01,0,137.541,16.672
-0.28,0.01,0,136.723,16.864
-0.29,0.01,0,136.448,17.024
-0.3,0.01,0,136.003,17.184
-0.31,0.01,0,134.257,17.328
-0.32,0.01,0,133.671,17.536
-0.33,0.01,0,133.28,17.696
-0.34,0.01,0,133.61,17.84
-0.35,0.01,0,131.51,18.032
-0.36,0.01,0,130.912,18.224
-0.37,0.01,0,129.978,18.384
-0.38,0.01,0,130.668,18.576
-0.39,0.01,0,129.014,18.736
-0.4,0.01,0,128.55,18.88
-0.41,0.01,0,126.749,19.072
-0.42,0.01,0,126.481,19.232
-0.43,0.01,0,126.316,19.424
-0.44,0.01,0,126.084,19.584
-0.45,0.01,0,124.155,19.728
-0.46,0.01,0,124.009,19.92
-0.47,0.01,0,121.891,20.016
-0.48,0.01,0,122.52,20.256
-0.49,0.01,0,120.89,20.432
-0.5,0.01,0,121.476,20.592
-0.51,0.01,0,119.34,20.784
-0.52,0.01,0,118.455,20.944
-0.53,0.01,0,118.326,21.088
-0.54,0.01,0,117.551,21.472
-0.55,0.01,0,118.308,21.44
-0.56,0.01,0,116.172,21.616
-0.57,0.01,0,115.83,21.984
-0.58,0.01,0,116.874,21.904
-0.59,0.01,0,114.151,22.128
-0.6,0.01,0,114.432,22.288
-0.61,0.01,0,112.796,22.496
-0.62,0.01,0,112.192,22.672
-0.63,0.01,0,112.394,22.816
-0.64,0.01,0,110.874,22.976
-0.65,0.01,0,111.393,23.088
-0.66,0.01,0,109.635,23.488
-0.67,0.01,0,109.207,23.44
-0.68,0.01,0,108.902,23.616
-0.69,0.01,0,108.597,23.856
-0.7,0.01,0,107.065,24.016
-0.71,0.01,0,107.224,24.112
-0.72,0.01,0,106.046,24.352
-0.73,0.01,0,106.711,24.544
-0.74,0.01,0,104.721,24.64
-0.75,0.01,0,104.593,24.832
-0.76,0.01,0,103.183,25.04
-0.77,0.01,0,102.213,25.216
-0.78,0.01,0,102.762,25.36
-0.79,0.01,0,102.805,25.52
-0.8,0.01,0,101.498,25.936
-0.81,0.01,0,100.943,25.92
-0.82,0.01,0,100.851,26.016
-0.83,0.01,0,100.668,26.24
-0.84,0.01,0,99.588,26.416
-0.85,0.01,0,99.411,26.576
-0.86,0.01,0,98.0438,26.752
-0.87,0.01,0,97.9644,26.944
-0.88,0.01,0,97.5372,27.024
-0.89,0.01,0,96.6704,27.264
-0.9,0.01,0,95.9136,27.632
-0.91,0.01,0,96.0356,27.552
-0.92,0.01,0,96.1821,27.968
-0.93,0.01,0,95.3215,28.128
-0.94,0.01,0,94.3999,28.064
-0.95,0.01,0,94.0641,28.32
-0.96,0.01,0,93.3622,28.464
-0.97,0.01,0,93.6674,28.624
-0.98,0.01,0,93.4172,28.8
-0.99,0.01,0,92.3734,28.976
-1,0.01,0,90.933,29.152
-1.01,0.01,0,91.4579,29.312
-1.02,0.01,0,91.2931,29.696
-1.03,0.01,0,89.3216,29.84
-1.04,0.01,0,89.5413,30.032
-1.05,0.01,0,90.5301,29.936
-1.06,0.01,0,89.5718,30.176
-1.07,0.01,0,88.4121,30.336
-1.08,0.01,0,87.9971,30.464
-1.09,0.01,0,86.7519,30.656
-1.1,0.01,0,86.581,30.88
-1.11,0.01,0,87.2829,31.024
-1.12,0.01,0,86.0195,31.376
-1.13,0.01,0,86.4101,31.568
-1.14,0.01,0,85.342,31.552
-1.15,0.01,0,85.6655,31.712
-1.16,0.01,0,84.817,31.824
-1.17,0.01,0,84.2921,32.016
-1.18,0.01,0,83.5841,32.208
-1.19,0.01,0,83.7123,32.4
-1.2,0.01,0,83.2789,32.512
-1.21,0.01,0,83.0836,32.72
-1.22,0.01,0,83.2972,32.928
-1.23,0.01,0,82.3817,33.28
-1.24,0.01,0,81.4295,33.248
-1.25,0.01,0,80.9229,33.408
-1.26,0.01,0,81.1548,33.776
-1.27,0.01,0,82.1924,33.776
-1.28,0.01,0,82.1558,33.92
-1.29,0.01,0,80.4407,34.096
-1.3,0.01,0,79.7815,34.288
-1.31,0.01,0,80.0256,34.464
-1.32,0.01,0,78.8415,34.816
-1.33,0.01,0,78.9392,34.752
-1.34,0.01,0,78.3227,34.928
-1.35,0.01,0,77.81,35.344
-1.36,0.01,0,78.0358,35.312
-1.37,0.01,0,76.4916,35.664
-1.38,0.01,0,77.6391,35.616
-1.39,0.01,0,76.8334,35.776
-1.4,0.01,0,76.4245,35.984
-1.41,0.01,0,75.9484,36.16
-1.42,0.01,0,76.2474,36.32
-1.43,0.01,0,75.4295,36.496
-1.44,0.01,0,74.2943,36.672
-1.45,0.01,0,75.0694,36.848
-1.46,0.01,0,73.9219,37.024
-1.47,0.01,0,73.8548,37.184
-1.48,0.01,0,73.3543,37.344
-1.49,0.01,0,73.9891,37.552
-1.5,0.01,0,73.2505,37.648
-1.51,0.01,0,73.7693,37.888
-1.52,0.01,0,73.6534,38.24
-1.53,0.01,0,73.8487,38.208
-1.54,0.01,0,73.0125,38.384
-1.55,0.01,0,73.0979,38.736
-1.56,0.01,0,71.0654,38.912
-1.57,0.01,0,71.3157,38.896
-1.58,0.01,0,72.0298,39.056
-1.59,0.01,0,70.8213,39.216
-1.6,0.01,0,70.7602,39.44
-1.61,0.01,0,70.6076,39.584
-1.62,0.01,0,70.3757,39.744
-1.63,0.01,0,70.3207,39.904
-1.64,0.01,0,69.3625,40.272
-1.65,0.01,0,70.3574,40.272
-1.66,0.01,0,68.4042,40.608
-1.67,0.01,0,68.4774,40.608
-1.68,0.01,0,68.8925,40.96
-1.69,0.01,0,68.1478,40.96
-1.7,0.01,0,67.7084,41.312
-1.71,0.01,0,68.4408,41.312
-1.72,0.01,0,67.9098,41.44
-1.73,0.01,0,67.4764,41.632
-1.74,0.01,0,66.4815,41.808
-1.75,0.01,0,66.2374,42.176
-1.76,0.01,0,65.7491,42.336
-1.77,0.01,0,65.5293,42.32
-1.78,0.01,0,65.4744,42.496
-1.79,0.01,0,65.8467,42.64
-1.8,0.01,0,65.0655,42.832
-1.81,0.01,0,64.9373,43.216
-1.82,0.01,0,66.6341,43.184
-1.83,0.01,0,64.3941,43.52
-1.84,0.01,0,64.9495,43.504
-1.85,0.01,0,63.9058,43.872
-1.86,0.01,0,63.6555,43.856
-1.87,0.01,0,64.803,44.208
-1.88,0.01,0,64.1072,44.4
-1.89,0.01,0,63.0268,44.352
-1.9,0.01,0,63.1916,44.544
-1.91,0.01,0,62.447,44.72
-1.92,0.01,0,63.5578,44.816
-1.93,0.01,0,62.4958,45.056
-1.94,0.01,0,62.4714,45.2
-1.95,0.01,0,61.0187,45.392
-1.96,0.01,0,61.8671,45.568
-1.97,0.01,0,60.4572,45.664
-1.98,0.01,0,60.9699,45.904
-1.99,0.01,0,61.269,46.08
-2,0.01,0,60.2863,46.352
-2,0.02,0,61.0858,46.24
-1.99,0.02,0,62.5568,46.096
-1.98,0.02,0,61.8854,46.064
-1.97,0.02,0,62.1418,45.872
-1.96,0.02,0,63.3503,45.536
-1.95,0.02,0,62.0136,45.44
-1.94,0.02,0,62.4836,45.216
-1.93,0.02,0,63.5273,45.04
-1.92,0.02,0,63.509,44.88
-1.91,0.02,0,63.3381,44.672
-1.9,0.02,0,64.2048,44.576
-1.89,0.02,0,63.9058,44.32
-1.88,0.02,0,63.7593,44.336
-1.87,0.02,0,64.4795,44.064
-1.86,0.02,0,66.2984,43.84
-1.85,0.02,0,64.4917,43.648
-1.84,0.02,0,65.1082,43.552
-1.83,0.02,0,65.0899,43.328
-1.82,0.02,0,65.273,43.136
-1.81,0.02,0,66.6585,43.056
-1.8,0.02,0,65.5599,42.8
-1.79,0.02,0,66.7806,42.64
-1.78,0.02,0,66.7867,42.528
-1.77,0.02,0,66.7806,42.256
-1.76,0.02,0,67.7816,42.112
-1.75,0.02,0,68.2577,42.016
-1.74,0.02,0,67.568,41.76
-1.73,0.02,0,68.1295,41.616
-1.72,0.02,0,67.7938,41.488
-1.71,0.02,0,67.861,41.264
-1.7,0.02,0,69.3197,41.088
-1.69,0.02,0,68.5202,40.992
-1.68,0.02,0,69.2343,40.816
-1.67,0.02,0,69.4052,40.576
-1.66,0.02,0,70.1071,40.416
-1.65,0.02,0,70.0522,40.432
-1.64,0.02,0,70.3757,40.144
-1.63,0.02,0,69.631,39.904
-1.62,0.02,0,70.6381,39.712
-1.61,0.02,0,71.0471,39.552
-1.6,0.02,0,71.1447,39.36
-1.59,0.02,0,71.7978,39.264
-1.58,0.02,0,71.218,39.056
-1.57,0.02,0,72.2434,39.024
-1.56,0.02,0,72.2007,38.896
-1.55,0.02,0,72.7927,38.512
-1.54,0.02,0,73.8365,38.336
-1.53,0.02,0,73.7144,38.192
-1.52,0.02,0,74.2149,38
-1.51,0.02,0,73.8426,37.84
-1.5,0.02,0,74.0867,37.664
-1.49,0.02,0,73.0186,37.536
-1.48,0.02,0,74.9657,37.424
-1.47,0.02,0,74.7703,37.152
-1.46,0.02,0,75.0694,36.976
-1.45,0.02,0,75.1122,36.816
-1.44,0.02,0,75.4051,36.8
-1.43,0.02,0,76.4794,36.448
-1.42,0.02,0,77.1996,36.288
-1.41,0.02,0,76.4611,36.112
-1.4,0.02,0,76.87,36.128
-1.39,0.02,0,76.3512,35.776
-1.38,0.02,0,78.1213,35.648
-1.37,0.02,0,78.0663,35.44
-1.36,0.02,0,78.9331,35.248
-1.35,0.02,0,79.6655,35.12
-1.34,0.02,0,79.4519,34.912
-1.33,0.02,0,79.989,34.96
-1.32,0.02,0,79.281,34.752
-1.31,0.02,0,79.6167,34.432
-1.3,0.02,0,80.5383,34.416
-1.29,0.02,0,80.5872,34.064
-1.28,0.02,0,81.3196,34.064
-1.27,0.02,0,82.2901,33.808
-1.26,0.02,0,82.7174,33.536
-1.25,0.02,0,82.6319,33.36
-1.24,0.02,0,82.2413,33.216
-1.23,0.02,0,83.0592,33.04
-1.22,0.02,0,82.8272,33.024
-1.21,0.02,0,83.7184,32.896
-1.2,0.02,0,83.9381,32.544
-1.19,0.02,0,84.1273,32.384
-1.18,0.02,0,84.1945,32.24
-1.17,0.02,0,85.5373,32.016
-1.16,0.02,0,85.7448,31.824
-1.15,0.02,0,85.4152,31.696
-1.14,0.02,0,85.6594,31.488
-1.13,0.02,0,87.7407,31.408
-1.12,0.02,0,87.0083,31.136
-1.11,0.02,0,86.8252,31.264
-1.1,0.02,0,88.5708,30.8
-1.09,0.02,0,89.3643,30.816
-1.08,0.02,0,89.3765,30.464
-1.07,0.02,0,88.8516,30.512
-1.06,0.02,0,89.6573,30.128
-1.05,0.02,0,89.4864,30.16
-1.04,0.02,0,90.6705,29.792
-1.03,0.02,0,90.463,29.616
-1.02,0.02,0,90.8841,29.712
-1.01,0.02,0,93.3805,29.472
-1,0.02,0,92.5382,29.088
-0.99,0.02,0,92.3978,28.992
-0.98,0.02,0,92.7091,28.784
-0.97,0.02,0,92.2575,28.576
-0.96,0.02,0,94.0397,28.608
-0.95,0.02,0,94.3876,28.224
-0.94,0.02,0,94.8698,28.256
-0.93,0.02,0,95.5657,27.904
-0.92,0.02,0,96.6277,27.712
-0.91,0.02,0,96.2493,27.648
-0.9,0.02,0,96.9024,27.616
-0.89,0.02,0,97.0855,27.408
-0.88,0.02,0,99.4598,27.024
-0.87,0.02,0,98.5015,27.088
-0.86,0.02,0,99.4232,26.688
-0.85,0.02,0,100.674,26.736
-0.84,0.02,0,99.0753,26.608
-0.83,0.02,0,100.137,26.4
-0.82,0.02,0,101.669,26.224
-0.81,0.02,0,101.694,26.048
-0.8,0.02,0,102.231,25.68
-0.79,0.02,0,102.487,25.504
-0.78,0.02,0,103.586,25.552
-0.77,0.02,0,103.958,25.392
-0.76,0.02,0,103.696,25.184
-0.75,0.02,0,104.398,25.024
-0.74,0.02,0,105.539,24.688
-0.73,0.02,0,106.522,24.464
-0.72,0.02,0,107.187,24.352
-0.71,0.02,0,108.664,24.4
-0.7,0.02,0,108.383,23.952
-0.69,0.02,0,108.982,23.792
-0.68,0.02,0,109.159,23.92
-0.67,0.02,0,109.775,23.552
-0.66,0.02,0,110.752,23.28
-0.65,0.02,0,111.155,23.12
-0.64,0.02,0,111.478,22.928
-0.63,0.02,0,114.237,22.768
-0.62,0.02,0,113.486,22.64
-0.61,0.02,0,115.146,22.416
-0.6,0.02,0,115.195,22.48
-0.59,0.02,0,115.329,22.064
-0.58,0.02,0,115.281,21.952
-0.57,0.02,0,117.27,21.76
-0.56,0.02,0,116.459,21.552
-0.55,0.02,0,118.216,21.376
-0.54,0.02,0,119.254,21.424
-0.53,0.02,0,119.48,21.136
-0.52,0.02,0,120.206,20.912
-0.51,0.02,0,121.085,20.912
-0.5,0.02,0,122.068,20.544
-0.49,0.02,0,121.775,20.384
-0.48,0.02,0,122.593,20.4
-0.47,0.02,0,123.582,20.032
-0.46,0.02,0,123.295,19.872
-0.45,0.02,0,124.57,19.728
-0.44,0.02,0,125.059,19.76
-0.43,0.02,0,126.975,19.664
-0.42,0.02,0,127.232,19.152
-0.41,0.02,0,126.518,19.024
-0.4,0.02,0,128.428,18.864
-0.39,0.02,0,129.563,18.656
-0.38,0.02,0,129.728,18.56
-0.37,0.02,0,130.143,18.352
-0.36,0.02,0,131.846,18.128
-0.35,0.02,0,131.48,18
-0.34,0.02,0,133.219,17.824
-0.33,0.02,0,133.262,17.648
-0.32,0.02,0,134.916,17.472
-0.31,0.02,0,136.1,17.312
-0.3,0.02,0,136.106,17.136
-0.29,0.02,0,136.937,16.96
-0.28,0.02,0,138.316,16.8
-0.27,0.02,0,137.748,16.672
-0.26,0.02,0,139.732,16.464
-0.25,0.02,0,140.568,16.272
-0.24,0.02,0,139.921,16.144
-0.23,0.02,0,140.312,15.952
-0.22,0.02,0,141.545,15.808
-0.21,0.02,0,141.844,15.6
-0.2,0.02,0,143.895,15.408
-0.19,0.02,0,144.224,15.264
-0.18,0.02,0,144.456,15.072
-0.17,0.02,0,144.798,14.912
-0.16,0.02,0,145.323,14.752
-0.15,0.02,0,147.014,14.672
-0.14,0.02,0,147.002,14.4
-0.13,0.02,0,147.435,14.24
-0.12,0.02,0,147.905,14.08
-0.11,0.02,0,148.662,13.904
-0.1,0.02,0,150.566,13.728
-0.09,0.02,0,149.834,13.52
-0.08,0.02,0,149.62,13.376
-0.07,0.02,0,149.577,13.2
-0.06,0.02,0,149.968,13.024
-0.05,0.02,0,151.201,12.88
-0.04,0.02,0,151.433,12.8
-0.03,0.02,0,150.719,12.496
-0.02,0.02,0,151.067,12.368
-0.01,0.02,0,151.726,12.192
0,0.02,0,150.67,12
0.01,0.02,0,151.958,11.84
0.02,0.02,0,149.937,11.68
0.03,0.02,0,151.598,11.536
0.04,0.02,0,151.592,11.456
0.05,0.02,0,149.651,11.168
0.06,0.02,0,148.869,10.96
0.07,0.02,0,149.04,10.832
0.08,0.02,0,148.473,10.624
0.09,0.02,0,147.514,10.576
0.1,0.02,0,148.967,10.288
0.11,0.02,0,146.348,10.144
0.12,0.02,0,144.212,10
0.13,0.02,0,143.022,9.792
0.14,0.02,0,141.746,9.632
0.15,0.02,0,141.874,9.568
0.16,0.02,0,138.255,9.312
0.17,0.02,0,137.675,9.12
0.18,0.02,0,135.289,9.04
0.19,0.02,0,132.566,8.752
0.2,0.02,0,131.248,8.608
0.21,0.02,0,129.923,8.496
0.22,0.02,0,127.409,8.272
0.23,0.02,0,125.364,8.144
0.24,0.02,0,122.477,7.888
0.25,0.02,0,119.95,7.728
0.26,0.02,0,118.406,7.584
0.27,0.02,0,116.446,7.376
0.28,0.02,0,113.633,7.264
0.29,0.02,0,111.13,7.056
0.3,0.02,0,109.568,6.88
0.31,0.02,0,108.89,6.72
0.32,0.02,0,106.064,6.544
0.33,0.02,0,105.979,6.352
0.34,0.02,0,104.111,6.192
0.35,0.02,0,103.006,6.016
0.36,0.02,0,102.438,5.824
0.37,0.02,0,101.212,5.696
0.38,0.02,0,101.535,5.504
0.39,0.02,0,101.267,5.328
0.4,0.02,0,101.187,5.152
0.41,0.02,0,100.98,4.992
0.42,0.02,0,100.308,4.816
0.43,0.02,0,102.023,4.656
0.44,0.02,0,102.542,4.464
0.45,0.02,0,102.054,4.288
0.46,0.02,0,102.542,4.16
0.47,0.02,0,103.262,3.968
0.48,0.02,0,104.013,3.872
0.49,0.02,0,104.025,3.616
0.5,0.02,0,103.879,3.456
0.51,0.02,0,103.452,3.392
0.52,0.02,0,104.611,3.088
0.53,0.02,0,104.007,2.912
0.54,0.02,0,103.085,2.752
0.55,0.02,0,102.853,2.576
0.56,0.02,0,103.421,2.512
0.57,0.02,0,103.317,2.304
0.58,0.02,0,102.371,2.08
0.59,0.02,0,103.189,1.888
0.6,0.02,0,102.719,1.776
0.61,0.02,0,101.828,1.6
0.62,0.02,0,103.214,1.392
0.63,0.02,0,101.09,1.216
0.64,0.02,0,105.509,1.056
0.64,0.03,0,105.039,1.136
0.63,0.03,0,106.375,1.296
0.62,0.03,0,105.423,1.52
0.61,0.03,0,103.909,1.664
0.6,0.03,0,103.873,1.824
0.59,0.03,0,104.52,1.936
0.58,0.03,0,104.801,2.208
0.57,0.03,0,104.563,2.352
0.56,0.03,0,105.832,2.528
0.55,0.03,0,105.637,2.704
0.54,0.03,0,106.156,2.784
0.53,0.03,0,104.831,2.992
0.52,0.03,0,106.326,3.136
0.51,0.03,0,104.251,3.36
0.5,0.03,0,103.922,3.456
0.49,0.03,0,105.081,3.728
0.48,0.03,0,103.964,3.888
0.47,0.03,0,102.756,4.032
0.46,0.03,0,102.371,4.192
0.45,0.03,0,103.787,4.32
0.44,0.03,0,104.001,4.592
0.43,0.03,0,102.524,4.72
0.42,0.03,0,102.902,4.928
0.41,0.03,0,103.836,5.104
0.4,0.03,0,104.123,5.2
0.39,0.03,0,105.173,5.44
0.38,0.03,0,105.527,5.616
0.37,0.03,0,107.45,5.776
0.36,0.03,0,107.743,5.952
0.35,0.03,0,109.067,6.128
0.34,0.03,0,110.257,6.272
0.33,0.03,0,111.441,6.464
0.32,0.03,0,112.015,6.56
0.31,0.03,0,114.2,6.736
0.3,0.03,0,115.079,6.992
0.29,0.03,0,116.88,7.136
0.28,0.03,0,118.876,7.328
0.27,0.03,0,119.913,7.504
0.26,0.03,0,121.006,7.632
0.25,0.03,0,122.672,7.824
0.24,0.03,0,123.423,8.016
0.23,0.03,0,126.023,8.176
0.22,0.03,0,126.933,8.352
0.21,0.03,0,128.886,8.528
0.2,0.03,0,131.639,8.672
0.19,0.03,0,131.126,8.784
0.18,0.03,0,133.287,9.04
0.17,0.03,0,132.853,9.2
0.16,0.03,0,135.392,9.376
0.15,0.03,0,136.033,9.552
0.14,0.03,0,136.631,9.664
0.13,0.03,0,137.754,9.904
0.12,0.03,0,137.999,10.08
0.11,0.03,0,138.267,10.208
0.1,0.03,0,139.891,10.4
0.09,0.03,0,140.867,10.528
0.08,0.03,0,141.008,10.656
0.07,0.03,0,142.967,10.928
0.06,0.03,0,142.283,11.056
0.05,0.03,0,143.107,11.184
0.04,0.03,0,143.675,11.344
0.03,0.03,0,144.377,11.568
0.02,0.03,0,144.591,11.68
0.01,0.03,0,144.768,11.952
0,0.03,0,144.859,12.096
-0.01,0.03,0,145.695,12.272
-0.02,0.03,0,145.958,12.448
-0.03,0.03,0,145.378,12.608
-0.04,0.03,0,145.72,12.768
-0.05,0.03,0,145.402,12.912
-0.06,0.03,0,144.414,13.072
-0.07,0.03,0,144.865,13.28
-0.08,0.03,0,143.974,13.424
-0.09,0.03,0,144.237,13.552
-0.1,0.03,0,144.212,13.744
-0.11,0.03,0,144.029,13.968
-0.12,0.03,0,144.029,14.128
-0.13,0.03,0,143.516,14.272
-0.14,0.03,0,142.485,14.48
-0.15,0.03,0,141.166,14.624
-0.16,0.03,0,142.112,14.752
-0.17,0.03,0,141.234,14.976
-0.18,0.03,0,140.062,15.152
-0.19,0.03,0,141.215,15.312
-0.2,0.03,0,139.732,15.44
-0.21,0.03,0,140.269,15.6
-0.22,0.03,0,138.609,15.824
-0.23,0.03,0,138.688,16
-0.24,0.03,0,136.699,16.176
-0.25,0.03,0,137.687,16.352
-0.26,0.03,0,137.284,16.448
-0.27,0.03,0,136.503,16.64
-0.28,0.03,0,135.057,16.832
-0.29,0.03,0,133.561,17.024
-0.3,0.03,0,134.513,17.216
-0.31,0.03,0,133.348,17.376
-0.32,0.03,0,133.085,17.536
-0.33,0.03,0,131.437,17.728
-0.34,0.03,0,131.291,17.904
-0.35,0.03,0,131.132,18.032
-0.36,0.03,0,130.68,18.224
-0.37,0.03,0,128.941,18.32
-0.38,0.03,0,128.336,18.576
-0.39,0.03,0,128.001,18.736
-0.4,0.03,0,127.775,18.88
-0.41,0.03,0,127.396,19.072
-0.42,0.03,0,125.901,19.264
-0.43,0.03,0,125.834,19.424
-0.44,0.03,0,124.961,19.52
-0.45,0.03,0,123.856,19.728
-0.46,0.03,0,123.081,19.92
-0.47,0.03,0,122.007,20.096
-0.48,0.03,0,122.037,20.272
-0.49,0.03,0,121.012,20.416
-0.5,0.03,0,120.438,20.608
-0.51,0.03,0,119.401,20.8
-0.52,0.03,0,119.864,20.928
-0.53,0.03,0,120.182,21.072
-0.54,0.03,0,118.253,21.216
-0.55,0.03,0,117.258,21.472
-0.56,0.03,0,116.373,21.632
-0.57,0.03,0,115.879,21.792
-0.58,0.03,0,115.293,21.968
-0.59,0.03,0,115.14,22.16
-0.6,0.03,0,115.11,22.32
-0.61,0.03,0,112.973,22.48
-0.62,0.03,0,112.68,22.672
-0.63,0.03,0,112.162,22.848
-0.64,0.03,0,111.014,23.008
-0.65,0.03,0,111.612,23.312
-0.66,0.03,0,109.665,23.36
-0.67,0.03,0,110.062,23.696
-0.68,0.03,0,109.061,23.616
-0.69,0.03,0,108.31,23.84
-0.7,0.03,0,107.535,24.016
-0.71,0.03,0,108.292,24.144
-0.72,0.03,0,106.65,24.576
-0.73,0.03,0,106.528,24.496
-0.74,0.03,0,105.588,24.736
-0.75,0.03,0,105.167,24.88
-0.76,0.03,0,104.263,25.056
-0.77,0.03,0,104.678,25.232
-0.78,0.03,0,103.183,25.408
-0.79,0.03,0,102.53,25.568
-0.8,0.03,0,102.823,25.664
-0.81,0.03,0,101.401,25.856
-0.82,0.03,0,100.089,26.048
-0.83,0.03,0,100.302,26.224
-0.84,0.03,0,99.9481,26.352
-0.85,0.03,0,100.058,26.72
-0.86,0.03,0,99.2523,26.768
-0.87,0.03,0,98.9776,27.12
-0.88,0.03,0,98.1964,27.12
-0.89,0.03,0,96.8169,27.28
-0.9,0.03,0,96.5484,27.44
-0.91,0.03,0,96.5361,27.632
-0.92,0.03,0,96.4812,27.968
-0.93,0.03,0,96.3225,28.176
-0.94,0.03,0,95.0896,28.064
-0.95,0.03,0,94.8088,28.32
-0.96,0.03,0,93.8566,28.432
-0.97,0.03,0,93.6186,28.832
-0.98,0.03,0,93.7346,29.024
-0.99,0.03,0,93.6735,29.152
-1,0.03,0,92.5321,29.168
-1.01,0.03,0,91.7508,29.328
-1.02,0.03,0,92.6969,29.504
-1.03,0.03,0,90.8963,29.616
-1.04,0.03,0,89.3887,29.84
-1.05,0.03,0,90.2066,30.192
-1.06,0.03,0,89.7061,30.112
-1.07,0.03,0,89.1812,30.288
-1.08,0.03,0,88.8577,30.512
-1.09,0.03,0,88.5342,30.88
-1.1,0.03,0,87.7407,30.88
-1.11,0.03,0,87.5271,31.04
-1.12,0.03,0,86.4956,31.216
-1.13,0.03,0,87.1609,31.584
-1.14,0.03,0,86.3063,31.76
-1.15,0.03,0,86.0683,31.728
-1.16,0.03,0,86.2209,31.888
-1.17,0.03,0,84.9757,32.032
-1.18,0.03,0,84.8048,32.384
-1.19,0.03,0,84.6889,32.384
-1.2,0.03,0,83.6329,32.752
-1.21,0.03,0,83.9991,32.72
-1.22,0.03,0,84.2555,32.912
-1.23,0.03,0,84.2067,33.104
-1.24,0.03,0,83.8832,33.264
-1.25,0.03,0,82.9432,33.584
-1.26,0.03,0,81.283,33.552
-1.27,0.03,0,81.0694,33.968
-1.28,0.03,0,81.5088,33.92
-1.29,0.03,0,81.3684,34.08
-1.3,0.03,0,79.9829,34.448
-1.31,0.03,0,80.2149,34.448
-1.32,0.03,0,79.3725,34.64
-1.33,0.03,0,79.5801,35.008
-1.34,0.03,0,78.9392,34.976
-1.35,0.03,0,78.6035,35.152
-1.36,0.03,0,78.7011,35.264
-1.37,0.03,0,78.4997,35.632
-1.38,0.03,0,77.2301,35.84
-1.39,0.03,0,76.9738,35.808
-1.4,0.03,0,77.2546,35.952
-1.41,0.03,0,77.4071,36.368
-1.42,0.03,0,76.8578,36.288
-1.43,0.03,0,76.7785,36.496
-1.44,0.03,0,75.7775,36.688
-1.45,0.03,0,75.2831,36.848
-1.46,0.03,0,75.4418,37.024
-1.47,0.03,0,75.399,37.2
-1.48,0.03,0,74.0379,37.376
-1.49,0.03,0,74.0989,37.712
-1.5,0.03,0,74.0074,37.696
-1.51,0.03,0,73.3055,37.872
-1.52,0.03,0,73.1834,38.24
-1.53,0.03,0,73.0552,38.224
-1.54,0.03,0,72.9453,38.416
-1.55,0.03,0,73.4825,38.496
-1.56,0.03,0,72.8477,38.736
-1.57,0.03,0,72.0786,38.912
-1.58,0.03,0,72.8843,39.04
-1.59,0.03,0,71.8894,39.248
-1.6,0.03,0,71.6636,39.424
-1.61,0.03,0,71.1142,39.568
-1.62,0.03,0,69.8202,39.776
-1.63,0.03,0,70.7114,39.952
-1.64,0.03,0,71.395,40.048
-1.65,0.03,0,69.6615,40.224
-1.66,0.03,0,70.3269,40.576
-1.67,0.03,0,69.3625,40.608
-1.68,0.03,0,69.7714,40.752
-1.69,0.03,0,68.7521,40.96
-1.7,0.03,0,68.4347,41.136
-1.71,0.03,0,69.5944,41.472
-1.72,0.03,0,68.392,41.504
-1.73,0.03,0,67.5253,41.84
-1.74,0.03,0,68.2455,41.824
-1.75,0.03,0,67.9281,41.968
-1.76,0.03,0,67.3666,42.304
-1.77,0.03,0,67.1712,42.32
-1.78,0.03,0,65.7735,42.512
-1.79,0.03,0,66.6646,42.784
-1.8,0.03,0,65.5782,42.816
-1.81,0.03,0,66.4754,43.024
-1.82,0.03,0,66.4815,43.184
-1.83,0.03,0,66.3228,43.296
-1.84,0.03,0,65.8467,43.664
-1.85,0.03,0,65.9871,43.904
-1.86,0.03,0,65.6697,43.856
-1.87,0.03,0,64.1072,44.032
-1.88,0.03,0,63.6982,44.208
-1.89,0.03,0,63.8691,44.384
-1.9,0.03,0,64.5955,44.56
-1.91,0.03,0,64.2781,44.688
-1.92,0.03,0,64.0828,44.88
-1.93,0.03,0,63.1794,45.088
-1.94,0.03,0,62.978,45.232
-1.95,0.03,0,62.154,45.6
-1.96,0.03,0,63.0329,45.76
-1.97,0.03,0,62.4531,45.744
-1.98,0.03,0,62.5935,46.112
-1.99,0.03,0,61.214,46.08
-2,0.03,0,62.9719,46.224
-2,0.04,0,61.7328,46.416
-1.99,0.04,0,62.4165,46.288
-1.98,0.04,0,62.0197,45.856
-1.97,0.04,0,62.2394,45.792
-1.96,0.04,0,62.3005,45.728
-1.95,0.04,0,63.1855,45.36
-1.94,0.04,0,63.1245,45.2
-1.93,0.04,0,63.4114,45.216
-1.92,0.04,0,63.7471,45.088
-1.91,0.04,0,65.1631,44.688
-1.9,0.04,0,64.4307,44.528
-1.89,0.04,0,63.8997,44.352
-1.88,0.04,0,63.8203,44.192
-1.87,0.04,0,64.8946,44.208
-1.86,0.04,0,64.9983,43.824
-1.85,0.04,0,65.5904,43.84
-1.84,0.04,0,66.1946,43.504
-1.83,0.04,0,66.158,43.328
-1.82,0.04,0,66.4327,43.152
-1.81,0.04,0,66.2069,42.992
-1.8,0.04,0,66.3411,42.8
-1.79,0.04,0,66.9576,42.64
-1.78,0.04,0,67.0919,42.64
-1.77,0.04,0,66.7501,42.304
-1.76,0.04,0,67.4154,42.112
-1.75,0.04,0,67.6229,41.952
-1.74,0.04,0,67.1102,42
-1.73,0.04,0,67.5741,41.696
-1.72,0.04,0,67.5985,41.44
-1.71,0.04,0,69.3564,41.248
-1.7,0.04,0,68.1417,41.104
-1.69,0.04,0,68.4408,40.912
-1.68,0.04,0,68.6728,40.768
-1.67,0.04,0,69.0085,40.592
-1.66,0.04,0,69.3808,40.608
-1.65,0.04,0,70.4184,40.24
-1.64,0.04,0,70.2475,40.08
-1.63,0.04,0,71.1142,39.904
-1.62,0.04,0,71.6453,39.92
-1.61,0.04,0,71.1386,39.552
-1.6,0.04,0,70.7175,39.408
-1.59,0.04,0,71.8039,39.232
-1.58,0.04,0,71.9016,39.024
-1.57,0.04,0,71.9565,38.896
-1.56,0.04,0,72.9698,38.768
-1.55,0.04,0,73.6717,38.512
-1.54,0.04,0,71.7246,38.544
-1.53,0.04,0,72.158,38.464
-1.52,0.04,0,73.6717,38.016
-1.51,0.04,0,73.1468,38.032
-1.5,0.04,0,73.6412,37.664
-1.49,0.04,0,74.337,37.504
-1.48,0.04,0,75.7958,37.36
-1.47,0.04,0,74.9046,37.184
-1.46,0.04,0,75.9301,36.992
-1.45,0.04,0,75.6188,36.816
-1.44,0.04,0,76.0277,36.688
-1.43,0.04,0,76.1559,36.496
-1.42,0.04,0,76.7052,36.304
-1.41,0.04,0,76.6137,36.128
-1.4,0.04,0,75.6371,35.952
-1.39,0.04,0,77.1874,35.808
-1.38,0.04,0,78.2311,35.808
-1.37,0.04,0,78.2739,35.472
-1.36,0.04,0,77.9809,35.28
-1.35,0.04,0,78.1579,35.104
-1.34,0.04,0,78.4143,34.944
-1.33,0.04,0,79.635,34.768
-1.32,0.04,0,80.2149,34.592
-1.31,0.04,0,80.7459,34.4
-1.3,0.04,0,80.9412,34.272
-1.29,0.04,0,80.3064,34.08
-1.28,0.04,0,79.5862,33.952
-1.27,0.04,0,80.7947,33.728
-1.26,0.04,0,82.3878,33.568
-1.25,0.04,0,83.3705,33.456
-1.24,0.04,0,82.5282,33.232
-1.23,0.04,0,82.6624,33.04
-1.22,0.04,0,83.7672,32.896
-1.21,0.04,0,84.4386,32.704
-1.2,0.04,0,84.3776,32.544
-1.19,0.04,0,84.9452,32.56
-1.18,0.04,0,84.9452,32.208
-1.17,0.04,0,85.3298,32.208
-1.16,0.04,0,85.7448,31.84
-1.15,0.04,0,85.2687,31.68
-1.14,0.04,0,85.3664,31.568
-1.13,0.04,0,85.8852,31.344
-1.12,0.04,0,87.3501,31.152
-1.11,0.04,0,87.2219,31.008
-1.1,0.04,0,88.3999,30.864
-1.09,0.04,0,87.3379,30.704
-1.08,0.04,0,88.2778,30.56
-1.07,0.04,0,89.9014,30.32
-1.06,0.04,0,88.9004,30.128
-1.05,0.04,0,90.2493,29.968
-1.04,0.04,0,90.585,29.776
-1.03,0.04,0,91.0733,29.632
-1.02,0.04,0,90.8719,29.488
-1.01,0.04,0,91.3297,29.552
-1,0.04,0,92.1171,29.12
-0.99,0.04,0,92.5443,28.944
-0.98,0.04,0,92.4284,28.832
-0.97,0.04,0,93.4721,28.816
-0.96,0.04,0,93.7346,28.416
-0.95,0.04,0,93.8566,28.32
-0.94,0.04,0,94.882,28.08
-0.93,0.04,0,95.3764,27.936
-0.92,0.04,0,94.6318,27.808
-0.91,0.04,0,95.2544,27.648
-0.9,0.04,0,96.5361,27.408
-0.89,0.04,0,96.4873,27.264
-0.88,0.04,0,98.0499,27.056
-0.87,0.04,0,96.2798,27.072
-0.86,0.04,0,97.6775,26.72
-0.85,0.04,0,98.703,26.528
-0.84,0.04,0,100.119,26.384
-0.83,0.04,0,99.649,26.272
-0.82,0.04,0,99.9603,26.144
-0.81,0.04,0,100.992,25.856
-0.8,0.04,0,101.608,25.872
-0.79,0.04,0,101.535,25.52
-0.78,0.04,0,102.567,25.36
-0.77,0.04,0,102.383,25.2
-0.76,0.04,0,103.72,25.008
-0.75,0.04,0,105.155,24.816
-0.74,0.04,0,105.466,24.656
-0.73,0.04,0,105.777,24.512
-0.72,0.04,0,105.924,24.304
-0.71,0.04,0,106.241,24.144
-0.7,0.04,0,106.699,24
-0.69,0.04,0,106.894,23.92
-0.68,0.04,0,108.811,23.632
-0.67,0.04,0,108.872,23.472
-0.66,0.04,0,109.33,23.296
-0.65,0.04,0,109.165,23.136
-0.64,0.04,0,110.489,22.96
-0.63,0.04,0,109.641,22.768
-0.62,0.04,0,111.118,22.624
-0.61,0.04,0,111.954,22.448
-0.6,0.04,0,112.503,22.272
-0.59,0.04,0,113.138,22.096
-0.58,0.04,0,113.84,21.952
-0.57,0.04,0,113.242,21.76
-0.56,0.04,0,113.126,21.696
-0.55,0.04,0,115.061,21.44
-0.54,0.04,0,116.288,21.232
-0.53,0.04,0,116.953,21.088
-0.52,0.04,0,116.05,20.928
-0.51,0.04,0,117.051,20.864
-0.5,0.04,0,117.508,20.544
-0.49,0.04,0,117.57,20.416
-0.48,0.04,0,118.473,20.224
-0.47,0.04,0,118.143,20.064
-0.46,0.04,0,119.047,19.968
-0.45,0.04,0,121.043,19.728
-0.44,0.04,0,121.494,19.52
-0.43,0.04,0,121.805,19.424
-0.42,0.04,0,121.696,19.264
-0.41,0.04,0,122.526,19.024
-0.4,0.04,0,122.41,18.864
-0.39,0.04,0,123.783,18.72
-0.38,0.04,0,123.911,18.528
-0.37,0.04,0,124.986,18.352
-0.36,0.04,0,124.906,18.208
-0.35,0.04,0,125.59,18
-0.34,0.04,0,126.841,17.856
-0.33,0.04,0,126.011,17.664
-0.32,0.04,0,127.927,17.488
-0.31,0.04,0,127.262,17.344
-0.3,0.04,0,128.031,17.136
-0.29,0.04,0,128.495,16.976
-0.28,0.04,0,129.215,16.8
-0.27,0.04,0,128.495,16.64
-0.26,0.04,0,129.508,16.448
-0.25,0.04,0,129.691,16.288
-0.24,0.04,0,129.807,16.144
-0.23,0.04,0,131.223,15.984
-0.22,0.04,0,130.485,15.776
-0.21,0.04,0,130.137,15.664
-0.2,0.04,0,131.364,15.456
-0.19,0.04,0,131.62,15.248
-0.18,0.04,0,132.206,15.184
-0.17,0.04,0,132.267,14.912
-0.16,0.04,0,133.28,14.752
-0.15,0.04,0,132.218,14.656
-0.14,0.04,0,131.706,14.4
-0.13,0.04,0,133.818,14.224
-0.12,0.04,0,132.884,14.08
-0.11,0.04,0,132.749,13.92
-0.1,0.04,0,133.396,13.744
-0.09,0.04,0,134.391,13.568
-0.08,0.04,0,135.203,13.504
-0.07,0.04,0,133.598,13.248
-0.06,0.04,0,132.749,13.008
-0.05,0.04,0,134.349,12.896
-0.04,0.04,0,133.897,12.704
-0.03,0.04,0,133.262,12.528
-0.02,0.04,0,132.56,12.368
-0.01,0.04,0,133.244,12.256
0,0.04,0,132.688,12.112
0.01,0.04,0,132.109,11.856
0.02,0.04,0,131.779,11.68
0.03,0.04,0,131.516,11.504
0.04,0.04,0,130.509,11.312
0.05,0.04,0,132.322,11.264
0.06,0.04,0,130.613,11.056
0.07,0.04,0,129.96,10.8
0.08,0.04,0,129.02,10.656
0.09,0.04,0,130.351,10.48
0.1,0.04,0,128.776,10.304
0.11,0.04,0,131.578,10.24
0.12,0.04,0,126.524,9.952
0.13,0.04,0,127.824,9.792
0.14,0.04,0,127.842,9.728
0.15,0.04,0,125.889,9.408
0.16,0.04,0,127.11,9.296
0.17,0.04,0,125.559,9.12
0.18,0.04,0,124.967,8.912
0.19,0.04,0,125.12,8.768
0.2,0.04,0,123.936,8.608
0.21,0.04,0,123.173,8.432
0.22,0.04,0,123.325,8.352
0.23,0.04,0,122.159,8.064
0.24,0.04,0,122.709,7.904
0.25,0.04,0,122.141,7.84
0.26,0.04,0,121.342,7.568
0.27,0.04,0,121.885,7.376
0.28,0.04,0,120.756,7.248
0.29,0.04,0,120.2,7.056
0.3,0.04,0,119.23,6.88
0.31,0.04,0,118.662,6.752
0.32,0.04,0,117.563,6.528
0.33,0.04,0,116.08,6.368
0.34,0.04,0,116.453,6.32
0.35,0.04,0,116.08,6.112
0.36,0.04,0,114.652,5.856
0.37,0.04,0,112.027,5.712
0.38,0.04,0,111.02,5.552
0.39,0.04,0,111.319,5.328
0.4,0.04,0,110.251,5.264
0.41,0.04,0,109.598,5.008
0.42,0.04,0,108.127,4.816
0.43,0.04,0,107.724,4.704
0.44,0.04,0,105.521,4.576
0.45,0.04,0,105.008,4.32
0.46,0.04,0,104.508,4.128
0.47,0.04,0,104.709,3.968
0.48,0.04,0,103.507,3.808
0.49,0.04,0,105.069,3.632
0.5,0.04,0,104.52,3.488
0.51,0.04,0,103.928,3.264
0.52,0.04,0,104.929,3.104
0.53,0.04,0,105.777,2.944
0.54,0.04,0,106.168,2.752
0.55,0.04,0,107.407,2.592
0.56,0.04,0,107.022,2.432
0.57,0.04,0,106.919,2.256
0.58,0.04,0,107.73,2.112
0.59,0.04,0,107.059,1.888
0.6,0.04,0,107.962,1.76
0.61,0.04,0,107.425,1.584
0.62,0.04,0,106.247,1.408
0.63,0.04,0,106.784,1.248
0.64,0.04,0,109.305,1.056
0.64,0.05,0,106.906,1.136
0.63,0.05,0,108.536,1.328
0.62,0.05,0,108.286,1.52
0.61,0.05,0,107.608,1.664
0.6,0.05,0,108.646,1.776
0.59,0.05,0,107.675,1.936
0.58,0.05,0,107.37,2.112
0.57,0.05,0,105.399,2.368
0.56,0.05,0,105.197,2.512
0.55,0.05,0,104.343,2.704
0.54,0.05,0,106.229,2.864
0.53,0.05,0,105.692,3.04
0.52,0.05,0,106.241,3.232
0.51,0.05,0,105.197,3.376
0.5,0.05,0,105.637,3.552
0.49,0.05,0,106.424,3.728
0.48,0.05,0,107.505,3.888
0.47,0.05,0,108.896,4.064
0.46,0.05,0,110.398,4.256
0.45,0.05,0,110.605,4.4
0.44,0.05,0,111.289,4.592
0.43,0.05,0,113.266,4.768
0.42,0.05,0,113.602,4.88
0.41,0.05,0,113.266,5.088
0.4,0.05,0,115.25,5.28
0.39,0.05,0,115.378,5.424
0.38,0.05,0,115.445,5.632
0.37,0.05,0,117.142,5.792
0.36,0.05,0,117.911,5.968
0.35,0.05,0,117.728,6.08
0.34,0.05,0,118.473,6.24
0.33,0.05,0,118.003,6.464
0.32,0.05,0,119.218,6.624
0.31,0.05,0,119.004,6.768
0.3,0.05,0,117.905,6.992
0.29,0.05,0,118.992,7.136
0.28,0.05,0,118.674,7.312
0.27,0.05,0,119.077,7.504
0.26,0.05,0,118.534,7.664
0.25,0.05,0,119.181,7.84
0.24,0.05,0,118.979,8
0.23,0.05,0,119.358,8.176
0.22,0.05,0,119.315,8.336
0.21,0.05,0,119.138,8.464
0.2,0.05,0,120.121,8.624
0.19,0.05,0,119.779,8.784
0.18,0.05,0,120.566,9.024
0.17,0.05,0,120.298,9.2
0.16,0.05,0,119.37,9.376
0.15,0.05,0,118.76,9.52
0.14,0.05,0,118.717,9.712
0.13,0.05,0,119.553,9.888
0.12,0.05,0,120.438,10
0.11,0.05,0,119.205,10.224
0.1,0.05,0,119.712,10.4
0.09,0.05,0,120.011,10.56
0.08,0.05,0,120.945,10.752
0.07,0.05,0,120.92,10.912
0.06,0.05,0,120.286,11.088
0.05,0.05,0,120.804,11.248
0.04,0.05,0,122.556,11.424
0.03,0.05,0,122.349,11.584
0.02,0.05,0,122.007,11.744
0.01,0.05,0,121.781,11.872
0,0.05,0,121.622,12.128
-0.01,0.05,0,122.99,12.272
-0.02,0.05,0,122.66,12.464
-0.03,0.05,0,121.934,12.592
-0.04,0.05,0,123.154,12.72
-0.05,0.05,0,123.655,12.944
-0.06,0.05,0,123.142,13.136
-0.07,0.05,0,122.623,13.28
-0.08,0.05,0,122.971,13.472
-0.09,0.05,0,124.454,13.632
-0.1,0.05,0,124.766,13.792
-0.11,0.05,0,124.125,13.984
-0.12,0.05,0,124.583,14.16
-0.13,0.05,0,124.412,14.32
-0.14,0.05,0,123.112,14.448
-0.15,0.05,0,123.338,14.64
-0.16,0.05,0,123.673,14.832
-0.17,0.05,0,124.461,14.992
-0.18,0.05,0,124.967,15.168
-0.19,0.05,0,122.745,15.328
-0.2,0.05,0,122.788,15.504
-0.21,0.05,0,123.606,15.696
-0.22,0.05,0,122.977,15.856
-0.23,0.05,0,121.995,16
-0.24,0.05,0,123.069,16.192
-0.25,0.05,0,123.264,16.288
-0.26,0.05,0,122.349,16.528
-0.27,0.05,0,121.506,16.704
-0.28,0.05,0,123.197,16.816
-0.29,0.05,0,122.013,17.056
-0.3,0.05,0,121.909,17.232
-0.31,0.05,0,120.902,17.392
-0.32,0.05,0,120.835,17.552
-0.33,0.05,0,121.799,17.648
-0.34,0.05,0,119.907,17.856
-0.35,0.05,0,120.017,18.016
-0.36,0.05,0,119.663,18.24
-0.37,0.05,0,119.98,18.4
-0.38,0.05,0,118.351,18.56
-0.39,0.05,0,118.473,18.752
-0.4,0.05,0,116.282,18.912
-0.41,0.05,0,118.552,19.072
-0.42,0.05,0,117.972,19.2
-0.43,0.05,0,116.623,19.424
-0.44,0.05,0,116.422,19.584
-0.45,0.05,0,116.666,19.712
-0.46,0.05,0,115.641,19.952
-0.47,0.05,0,115.665,20.128
-0.48,0.05,0,115.897,20.288
-0.49,0.05,0,113.706,20.448
-0.5,0.05,0,114.054,20.624
-0.51,0.05,0,113.407,20.736
-0.52,0.05,0,113.23,20.944
-0.53,0.05,0,113.144,21.12
-0.54,0.05,0,111.344,21.248
-0.55,0.05,0,112.784,21.488
-0.56,0.05,0,111.533,21.68
-0.57,0.05,0,110.782,21.824
-0.58,0.05,0,109.848,22
-0.59,0.05,0,109.11,22.16
-0.6,0.05,0,110.532,22.336
-0.61,0.05,0,108.835,22.512
-0.62,0.05,0,108.744,22.688
-0.63,0.05,0,108.853,22.848
-0.64,0.05,0,107.224,22.992
-0.65,0.05,0,108.121,23.216
-0.66,0.05,0,108.2,23.376
-0.67,0.05,0,106.07,23.552
-0.68,0.05,0,105.814,23.696
-0.69,0.05,0,105.588,23.792
-0.7,0.05,0,104.617,24.032
-0.71,0.05,0,104.056,24.224
-0.72,0.05,0,103.122,24.32
-0.73,0.05,0,103.586,24.56
-0.74,0.05,0,103.366,24.672
-0.75,0.05,0,102.005,24.912
-0.76,0.05,0,100.467,25.072
-0.77,0.05,0,102.615,25.248
-0.78,0.05,0,101.114,25.392
-0.79,0.05,0,101.303,25.6
-0.8,0.05,0,99.6979,25.728
-0.81,0.05,0,100.009,25.936
-0.82,0.05,0,99.0753,26.096
-0.83,0.05,0,97.5066,26.304
-0.84,0.05,0,99.1791,26.448
-0.85,0.05,0,97.4883,26.624
-0.86,0.05,0,97.4334,26.784
-0.87,0.05,0,97.1404,26.96
-0.88,0.05,0,96.0479,27.136
-0.89,0.05,0,95.3154,27.264
-0.9,0.05,0,96.4568,27.456
-0.91,0.05,0,94.937,27.632
-0.92,0.05,0,94.7295,27.808
-0.93,0.05,0,94.2412,27.952
-0.94,0.05,0,93.7284,28.064
-0.95,0.05,0,92.6115,28.32
-0.96,0.05,0,92.7885,28.464
-0.97,0.05,0,92.0499,28.656
-0.98,0.05,0,91.1954,28.816
-0.99,0.05,0,92.465,28.992
-1,0.05,0,91.4579,29.168
-1.01,0.05,0,91.0062,29.344
-1.02,0.05,0,89.7122,29.52
-1.03,0.05,0,90.17,29.696
-1.04,0.05,0,88.5342,29.872
-1.05,0.05,0,90.0052,29.952
-1.06,0.05,0,89.1568,30.176
-1.07,0.05,0,88.1497,30.352
-1.08,0.05,0,88.3084,30.48
-1.09,0.05,0,88.9187,30.72
-1.1,0.05,0,86.52,30.88
-1.11,0.05,0,86.9472,31.008
-1.12,0.05,0,87.0266,31.216
-1.13,0.05,0,86.7397,31.392
-1.14,0.05,0,86.0195,31.536
-1.15,0.05,0,84.4386,31.712
-1.16,0.05,0,84.5119,31.92
-1.17,0.05,0,84.3471,32.272
-1.18,0.05,0,84.4447,32.176
-1.19,0.05,0,83.5353,32.416
-1.2,0.05,0,83.5108,32.56
-1.21,0.05,0,82.2474,32.768
-1.22,0.05,0,83.7672,32.928
-1.23,0.05,0,82.5343,33.104
-1.24,0.05,0,81.8934,33.472
-1.25,0.05,0,81.8812,33.376
-1.26,0.05,0,81.7225,33.568
-1.27,0.05,0,80.5811,33.984
-1.28,0.05,0,80.8008,33.936
-1.29,0.05,0,80.2454,34.128
-1.3,0.05,0,80.5506,34.272
-1.31,0.05,0,79.1955,34.48
-1.32,0.05,0,80.575,34.64
-1.33,0.05,0,78.5485,34.816
-1.34,0.05,0,78.4997,34.96
-1.35,0.05,0,78.4387,35.12
-1.36,0.05,0,77.6452,35.28
-1.37,0.05,0,77.2057,35.424
-1.38,0.05,0,78.4814,35.664
-1.39,0.05,0,77.2607,35.84
-1.4,0.05,0,77.1874,35.984
-1.41,0.05,0,76.3695,36.176
-1.42,0.05,0,77.0043,36.352
-1.43,0.05,0,76.6076,36.544
-1.44,0.05,0,75.8934,36.88
-1.45,0.05,0,75.7591,36.848
-1.46,0.05,0,74.1722,37.152
-1.47,0.05,0,74.3797,37.168
-1.48,0.05,0,75.2953,37.376
-1.49,0.05,0,74.5262,37.536
-1.5,0.05,0,74.0379,37.664
-1.51,0.05,0,72.8599,38.08
-1.52,0.05,0,73.1223,38.064
-1.53,0.05,0,74.221,38.24
-1.54,0.05,0,72.396,38.416
-1.55,0.05,0,72.7256,38.576
-1.56,0.05,0,71.8833,38.736
-1.57,0.05,0,72.103,38.848
-1.58,0.05,0,72.3594,39.04
-1.59,0.05,0,71.0227,39.264
-1.6,0.05,0,71.0349,39.424
-1.61,0.05,0,71.456,39.6
-1.62,0.05,0,69.5334,39.968
-1.63,0.05,0,70.1132,39.936
-1.64,0.05,0,68.8314,40.112
-1.65,0.05,0,69.5578,40.256
-1.66,0.05,0,69.4723,40.416
-1.67,0.05,0,68.5507,40.624
-1.68,0.05,0,69.5517,41.008
-1.69,0.05,0,69.6677,40.96
-1.7,0.05,0,69.3625,41.152
-1.71,0.05,0,68.685,41.264
-1.72,0.05,0,68.8742,41.424
-1.73,0.05,0,67.1041,41.664
-1.74,0.05,0,68.3859,41.84
-1.75,0.05,0,66.9149,41.984
-1.76,0.05,0,67.5985,42.176
-1.77,0.05,0,66.4571,42.256
-1.78,0.05,0,66.805,42.464
-1.79,0.05,0,66.3533,42.672
-1.8,0.05,0,65.9017,43.04
-1.81,0.05,0,66.5426,43.008
-1.82,0.05,0,65.2608,43.184
-1.83,0.05,0,66.6341,43.28
-1.84,0.05,0,65.4744,43.536
-1.85,0.05,0,65.1753,43.712
-1.86,0.05,0,65.7002,43.824
-1.87,0.05,0,63.7226,44.032
-1.88,0.05,0,64.5711,44.224
-1.89,0.05,0,64.2781,44.576
-1.9,0.05,0,63.8752,44.544
-1.91,0.05,0,63.8203,44.912
-1.92,0.05,0,63.3808,44.896
-1.93,0.05,0,62.8315,45.072
-1.94,0.05,0,63.9668,45.2
-1.95,0.05,0,64.3452,45.408
-1.96,0.05,0,63.1306,45.568
-1.97,0.05,0,62.7522,45.936
-1.98,0.05,0,63.8325,45.888
-1.99,0.05,0,61.7328,46.032
-2,0.05,0,62.2578,46.432
-2,0.06,0,61.3544,46.4
-1.99,0.06,0,60.9638,46.128
-1.98,0.06,0,60.8783,45.968
-1.97,0.06,0,62.4775,45.696
-1.96,0.06,0,62.8925,45.552
-1.95,0.06,0,63.1733,45.392
-1.94,0.06,0,63.1855,45.2
-1.93,0.06,0,62.6423,45.056
-1.92,0.06,0,63.2344,44.864
-1.91,0.06,0,63.9241,44.752
-1.9,0.06,0,64.1438,44.512
-1.89,0.06,0,63.6738,44.336
-1.88,0.06,0,64.6138,44.176
-1.87,0.06,0,64.864,44.016
-1.86,0.06,0,65.6819,43.808
-1.85,0.06,0,64.5283,43.68
-1.84,0.06,0,65.1936,43.584
-1.83,0.06,0,64.8213,43.392
-1.82,0.06,0,65.9444,43.248
-1.81,0.06,0,66.7257,43.04
-1.8,0.06,0,65.6453,42.816
-1.79,0.06,0,66.1458,42.832
-1.78,0.06,0,66.4388,42.448
-1.77,0.06,0,67.0736,42.336
-1.76,0.06,0,66.3167,42.208
-1.75,0.06,0,67.5008,41.936
-1.74,0.06,0,67.098,41.968
-1.73,0.06,0,66.921,41.6
-1.72,0.06,0,66.7257,41.44
-1.71,0.06,0,68.1112,41.36
-1.7,0.06,0,68.3248,41.2
-1.69,0.06,0,68.2333,40.96
-1.68,0.06,0,68.2577,40.832
-1.67,0.06,0,69.1733,40.576
-1.66,0.06,0,68.4347,40.416
-1.65,0.06,0,69.8874,40.496
-1.64,0.06,0,69.5883,40.144
-1.63,0.06,0,69.9118,40.16
-1.62,0.06,0,69.7165,39.76
-1.61,0.06,0,71.2546,39.632
-1.6,0.06,0,69.924,39.408
-1.59,0.06,0,70.3818,39.248
-1.58,0.06,0,71.1814,39.04
-1.57,0.06,0,70.2231,38.912
-1.56,0.06,0,71.3034,38.688
-1.55,0.06,0,72.5486,38.544
-1.54,0.06,0,72.0298,38.368
-1.53,0.06,0,72.9392,38.224
-1.52,0.06,0,73.7693,38.016
-1.51,0.06,0,73.6045,38.064
-1.5,0.06,0,73.0735,37.68
-1.49,0.06,0,73.2078,37.504
-1.48,0.06,0,73.5679,37.408
-1.47,0.06,0,74.0562,37.184
-1.46,0.06,0,74.9596,36.976
-1.45,0.06,0,74.868,36.816
-1.44,0.06,0,75.6249,36.656
-1.43,0.06,0,75.1183,36.688
-1.42,0.06,0,75.8629,36.32
-1.41,0.06,0,76.2474,36.128
-1.4,0.06,0,76.1193,35.984
-1.39,0.06,0,76.4061,35.824
-1.38,0.06,0,76.9005,35.632
-1.37,0.06,0,77.0226,35.44
-1.36,0.06,0,77.2912,35.264
-1.35,0.06,0,78.048,35.088
-1.34,0.06,0,78.7744,34.928
-1.33,0.06,0,78.7194,34.784
-1.32,0.06,0,78.9453,34.688
-1.31,0.06,0,78.5791,34.448
-1.3,0.06,0,79.3115,34.24
-1.29,0.06,0,80.1416,34.16
-1.28,0.06,0,80.2332,33.904
-1.27,0.06,0,80.7642,33.728
-1.26,0.06,0,80.8618,33.744
-1.25,0.06,0,82.4793,33.424
-1.24,0.06,0,81.0327,33.504
-1.23,0.06,0,81.3501,33.072
-1.22,0.06,0,82.0032,32.896
-1.21,0.06,0,82.1009,32.784
-1.2,0.06,0,83.2057,32.64
-1.19,0.06,0,83.7367,32.352
-1.18,0.06,0,83.7245,32.208
-1.17,0.06,0,83.4071,32.032
-1.16,0.06,0,84.4142,31.84
-1.15,0.06,0,84.5912,31.776
-1.14,0.06,0,85.2321,31.552
-1.13,0.06,0,85.1711,31.52
-1.12,0.06,0,85.0917,31.184
-1.11,0.06,0,86.2453,31.008
-1.1,0.06,0,85.8119,30.832
-1.09,0.06,0,84.9025,30.656
-1.08,0.06,0,86.4895,30.496
-1.07,0.06,0,87.0083,30.288
-1.06,0.06,0,86.8679,30.176
-1.05,0.06,0,87.3867,29.952
-1.04,0.06,0,87.8689,29.824
-1.03,0.06,0,88.5281,29.632
-1.02,0.06,0,89.3887,29.456
-1.01,0.06,0,88.7661,29.28
-1,0.06,0,89.5291,29.12
-0.99,0.06,0,91.2503,28.944
-0.98,0.06,0,91.3419,28.784
-0.97,0.06,0,90.7437,28.608
-0.96,0.06,0,91.6105,28.528
-0.95,0.06,0,90.8658,28.272
-0.94,0.06,0,91.0978,28.064
-0.93,0.06,0,91.7997,27.92
-0.92,0.06,0,91.9828,27.856
-0.91,0.06,0,93.0143,27.616
-0.9,0.06,0,94.6745,27.408
-0.89,0.06,0,93.0509,27.28
-0.88,0.06,0,94.0031,27.04
-0.87,0.06,0,94.821,26.896
-0.86,0.06,0,95.291,26.72
-0.85,0.06,0,96.2249,26.56
-0.84,0.06,0,95.7793,26.384
-0.83,0.06,0,95.9502,26.224
-0.82,0.06,0,96.2798,26.048
-0.81,0.06,0,96.1272,25.888
-0.8,0.06,0,98.3001,25.728
-0.79,0.06,0,97.5494,25.632
-0.78,0.06,0,98.0682,25.376
-0.77,0.06,0,98.4283,25.184
-0.76,0.06,0,99.704,25.008
-0.75,0.06,0,99.1058,24.832
-0.74,0.06,0,99.765,24.672
-0.73,0.06,0,99.35,24.512
-0.72,0.06,0,99.7101,24.32
-0.71,0.06,0,101.09,24.16
-0.7,0.06,0,100.479,24.016
-0.69,0.06,0,101.486,23.84
-0.68,0.06,0,101.096,23.648
-0.67,0.06,0,102.426,23.472
-0.66,0.06,0,102.951,23.328
-0.65,0.06,0,102.951,23.168
-0.64,0.06,0,103.58,22.992
-0.63,0.06,0,104.3,22.816
-0.62,0.06,0,103.934,22.624
-0.61,0.06,0,103.763,22.448
-0.6,0.06,0,103.848,22.272
-0.59,0.06,0,103.891,22.128
-0.58,0.06,0,105.57,21.968
-0.57,0.06,0,106.076,21.76
-0.56,0.06,0,104.935,21.696
-0.55,0.06,0,106.613,21.408
-0.54,0.06,0,105.966,21.248
-0.53,0.06,0,106.4,21.12
-0.52,0.06,0,107.401,20.928
-0.51,0.06,0,106.516,20.736
-0.5,0.06,0,107.346,20.656
-0.49,0.06,0,107.547,20.416
-0.48,0.06,0,108.029,20.24
-0.47,0.06,0,108.115,20.048
-0.46,0.06,0,107.974,19.888
-0.45,0.06,0,108.139,19.792
-0.44,0.06,0,109.415,19.536
-0.43,0.06,0,109.635,19.376
-0.42,0.06,0,109.738,19.248
-0.41,0.06,0,109.989,19.152
-0.4,0.06,0,109.769,18.88
-0.39,0.06,0,109.604,18.688
-0.38,0.06,0,111.435,18.512
-0.37,0.06,0,111.325,18.384
-0.36,0.06,0,111.6,18.272
-0.35,0.06,0,110.276,18.08
-0.34,0.06,0,109.622,17.824
-0.33,0.06,0,111.521,17.696
-0.32,0.06,0,112.131,17.504
-0.31,0.06,0,111.496,17.328
-0.3,0.06,0,110.794,17.28
-0.29,0.06,0,109.201,17.008
-0.28,0.06,0,111.631,16.832
-0.27,0.06,0,111.826,16.672
-0.26,0.06,0,111.332,16.528
-0.25,0.06,0,110.434,16.304
-0.24,0.06,0,111.435,16.144
-0.23,0.06,0,110.892,15.936
-0.22,0.06,0,111.313,15.808
-0.21,0.06,0,110.819,15.632
-0.2,0.06,0,111.332,15.424
-0.19,0.06,0,112.528,15.28
-0.18,0.06,0,112.827,15.12
-0.17,0.06,0,109.83,14.944
-0.16,0.06,0,111.063,14.784
-0.15,0.06,0,110.16,14.576
-0.14,0.06,0,110.66,14.432
-0.13,0.06,0,110.288,14.24
-0.12,0.06,0,110.721,14.08
-0.11,0.06,0,110.233,13.904
-0.1,0.06,0,111.203,13.776
-0.09,0.06,0,109.464,13.568
-0.08,0.06,0,109.507,13.376
-0.07,0.06,0,111.197,13.232
-0.06,0.06,0,109.11,13.04
-0.05,0.06,0,110.514,12.88
-0.04,0.06,0,110.697,12.816
-0.03,0.06,0,108.78,12.512
-0.02,0.06,0,109.793,12.368
-0.01,0.06,0,109.488,12.192
0,0.06,0,110.215,12.032
0.01,0.06,0,110.648,11.952
0.02,0.06,0,109.83,11.68
0.03,0.06,0,109.165,11.52
0.04,0.06,0,109.281,11.312
0.05,0.06,0,109.592,11.168
0.06,0.06,0,110.343,10.992
0.07,0.06,0,109.616,10.816
0.08,0.06,0,109.659,10.656
0.09,0.06,0,109.36,10.512
0.1,0.06,0,109.806,10.336
0.11,0.06,0,109.915,10.128
0.12,0.06,0,110.843,9.952
0.13,0.06,0,110.654,9.888
0.14,0.06,0,110.16,9.648
0.15,0.06,0,111.771,9.44
0.16,0.06,0,111.173,9.248
0.17,0.06,0,111.576,9.184
0.18,0.06,0,111.472,8.928
0.19,0.06,0,111.13,8.768
0.2,0.06,0,112.687,8.576
0.21,0.06,0,112.479,8.432
0.22,0.06,0,113.193,8.256
0.23,0.06,0,113.108,8.08
0.24,0.06,0,112.442,7.92
0.25,0.06,0,113.23,7.728
0.26,0.06,0,114.225,7.552
0.27,0.06,0,114.133,7.392
0.28,0.06,0,114.78,7.248
0.29,0.06,0,113.816,7.04
0.3,0.06,0,115.751,6.96
0.31,0.06,0,115.928,6.704
0.32,0.06,0,114.585,6.528
0.33,0.06,0,115.415,6.368
0.34,0.06,0,116.037,6.176
0.35,0.06,0,116.373,6.048
0.36,0.06,0,115.659,5.84
0.37,0.06,0,116.568,5.696
0.38,0.06,0,116.91,5.536
0.39,0.06,0,116.886,5.312
0.4,0.06,0,116.269,5.152
0.41,0.06,0,115.775,5.024
0.42,0.06,0,116.782,4.832
0.43,0.06,0,115.384,4.72
0.44,0.06,0,115.726,4.48
0.45,0.06,0,114.121,4.304
0.46,0.06,0,112.626,4.256
0.47,0.06,0,113.627,3.952
0.48,0.06,0,112.943,3.808
0.49,0.06,0,111.856,3.664
0.5,0.06,0,109.793,3.44
0.51,0.06,0,108.438,3.296
0.52,0.06,0,107.59,3.12
0.53,0.06,0,105.936,2.944
0.54,0.06,0,105.484,2.768
0.55,0.06,0,103.494,2.592
0.56,0.06,0,104.025,2.432
0.57,0.06,0,104.697,2.256
0.58,0.06,0,104.056,2.096
0.59,0.06,0,104.941,2.032
0.6,0.06,0,103.964,1.84
0.61,0.06,0,106.04,1.552
0.62,0.06,0,106.137,1.408
0.63,0.06,0,106.894,1.312
0.64,0.06,0,106.064,1.136
0.64,0.07,0,103.916,1.152
0.63,0.07,0,103.928,1.312
0.62,0.07,0,101.834,1.504
0.61,0.07,0,101.077,1.664
0.6,0.07,0,101.724,1.776
0.59,0.07,0,102.322,1.968
0.58,0.07,0,102.42,2.208
0.57,0.07,0,104.807,2.384
0.56,0.07,0,105.741,2.528
0.55,0.07,0,107.761,2.72
0.54,0.07,0,108.603,2.912
0.53,0.07,0,110.428,3.056
0.52,0.07,0,112.271,3.2
0.51,0.07,0,111.252,3.408
0.5,0.07,0,111.863,3.552
0.49,0.07,0,111.985,3.664
0.48,0.07,0,112.577,3.92
0.47,0.07,0,113.047,4.048
0.46,0.07,0,112.51,4.272
0.45,0.07,0,113.047,4.336
0.44,0.07,0,112.79,4.576
0.43,0.07,0,112.918,4.768
0.42,0.07,0,112.778,4.928
0.41,0.07,0,112.54,5.104
0.4,0.07,0,112.204,5.2
0.39,0.07,0,110.978,5.44
0.38,0.07,0,111.435,5.616
0.37,0.07,0,111.954,5.728
0.36,0.07,0,111.747,5.888
0.35,0.07,0,111.026,6.128
0.34,0.07,0,110.202,6.288
0.33,0.07,0,110.349,6.464
0.32,0.07,0,109.915,6.64
0.31,0.07,0,108.719,6.8
0.3,0.07,0,109.72,6.992
0.29,0.07,0,108.847,7.184
0.28,0.07,0,107.425,7.296
0.27,0.07,0,108.28,7.408
0.26,0.07,0,107.59,7.632
0.25,0.07,0,108.499,7.744
0.24,0.07,0,105.521,7.984
0.23,0.07,0,106.339,8.176
0.22,0.07,0,106.052,8.336
0.21,0.07,0,105.649,8.528
0.2,0.07,0,105.313,8.688
0.19,0.07,0,104.917,8.848
0.18,0.07,0,104.685,9.008
0.17,0.07,0,103.854,9.2
0.16,0.07,0,102.829,9.392
0.15,0.07,0,103.342,9.536
0.14,0.07,0,102.628,9.712
0.13,0.07,0,103.122,9.888
0.12,0.07,0,103.03,10
0.11,0.07,0,102.457,10.16
0.1,0.07,0,101.035,10.4
0.09,0.07,0,100.711,10.576
0.08,0.07,0,101.706,10.736
0.07,0.07,0,100.131,10.896
0.06,0.07,0,100.906,11.088
0.05,0.07,0,100.693,11.232
0.04,0.07,0,99.8321,11.424
0.03,0.07,0,99.7894,11.584
0.02,0.07,0,99.9115,11.712
0.01,0.07,0,100.467,11.904
0,0.07,0,99.4903,12.096
-0.01,0.07,0,100.839,12.272
-0.02,0.07,0,100.363,12.368
-0.03,0.07,0,99.6124,12.64
-0.04,0.07,0,98.7274,12.784
-0.05,0.07,0,100.687,12.96
-0.06,0.07,0,100.192,13.12
-0.07,0.07,0,99.2767,13.312
-0.08,0.07,0,101.315,13.456
-0.09,0.07,0,99.6185,13.6
-0.1,0.07,0,100.253,13.824
-0.11,0.07,0,99.8749,13.984
-0.12,0.07,0,99.5697,14.16
-0.13,0.07,0,101.303,14.32
-0.14,0.07,0,100.43,14.496
-0.15,0.07,0,99.6796,14.64
-0.16,0.07,0,102.341,14.8
-0.17,0.07,0,100.803,14.992
-0.18,0.07,0,102.133,15.168
-0.19,0.07,0,102.097,15.264
-0.2,0.07,0,101.914,15.456
-0.21,0.07,0,100.516,15.648
-0.22,0.07,0,101.212,15.856
-0.23,0.07,0,101.627,16.032
-0.24,0.07,0,100.644,16.192
-0.25,0.07,0,101.798,16.368
-0.26,0.07,0,102.261,16.544
-0.27,0.07,0,101.431,16.704
-0.28,0.07,0,103.006,16.848
-0.29,0.07,0,102.084,17.04
-0.3,0.07,0,101.962,17.232
-0.31,0.07,0,101.065,17.36
-0.32,0.07,0,101.791,17.568
-0.33,0.07,0,102.231,17.664
-0.34,0.07,0,102.249,17.84
-0.35,0.07,0,102.689,18.032
-0.36,0.07,0,102.463,18.24
-0.37,0.07,0,101.651,18.416
-0.38,0.07,0,102.67,18.512
-0.39,0.07,0,100.394,18.768
-0.4,0.07,0,101.218,18.928
-0.41,0.07,0,100.955,19.04
-0.42,0.07,0,101.474,19.248
-0.43,0.07,0,101.187,19.44
-0.44,0.07,0,100.089,19.616
-0.45,0.07,0,102.103,19.792
-0.46,0.07,0,101.852,19.936
-0.47,0.07,0,102.298,20.08
-0.48,0.07,0,100.87,20.288
-0.49,0.07,0,101.804,20.432
-0.5,0.07,0,101.572,20.64
-0.51,0.07,0,100.076,20.816
-0.52,0.07,0,100.247,20.96
-0.53,0.07,0,100.461,21.168
-0.54,0.07,0,100.436,21.312
-0.55,0.07,0,99.3194,21.504
-0.56,0.07,0,100.058,21.664
-0.57,0.07,0,100.473,21.824
-0.58,0.07,0,99.2584,21.92
-0.59,0.07,0,99.3744,22.112
-0.6,0.07,0,99.7284,22.272
-0.61,0.07,0,99.3805,22.448
-0.62,0.07,0,98.117,22.672
-0.63,0.07,0,98.3917,22.864
-0.64,0.07,0,97.7081,23.04
-0.65,0.07,0,98.2269,23.2
-0.66,0.07,0,98.3306,23.376
-0.67,0.07,0,97.2991,23.52
-0.68,0.07,0,96.7498,23.728
-0.69,0.07,0,97.4395,23.888
-0.7,0.07,0,96.5545,24.048
-0.71,0.07,0,95.9746,24.224
-0.72,0.07,0,95.9685,24.384
-0.73,0.07,0,95.3215,24.576
-0.74,0.07,0,96.0295,24.752
-0.75,0.07,0,96.3469,24.912
-0.76,0.07,0,94.2228,25.056
-0.77,0.07,0,95.0163,25.248
-0.78,0.07,0,95.0163,25.424
-0.79,0.07,0,93.7346,25.568
-0.8,0.07,0,92.3246,25.76
-0.81,0.07,0,93.1303,25.936
-0.82,0.07,0,93.582,26.112
-0.83,0.07,0,93.6186,26.288
-0.84,0.07,0,92.41,26.432
-0.85,0.07,0,92.2941,26.64
-0.86,0.07,0,92.4772,26.8
-0.87,0.07,0,91.9462,26.96
-0.88,0.07,0,91.4579,27.104
-0.89,0.07,0,90.5606,27.312
-0.9,0.07,0,90.6034,27.472
-0.91,0.07,0,90.054,27.6
-0.92,0.07,0,89.3033,27.792
-0.93,0.07,0,89.3338,27.984
-0.94,0.07,0,89.6817,28.16
-0.95,0.07,0,89.9564,28.336
-0.96,0.07,0,88.8272,28.464
-0.97,0.07,0,89.3155,28.656
-0.98,0.07,0,88.1985,28.832
-0.99,0.07,0,87.3684,29.024
-1,0.07,0,87.7407,29.184
-1.01,0.07,0,88.3694,29.344
-1.02,0.07,0,87.8079,29.52
-1.03,0.07,0,85.8303,29.696
-1.04,0.07,0,86.5017,29.808
-1.05,0.07,0,86.2148,30.016
-1.06,0.07,0,85.4762,30.192
-1.07,0.07,0,86.3124,30.384
-1.08,0.07,0,85.934,30.544
-1.09,0.07,0,84.9391,30.704
-1.1,0.07,0,84.1029,30.864
-1.11,0.07,0,84.2921,31.056
-1.12,0.07,0,83.4986,31.248
-1.13,0.07,0,83.871,31.408
-1.14,0.07,0,82.8761,31.568
-1.15,0.07,0,82.5648,31.68
-1.16,0.07,0,81.5699,31.856
-1.17,0.07,0,84.0785,32.048
-1.18,0.07,0,81.6797,32.256
-1.19,0.07,0,80.6482,32.416
-1.2,0.07,0,81.0022,32.528
-1.21,0.07,0,81.637,32.784
-1.22,0.07,0,80.9046,32.928
-1.23,0.07,0,80.8069,33.104
-1.24,0.07,0,79.8975,33.296
-1.25,0.07,0,80.0928,33.408
-1.26,0.07,0,80.4651,33.6
-1.27,0.07,0,79.4397,33.792
-1.28,0.07,0,78.2556,33.888
-1.29,0.07,0,78.6035,34.144
-1.3,0.07,0,77.9809,34.272
-1.31,0.07,0,77.8222,34.416
-1.32,0.07,0,78.0847,34.576
-1.33,0.07,0,77.81,34.832
-1.34,0.07,0,76.3207,34.944
-1.35,0.07,0,76.8639,35.184
-1.36,0.07,0,76.1681,35.328
-1.37,0.07,0,75.9911,35.52
-1.38,0.07,0,76.1437,35.648
-1.39,0.07,0,76.5038,35.776
-1.4,0.07,0,74.7215,36.032
-1.41,0.07,0,75.4967,36.192
-1.42,0.07,0,76.0704,36.304
-1.43,0.07,0,73.9525,36.528
-1.44,0.07,0,74.6422,36.704
-1.45,0.07,0,74.0684,36.848
-1.46,0.07,0,74.1356,37.024
-1.47,0.07,0,73.4031,37.184
-1.48,0.07,0,73.4153,37.392
-1.49,0.07,0,72.5059,37.568
-1.5,0.07,0,71.9504,37.728
-1.51,0.07,0,72.2312,37.84
-1.52,0.07,0,71.2668,38.064
-1.53,0.07,0,71.9871,38.256
-1.54,0.07,0,71.218,38.416
-1.55,0.07,0,71.6514,38.56
-1.56,0.07,0,71.1264,38.736
-1.57,0.07,0,69.6249,38.928
-1.58,0.07,0,70.6565,39.056
-1.59,0.07,0,71.5232,39.248
-1.6,0.07,0,69.2648,39.616
-1.61,0.07,0,68.3004,39.616
-1.62,0.07,0,70.1559,39.712
-1.63,0.07,0,69.3136,40.08
-1.64,0.07,0,68.569,40.128
-1.65,0.07,0,68.4042,40.304
-1.66,0.07,0,67.9037,40.464
-1.67,0.07,0,68.0502,40.64
-1.68,0.07,0,68.3798,40.784
-1.69,0.07,0,68.0868,40.96
-1.7,0.07,0,66.8416,41.136
-1.71,0.07,0,66.7806,41.328
-1.72,0.07,0,67.4947,41.456
-1.73,0.07,0,66.2191,41.664
-1.74,0.07,0,66.5059,41.824
-1.75,0.07,0,66.8661,42.016
-1.76,0.07,0,66.4998,42.144
-1.77,0.07,0,65.9505,42.336
-1.78,0.07,0,65.5843,42.704
-1.79,0.07,0,65.334,42.608
-1.8,0.07,0,65.0655,42.832
-1.81,0.07,0,65.9322,43.024
-1.82,0.07,0,65.3462,43.184
-1.83,0.07,0,64.0461,43.36
-1.84,0.07,0,64.5589,43.552
-1.85,0.07,0,64.3147,43.696
-1.86,0.07,0,63.4724,43.872
-1.87,0.07,0,63.5029,43.984
-1.88,0.07,0,63.393,44.224
-1.89,0.07,0,63.4358,44.368
-1.9,0.07,0,63.8936,44.496
-1.91,0.07,0,62.6972,44.752
-1.92,0.07,0,63.3564,44.928
-1.93,0.07,0,62.3554,45.04
-1.94,0.07,0,61.5497,45.264
-1.95,0.07,0,62.7583,45.344
-1.96,0.07,0,62.7033,45.568
-1.97,0.07,0,61.7756,45.744
-1.98,0.07,0,61.6291,45.904
-1.99,0.07,0,61.3788,46.096
-2,0.07,0,61.0309,46.192
-2,0.08,0,60.8051,46.256
-1.99,0.08,0,61.0309,46.112
-1.98,0.08,0,60.5731,45.872
-1.97,0.08,0,61.214,45.712
-1.96,0.08,0,61.4948,45.552
-1.95,0.08,0,61.568,45.392
-1.94,0.08,0,61.4948,45.232
-1.93,0.08,0,61.9343,45.04
-1.92,0.08,0,62.1723,44.88
-1.91,0.08,0,62.4653,44.976
-1.9,0.08,0,62.6118,44.528
-1.89,0.08,0,62.4897,44.352
-1.88,0.08,0,62.3371,44.224
-1.87,0.08,0,62.4287,44.192
-1.86,0.08,0,63.0818,43.84
-1.85,0.08,0,63.094,43.68
-1.84,0.08,0,63.2221,43.6
-1.83,0.08,0,64.0584,43.408
-1.82,0.08,0,64.6687,43.136
-1.81,0.08,0,63.5945,43.008
-1.8,0.08,0,64.3208,43.04
-1.79,0.08,0,63.9485,42.672
-1.78,0.08,0,65.0655,42.48
-1.77,0.08,0,63.9546,42.32
-1.76,0.08,0,66.4327,42.144
-1.75,0.08,0,64.2598,41.952
-1.74,0.08,0,66.3167,41.792
-1.73,0.08,0,64.7725,41.616
-1.72,0.08,0,66.4449,41.472
-1.71,0.08,0,66.097,41.28
-1.7,0.08,0,66.1458,41.296
-1.69,0.08,0,66.0054,40.944
-1.68,0.08,0,66.982,40.752
-1.67,0.08,0,66.9698,40.784
-1.66,0.08,0,67.2384,40.48
-1.65,0.08,0,67.037,40.24
-1.64,0.08,0,68.8498,40.064
-1.63,0.08,0,68.4164,39.936
-1.62,0.08,0,67.684,39.744
-1.61,0.08,0,68.4774,39.568
-1.6,0.08,0,69.5578,39.392
-1.59,0.08,0,69.1183,39.248
-1.58,0.08,0,70.1376,39.056
-1.57,0.08,0,69.808,38.864
-1.56,0.08,0,69.1977,38.704
-1.55,0.08,0,70.1132,38.576
-1.54,0.08,0,70.5222,38.544
-1.53,0.08,0,71.2485,38.24
-1.52,0.08,0,70.3635,38.032
-1.51,0.08,0,70.9372,37.84
-1.5,0.08,0,70.3452,37.68
-1.49,0.08,0,71.8955,37.536
-1.48,0.08,0,71.1692,37.328
-1.47,0.08,0,72.2312,37.168
-1.46,0.08,0,71.1264,37.008
-1.45,0.08,0,72.396,36.816
-1.44,0.08,0,72.5669,36.736
-1.43,0.08,0,72.3655,36.496
-1.42,0.08,0,72.6279,36.32
-1.41,0.08,0,72.7256,36.224
-1.4,0.08,0,73.751,36
-1.39,0.08,0,74.1722,35.792
-1.38,0.08,0,73.3116,35.632
-1.37,0.08,0,74.3004,35.456
-1.36,0.08,0,74.3004,35.344
-1.35,0.08,0,74.9535,35.104
-1.34,0.08,0,74.8131,34.96
-1.33,0.08,0,75.4662,34.848
-1.32,0.08,0,76.0582,34.608
-1.31,0.08,0,75.8202,34.464
-1.3,0.08,0,76.0826,34.352
-1.29,0.08,0,76.8151,34.16
-1.28,0.08,0,76.7052,33.92
-1.27,0.08,0,77.1325,33.744
-1.26,0.08,0,77.8161,33.68
-1.25,0.08,0,77.7856,33.392
-1.24,0.08,0,78.811,33.248
-1.23,0.08,0,78.6157,33.056
-1.22,0.08,0,78.341,32.88
-1.21,0.08,0,79.104,32.832
-1.2,0.08,0,80.2454,32.544
-1.19,0.08,0,78.6584,32.384
-1.18,0.08,0,78.3044,32.24
-1.17,0.08,0,79.0429,32.016
-1.16,0.08,0,79.7021,31.84
-1.15,0.08,0,78.3715,31.696
-1.14,0.08,0,80.4285,31.536
-1.13,0.08,0,80.8191,31.36
-1.12,0.08,0,80.282,31.2
-1.11,0.08,0,80.8191,31.056
-1.1,0.08,0,80.3308,30.848
-1.09,0.08,0,82.7296,30.688
-1.08,0.08,0,81.8812,30.528
-1.07,0.08,0,81.344,30.448
-1.06,0.08,0,82.6319,30.24
-1.05,0.08,0,82.2474,30
-1.04,0.08,0,81.8201,29.792
-1.03,0.08,0,83.4925,29.664
-1.02,0.08,0,83.1812,29.472
-1.01,0.08,0,82.5465,29.312
-1,0.08,0,82.9981,29.12
-0.99,0.08,0,84.4752,29.072
-0.98,0.08,0,83.8038,28.768
-0.97,0.08,0,84.5058,28.64
-0.96,0.08,0,85.464,28.448
-0.95,0.08,0,84.8231,28.304
-0.94,0.08,0,84.2311,28.112
-0.93,0.08,0,85.3359,27.936
-0.92,0.08,0,84.5485,27.744
-0.91,0.08,0,86.1476,27.6
-0.9,0.08,0,85.7204,27.424
-0.89,0.08,0,84.8476,27.328
-0.88,0.08,0,87.1792,27.088
-0.87,0.08,0,86.0683,26.912
-0.86,0.08,0,85.5434,26.864
-0.85,0.08,0,86.0622,26.56
-0.84,0.08,0,86.6848,26.4
-0.83,0.08,0,86.7519,26.24
-0.82,0.08,0,88.1375,26.08
-0.81,0.08,0,87.6553,25.968
-0.8,0.08,0,87.228,25.696
-0.79,0.08,0,87.6003,25.536
-0.78,0.08,0,88.8638,25.472
-0.77,0.08,0,88.052,25.216
-0.76,0.08,0,88.9859,25.072
-0.75,0.08,0,89.1446,24.832
-0.74,0.08,0,88.4976,24.688
-0.73,0.08,0,88.9492,24.528
-0.72,0.08,0,89.5779,24.336
-0.71,0.08,0,89.0103,24.192
-0.7,0.08,0,89.9503,24.016
-0.69,0.08,0,88.8516,23.84
-0.68,0.08,0,89.0225,23.664
-0.67,0.08,0,91.0978,23.504
-0.66,0.08,0,89.9991,23.312
-0.65,0.08,0,89.2117,23.152
-0.64,0.08,0,90.3409,22.992
-0.63,0.08,0,89.114,22.896
-0.62,0.08,0,90.0296,22.64
-0.61,0.08,0,90.0601,22.448
-0.6,0.08,0,90.701,22.272
-0.59,0.08,0,90.7804,22.144
-0.58,0.08,0,90.7498,22
-0.57,0.08,0,90.0113,21.76
-0.56,0.08,0,90.9024,21.616
-0.55,0.08,0,90.2249,21.552
-0.54,0.08,0,90.6217,21.28
-0.53,0.08,0,91.4274,21.104
-0.52,0.08,0,90.4935,21.04
-0.51,0.08,0,91.0367,20.8
-0.5,0.08,0,90.4874,20.592
-0.49,0.08,0,91.0184,20.4
-0.48,0.08,0,90.0723,20.272
-0.47,0.08,0,91.5067,20.112
-0.46,0.08,0,91.6288,19.92
-0.45,0.08,0,90.9635,19.744
-0.44,0.08,0,89.7244,19.616
-0.43,0.08,0,90.3836,19.376
-0.42,0.08,0,89.6817,19.216
-0.41,0.08,0,89.5535,19.056
-0.4,0.08,0,89.8465,18.88
-0.39,0.08,0,90.17,18.768
-0.38,0.08,0,89.23,18.528
-0.37,0.08,0,90.0357,18.384
-0.36,0.08,0,89.4436,18.272
-0.35,0.08,0,90.3836,18.016
-0.34,0.08,0,90.4935,17.856
-0.33,0.08,0,89.8038,17.68
-0.32,0.08,0,88.8577,17.488
-0.31,0.08,0,89.7183,17.36
-0.3,0.08,0,89.6084,17.168
-0.29,0.08,0,89.2605,17.008
-0.28,0.08,0,88.7539,16.816
-0.27,0.08,0,89.2056,16.736
-0.26,0.08,0,88.7906,16.496
-0.25,0.08,0,88.8577,16.304
-0.24,0.08,0,89.1995,16.144
-0.23,0.08,0,88.5464,15.968
-0.22,0.08,0,88.3084,15.84
-0.21,0.08,0,87.9421,15.632
-0.2,0.08,0,87.8018,15.424
-0.19,0.08,0,88.2229,15.296
-0.18,0.08,0,88.229,15.136
-0.17,0.08,0,87.9971,14.944
-0.16,0.08,0,88.1314,14.768
-0.15,0.08,0,88.0825,14.592
-0.14,0.08,0,87.8811,14.432
-0.13,0.08,0,88.1069,14.352
-0.12,0.08,0,87.6797,14.064
-0.11,0.08,0,87.7407,13.92
-0.1,0.08,0,88.2534,13.712
-0.09,0.08,0,88.8211,13.568
-0.08,0.08,0,88.3877,13.36
-0.07,0.08,0,88.0886,13.216
-0.06,0.08,0,88.5342,13.04
-0.05,0.08,0,88.7906,12.88
-0.04,0.08,0,88.9554,12.72
-0.03,0.08,0,89.2117,12.56
-0.02,0.08,0,88.5281,12.4
-0.01,0.08,0,89.4375,12.192
0,0.08,0,88.406,12.048
0.01,0.08,0,88.8516,11.824
0.02,0.08,0,88.8455,11.664
0.03,0.08,0,91.409,11.504
0.04,0.08,0,89.7977,11.344
0.05,0.08,0,89.9319,11.232
0.06,0.08,0,90.6278,10.976
0.07,0.08,0,91.8424,10.816
0.08,0.08,0,90.4935,10.784
0.09,0.08,0,90.8048,10.48
0.1,0.08,0,92.8922,10.288
0.11,0.08,0,93.7773,10.24
0.12,0.08,0,92.4162,9.968
0.13,0.08,0,93.0815,9.904
0.14,0.08,0,94.0519,9.616
0.15,0.08,0,93.936,9.44
0.16,0.08,0,93.057,9.296
0.17,0.08,0,94.3876,9.2
0.18,0.08,0,95.7366,8.944
0.19,0.08,0,94.8332,8.752
0.2,0.08,0,96.0173,8.656
0.21,0.08,0,94.3571,8.4
0.22,0.08,0,96.5728,8.256
0.23,0.08,0,95.6816,8.144
0.24,0.08,0,96.9573,7.92
0.25,0.08,0,97.0183,7.712
0.26,0.08,0,99.6002,7.632
0.27,0.08,0,99.1119,7.392
0.28,0.08,0,98.7213,7.216
0.29,0.08,0,99.3377,7.072
0.3,0.08,0,99.7711,6.88
0.31,0.08,0,100.07,6.72
0.32,0.08,0,101.883,6.528
0.33,0.08,0,101.431,6.384
0.34,0.08,0,102.243,6.192
0.35,0.08,0,102.774,6.016
0.36,0.08,0,102.426,5.856
0.37,0.08,0,103.214,5.776
0.38,0.08,0,102.866,5.504
0.39,0.08,0,104.526,5.36
0.4,0.08,0,103.995,5.2
0.41,0.08,0,104.758,5.008
0.42,0.08,0,105.325,4.816
0.43,0.08,0,106.107,4.656
0.44,0.08,0,106.583,4.48
0.45,0.08,0,107.743,4.32
0.46,0.08,0,107.401,4.16
0.47,0.08,0,107.572,4
0.48,0.08,0,107.102,3.904
0.49,0.08,0,107.419,3.632
0.5,0.08,0,108.029,3.472
0.51,0.08,0,108.353,3.28
0.52,0.08,0,107.871,3.104
0.53,0.08,0,107.901,2.96
0.54,0.08,0,105.942,2.752
0.55,0.08,0,107.749,2.704
0.56,0.08,0,106.381,2.448
0.57,0.08,0,105.356,2.272
0.58,0.08,0,104.495,2.192
0.59,0.08,0,102.982,1.92
0.6,0.08,0,101.608,1.728
0.61,0.08,0,100.705,1.648
0.62,0.08,0,99.9542,1.424
0.63,0.08,0,98.8983,1.264
0.64,0.08,0,99.649,1.184
0.64,0.09,0,96.2615,1.12
0.63,0.09,0,99.6368,1.328
0.62,0.09,0,100.821,1.488
0.61,0.09,0,102.017,1.616
0.6,0.09,0,102.145,1.792
0.59,0.09,0,103.006,1.968
0.58,0.09,0,103.452,2.208
0.57,0.09,0,103.214,2.368
0.56,0.09,0,102.499,2.544
0.55,0.09,0,102.738,2.688
0.54,0.09,0,102.841,2.88
0.53,0.09,0,101.614,3.056
0.52,0.09,0,101.205,3.152
0.51,0.09,0,101.395,3.312
0.5,0.09,0,98.8861,3.584
0.49,0.09,0,98.6358,3.744
0.48,0.09,0,96.9573,3.904
0.47,0.09,0,97.9461,4.08
0.46,0.09,0,97.3968,4.224
0.45,0.09,0,96.762,4.416
0.44,0.09,0,97.8118,4.544
0.43,0.09,0,97.0611,4.768
0.42,0.09,0,94.3937,4.928
0.41,0.09,0,95.3459,5.12
0.4,0.09,0,93.9665,5.28
0.39,0.09,0,94.5402,5.44
0.38,0.09,0,94.1923,5.616
0.37,0.09,0,92.8495,5.792
0.36,0.09,0,92.2514,5.968
0.35,0.09,0,91.2381,6.128
0.34,0.09,0,90.585,6.272
0.33,0.09,0,90.6827,6.464
0.32,0.09,0,90.0967,6.64
0.31,0.09,0,88.1375,6.832
0.3,0.09,0,90.7315,6.912
0.29,0.09,0,89.5779,7.088
0.28,0.09,0,88.2656,7.328
0.27,0.09,0,88.6196,7.488
0.26,0.09,0,88.1863,7.68
0.25,0.09,0,87.5271,7.824
0.24,0.09,0,86.6115,8
0.23,0.09,0,87.1731,8.176
0.22,0.09,0,87.8628,8.272
0.21,0.09,0,85.3175,8.528
0.2,0.09,0,85.3114,8.688
0.19,0.09,0,85.9157,8.848
0.18,0.09,0,85.9951,9.024
0.17,0.09,0,85.1039,9.232
0.16,0.09,0,84.3776,9.376
0.15,0.09,0,85.287,9.552
0.14,0.09,0,83.7245,9.728
0.13,0.09,0,83.6207,9.888
0.12,0.09,0,83.2362,10.08
0.11,0.09,0,83.3094,10.224
0.1,0.09,0,82.3511,10.4
0.09,0.09,0,82.8516,10.56
0.08,0.09,0,83.0164,10.752
0.07,0.09,0,82.693,10.832
0.06,0.09,0,82.754,11.04
0.05,0.09,0,82.1924,11.264
0.04,0.09,0,81.4966,11.424
0.03,0.09,0,81.9239,11.6
0.02,0.09,0,80.7825,11.792
0.01,0.09,0,81.106,11.92
0,0.09,0,80.459,12.112
-0.01,0.09,0,80.3125,12.304
-0.02,0.09,0,80.2759,12.464
-0.03,0.09,0,80.7581,12.624
-0.04,0.09,0,81.1243,12.768
-0.05,0.09,0,80.8679,12.944
-0.06,0.09,0,80.0317,13.12
-0.07,0.09,0,79.4519,13.296
-0.08,0.09,0,79.4397,13.424
-0.09,0.09,0,79.1223,13.664
-0.1,0.09,0,79.8547,13.808
-0.11,0.09,0,78.8903,13.936
-0.12,0.09,0,78.6035,14.16
-0.13,0.09,0,79.2505,14.336
-0.14,0.09,0,79.1894,14.464
-0.15,0.09,0,79.0368,14.672
-0.16,0.09,0,78.6096,14.864
-0.17,0.09,0,78.6523,15.008
-0.18,0.09,0,78.8659,15.168
-0.19,0.09,0,79.5679,15.28
-0.2,0.09,0,79.812,15.52
-0.21,0.09,0,80.1477,15.696
-0.22,0.09,0,79.104,15.872
-0.23,0.09,0,79.3481,16.048
-0.24,0.09,0,79.3909,16.192
-0.25,0.09,0,80.6726,16.368
-0.26,0.09,0,80.636,16.544
-0.27,0.09,0,80.7947,16.704
-0.28,0.09,0,79.0063,16.88
-0.29,0.09,0,80.9046,17.072
-0.3,0.09,0,80.7215,17.232
-0.31,0.09,0,80.7031,17.408
-0.32,0.09,0,80.5322,17.568
-0.33,0.09,0,81.0816,17.744
-0.34,0.09,0,80.752,17.904
-0.35,0.09,0,81.991,18.096
-0.36,0.09,0,81.5027,18.256
-0.37,0.09,0,80.9229,18.432
-0.38,0.09,0,81.1182,18.592
-0.39,0.09,0,81.9483,18.768
-0.4,0.09,0,81.9666,18.944
-0.41,0.09,0,80.9656,19.088
-0.42,0.09,0,81.8079,19.264
-0.43,0.09,0,83.0164,19.456
-0.44,0.09,0,83.4254,19.536
-0.45,0.09,0,82.7235,19.744
-0.46,0.09,0,82.9615,19.92
-0.47,0.09,0,84.109,20.144
-0.48,0.09,0,83.2301,20.272
-0.49,0.09,0,82.0154,20.48
-0.5,0.09,0,82.4427,20.64
-0.51,0.09,0,82.4427,20.784
-0.52,0.09,0,82.9981,20.928
-0.53,0.09,0,83.7977,21.168
-0.54,0.09,0,83.0348,21.328
-0.55,0.09,0,84.579,21.504
-0.56,0.09,0,83.3827,21.632
-0.57,0.09,0,82.9005,21.84
-0.58,0.09,0,83.6512,22.032
-0.59,0.09,0,82.1986,22.128
-0.6,0.09,0,82.9676,22.352
-0.61,0.09,0,82.0276,22.528
-0.62,0.09,0,82.9188,22.624
-0.63,0.09,0,83.4742,22.88
-0.64,0.09,0,83.2362,23.04
-0.65,0.09,0,84.0297,23.216
-0.66,0.09,0,82.9371,23.376
-0.67,0.09,0,83.047,23.568
-0.68,0.09,0,82.1741,23.696
-0.69,0.09,0,81.7225,23.904
-0.7,0.09,0,82.2352,24.032
-0.71,0.09,0,83.578,24.24
-0.72,0.09,0,83.5597,24.4
-0.73,0.09,0,85.0978,24.528
-0.74,0.09,0,83.3888,24.688
-0.75,0.09,0,83.2362,24.864
-0.76,0.09,0,83.8466,25.04
-0.77,0.09,0,83.2423,25.264
-0.78,0.09,0,83.1141,25.44
-0.79,0.09,0,82.8578,25.616
-0.8,0.09,0,82.7052,25.808
-0.81,0.09,0,82.4793,25.968
-0.82,0.09,0,82.2779,26.112
-0.83,0.09,0,82.3939,26.304
-0.84,0.09,0,81.9056,26.432
-0.85,0.09,0,81.9605,26.56
-0.86,0.09,0,81.7957,26.768
-0.87,0.09,0,81.7591,26.992
-0.88,0.09,0,81.753,27.168
-0.89,0.09,0,80.8435,27.296
-0.9,0.09,0,80.7154,27.472
-0.91,0.09,0,81.1304,27.648
-0.92,0.09,0,80.6787,27.824
-0.93,0.09,0,79.4519,27.984
-0.94,0.09,0,80.8618,28.176
-0.95,0.09,0,81.0938,28.352
-0.96,0.09,0,78.9453,28.512
-0.97,0.09,0,80.6787,28.656
-0.98,0.09,0,79.2566,28.848
-0.99,0.09,0,79.7205,29.008
-1,0.09,0,79.2444,29.216
-1.01,0.09,0,79.7388,29.392
-1.02,0.09,0,79.8914,29.472
-1.03,0.09,0,79.4641,29.648
-1.04,0.09,0,79.751,29.824
-1.05,0.09,0,79.6655,30.048
-1.06,0.09,0,80.1233,30.208
-1.07,0.09,0,78.1213,30.384
-1.08,0.09,0,78.1335,30.56
-1.09,0.09,0,78.8903,30.736
-1.1,0.09,0,79.3054,30.912
-1.11,0.09,0,77.2301,31.04
-1.12,0.09,0,76.278,31.264
-1.13,0.09,0,77.8588,31.408
-1.14,0.09,0,77.1752,31.616
-1.15,0.09,0,76.3207,31.76
-1.16,0.09,0,76.7785,31.92
-1.17,0.09,0,76.7418,32.064
-1.18,0.09,0,76.87,32.208
-1.19,0.09,0,77.2668,32.448
-1.2,0.09,0,75.045,32.608
-1.21,0.09,0,76.8761,32.784
-1.22,0.09,0,75.2892,32.96
-1.23,0.09,0,74.5689,33.104
-1.24,0.09,0,75.3075,33.232
-1.25,0.09,0,74.4713,33.44
-1.26,0.09,0,74.0989,33.664
-1.27,0.09,0,73.8914,33.776
-1.28,0.09,0,74.3187,33.92
-1.29,0.09,0,74.0257,34.16
-1.3,0.09,0,74.5384,34.304
-1.31,0.09,0,73.8914,34.48
-1.32,0.09,0,73.1773,34.672
-1.33,0.09,0,73.6717,34.848
-1.34,0.09,0,73.8731,35.024
-1.35,0.09,0,72.7378,35.184
-1.36,0.09,0,73.5252,35.344
-1.37,0.09,0,72.5852,35.504
-1.38,0.09,0,71.8772,35.68
-1.39,0.09,0,71.9687,35.856
-1.4,0.09,0,71.7246,36.032
-1.41,0.09,0,72.4754,36.192
-1.42,0.09,0,71.0715,36.384
-1.43,0.09,0,71.0105,36.528
-1.44,0.09,0,71.4682,36.736
-1.45,0.09,0,70.2353,36.88
-1.46,0.09,0,70.864,37.04
-1.47,0.09,0,70.9189,37.184
-1.48,0.09,0,70.217,37.392
-1.49,0.09,0,70.455,37.552
-1.5,0.09,0,69.1855,37.744
-1.51,0.09,0,69.0451,37.92
-1.52,0.09,0,69.0146,38.064
-1.53,0.09,0,69.1,38.24
-1.54,0.09,0,69.3991,38.432
-1.55,0.09,0,69.0573,38.592
-1.56,0.09,0,69.0695,38.752
-1.57,0.09,0,67.275,38.912
-1.58,0.09,0,68.215,39.088
-1.59,0.09,0,67.4337,39.28
-1.6,0.09,0,67.4093,39.456
-1.61,0.09,0,67.159,39.6
-1.62,0.09,0,68.3737,39.792
-1.63,0.09,0,66.4998,39.968
-1.64,0.09,0,66.9576,40.128
-1.65,0.09,0,66.2923,40.304
-1.66,0.09,0,65.4256,40.464
-1.67,0.09,0,66.2923,40.64
-1.68,0.09,0,65.041,40.8
-1.69,0.09,0,65.6941,40.976
-1.7,0.09,0,65.0227,41.12
-1.71,0.09,0,64.3696,41.344
-1.72,0.09,0,64.5711,41.504
-1.73,0.09,0,64.8824,41.664
-1.74,0.09,0,63.3503,41.824
-1.75,0.09,0,64.3635,42
-1.76,0.09,0,63.8752,42.192
-1.77,0.09,0,63.8936,42.32
-1.78,0.09,0,64.1255,42.528
-1.79,0.09,0,64.5772,42.704
-1.8,0.09,0,63.5517,42.864
-1.81,0.09,0,63.2038,42.96
-1.82,0.09,0,63.8813,43.2
-1.83,0.09,0,62.9719,43.392
-1.84,0.09,0,62.6179,43.552
-1.85,0.09,0,62.3066,43.712
-1.86,0.09,0,62.7277,43.888
-1.87,0.09,0,62.5446,44.032
-1.88,0.09,0,62.154,44.24
-1.89,0.09,0,62.5385,44.416
-1.9,0.09,0,61.2384,44.496
-1.91,0.09,0,61.3239,44.752
-1.92,0.09,0,60.6281,44.928
-1.93,0.09,0,59.8651,45.008
-1.94,0.09,0,60.6098,45.248
-1.95,0.09,0,60.3229,45.424
-1.96,0.09,0,60.567,45.536
-1.97,0.09,0,60.799,45.712
-1.98,0.09,0,60.1337,45.936
-1.99,0.09,0,59.3524,46.064
-2,0.09,0,60.8295,46.304
-2,0.1,0,58.6749,46.24
-1.99,0.1,0,57.564,46.16
-1.98,0.1,0,58.1256,45.888
-1.97,0.1,0,58.8092,45.744
-1.96,0.1,0,60.1093,45.648
-1.95,0.1,0,58.6871,45.392
-1.94,0.1,0,58.7237,45.232
-1.93,0.1,0,58.4857,45.12
-1.92,0.1,0,59.4501,44.896
-1.91,0.1,0,59.6026,44.704
-1.9,0.1,0,60.3351,44.544
-1.89,0.1,0,59.5904,44.368
-1.88,0.1,0,61.1286,44.224
-1.87,0.1,0,60.1947,44.032
-1.86,0.1,0,60.2863,43.92
-1.85,0.1,0,61.3727,43.696
-1.84,0.1,0,61.8183,43.504
-1.83,0.1,0,60.8722,43.36
-1.82,0.1,0,61.0187,43.184
-1.81,0.1,0,60.9027,43.024
-1.8,0.1,0,62.0014,42.864
-1.79,0.1,0,62.8925,42.736
-1.78,0.1,0,62.3859,42.56
-1.77,0.1,0,62.0563,42.32
-1.76,0.1,0,61.7328,42.176
-1.75,0.1,0,62.8681,41.952
-1.74,0.1,0,62.7216,41.808
-1.73,0.1,0,62.3676,41.808
-1.72,0.1,0,63.1672,41.456
-1.71,0.1,0,63.4358,41.296
-1.7,0.1,0,63.4236,41.12
-1.69,0.1,0,63.5029,40.96
-1.68,0.1,0,64.3941,40.784
-1.67,0.1,0,63.8691,40.608
-1.66,0.1,0,63.7349,40.448
-1.65,0.1,0,64.1499,40.288
-1.64,0.1,0,65.0472,40.096
-1.63,0.1,0,64.2354,40.016
-1.62,0.1,0,65.1875,39.776
-1.61,0.1,0,64.3513,39.568
-1.6,0.1,0,65.7186,39.424
-1.59,0.1,0,65.389,39.312
-1.58,0.1,0,66.5181,39.088
-1.57,0.1,0,65.4439,38.912
-1.56,0.1,0,66.5242,38.72
-1.55,0.1,0,66.8294,38.56
-1.54,0.1,0,66.5609,38.416
-1.53,0.1,0,65.981,38.224
-1.52,0.1,0,66.512,38.144
-1.51,0.1,0,66.8783,37.888
-1.5,0.1,0,67.0858,37.712
-1.49,0.1,0,65.6514,37.536
-1.48,0.1,0,67.5436,37.36
-1.47,0.1,0,66.9271,37.184
-1.46,0.1,0,67.6107,37.04
-1.45,0.1,0,67.5558,36.944
-1.44,0.1,0,68.1356,36.672
-1.43,0.1,0,68.4652,36.512
-1.42,0.1,0,69.1305,36.432
-1.41,0.1,0,68.2638,36.16
-1.4,0.1,0,67.2872,36
-1.39,0.1,0,68.6728,35.936
-1.38,0.1,0,68.7033,35.664
-1.37,0.1,0,69.3503,35.456
-1.36,0.1,0,69.0085,35.376
-1.35,0.1,0,69.5456,35.2
-1.34,0.1,0,69.1916,35.04
-1.33,0.1,0,69.5761,34.8
-1.32,0.1,0,70.5039,34.64
-1.31,0.1,0,70.4306,34.48
-1.3,0.1,0,71.0349,34.272
-1.29,0.1,0,70.7236,34.144
-1.28,0.1,0,70.1987,33.936
-1.27,0.1,0,70.3391,33.76
-1.26,0.1,0,70.8762,33.6
-1.25,0.1,0,71.2729,33.44
-1.24,0.1,0,71.3462,33.248
-1.23,0.1,0,71.8345,33.088
-1.22,0.1,0,72.0908,32.912
-1.21,0.1,0,72.1274,32.768
-1.2,0.1,0,71.5659,32.56
-1.19,0.1,0,72.4082,32.464
-1.18,0.1,0,72.2678,32.224
-1.17,0.1,0,71.8101,32.08
-1.16,0.1,0,72.2068,31.968
-1.15,0.1,0,71.6758,31.696
-1.14,0.1,0,71.2973,31.52
-1.13,0.1,0,72.3655,31.456
-1.12,0.1,0,73.4092,31.28
-1.11,0.1,0,72.5364,31.024
-1.1,0.1,0,73.3055,30.912
-1.09,0.1,0,72.4387,30.704
-1.08,0.1,0,72.6218,30.528
-1.07,0.1,0,72.9026,30.352
-1.06,0.1,0,74.5872,30.176
-1.05,0.1,0,73.8975,30.016
-1.04,0.1,0,74.0623,29.888
-1.03,0.1,0,74.63,29.68
-1.02,0.1,0,73.6351,29.504
-1.01,0.1,0,74.4102,29.36
-1,0.1,0,74.6544,29.168
-0.99,0.1,0,75.3014,29.008
-0.98,0.1,0,75.0389,28.816
-0.97,0.1,0,74.514,28.672
-0.96,0.1,0,74.4102,28.464
-0.95,0.1,0,74.0013,28.368
-0.94,0.1,0,74.0135,28.128
-0.93,0.1,0,74.691,27.952
-0.92,0.1,0,75.1122,27.792
-0.91,0.1,0,74.4713,27.6
-0.9,0.1,0,75.4845,27.552
-0.89,0.1,0,74.1417,27.264
-0.88,0.1,0,75.045,27.104
-0.87,0.1,0,74.0074,26.944
-0.86,0.1,0,74.8863,26.816
-0.85,0.1,0,75.692,26.592
-0.84,0.1,0,75.2647,26.432
-0.83,0.1,0,73.928,26.224
-0.82,0.1,0,75.4234,26.096
-0.81,0.1,0,74.5323,25.92
-0.8,0.1,0,74.7765,25.76
-0.79,0.1,0,75.1427,25.584
-0.78,0.1,0,75.4601,25.424
-0.77,0.1,0,74.3126,25.216
-0.76,0.1,0,74.7398,25.056
-0.75,0.1,0,74.5201,24.928
-0.74,0.1,0,74.4163,24.688
-0.73,0.1,0,75.0389,24.544
-0.72,0.1,0,75.2464,24.4
-0.71,0.1,0,75.4845,24.192
-0.7,0.1,0,74.4102,24.032
-0.69,0.1,0,74.7154,23.968
-0.68,0.1,0,75.2953,23.696
-0.67,0.1,0,74.7459,23.52
-0.66,0.1,0,74.5018,23.424
-0.65,0.1,0,75.4357,23.184
-0.64,0.1,0,75.0206,22.976
-0.63,0.1,0,74.1295,22.944
-0.62,0.1,0,74.6117,22.64
-0.61,0.1,0,74.3919,22.464
-0.6,0.1,0,73.8853,22.32
-0.59,0.1,0,74.2027,22.128
-0.58,0.1,0,73.9952,22.064
-0.57,0.1,0,73.22,21.776
-0.56,0.1,0,73.3299,21.616
-0.55,0.1,0,73.9525,21.552
-0.54,0.1,0,73.0308,21.264
-0.53,0.1,0,73.2322,21.104
-0.52,0.1,0,73.4153,21.04
-0.51,0.1,0,72.5059,20.768
-0.5,0.1,0,72.9575,20.592
-0.49,0.1,0,72.2678,20.528
-0.48,0.1,0,71.9443,20.24
-0.47,0.1,0,72.0298,20.08
-0.46,0.1,0,72.1091,20.016
-0.45,0.1,0,72.1519,19.728
-0.44,0.1,0,72.0054,19.568
-0.43,0.1,0,71.7551,19.408
-0.42,0.1,0,71.5476,19.232
-0.41,0.1,0,72.28,19.072
-0.4,0.1,0,72.2617,18.912
-0.39,0.1,0,71.6025,18.736
-0.38,0.1,0,71.3034,18.56
-0.37,0.1,0,71.0288,18.384
-0.36,0.1,0,72.2068,18.32
-0.35,0.1,0,71.3584,18.064
-0.34,0.1,0,71.9138,17.856
-0.33,0.1,0,71.1875,17.792
-0.32,0.1,0,70.2963,17.568
-0.31,0.1,0,69.9118,17.344
-0.3,0.1,0,69.9545,17.168
-0.29,0.1,0,70.6565,17.04
-0.28,0.1,0,70.3085,16.96
-0.27,0.1,0,70.2963,16.672
-0.26,0.1,0,70.0827,16.512
-0.25,0.1,0,69.7592,16.416
-0.24,0.1,0,70.3391,16.176
-0.23,0.1,0,70.278,15.984
-0.22,0.1,0,70.9006,15.904
-0.21,0.1,0,70.4489,15.696
-0.2,0.1,0,70.0278,15.44
-0.19,0.1,0,70.2597,15.28
-0.18,0.1,0,69.6982,15.232
-0.17,0.1,0,69.4479,14.96
-0.16,0.1,0,70.6259,14.816
-0.15,0.1,0,69.454,14.576
-0.14,0.1,0,69.8325,14.496
-0.13,0.1,0,69.1488,14.368
-0.12,0.1,0,70.8823,14.144
-0.11,0.1,0,71.1203,13.984
-0.1,0.1,0,71.4194,13.824
-0.09,0.1,0,70.4978,13.664
-0.08,0.1,0,70.1743,13.456
-0.07,0.1,0,72.1152,13.328
-0.06,0.1,0,71.1509,13.152
-0.05,0.1,0,72.0542,12.928
-0.04,0.1,0,71.2424,12.8
-0.03,0.1,0,71.2424,12.624
-0.02,0.1,0,71.5842,12.464
-0.01,0.1,0,71.633,12.288
0,0.1,0,71.2058,12.064
0.01,0.1,0,71.8162,11.92
0.02,0.1,0,71.4499,11.744
0.03,0.1,0,72.3045,11.568
0.04,0.1,0,73.6351,11.44
0.05,0.1,0,72.8904,11.28
0.06,0.1,0,73.1834,11.072
0.07,0.1,0,72.1213,10.896
0.08,0.1,0,73.2383,10.704
0.09,0.1,0,72.2434,10.56
0.1,0.1,0,73.2933,10.352
0.11,0.1,0,72.7378,10.224
0.12,0.1,0,73.2627,10.032
0.13,0.1,0,73.983,9.904
0.14,0.1,0,74.0745,9.728
0.15,0.1,0,74.5079,9.488
0.16,0.1,0,74.4285,9.36
0.17,0.1,0,74.3553,9.152
0.18,0.1,0,74.6971,9.04
0.19,0.1,0,74.9351,8.8
0.2,0.1,0,74.8375,8.704
0.21,0.1,0,75.2586,8.464
0.22,0.1,0,76.0033,8.32
0.23,0.1,0,76.4428,8.144
0.24,0.1,0,75.0999,7.984
0.25,0.1,0,77.2362,7.808
0.26,0.1,0,77.0287,7.664
0.27,0.1,0,77.2607,7.52
0.28,0.1,0,78.2311,7.328
0.29,0.1,0,77.871,7.12
0.3,0.1,0,78.7439,6.976
0.31,0.1,0,78.5669,6.832
0.32,0.1,0,78.4814,6.576
0.33,0.1,0,78.1457,6.384
0.34,0.1,0,79.751,6.224
0.35,0.1,0,79.1284,6.128
0.36,0.1,0,77.8893,5.936
0.37,0.1,0,79.3664,5.712
0.38,0.1,0,79.4885,5.504
0.39,0.1,0,79.6411,5.44
0.4,0.1,0,80.1904,5.184
0.41,0.1,0,80.6665,4.976
0.42,0.1,0,81.1182,4.816
0.43,0.1,0,81.9361,4.688
0.44,0.1,0,81.045,4.624
0.45,0.1,0,83.1874,4.32
0.46,0.1,0,83.8832,4.144
0.47,0.1,0,84.048,4
0.48,0.1,0,85.9523,3.824
0.49,0.1,0,85.4396,3.744
0.5,0.1,0,87.0083,3.472
0.51,0.1,0,88.3206,3.28
0.52,0.1,0,87.3806,3.152
0.53,0.1,0,88.052,2.944
0.54,0.1,0,89.1446,2.784
0.55,0.1,0,90.0479,2.592
0.56,0.1,0,92.3002,2.48
0.57,0.1,0,92.7335,2.272
0.58,0.1,0,94.3876,2.096
0.59,0.1,0,94.351,2.032
0.6,0.1,0,95.7549,1.728
0.61,0.1,0,97.763,1.568
0.62,0.1,0,99.2584,1.504
0.63,0.1,0,99.4964,1.376
0.64,0.1,0,96.646,1.088
0.64,0.11,0,91.7692,1.152
0.63,0.11,0,90.3104,1.312
0.62,0.11,0,86.0805,1.504
0.61,0.11,0,83.0653,1.712
0.6,0.11,0,82.8089,1.888
0.59,0.11,0,79.2138,2.048
0.58,0.11,0,78.5424,2.192
0.57,0.11,0,77.7978,2.368
0.56,0.11,0,77.1264,2.544
0.55,0.11,0,75.0206,2.72
0.54,0.11,0,74.3919,2.864
0.53,0.11,0,73.928,3.072
0.52,0.11,0,73.043,3.168
0.51,0.11,0,72.8965,3.408
0.5,0.11,0,71.688,3.568
0.49,0.11,0,72.75,3.68
0.48,0.11,0,70.7907,3.92
0.47,0.11,0,71.0288,4.112
0.46,0.11,0,72.3106,4.176
0.45,0.11,0,70.51,4.464
0.44,0.11,0,71.2973,4.592
0.43,0.11,0,68.9047,4.784
0.42,0.11,0,68.7643,4.944
0.41,0.11,0,69.1061,5.024
0.4,0.11,0,68.215,5.248
0.39,0.11,0,69.1183,5.456
0.38,0.11,0,68.6972,5.648
0.37,0.11,0,68.1845,5.792
0.36,0.11,0,69.1,5.968
0.35,0.11,0,68.685,6.096
0.34,0.11,0,68.63,6.32
0.33,0.11,0,68.2638,6.496
0.32,0.11,0,67.6107,6.672
0.31,0.11,0,66.6585,6.848
0.3,0.11,0,67.6778,6.992
0.29,0.11,0,66.9637,7.168
0.28,0.11,0,68.3432,7.344
0.27,0.11,0,67.4154,7.536
0.26,0.11,0,66.6707,7.664
0.25,0.11,0,67.0492,7.856
0.24,0.11,0,66.6158,8.016
0.23,0.11,0,67.7999,8.192
0.22,0.11,0,66.1092,8.384
0.21,0.11,0,67.2811,8.528
0.2,0.11,0,66.6829,8.72
0.19,0.11,0,67.0248,8.88
0.18,0.11,0,66.689,9.056
0.17,0.11,0,65.5416,9.232
0.16,0.11,0,66.6158,9.392
0.15,0.11,0,66.1397,9.552
0.14,0.11,0,65.9871,9.728
0.13,0.11,0,66.2191,9.824
0.12,0.11,0,65.7796,10
0.11,0.11,0,65.0777,10.24
0.1,0.11,0,66.1092,10.4
0.09,0.11,0,64.8824,10.528
0.08,0.11,0,65.5965,10.768
0.07,0.11,0,65.7491,10.912
0.06,0.11,0,65.8773,11.04
0.05,0.11,0,64.9678,11.264
0.04,0.11,0,63.7837,11.424
0.03,0.11,0,64.6321,11.536
0.02,0.11,0,64.9007,11.728
0.01,0.11,0,64.3086,11.936
0,0.11,0,65.5049,12.128
-0.01,0.11,0,63.8142,12.32
-0.02,0.11,0,64.9373,12.464
-0.03,0.11,0,64.1926,12.64
-0.04,0.11,0,65.0227,12.816
-0.05,0.11,0,64.687,12.976
-0.06,0.11,0,63.4602,13.12
-0.07,0.11,0,64.0034,13.328
-0.08,0.11,0,63.8508,13.488
-0.09,0.11,0,64.3208,13.664
-0.1,0.11,0,63.2893,13.808
-0.11,0.11,0,63.6799,13.936
-0.12,0.11,0,61.8488,14.176
-0.13,0.11,0,63.6982,14.336
-0.14,0.11,0,64.0584,14.544
-0.15,0.11,0,64.0767,14.688
-0.16,0.11,0,62.5019,14.848
-0.17,0.11,0,62.9353,15.024
-0.18,0.11,0,62.9048,15.2
-0.19,0.11,0,62.5813,15.344
-0.2,0.11,0,63.9363,15.536
-0.21,0.11,0,63.1062,15.712
-0.22,0.11,0,63.9363,15.888
-0.23,0.11,0,63.2954,16.048
-0.24,0.11,0,63.0512,16.208
-0.25,0.11,0,62.2517,16.4
-0.26,0.11,0,64.2903,16.544
-0.27,0.11,0,63.6494,16.72
-0.28,0.11,0,63.1977,16.896
-0.29,0.11,0,63.8874,17.072
-0.3,0.11,0,62.7705,17.248
-0.31,0.11,0,63.9668,17.408
-0.32,0.11,0,63.564,17.6
-0.33,0.11,0,63.5823,17.76
-0.34,0.11,0,63.7349,17.936
-0.35,0.11,0,62.9231,18.08
-0.36,0.11,0,63.6189,18.272
-0.37,0.11,0,63.9912,18.432
-0.38,0.11,0,64.9373,18.576
-0.39,0.11,0,64.1743,18.8
-0.4,0.11,0,64.0889,18.96
-0.41,0.11,0,63.7104,19.04
-0.42,0.11,0,64.4612,19.312
-0.43,0.11,0,63.4846,19.488
-0.44,0.11,0,65.1875,19.648
-0.45,0.11,0,63.7837,19.808
-0.46,0.11,0,65.3951,19.952
-0.47,0.11,0,64.9129,20.16
-0.48,0.11,0,65.3829,20.32
-0.49,0.11,0,65.8712,20.448
-0.5,0.11,0,65.8467,20.608
-0.51,0.11,0,65.7308,20.832
-0.52,0.11,0,66.2435,20.928
-0.53,0.11,0,65.5416,21.12
-0.54,0.11,0,66.9759,21.312
-0.55,0.11,0,66.2923,21.456
-0.56,0.11,0,66.4571,21.664
-0.57,0.11,0,66.3594,21.872
-0.58,0.11,0,66.7135,22.048
-0.59,0.11,0,66.3656,22.176
-0.6,0.11,0,66.8477,22.384
-0.61,0.11,0,66.9271,22.544
-0.62,0.11,0,66.5548,22.64
-0.63,0.11,0,67.0858,22.848
-0.64,0.11,0,67.3849,23.072
-0.65,0.11,0,67.5741,23.216
-0.66,0.11,0,68.2394,23.328
-0.67,0.11,0,68.1845,23.536
-0.68,0.11,0,68.5202,23.744
-0.69,0.11,0,68.0502,23.904
-0.7,0.11,0,69.216,24.016
-0.71,0.11,0,67.6107,24.288
-0.72,0.11,0,68.3248,24.432
-0.73,0.11,0,69.0939,24.608
-0.74,0.11,0,67.5497,24.768
-0.75,0.11,0,68.6728,24.944
-0.76,0.11,0,68.8681,25.12
-0.77,0.11,0,68.8803,25.28
-0.78,0.11,0,68.9413,25.472
-0.79,0.11,0,68.6972,25.552
-0.8,0.11,0,69.7531,25.792
-0.81,0.11,0,68.8925,25.984
-0.82,0.11,0,69.7043,26.16
-0.83,0.11,0,68.9169,26.336
-0.84,0.11,0,68.862,26.464
-0.85,0.11,0,68.9413,26.656
-0.86,0.11,0,69.57,26.832
-0.87,0.11,0,69.4723,27.008
-0.88,0.11,0,68.2821,27.184
-0.89,0.11,0,70.0156,27.344
-0.9,0.11,0,69.1305,27.504
-0.91,0.11,0,70.4611,27.68
-0.92,0.11,0,70.4367,27.808
-0.93,0.11,0,69.4967,28
-0.94,0.11,0,69.3258,28.208
-0.95,0.11,0,70.2963,28.368
-0.96,0.11,0,69.9728,28.528
-0.97,0.11,0,69.0878,28.704
-0.98,0.11,0,69.5517,28.864
-0.99,0.11,0,70.1804,28.976
-1,0.11,0,68.9962,29.232
-1.01,0.11,0,70.5283,29.36
-1.02,0.11,0,70.4794,29.552
-1.03,0.11,0,69.3747,29.744
-1.04,0.11,0,68.9779,29.904
-1.05,0.11,0,69.0634,30.064
-1.06,0.11,0,70.1621,30.208
-1.07,0.11,0,69.6982,30.4
-1.08,0.11,0,68.8864,30.592
-1.09,0.11,0,71.2424,30.736
-1.1,0.11,0,69.1122,30.928
-1.11,0.11,0,68.2577,31.04
-1.12,0.11,0,70.0583,31.28
-1.13,0.11,0,69.509,31.44
-1.14,0.11,0,69.2038,31.536
-1.15,0.11,0,69.5639,31.776
-1.16,0.11,0,67.5619,31.952
-1.17,0.11,0,68.5751,32.048
-1.18,0.11,0,68.9657,32.304
-1.19,0.11,0,67.1957,32.464
-1.2,0.11,0,68.4896,32.624
-1.21,0.11,0,67.8915,32.784
-1.22,0.11,0,67.513,32.976
-1.23,0.11,0,68.2699,33.152
-1.24,0.11,0,68.9047,33.312
-1.25,0.11,0,67.7023,33.488
-1.26,0.11,0,67.5619,33.616
-1.27,0.11,0,67.983,33.84
-1.28,0.11,0,68.1051,33.984
-1.29,0.11,0,68.1173,34.096
-1.3,0.11,0,66.9271,34.336
-1.31,0.11,0,68.6361,34.512
-1.32,0.11,0,66.6829,34.656
-1.33,0.11,0,66.6219,34.864
-1.34,0.11,0,66.9515,35.024
-1.35,0.11,0,66.3961,35.2
-1.36,0.11,0,66.7501,35.36
-1.37,0.11,0,66.2496,35.536
-1.38,0.11,0,67.3666,35.696
-1.39,0.11,0,66.9637,35.888
-1.4,0.11,0,65.5416,36.048
-1.41,0.11,0,66.4998,36.224
-1.42,0.11,0,66.9027,36.4
-1.43,0.11,0,66.1763,36.576
-1.44,0.11,0,65.6148,36.736
-1.45,0.11,0,65.1997,36.912
-1.46,0.11,0,64.9434,37.024
-1.47,0.11,0,65.0594,37.216
-1.48,0.11,0,65.4012,37.344
-1.49,0.11,0,64.9556,37.6
-1.5,0.11,0,65.2486,37.76
-1.51,0.11,0,64.9007,37.936
-1.52,0.11,0,64.6992,38.112
-1.53,0.11,0,65.5965,38.272
-1.54,0.11,0,64.4063,38.432
-1.55,0.11,0,63.8203,38.624
-1.56,0.11,0,64.2476,38.704
-1.57,0.11,0,63.7471,38.928
-1.58,0.11,0,62.9597,39.104
-1.59,0.11,0,64.0278,39.296
-1.6,0.11,0,63.7288,39.472
-1.61,0.11,0,63.4968,39.648
-1.62,0.11,0,63.3625,39.824
-1.63,0.11,0,63.8569,39.952
-1.64,0.11,0,63.3137,40.16
-1.65,0.11,0,63.1367,40.304
-1.66,0.11,0,62.1052,40.48
-1.67,0.11,0,62.6179,40.656
-1.68,0.11,0,63.4419,40.832
-1.69,0.11,0,62.6484,41.024
-1.7,0.11,0,61.9282,41.168
-1.71,0.11,0,61.3727,41.344
-1.72,0.11,0,61.6291,41.52
-1.73,0.11,0,61.6169,41.68
-1.74,0.11,0,62.1052,41.872
-1.75,0.11,0,62.1601,42.048
-1.76,0.11,0,61.3788,42.176
-1.77,0.11,0,61.5497,42.368
-1.78,0.11,0,61.6047,42.48
-1.79,0.11,0,59.7858,42.688
-1.8,0.11,0,59.6088,42.896
-1.81,0.11,0,59.743,43.248
-1.82,0.11,0,60.4816,43.232
-1.83,0.11,0,59.6454,43.328
-1.84,0.11,0,59.9933,43.552
-1.85,0.11,0,59.9078,43.76
-1.86,0.11,0,58.9557,43.84
-1.87,0.11,0,59.7369,44.048
-1.88,0.11,0,58.5345,44.24
-1.89,0.11,0,58.8641,44.432
-1.9,0.11,0,58.4613,44.608
-1.91,0.11,0,59.5294,44.928
-1.92,0.11,0,58.6993,44.944
-1.93,0.11,0,58.5772,45.12
-1.94,0.11,0,58.8275,45.2
-1.95,0.11,0,58.0035,45.456
-1.96,0.11,0,58.5101,45.616
-1.97,0.11,0,57.7715,45.744
-1.98,0.11,0,57.8326,45.952
-1.99,0.11,0,58.0889,46.144
-2,0.11,0,57.9852,46.288
-2,0.12,0,55.7695,46.272
-1.99,0.12,0,55.324,46.144
-1.98,0.12,0,55.9648,46
-1.97,0.12,0,55.4155,45.744
-1.96,0.12,0,56.1235,45.6
-1.95,0.12,0,56.0259,45.408
-1.94,0.12,0,56.2883,45.264
-1.93,0.12,0,57.4419,45.072
-1.92,0.12,0,55.6413,44.944
-1.91,0.12,0,56.2639,44.816
-1.9,0.12,0,56.6301,44.592
-1.89,0.12,0,57.2466,44.4
-1.88,0.12,0,57.1978,44.32
-1.87,0.12,0,57.1551,44.08
-1.86,0.12,0,57.1673,43.872
-1.85,0.12,0,58.0035,43.696
-1.84,0.12,0,57.2222,43.552
-1.83,0.12,0,58.2232,43.36
-1.82,0.12,0,57.973,43.28
-1.81,0.12,0,57.8631,43.056
-1.8,0.12,0,57.8509,42.848
-1.79,0.12,0,58.0828,42.72
-1.78,0.12,0,58.1805,42.512
-1.77,0.12,0,57.5945,42.352
-1.76,0.12,0,59.5538,42.192
-1.75,0.12,0,59.3585,42.048
-1.74,0.12,0,60.2069,41.824
-1.73,0.12,0,59.0167,41.648
-1.72,0.12,0,57.918,41.52
-1.71,0.12,0,58.9984,41.312
-1.7,0.12,0,58.7725,41.152
-1.69,0.12,0,60.0299,40.992
-1.68,0.12,0,59.9322,40.816
-1.67,0.12,0,59.621,40.608
-1.66,0.12,0,59.4989,40.464
-1.65,0.12,0,59.7674,40.304
-1.64,0.12,0,59.7369,40.128
-1.63,0.12,0,60.3595,39.952
-1.62,0.12,0,61.0797,39.792
-1.61,0.12,0,59.9506,39.648
-1.6,0.12,0,60.3351,39.456
-1.59,0.12,0,60.6769,39.264
-1.58,0.12,0,60.9272,39.184
-1.57,0.12,0,60.9699,38.912
-1.56,0.12,0,60.2069,38.736
-1.55,0.12,0,60.567,38.688
-1.54,0.12,0,61.8915,38.48
-1.53,0.12,0,61.6108,38.24
-1.52,0.12,0,61.5375,38.096
-1.51,0.12,0,61.3361,37.888
-1.5,0.12,0,61.6962,37.728
-1.49,0.12,0,62.215,37.584
-1.48,0.12,0,61.6169,37.36
-1.47,0.12,0,61.507,37.216
-1.46,0.12,0,61.0981,37.104
-1.45,0.12,0,62.1235,36.88
-1.44,0.12,0,62.0075,36.688
-1.43,0.12,0,62.569,36.528
-1.42,0.12,0,62.038,36.352
-1.41,0.12,0,62.5324,36.176
-1.4,0.12,0,62.4226,36.032
-1.39,0.12,0,61.8671,35.936
-1.38,0.12,0,61.977,35.712
-1.37,0.12,0,62.0624,35.488
-1.36,0.12,0,62.8071,35.312
-1.35,0.12,0,62.9597,35.168
-1.34,0.12,0,63.3564,34.992
-1.33,0.12,0,61.8915,34.816
-1.32,0.12,0,62.8559,34.672
-1.31,0.12,0,61.9526,34.48
-1.3,0.12,0,63.5578,34.336
-1.29,0.12,0,63.2832,34.144
-1.28,0.12,0,63.6616,33.968
-1.27,0.12,0,62.2944,33.808
-1.26,0.12,0,63.3625,33.728
-1.25,0.12,0,61.9892,33.44
-1.24,0.12,0,63.5884,33.28
-1.23,0.12,0,63.1428,33.2
-1.22,0.12,0,63.8203,32.976
-1.21,0.12,0,62.8315,32.736
-1.2,0.12,0,63.4297,32.608
-1.19,0.12,0,62.5629,32.416
-1.18,0.12,0,64.449,32.304
-1.17,0.12,0,64.687,32.08
-1.16,0.12,0,62.9231,31.904
-1.15,0.12,0,64.6138,31.84
-1.14,0.12,0,64.1865,31.552
-1.13,0.12,0,63.8874,31.408
-1.12,0.12,0,64.3208,31.312
-1.11,0.12,0,63.8203,31.04
-1.1,0.12,0,64.4734,30.928
-1.09,0.12,0,62.6911,30.8
-1.08,0.12,0,63.3992,30.544
-1.07,0.12,0,63.6677,30.384
-1.06,0.12,0,63.6006,30.224
-1.05,0.12,0,63.5029,30.032
-1.04,0.12,0,64.0584,29.84
-1.03,0.12,0,63.1001,29.792
-1.02,0.12,0,63.094,29.536
-1.01,0.12,0,64.1743,29.376
-1,0.12,0,63.1306,29.168
-0.99,0.12,0,63.8203,29.024
-0.98,0.12,0,63.4663,28.928
-0.97,0.12,0,62.978,28.672
-0.96,0.12,0,63.4602,28.496
-0.95,0.12,0,64.5161,28.336
-0.94,0.12,0,62.5935,28.144
-0.93,0.12,0,63.1611,27.968
-0.92,0.12,0,63.3808,27.808
-0.91,0.12,0,62.8681,27.664
-0.9,0.12,0,61.7634,27.456
-0.89,0.12,0,62.5446,27.392
-0.88,0.12,0,61.9892,27.12
-0.87,0.12,0,62.1601,26.928
-0.86,0.12,0,62.9902,26.8
-0.85,0.12,0,62.2761,26.608
-0.84,0.12,0,62.1418,26.544
-0.83,0.12,0,62.2517,26.304
-0.82,0.12,0,61.7756,26.096
-0.81,0.12,0,62.3676,25.952
-0.8,0.12,0,62.1967,25.744
-0.79,0.12,0,61.2751,25.584
-0.78,0.12,0,61.7878,25.424
-0.77,0.12,0,61.6901,25.248
-0.76,0.12,0,61.8183,25.072
-0.75,0.12,0,60.5121,24.896
-0.74,0.12,0,61.5436,24.72
-0.73,0.12,0,61.4582,24.64
-0.72,0.12,0,60.4266,24.416
-0.71,0.12,0,61.0065,24.208
-0.7,0.12,0,59.3585,24.128
-0.69,0.12,0,60.1154,23.936
-0.68,0.12,0,59.8529,23.696
-0.67,0.12,0,59.8102,23.52
-0.66,0.12,0,60.6647,23.392
-0.65,0.12,0,60.5914,23.2
-0.64,0.12,0,59.6149,23.088
-0.63,0.12,0,60.4633,22.864
-0.62,0.12,0,59.3829,22.672
-0.61,0.12,0,58.4674,22.512
-0.6,0.12,0,58.5772,22.384
-0.59,0.12,0,58.6138,22.16
-0.58,0.12,0,59.3707,22
-0.57,0.12,0,58.0828,21.808
-0.56,0.12,0,59.6759,21.648
-0.55,0.12,0,58.504,21.568
-0.54,0.12,0,58.8519,21.344
-0.53,0.12,0,57.8021,21.136
-0.52,0.12,0,58.0523,20.944
-0.51,0.12,0,57.4541,20.816
-0.5,0.12,0,57.8387,20.688
-0.49,0.12,0,56.6179,20.448
-0.48,0.12,0,57.8448,20.288
-0.47,0.12,0,57.2527,20.208
-0.46,0.12,0,56.2639,19.952
-0.45,0.12,0,57.4114,19.808
-0.44,0.12,0,56.8133,19.584
-0.43,0.12,0,57.1429,19.44
-0.42,0.12,0,56.6729,19.328
-0.41,0.12,0,56.2944,19.072
-0.4,0.12,0,55.9343,18.912
-0.39,0.12,0,56.6973,18.864
-0.38,0.12,0,56.4043,18.64
-0.37,0.12,0,56.3494,18.4
-0.36,0.12,0,55.4704,18.272
-0.35,0.12,0,55.3179,18.032
-0.34,0.12,0,55.9343,17.872
-0.33,0.12,0,55.501,17.744
-0.32,0.12,0,55.1469,17.552
-0.31,0.12,0,55.5315,17.488
-0.3,0.12,0,55.8061,17.2
-0.29,0.12,0,56.0808,16.992
-0.28,0.12,0,56.0747,16.928
-0.27,0.12,0,55.4216,16.704
-0.26,0.12,0,56.3494,16.512
-0.25,0.12,0,56.4959,16.432
-0.24,0.12,0,56.1357,16.16
-0.23,0.12,0,55.8061,16
-0.22,0.12,0,55.2507,15.824
-0.21,0.12,0,56.0503,15.648
-0.2,0.12,0,55.9771,15.504
-0.19,0.12,0,56.1785,15.312
-0.18,0.12,0,55.9587,15.136
-0.17,0.12,0,56.5935,15.008
-0.16,0.12,0,55.0127,14.784
-0.15,0.12,0,56.3921,14.656
-0.14,0.12,0,56.1357,14.448
-0.13,0.12,0,57.1123,14.272
-0.12,0.12,0,56.0076,14.176
-0.11,0.12,0,56.2517,13.952
-0.1,0.12,0,56.0259,13.76
-0.09,0.12,0,56.4592,13.648
-0.08,0.12,0,55.8123,13.44
-0.07,0.12,0,55.8,13.28
-0.06,0.12,0,56.6546,13.088
-0.05,0.12,0,56.4653,12.928
-0.04,0.12,0,57.3748,12.736
-0.03,0.12,0,57.9852,12.592
-0.02,0.12,0,55.6047,12.4
-0.01,0.12,0,56.2944,12.208
0,0.12,0,56.7705,12.176
0.01,0.12,0,56.4348,11.872
0.02,0.12,0,56.1602,11.696
0.03,0.12,0,56.0259,11.52
0.04,0.12,0,56.2395,11.36
0.05,0.12,0,57.2283,11.216
0.06,0.12,0,57.6373,11.024
0.07,0.12,0,56.5691,10.848
0.08,0.12,0,57.1856,10.656
0.09,0.12,0,57.1184,10.512
0.1,0.12,0,56.2578,10.32
0.11,0.12,0,56.9781,10.176
0.12,0.12,0,57.1001,9.984
0.13,0.12,0,56.9414,9.904
0.14,0.12,0,55.855,9.648
0.15,0.12,0,58.1927,9.488
0.16,0.12,0,56.6424,9.424
0.17,0.12,0,56.7217,9.152
0.18,0.12,0,57.8265,8.96
0.19,0.12,0,58.1561,8.912
0.2,0.12,0,56.9903,8.608
0.21,0.12,0,57.1795,8.464
0.22,0.12,0,56.9109,8.272
0.23,0.12,0,57.2466,8.112
0.24,0.12,0,57.326,7.952
0.25,0.12,0,57.68,7.776
0.26,0.12,0,57.8204,7.68
0.27,0.12,0,57.2649,7.392
0.28,0.12,0,56.6851,7.248
0.29,0.12,0,58.0096,7.12
0.3,0.12,0,56.624,6.896
0.31,0.12,0,57.7288,6.736
0.32,0.12,0,57.4053,6.624
0.33,0.12,0,57.7044,6.416
0.34,0.12,0,57.6128,6.208
0.35,0.12,0,56.5996,6.048
0.36,0.12,0,57.6189,5.872
0.37,0.12,0,57.8997,5.76
0.38,0.12,0,57.149,5.52
0.39,0.12,0,57.8631,5.36
0.4,0.12,0,57.1856,5.28
0.41,0.12,0,58.1927,5.12
0.42,0.12,0,57.0574,4.848
0.43,0.12,0,57.9363,4.704
0.44,0.12,0,57.1429,4.496
0.45,0.12,0,57.7898,4.352
0.46,0.12,0,57.973,4.16
0.47,0.12,0,57.9546,4.016
0.48,0.12,0,58.4368,3.872
0.49,0.12,0,57.5945,3.696
0.5,0.12,0,59.0289,3.488
0.51,0.12,0,58.919,3.328
0.52,0.12,0,57.6189,3.248
0.53,0.12,0,59.2181,2.976
0.54,0.12,0,59.8346,2.768
0.55,0.12,0,59.4684,2.624
0.56,0.12,0,59.8102,2.464
0.57,0.12,0,60.5914,2.304
0.58,0.12,0,61.2079,2.112
0.59,0.12,0,61.6657,1.968
0.6,0.12,0,62.2089,1.808
0.61,0.12,0,62.7705,1.584
0.62,0.12,0,63.7165,1.424
0.63,0.12,0,65.0349,1.36
0.64,0.12,0,66.1153,1.104
0.64,0.13,0,40.9803,1.2
0.63,0.13,0,43.6903,1.312
0.62,0.13,0,45.5214,1.568
0.61,0.13,0,44.6669,1.712
0.6,0.13,0,45.9365,1.92
0.59,0.13,0,46.4064,2.064
0.58,0.13,0,45.0026,2.24
0.57,0.13,0,46.3942,2.432
0.56,0.13,0,46.736,2.576
0.55,0.13,0,46.7788,2.752
0.54,0.13,0,46.8398,2.928
0.53,0.13,0,47.56,3.072
0.52,0.13,0,46.4675,3.28
0.51,0.13,0,46.382,3.44
0.5,0.13,0,47.4013,3.6
0.49,0.13,0,48.0483,3.776
0.48,0.13,0,46.9863,3.904
0.47,0.13,0,47.8774,4.128
0.46,0.13,0,47.0534,4.24
0.45,0.13,0,46.382,4.448
0.44,0.13,0,46.8825,4.624
0.43,0.13,0,49.5804,4.72
0.42,0.13,0,48.8296,4.976
0.41,0.13,0,46.9436,5.12
0.4,0.13,0,48.6282,5.312
0.39,0.13,0,47.9019,5.472
0.38,0.13,0,48.207,5.6
0.37,0.13,0,49.4522,5.808
0.36,0.13,0,49.0127,6
0.35,0.13,0,48.4878,6.176
0.34,0.13,0,48.0544,6.336
0.33,0.13,0,48.7259,6.496
0.32,0.13,0,49.2264,6.688
0.31,0.13,0,49.6048,6.848
0.3,0.13,0,49.7024,7.024
0.29,0.13,0,49.1348,7.184
0.28,0.13,0,48.5305,7.376
0.27,0.13,0,49.0738,7.536
0.26,0.13,0,48.5794,7.712
0.25,0.13,0,49.0066,7.872
0.24,0.13,0,49.5437,8.064
0.23,0.13,0,48.6892,8.208
0.22,0.13,0,49.8306,8.384
0.21,0.13,0,49.8123,8.544
0.2,0.13,0,50.1419,8.64
0.19,0.13,0,49.6536,8.912
0.18,0.13,0,49.4339,9.056
0.17,0.13,0,49.9405,9.2
0.16,0.13,0,51.0331,9.424
0.15,0.13,0,50.7828,9.552
0.14,0.13,0,50.3677,9.728
0.13,0.13,0,49.9222,9.872
0.12,0.13,0,51.0269,10.08
0.11,0.13,0,50.0259,10.256
0.1,0.13,0,50.9171,10.368
0.09,0.13,0,50.8377,10.608
0.08,0.13,0,52.0157,10.784
0.07,0.13,0,50.5875,10.944
0.06,0.13,0,50.7584,11.12
0.05,0.13,0,50.1175,11.28
0.04,0.13,0,51.1612,11.456
0.03,0.13,0,50.7584,11.648
0.02,0.13,0,50.5875,11.808
0.01,0.13,0,51.4298,11.968
0,0.13,0,50.4532,12.128
-0.01,0.13,0,50.5997,12.32
-0.02,0.13,0,50.4959,12.48
-0.03,0.13,0,49.8489,12.672
-0.04,0.13,0,50.5875,12.816
-0.05,0.13,0,51.2284,12.976
-0.06,0.13,0,52.1561,13.168
-0.07,0.13,0,50.325,13.312
-0.08,0.13,0,51.326,13.456
-0.09,0.13,0,50.502,13.696
-0.1,0.13,0,51.5641,13.856
-0.11,0.13,0,50.9171,13.952
-0.12,0.13,0,50.8072,14.208
-0.13,0.13,0,50.5875,14.368
-0.14,0.13,0,50.4593,14.544
-0.15,0.13,0,50.6607,14.72
-0.16,0.13,0,50.4044,14.88
-0.17,0.13,0,50.9842,15.04
-0.18,0.13,0,50.5264,15.136
-0.19,0.13,0,50.4166,15.408
-0.2,0.13,0,50.4776,15.552
-0.21,0.13,0,51.6984,15.68
-0.22,0.13,0,52.1012,15.904
-0.23,0.13,0,50.6668,16.048
-0.24,0.13,0,50.7645,16.176
-0.25,0.13,0,50.4898,16.416
-0.26,0.13,0,50.4715,16.576
-0.27,0.13,0,51.2528,16.688
-0.28,0.13,0,50.1907,16.912
-0.29,0.13,0,51.1002,17.104
-0.3,0.13,0,49.8733,17.248
-0.31,0.13,0,50.7279,17.424
-0.32,0.13,0,50.8805,17.616
-0.33,0.13,0,51.2467,17.792
-0.34,0.13,0,50.618,17.952
-0.35,0.13,0,50.7828,18.128
-0.36,0.13,0,51.2528,18.288
-0.37,0.13,0,51.3993,18.448
-0.38,0.13,0,51.0758,18.608
-0.39,0.13,0,51.5641,18.8
-0.4,0.13,0,50.9842,18.896
-0.41,0.13,0,50.679,19.152
-0.42,0.13,0,53.3647,19.328
-0.43,0.13,0,51.8937,19.472
-0.44,0.13,0,51.6678,19.664
-0.45,0.13,0,50.9537,19.808
-0.46,0.13,0,53.1938,20.016
-0.47,0.13,0,51.2772,20.144
-0.48,0.13,0,51.1002,20.352
-0.49,0.13,0,52.2172,20.512
-0.5,0.13,0,51.4725,20.656
-0.51,0.13,0,52.2172,20.864
-0.52,0.13,0,51.912,21.024
-0.53,0.13,0,51.4054,21.184
-0.54,0.13,0,52.6383,21.376
-0.55,0.13,0,52.6872,21.472
-0.56,0.13,0,53.1388,21.728
-0.57,0.13,0,52.3942,21.888
-0.58,0.13,0,52.9984,22.064
-0.59,0.13,0,53.5722,22.224
-0.6,0.13,0,52.4613,22.4
-0.61,0.13,0,54.1459,22.576
-0.62,0.13,0,54.3291,22.736
-0.63,0.13,0,54.7502,22.912
-0.64,0.13,0,54.7197,23.072
-0.65,0.13,0,55.2141,23.248
-0.66,0.13,0,53.9811,23.408
-0.67,0.13,0,54.8173,23.584
-0.68,0.13,0,53.7736,23.776
-0.69,0.13,0,54.2924,23.936
-0.7,0.13,0,53.5539,24.128
-0.71,0.13,0,55.0981,24.272
-0.72,0.13,0,54.7685,24.448
-0.73,0.13,0,54.738,24.64
-0.74,0.13,0,55.6719,24.752
-0.75,0.13,0,55.4643,24.96
-0.76,0.13,0,55.2019,25.12
-0.77,0.13,0,55.4704,25.296
-0.78,0.13,0,56.7461,25.472
-0.79,0.13,0,56.8682,25.568
-0.8,0.13,0,56.0808,25.824
-0.81,0.13,0,57.2588,25.984
-0.82,0.13,0,56.0625,26.176
-0.83,0.13,0,56.6424,26.368
-0.84,0.13,0,55.7085,26.496
-0.85,0.13,0,57.1368,26.608
-0.86,0.13,0,57.0879,26.864
-0.87,0.13,0,56.3921,27.008
-0.88,0.13,0,57.1062,27.2
-0.89,0.13,0,56.7278,27.344
-0.9,0.13,0,57.6556,27.536
-0.91,0.13,0,57.8387,27.712
-0.92,0.13,0,58.7237,27.888
-0.93,0.13,0,58.9801,28.032
-0.94,0.13,0,58.8702,28.224
-0.95,0.13,0,58.1133,28.384
-0.96,0.13,0,58.1256,28.544
-0.97,0.13,0,57.4236,28.704
-0.98,0.13,0,58.3575,28.896
-0.99,0.13,0,57.8387,29.072
-1,0.13,0,58.974,29.248
-1.01,0.13,0,58.2476,29.424
-1.02,0.13,0,58.3148,29.568
-1.03,0.13,0,59.3707,29.76
-1.04,0.13,0,58.5284,29.904
-1.05,0.13,0,59.4378,30.032
-1.06,0.13,0,58.5955,30.272
-1.07,0.13,0,59.8346,30.432
-1.08,0.13,0,58.9496,30.608
-1.09,0.13,0,58.7298,30.784
-1.1,0.13,0,60.213,30.864
-1.11,0.13,0,58.6993,31.136
-1.12,0.13,0,59.3219,31.28
-1.13,0.13,0,58.6993,31.456
-1.14,0.13,0,59.0106,31.632
-1.15,0.13,0,59.7003,31.728
-1.16,0.13,0,60.445,31.952
-1.17,0.13,0,59.3097,32.144
-1.18,0.13,0,59.2364,32.272
-1.19,0.13,0,60.1642,32.48
-1.2,0.13,0,59.3036,32.64
-1.21,0.13,0,59.2242,32.832
-1.22,0.13,0,59.0716,33.008
-1.23,0.13,0,59.1449,33.136
-1.24,0.13,0,60.4877,33.344
-1.25,0.13,0,59.2914,33.424
-1.26,0.13,0,58.3697,33.696
-1.27,0.13,0,59.4562,33.84
-1.28,0.13,0,59.8163,33.952
-1.29,0.13,0,59.9872,34.192
-1.3,0.13,0,60.0238,34.368
-1.31,0.13,0,60.0848,34.496
-1.32,0.13,0,58.6077,34.704
-1.33,0.13,0,59.5599,34.88
-1.34,0.13,0,59.6454,35.04
-1.35,0.13,0,59.975,35.2
-1.36,0.13,0,59.8224,35.392
-1.37,0.13,0,58.9984,35.52
-1.38,0.13,0,59.9384,35.664
-1.39,0.13,0,59.3585,35.904
-1.4,0.13,0,59.8895,36.08
-1.41,0.13,0,60.7318,36.24
-1.42,0.13,0,58.9251,36.432
-1.43,0.13,0,59.0594,36.544
-1.44,0.13,0,59.3524,36.752
-1.45,0.13,0,58.6749,36.928
-1.46,0.13,0,59.3341,37.104
-1.47,0.13,0,59.4256,37.264
-1.48,0.13,0,58.15,37.44
-1.49,0.13,0,59.0411,37.6
-1.5,0.13,0,58.5284,37.776
-1.51,0.13,0,58.7542,37.936
-1.52,0.13,0,58.6749,38.064
-1.53,0.13,0,58.3148,38.304
-1.54,0.13,0,58.2781,38.448
-1.55,0.13,0,57.973,38.56
-1.56,0.13,0,57.6495,38.768
-1.57,0.13,0,58.2537,38.96
-1.58,0.13,0,57.7898,39.072
-1.59,0.13,0,57.8326,39.328
-1.6,0.13,0,57.8875,39.472
-1.61,0.13,0,57.9608,39.6
-1.62,0.13,0,57.6434,39.824
-1.63,0.13,0,58.6444,40.016
-1.64,0.13,0,58.1805,40.176
-1.65,0.13,0,57.7166,40.352
-1.66,0.13,0,57.6556,40.48
-1.67,0.13,0,56.74,40.688
-1.68,0.13,0,57.149,40.864
-1.69,0.13,0,56.6973,40.992
-1.7,0.13,0,57.326,41.2
-1.71,0.13,0,57.1062,41.36
-1.72,0.13,0,57.149,41.552
-1.73,0.13,0,57.2893,41.712
-1.74,0.13,0,57.1429,41.888
-1.75,0.13,0,56.4165,42
-1.76,0.13,0,56.5813,42.224
-1.77,0.13,0,54.8051,42.368
-1.78,0.13,0,56.9781,42.528
-1.79,0.13,0,55.1592,42.704
-1.8,0.13,0,56.148,42.848
-1.81,0.13,0,55.7573,43.072
-1.82,0.13,0,55.8,43.28
-1.83,0.13,0,56.0015,43.344
-1.84,0.13,0,55.9221,43.584
-1.85,0.13,0,55.6841,43.76
-1.86,0.13,0,54.8357,43.856
-1.87,0.13,0,56.2151,44.096
-1.88,0.13,0,53.9995,44.224
-1.89,0.13,0,55.562,44.464
-1.9,0.13,0,55.3667,44.624
-1.91,0.13,0,55.8794,44.736
-1.92,0.13,0,55.7512,44.896
-1.93,0.13,0,55.6658,45.12
-1.94,0.13,0,55.1531,45.296
-1.95,0.13,0,54.4816,45.488
-1.96,0.13,0,54.445,45.632
-1.97,0.13,0,55.208,45.76
-1.98,0.13,0,54.445,45.968
-1.99,0.13,0,54.6464,46.128
-2,0.13,0,54.9028,46.24
-2,0.14,0,52.6811,46.304
-1.99,0.14,0,52.4125,46.192
-1.98,0.14,0,52.0035,46.032
-1.97,0.14,0,52.1134,45.776
-1.96,0.14,0,52.1744,45.632
-1.95,0.14,0,51.8143,45.52
-1.94,0.14,0,52.3148,45.248
-1.93,0.14,0,52.7177,45.088
-1.92,0.14,0,52.5529,45.008
-1.91,0.14,0,52.7543,44.736
-1.9,0.14,0,52.3698,44.576
-1.89,0.14,0,52.9496,44.416
-1.88,0.14,0,53.5478,44.24
-1.87,0.14,0,52.8703,44.064
-1.86,0.14,0,52.4613,43.888
-1.85,0.14,0,52.2538,43.792
-1.84,0.14,0,53.4013,43.584
-1.83,0.14,0,53.4196,43.392
-1.82,0.14,0,52.8336,43.216
-1.81,0.14,0,53.8896,43.056
-1.8,0.14,0,53.6637,42.896
-1.79,0.14,0,52.9496,42.672
-1.78,0.14,0,52.2538,42.608
-1.77,0.14,0,52.9618,42.352
-1.76,0.14,0,54.2558,42.288
-1.75,0.14,0,54.8357,42
-1.74,0.14,0,53.1999,41.856
-1.73,0.14,0,53.8102,41.76
-1.72,0.14,0,54.1581,41.52
-1.71,0.14,0,54.6587,41.36
-1.7,0.14,0,54.2741,41.232
-1.69,0.14,0,53.9933,40.992
-1.68,0.14,0,53.4928,40.8
-1.67,0.14,0,54.7014,40.656
-1.66,0.14,0,54.5183,40.464
-1.65,0.14,0,54.1154,40.4
-1.64,0.14,0,55.0371,40.144
-1.63,0.14,0,54.3168,39.968
-1.62,0.14,0,54.1215,39.792
-1.61,0.14,0,54.4816,39.664
-1.6,0.14,0,54.7258,39.536
-1.59,0.14,0,54.6098,39.296
-1.58,0.14,0,54.5976,39.104
-1.57,0.14,0,55.4216,38.944
-1.56,0.14,0,54.6709,38.768
-1.55,0.14,0,55.5681,38.592
-1.54,0.14,0,55.2324,38.432
-1.53,0.14,0,54.0117,38.32
-1.52,0.14,0,54.152,38.16
-1.51,0.14,0,54.915,37.92
-1.5,0.14,0,54.6159,37.792
-1.49,0.14,0,55.4827,37.568
-1.48,0.14,0,54.8235,37.408
-1.47,0.14,0,54.445,37.232
-1.46,0.14,0,54.9577,37.056
-1.45,0.14,0,55.0798,36.944
-1.44,0.14,0,54.7075,36.72
-1.43,0.14,0,55.0981,36.544
-1.42,0.14,0,54.799,36.4
-1.41,0.14,0,54.5671,36.192
-1.4,0.14,0,55.2751,36.032
-1.39,0.14,0,55.1103,35.872
-1.38,0.14,0,54.5671,35.696
-1.37,0.14,0,54.5122,35.504
-1.36,0.14,0,56.3066,35.328
-1.35,0.14,0,55.501,35.168
-1.34,0.14,0,55.1347,35.008
-1.33,0.14,0,54.2192,34.832
-1.32,0.14,0,54.384,34.656
-1.31,0.14,0,56.5386,34.496
-1.3,0.14,0,54.7868,34.32
-1.29,0.14,0,54.6648,34.128
-1.28,0.14,0,55.0981,33.984
-1.27,0.14,0,55.2995,33.808
-1.26,0.14,0,54.8784,33.632
-1.25,0.14,0,55.1103,33.488
-1.24,0.14,0,55.2873,33.36
-1.23,0.14,0,54.0422,33.12
-1.22,0.14,0,53.7797,32.944
-1.21,0.14,0,54.4389,32.88
-1.2,0.14,0,53.6149,32.608
-1.19,0.14,0,53.914,32.448
-1.18,0.14,0,54.0727,32.368
-1.17,0.14,0,53.3769,32.08
-1.16,0.14,0,53.853,31.936
-1.15,0.14,0,53.3097,31.76
-1.14,0.14,0,54.091,31.616
-1.13,0.14,0,52.913,31.408
-1.12,0.14,0,52.8886,31.232
-1.11,0.14,0,53.444,31.072
-1.1,0.14,0,53.0595,30.896
-1.09,0.14,0,53.1327,30.784
-1.08,0.14,0,53.6454,30.56
-1.07,0.14,0,52.7543,30.384
-1.06,0.14,0,52.8764,30.224
-1.05,0.14,0,53.1388,30.064
-1.04,0.14,0,52.9252,29.904
-1.03,0.14,0,52.6933,29.792
-1.02,0.14,0,52.9313,29.568
-1.01,0.14,0,52.028,29.392
-1,0.14,0,52.1073,29.2
-0.99,0.14,0,53.0778,29.024
-0.98,0.14,0,51.9913,28.864
-0.97,0.14,0,52.2477,28.688
-0.96,0.14,0,52.7177,28.496
-0.95,0.14,0,51.7045,28.32
-0.94,0.14,0,51.68,28.224
-0.93,0.14,0,50.8988,28
-0.92,0.14,0,51.2162,27.84
-0.91,0.14,0,50.6851,27.76
-0.9,0.14,0,51.2101,27.472
-0.89,0.14,0,51.4237,27.344
-0.88,0.14,0,50.618,27.152
-0.87,0.14,0,50.2762,26.96
-0.86,0.14,0,50.4044,26.8
-0.85,0.14,0,51.2589,26.624
-0.84,0.14,0,50.7279,26.448
-0.83,0.14,0,50.7279,26.272
-0.82,0.14,0,49.8245,26.112
-0.81,0.14,0,50.4776,25.968
-0.8,0.14,0,49.8489,25.84
-0.79,0.14,0,48.8907,25.584
-0.78,0.14,0,49.1836,25.44
-0.77,0.14,0,49.6353,25.264
-0.76,0.14,0,49.1592,25.072
-0.75,0.14,0,49.3789,24.912
-0.74,0.14,0,50.3189,24.768
-0.73,0.14,0,48.1948,24.544
-0.72,0.14,0,48.6282,24.448
-0.71,0.14,0,49.6353,24.256
-0.7,0.14,0,47.6821,24.08
-0.69,0.14,0,46.7116,23.888
-0.68,0.14,0,48.3169,23.712
-0.67,0.14,0,48.2986,23.616
-0.66,0.14,0,47.9568,23.376
-0.65,0.14,0,47.4624,23.2
-0.64,0.14,0,47.7981,23.04
-0.63,0.14,0,47.5417,22.864
-0.62,0.14,0,46.9619,22.688
-0.61,0.14,0,45.5153,22.544
-0.6,0.14,0,46.8215,22.432
-0.59,0.14,0,46.9497,22.224
-0.58,0.14,0,47.5478,22.048
-0.57,0.14,0,46.7421,21.952
-0.56,0.14,0,46.8276,21.632
-0.55,0.14,0,46.3637,21.488
-0.54,0.14,0,46.205,21.328
-0.53,0.14,0,45.9914,21.136
-0.52,0.14,0,46.5468,20.992
-0.51,0.14,0,45.0392,20.8
-0.5,0.14,0,46.968,20.64
-0.49,0.14,0,45.1308,20.48
-0.48,0.14,0,46.1989,20.304
-0.47,0.14,0,46.5712,20.096
-0.46,0.14,0,44.612,19.936
-0.45,0.14,0,45.4115,19.776
-0.44,0.14,0,46.3515,19.616
-0.43,0.14,0,45.9181,19.44
-0.42,0.14,0,47.1877,19.296
-0.41,0.14,0,45.3688,19.088
-0.4,0.14,0,45.3932,18.928
-0.39,0.14,0,45.7106,18.768
-0.38,0.14,0,45.3261,18.56
-0.37,0.14,0,45.3017,18.448
-0.36,0.14,0,46.2477,18.352
-0.35,0.14,0,44.6425,18.08
-0.34,0.14,0,46.3332,17.888
-0.33,0.14,0,45.6557,17.728
-0.32,0.14,0,44.9721,17.552
-0.31,0.14,0,45.4237,17.36
-0.3,0.14,0,45.436,17.2
-0.29,0.14,0,45.0392,17.04
-0.28,0.14,0,45.5458,16.944
-0.27,0.14,0,44.557,16.72
-0.26,0.14,0,44.7768,16.528
-0.25,0.14,0,45.4909,16.336
-0.24,0.14,0,44.8439,16.208
-0.23,0.14,0,45.1735,16.016
-0.22,0.14,0,45.436,15.84
-0.21,0.14,0,45.9609,15.68
-0.2,0.14,0,44.203,15.488
-0.19,0.14,0,44.3251,15.312
-0.18,0.14,0,44.7829,15.136
-0.17,0.14,0,44.9965,15.008
-0.16,0.14,0,45.0514,14.8
-0.15,0.14,0,44.8073,14.656
-0.14,0.14,0,45.3932,14.48
-0.13,0.14,0,44.5997,14.352
-0.12,0.14,0,44.3068,14.112
-0.11,0.14,0,45.8144,13.968
-0.1,0.14,0,44.4411,13.792
-0.09,0.14,0,43.7696,13.68
-0.08,0.14,0,43.9283,13.44
-0.07,0.14,0,43.9955,13.264
-0.06,0.14,0,44.5509,13.216
-0.05,0.14,0,43.9711,12.928
-0.04,0.14,0,44.6547,12.768
-0.03,0.14,0,44.0748,12.672
-0.02,0.14,0,44.8988,12.4
-0.01,0.14,0,45.0758,12.272
0,0.14,0,45.2956,12.064
0.01,0.14,0,43.2508,11.904
0.02,0.14,0,43.672,11.728
0.03,0.14,0,45.6679,11.568
0.04,0.14,0,44.1542,11.408
0.05,0.14,0,44.3068,11.248
0.06,0.14,0,44.2763,11.072
0.07,0.14,0,43.7574,10.864
0.08,0.14,0,43.5865,10.704
0.09,0.14,0,44.0138,10.56
0.1,0.14,0,42.6832,10.368
0.11,0.14,0,42.4757,10.192
0.12,0.14,0,44.6547,10.016
0.13,0.14,0,43.3241,9.872
0.14,0.14,0,43.5865,9.664
0.15,0.14,0,42.7442,9.504
0.16,0.14,0,43.2936,9.344
0.17,0.14,0,42.024,9.152
0.18,0.14,0,42.5184,8.992
0.19,0.14,0,42.0606,8.832
0.2,0.14,0,43.1227,8.64
0.21,0.14,0,42.6038,8.48
0.22,0.14,0,42.0545,8.288
0.23,0.14,0,42.2864,8.128
0.24,0.14,0,42.262,7.968
0.25,0.14,0,42.5062,7.792
0.26,0.14,0,40.7788,7.616
0.27,0.14,0,41.2793,7.472
0.28,0.14,0,41.8775,7.28
0.29,0.14,0,41.2793,7.12
0.3,0.14,0,40.8704,6.928
0.31,0.14,0,41.084,6.784
0.32,0.14,0,41.6028,6.576
0.33,0.14,0,40.7117,6.56
0.34,0.14,0,40.7056,6.256
0.35,0.14,0,40.7361,6.064
0.36,0.14,0,39.8755,5.952
0.37,0.14,0,39.9182,5.728
0.38,0.14,0,40.1746,5.584
0.39,0.14,0,39.6863,5.392
0.4,0.14,0,39.729,5.248
0.41,0.14,0,40.1868,5.104
0.42,0.14,0,39.3017,4.88
0.43,0.14,0,39.2529,4.72
0.44,0.14,0,38.6853,4.544
0.45,0.14,0,38.1542,4.384
0.46,0.14,0,38.0627,4.224
0.47,0.14,0,37.2021,4.048
0.48,0.14,0,36.5123,3.888
0.49,0.14,0,36.964,3.808
0.5,0.14,0,36.2865,3.536
0.51,0.14,0,36.7199,3.328
0.52,0.14,0,35.902,3.184
0.53,0.14,0,37.3974,3.024
0.54,0.14,0,34.5653,2.816
0.55,0.14,0,34.6202,2.688
0.56,0.14,0,34.7484,2.496
0.57,0.14,0,33.5276,2.32
0.58,0.14,0,32.6304,2.208
0.59,0.14,0,30.2255,1.984
0.6,0.14,0,29.1574,1.888
0.61,0.14,0,27.485,1.632
0.62,0.14,0,25.3059,1.472
0.63,0.14,0,22.3212,1.344
0.64,0.14,0,18.3599,1.168
0.64,0.15,0,8.81985,1.6
0.63,0.15,0,11.1576,1.408
0.62,0.15,0,14.4658,1.632
0.61,0.15,0,16.8401,1.776
0.6,0.15,0,19.3182,1.888
0.59,0.15,0,22.0222,2.144
0.58,0.15,0,23.5603,2.288
0.57,0.15,0,24.4636,2.448
0.56,0.15,0,25.8614,2.64
0.55,0.15,0,25.9957,2.784
0.54,0.15,0,27.5155,2.992
0.53,0.15,0,26.9173,3.056
0.52,0.15,0,28.3151,3.312
0.51,0.15,0,29.1696,3.504
0.5,0.15,0,30.5002,3.616
0.49,0.15,0,29.6518,3.824
0.48,0.15,0,30.4392,4
0.47,0.15,0,29.9265,4.08
0.46,0.15,0,31.0068,4.336
0.45,0.15,0,31.3486,4.48
0.44,0.15,0,32.7769,4.592
0.43,0.15,0,31.3181,4.816
0.42,0.15,0,32.7158,5.008
0.41,0.15,0,32.6731,5.168
0.4,0.15,0,33.1919,5.312
0.39,0.15,0,33.5215,5.504
0.38,0.15,0,33.7474,5.696
0.37,0.15,0,34.0587,5.856
0.36,0.15,0,34.1197,6.032
0.35,0.15,0,34.608,6.16
0.34,0.15,0,33.8023,6.352
0.33,0.15,0,35.0963,6.56
0.32,0.15,0,35.1451,6.72
0.31,0.15,0,34.6446,6.88
0.3,0.15,0,35.7067,7.04
0.29,0.15,0,35.6212,7.232
0.28,0.15,0,36.1827,7.392
0.27,0.15,0,36.2377,7.552
0.26,0.15,0,35.139,7.728
0.25,0.15,0,35.078,7.904
0.24,0.15,0,36.6405,8.032
0.23,0.15,0,36.8603,8.24
0.22,0.15,0,36.3231,8.416
0.21,0.15,0,38.1848,8.528
0.2,0.15,0,36.671,8.768
0.19,0.15,0,37.6293,8.928
0.18,0.15,0,37.434,9.088
0.17,0.15,0,37.3608,9.296
0.16,0.15,0,36.7016,9.456
0.15,0.15,0,37.1471,9.616
0.14,0.15,0,37.4035,9.776
0.13,0.15,0,37.257,9.968
0.12,0.15,0,38.4411,10.112
0.11,0.15,0,37.7148,10.304
0.1,0.15,0,38.5693,10.464
0.09,0.15,0,37.7941,10.624
0.08,0.15,0,38.9782,10.8
0.07,0.15,0,38.1359,10.976
0.06,0.15,0,38.1176,11.152
0.05,0.15,0,38.0139,11.312
0.04,0.15,0,39.5215,11.488
0.03,0.15,0,39.143,11.664
0.02,0.15,0,40.022,11.84
0.01,0.15,0,39.6435,11.984
0,0.15,0,38.9538,12.176
-0.01,0.15,0,39.9915,12.352
-0.02,0.15,0,39.2285,12.528
-0.03,0.15,0,40.2417,12.688
-0.04,0.15,0,39.9731,12.832
-0.05,0.15,0,40.3211,13.024
-0.06,0.15,0,40.3272,13.136
-0.07,0.15,0,39.9182,13.36
-0.08,0.15,0,40.6018,13.504
-0.09,0.15,0,40.6812,13.712
-0.1,0.15,0,39.729,13.856
-0.11,0.15,0,40.9314,14.048
-0.12,0.15,0,41.2488,14.208
-0.13,0.15,0,40.2417,14.384
-0.14,0.15,0,40.1135,14.48
-0.15,0.15,0,40.5286,14.704
-0.16,0.15,0,41.7493,14.88
-0.17,0.15,0,40.1868,15.072
-0.18,0.15,0,39.9792,15.232
-0.19,0.15,0,40.9619,15.424
-0.2,0.15,0,40.4675,15.536
-0.21,0.15,0,40.7239,15.744
-0.22,0.15,0,41.3648,15.92
-0.23,0.15,0,40.9253,16.032
-0.24,0.15,0,40.4675,16.272
-0.25,0.15,0,41.7371,16.432
-0.26,0.15,0,40.8643,16.592
-0.27,0.15,0,42.1461,16.752
-0.28,0.15,0,41.3526,16.912
-0.29,0.15,0,40.9192,17.104
-0.3,0.15,0,40.6934,17.264
-0.31,0.15,0,40.791,17.456
-0.32,0.15,0,41.4563,17.616
-0.33,0.15,0,40.9131,17.728
-0.34,0.15,0,41.792,17.936
-0.35,0.15,0,41.5235,18.128
-0.36,0.15,0,42.6038,18.32
-0.37,0.15,0,40.9436,18.464
-0.38,0.15,0,41.9324,18.656
-0.39,0.15,0,41.7554,18.848
-0.4,0.15,0,41.0657,18.976
-0.41,0.15,0,42.1216,19.104
-0.42,0.15,0,43.5499,19.312
-0.43,0.15,0,42.3536,19.52
-0.44,0.15,0,42.2071,19.664
-0.45,0.15,0,42.0057,19.856
-0.46,0.15,0,41.554,20.016
-0.47,0.15,0,41.1328,20.208
-0.48,0.15,0,42.4818,20.32
-0.49,0.15,0,41.6395,20.544
-0.5,0.15,0,41.5723,20.688
-0.51,0.15,0,42.8297,20.848
-0.52,0.15,0,42.2559,21.04
-0.53,0.15,0,43.0067,21.216
-0.54,0.15,0,42.1644,21.376
-0.55,0.15,0,42.0545,21.472
-0.56,0.15,0,41.8836,21.744
-0.57,0.15,0,42.3231,21.888
-0.58,0.15,0,42.1766,22.08
-0.59,0.15,0,42.2559,22.24
-0.6,0.15,0,42.0972,22.368
-0.61,0.15,0,42.9518,22.592
-0.62,0.15,0,42.7015,22.768
-0.63,0.15,0,43.1837,22.928
-0.64,0.15,0,42.6466,23.12
-0.65,0.15,0,42.7259,23.264
-0.66,0.15,0,43.379,23.44
-0.67,0.15,0,43.6598,23.584
-0.68,0.15,0,43.7635,23.776
-0.69,0.15,0,43.1349,23.952
-0.7,0.15,0,45.0697,24.128
-0.71,0.15,0,45.2712,24.224
-0.72,0.15,0,43.9467,24.48
-0.73,0.15,0,44.5143,24.624
-0.74,0.15,0,43.6537,24.8
-0.75,0.15,0,44.1908,24.96
-0.76,0.15,0,44.85,25.152
-0.77,0.15,0,45.1674,25.296
-0.78,0.15,0,44.7829,25.488
-0.79,0.15,0,45.5214,25.68
-0.8,0.15,0,44.5631,25.824
-0.81,0.15,0,45.0697,26.032
-0.82,0.15,0,45.1308,26.176
-0.83,0.15,0,46.1989,26.352
-0.84,0.15,0,46.0097,26.528
-0.85,0.15,0,46.7483,26.704
-0.86,0.15,0,46.382,26.864
-0.87,0.15,0,46.0829,26.992
-0.88,0.15,0,46.3393,27.2
-0.89,0.15,0,46.5712,27.376
-0.9,0.15,0,46.1196,27.552
-0.91,0.15,0,46.8398,27.728
-0.92,0.15,0,46.6201,27.888
-0.93,0.15,0,47.2549,28.08
-0.94,0.15,0,47.0717,28.24
-0.95,0.15,0,47.5417,28.384
-0.96,0.15,0,46.6506,28.576
-0.97,0.15,0,46.9436,28.752
-0.98,0.15,0,48.0667,28.928
-0.99,0.15,0,48.2253,29.008
-1,0.15,0,48.5977,29.232
-1.01,0.15,0,48.5733,29.44
-1.02,0.15,0,48.439,29.584
-1.03,0.15,0,48.677,29.744
-1.04,0.15,0,48.0544,29.952
-1.05,0.15,0,48.7259,30.112
-1.06,0.15,0,48.8479,30.304
-1.07,0.15,0,49.3728,30.448
-1.08,0.15,0,48.6465,30.608
-1.09,0.15,0,49.4156,30.8
-1.1,0.15,0,49.147,30.96
-1.11,0.15,0,49.3179,31.12
-1.12,0.15,0,50.0443,31.312
-1.13,0.15,0,49.2508,31.472
-1.14,0.15,0,49.086,31.648
-1.15,0.15,0,50.0198,31.808
-1.16,0.15,0,49.4644,31.968
-1.17,0.15,0,49.5987,32.144
-1.18,0.15,0,51.0514,32.304
-1.19,0.15,0,50.0687,32.48
-1.2,0.15,0,49.7574,32.656
-1.21,0.15,0,49.733,32.848
-1.22,0.15,0,50.2091,33.008
-1.23,0.15,0,50.6607,33.184
-1.24,0.15,0,50.8011,33.328
-1.25,0.15,0,50.8255,33.52
-1.26,0.15,0,50.3861,33.696
-1.27,0.15,0,50.6729,33.872
-1.28,0.15,0,51.4115,33.984
-1.29,0.15,0,51.2711,34.192
-1.3,0.15,0,50.5264,34.384
-1.31,0.15,0,50.557,34.576
-1.32,0.15,0,51.6007,34.72
-1.33,0.15,0,51.3138,34.896
-1.34,0.15,0,51.2711,35.072
-1.35,0.15,0,50.8744,35.248
-1.36,0.15,0,50.5142,35.424
-1.37,0.15,0,50.8988,35.552
-1.38,0.15,0,51.7045,35.728
-1.39,0.15,0,51.3077,35.904
-1.4,0.15,0,51.326,36.016
-1.41,0.15,0,51.9669,36.24
-1.42,0.15,0,51.9181,36.448
-1.43,0.15,0,51.0392,36.576
-1.44,0.15,0,51.3871,36.768
-1.45,0.15,0,51.5946,36.944
-1.46,0.15,0,52.0585,37.104
-1.47,0.15,0,51.6861,37.248
-1.48,0.15,0,52.6688,37.44
-1.49,0.15,0,50.9232,37.616
-1.5,0.15,0,51.4054,37.792
-1.51,0.15,0,52.1134,37.968
-1.52,0.15,0,51.8571,38.176
-1.53,0.15,0,52.1195,38.304
-1.54,0.15,0,52.3209,38.48
-1.55,0.15,0,51.0514,38.624
-1.56,0.15,0,51.0941,38.8
-1.57,0.15,0,51.9425,38.992
-1.58,0.15,0,51.6129,39.152
-1.59,0.15,0,51.9181,39.328
-1.6,0.15,0,51.4847,39.504
-1.61,0.15,0,52.4247,39.664
-1.62,0.15,0,51.0392,39.84
-1.63,0.15,0,51.7167,39.952
-1.64,0.15,0,51.5336,40.192
-1.65,0.15,0,51.381,40.352
-1.66,0.15,0,51.9547,40.512
-1.67,0.15,0,51.4847,40.704
-1.68,0.15,0,51.2589,40.864
-1.69,0.15,0,50.6424,41.04
-1.7,0.15,0,51.1124,41.184
-1.71,0.15,0,52.1134,41.328
-1.72,0.15,0,51.2467,41.552
-1.73,0.15,0,50.9781,41.744
-1.74,0.15,0,51.7167,41.84
-1.75,0.15,0,50.7767,42.08
-1.76,0.15,0,50.9293,42.224
-1.77,0.15,0,51.4786,42.4
-1.78,0.15,0,51.5275,42.56
-1.79,0.15,0,51.9547,42.704
-1.8,0.15,0,49.8428,42.928
-1.81,0.15,0,50.4349,43.072
-1.82,0.15,0,51.2711,43.216
-1.83,0.15,0,50.9049,43.44
-1.84,0.15,0,50.911,43.568
-1.85,0.15,0,52.1134,43.712
-1.86,0.15,0,50.6302,43.92
-1.87,0.15,0,50.6729,44.096
-1.88,0.15,0,50.7035,44.272
-1.89,0.15,0,50.8133,44.464
-1.9,0.15,0,51.3688,44.592
-1.91,0.15,0,50.9476,44.8
-1.92,0.15,0,50.7401,44.944
-1.93,0.15,0,51.3565,45.088
-1.94,0.15,0,50.7584,45.232
-1.95,0.15,0,50.1236,45.488
-1.96,0.15,0,49.7269,45.632
-1.97,0.15,0,50.2335,45.808
-1.98,0.15,0,50.9476,45.984
-1.99,0.15,0,50.441,46.144
-2,0.15,0,50.5325,46.336
-2,0.16,0,48.2376,46.304
-1.99,0.16,0,45.912,46.192
-1.98,0.16,0,47.615,45.968
-1.97,0.16,0,47.4197,45.76
-1.96,0.16,0,47.3281,45.616
-1.95,0.16,0,47.1633,45.44
-1.94,0.16,0,47.2243,45.28
-1.93,0.16,0,47.5845,45.12
-1.92,0.16,0,46.8764,44.928
-1.91,0.16,0,46.9558,44.768
-1.9,0.16,0,47.8347,44.64
-1.89,0.16,0,47.6577,44.432
-1.88,0.16,0,47.853,44.256
-1.87,0.16,0,47.7737,44.096
-1.86,0.16,0,47.8469,44
-1.85,0.16,0,48.3596,43.744
-1.84,0.16,0,48.2864,43.6
-1.83,0.16,0,47.4563,43.392
-1.82,0.16,0,47.3037,43.248
-1.81,0.16,0,47.1145,43.136
-1.8,0.16,0,47.7493,42.88
-1.79,0.16,0,47.6943,42.72
-1.78,0.16,0,47.1206,42.576
-1.77,0.16,0,48.5733,42.384
-1.76,0.16,0,48.2437,42.192
-1.75,0.16,0,48.3901,42.064
-1.74,0.16,0,48.6831,41.856
-1.73,0.16,0,48.5488,41.696
-1.72,0.16,0,47.7859,41.536
-1.71,0.16,0,48.8418,41.344
-1.7,0.16,0,47.9446,41.184
-1.69,0.16,0,48.2498,41.04
-1.68,0.16,0,47.9385,40.848
-1.67,0.16,0,47.7432,40.672
-1.66,0.16,0,47.8957,40.576
-1.65,0.16,0,48.0422,40.32
-1.64,0.16,0,48.3108,40.16
-1.63,0.16,0,48.0361,40.048
-1.62,0.16,0,48.3963,39.792
-1.61,0.16,0,47.3403,39.648
-1.6,0.16,0,47.4685,39.552
-1.59,0.16,0,47.5906,39.328
-1.58,0.16,0,47.1206,39.12
-1.57,0.16,0,47.4075,38.96
-1.56,0.16,0,47.9385,38.784
-1.55,0.16,0,47.0962,38.624
-1.54,0.16,0,47.4197,38.432
-1.53,0.16,0,47.4807,38.272
-1.52,0.16,0,46.2539,38.128
-1.51,0.16,0,47.4868,37.92
-1.5,0.16,0,47.1328,37.808
-1.49,0.16,0,47.9507,37.584
-1.48,0.16,0,47.261,37.392
-1.47,0.16,0,48.0361,37.264
-1.46,0.16,0,47.3403,37.072
-1.45,0.16,0,47.084,36.976
-1.44,0.16,0,48.2009,36.752
-1.43,0.16,0,47.9324,36.592
-1.42,0.16,0,47.1328,36.464
-1.41,0.16,0,47.383,36.224
-1.4,0.16,0,47.1816,36.048
-1.39,0.16,0,47.1206,35.968
-1.38,0.16,0,47.0473,35.712
-1.37,0.16,0,46.3393,35.536
-1.36,0.16,0,46.2477,35.36
-1.35,0.16,0,46.1257,35.2
-1.34,0.16,0,46.2111,35.088
-1.33,0.16,0,46.7116,34.896
-1.32,0.16,0,46.0402,34.688
-1.31,0.16,0,46.0036,34.528
-1.3,0.16,0,45.8266,34.448
-1.29,0.16,0,46.0524,34.16
-1.28,0.16,0,46.4064,34
-1.27,0.16,0,46.1684,33.92
-1.26,0.16,0,46.144,33.712
-1.25,0.16,0,45.6313,33.472
-1.24,0.16,0,45.7106,33.328
-1.23,0.16,0,44.557,33.152
-1.22,0.16,0,46.1074,32.992
-1.21,0.16,0,44.9904,32.8
-1.2,0.16,0,45.7228,32.624
-1.19,0.16,0,44.9049,32.48
-1.18,0.16,0,45.5153,32.272
-1.17,0.16,0,44.8134,32.224
-1.16,0.16,0,45.7778,31.952
-1.15,0.16,0,43.6659,31.792
-1.14,0.16,0,43.4706,31.584
-1.13,0.16,0,45.4054,31.44
-1.12,0.16,0,44.9049,31.376
-1.11,0.16,0,43.8734,31.104
-1.1,0.16,0,43.8612,30.896
-1.09,0.16,0,44.1298,30.768
-1.08,0.16,0,43.2875,30.56
-1.07,0.16,0,43.8429,30.4
-1.06,0.16,0,43.3119,30.24
-1.05,0.16,0,43.7941,30.176
-1.04,0.16,0,44.2213,29.888
-1.03,0.16,0,43.1349,29.728
-1.02,0.16,0,43.965,29.552
-1.01,0.16,0,43.2447,29.392
-1,0.16,0,42.9518,29.2
-0.99,0.16,0,42.9823,29.072
-0.98,0.16,0,43.672,28.864
-0.97,0.16,0,43.0311,28.704
-0.96,0.16,0,42.2315,28.656
-0.95,0.16,0,41.5357,28.336
-0.94,0.16,0,41.6395,28.192
-0.93,0.16,0,42.9884,28
-0.92,0.16,0,41.7432,27.84
-0.91,0.16,0,42.1888,27.744
-0.9,0.16,0,40.3638,27.504
-0.89,0.16,0,41.2305,27.312
-0.88,0.16,0,40.5225,27.184
-0.87,0.16,0,41.0169,27.008
-0.86,0.16,0,41.1817,26.816
-0.85,0.16,0,40.7727,26.624
-0.84,0.16,0,40.4553,26.512
-0.83,0.16,0,40.144,26.304
-0.82,0.16,0,40.1685,26.128
-0.81,0.16,0,40.2173,25.984
-0.8,0.16,0,40.6934,25.84
-0.79,0.16,0,40.8094,25.648
-0.78,0.16,0,39.7412,25.456
-0.77,0.16,0,39.6924,25.296
-0.76,0.16,0,39.7229,25.104
-0.75,0.16,0,38.9416,25.008
-0.74,0.16,0,39.0271,24.768
-0.73,0.16,0,39.6985,24.592
-0.72,0.16,0,38.1726,24.464
-0.71,0.16,0,39.3506,24.256
-0.7,0.16,0,38.6914,24.192
-0.69,0.16,0,38.7951,23.968
-0.68,0.16,0,38.4228,23.728
-0.67,0.16,0,40.4248,23.584
-0.66,0.16,0,39.0149,23.376
-0.65,0.16,0,38.6608,23.232
-0.64,0.16,0,38.6303,23.152
-0.63,0.16,0,38.0993,22.928
-0.62,0.16,0,37.5072,22.688
-0.61,0.16,0,38.258,22.56
-0.6,0.16,0,37.9345,22.496
-0.59,0.16,0,38.905,22.192
-0.58,0.16,0,38.7097,22
-0.57,0.16,0,38.0993,21.952
-0.56,0.16,0,37.7026,21.696
-0.55,0.16,0,37.7148,21.52
-0.54,0.16,0,38.0749,21.424
-0.53,0.16,0,37.434,21.184
-0.52,0.16,0,38.0016,20.976
-0.51,0.16,0,37.9467,20.848
-0.5,0.16,0,37.8307,20.656
-0.49,0.16,0,37.9894,20.496
-0.48,0.16,0,37.1715,20.32
-0.47,0.16,0,37.965,20.144
-0.46,0.16,0,37.8979,19.952
-0.45,0.16,0,36.8419,19.792
-0.44,0.16,0,38.3251,19.632
-0.43,0.16,0,37.611,19.44
-0.42,0.16,0,37.8735,19.28
-0.41,0.16,0,36.3109,19.152
-0.4,0.16,0,36.7199,18.928
-0.39,0.16,0,36.8603,18.752
-0.38,0.16,0,37.3669,18.592
-0.37,0.16,0,37.4218,18.432
-0.36,0.16,0,37.6843,18.272
-0.35,0.16,0,36.3964,18.112
-0.34,0.16,0,37.1654,17.92
-0.33,0.16,0,37.9162,17.84
-0.32,0.16,0,37.9406,17.584
-0.31,0.16,0,37.2265,17.456
-0.3,0.16,0,36.0546,17.248
-0.29,0.16,0,36.671,17.072
-0.28,0.16,0,35.9691,17.008
-0.27,0.16,0,36.0668,16.736
-0.26,0.16,0,36.1461,16.56
-0.25,0.16,0,36.8664,16.464
-0.24,0.16,0,35.6456,16.224
-0.23,0.16,0,35.9813,16.096
-0.22,0.16,0,35.7799,15.856
-0.21,0.16,0,36.0363,15.712
-0.2,0.16,0,37.0434,15.536
-0.19,0.16,0,35.9386,15.376
-0.18,0.16,0,36.317,15.232
-0.17,0.16,0,36.1156,15.008
-0.16,0.16,0,35.6883,14.848
-0.15,0.16,0,35.9203,14.784
-0.14,0.16,0,35.5358,14.496
-0.13,0.16,0,34.7362,14.352
-0.12,0.16,0,34.6629,14.224
-0.11,0.16,0,36.0363,14.064
-0.1,0.16,0,35.548,13.792
-0.09,0.16,0,35.0658,13.664
-0.08,0.16,0,35.6639,13.472
-0.07,0.16,0,35.3221,13.328
-0.06,0.16,0,34.7362,13.184
-0.05,0.16,0,33.9244,13.024
-0.04,0.16,0,34.9803,12.816
-0.03,0.16,0,34.8338,12.64
-0.02,0.16,0,34.6995,12.512
-0.01,0.16,0,34.0648,12.272
0,0.16,0,33.491,12.096
0.01,0.16,0,34.2296,12.032
0.02,0.16,0,33.5154,11.776
0.03,0.16,0,33.1187,11.6
0.04,0.16,0,33.7657,11.408
0.05,0.16,0,32.9356,11.264
0.06,0.16,0,33.3323,11.088
0.07,0.16,0,33.0088,10.896
0.08,0.16,0,33.0088,10.832
0.09,0.16,0,32.7342,10.56
0.1,0.16,0,32.9356,10.4
0.11,0.16,0,32.2947,10.352
0.12,0.16,0,32.6975,10.048
0.13,0.16,0,32.783,9.92
0.14,0.16,0,32.5205,9.744
0.15,0.16,0,32.2031,9.552
0.16,0.16,0,31.2021,9.376
0.17,0.16,0,31.1899,9.2
0.18,0.16,0,31.8491,9.024
0.19,0.16,0,31.1228,8.848
0.2,0.16,0,31.1838,8.672
0.21,0.16,0,31.5806,8.64
0.22,0.16,0,29.5541,8.304
0.23,0.16,0,31.373,8.16
0.24,0.16,0,30.2683,8
0.25,0.16,0,29.1879,7.824
0.26,0.16,0,30.3232,7.76
0.27,0.16,0,30.1279,7.52
0.28,0.16,0,29.4687,7.28
0.29,0.16,0,29.9631,7.248
0.3,0.16,0,30.2805,6.976
0.31,0.16,0,29.2306,6.816
0.32,0.16,0,29.725,6.64
0.33,0.16,0,28.4005,6.48
0.34,0.16,0,29.2611,6.288
0.35,0.16,0,27.0699,6.128
0.36,0.16,0,27.8695,6
0.37,0.16,0,27.5033,5.792
0.38,0.16,0,27.3812,5.6
0.39,0.16,0,25.9957,5.472
0.4,0.16,0,27.076,5.264
0.41,0.16,0,25.8309,5.152
0.42,0.16,0,26.4046,5.072
0.43,0.16,0,24.7932,4.752
0.44,0.16,0,25.4341,4.608
0.45,0.16,0,24.1829,4.432
0.46,0.16,0,23.9814,4.256
0.47,0.16,0,24.5369,4.208
0.48,0.16,0,23.249,3.984
0.49,0.16,0,23.2612,3.744
0.5,0.16,0,22.2541,3.584
0.51,0.16,0,22.2358,3.424
0.52,0.16,0,21.1615,3.28
0.53,0.16,0,20.5634,3.2
0.54,0.16,0,18.9337,2.912
0.55,0.16,0,17.835,2.736
0.56,0.16,0,16.657,2.656
0.57,0.16,0,16.4983,2.512
0.58,0.16,0,13.1413,2.24
0.59,0.16,0,12.6102,2.096
0.6,0.16,0,9.2349,1.952
0.61,0.16,0,7.83105,3.504
0.62,0.16,0,6.99484,3.088
0.63,0.16,0,8.77102,1.728
0.64,0.16,0,11.0843,1.696
0.64,0.17,0,9.77203,1.824
0.63,0.17,0,9.02127,1.824
0.62,0.17,0,7.08029,2.032
0.61,0.17,0,5.91449,2.16
0.6,0.17,0,5.83514,1.856
0.59,0.17,0,7.7456,2.048
0.58,0.17,0,9.28373,2.432
0.57,0.17,0,10.9561,2.576
0.56,0.17,0,12.5797,2.72
0.55,0.17,0,13.6662,2.928
0.54,0.17,0,14.7282,3.056
0.53,0.17,0,15.2287,3.232
0.52,0.17,0,16.0344,3.392
0.51,0.17,0,17.9937,3.568
0.5,0.17,0,17.2674,3.744
0.49,0.17,0,18.9581,3.92
0.48,0.17,0,19.0802,4.048
0.47,0.17,0,20.2094,4.24
0.46,0.17,0,19.953,4.336
0.45,0.17,0,20.8625,4.544
0.44,0.17,0,21.2287,4.736
0.43,0.17,0,21.1859,4.896
0.42,0.17,0,21.1798,5.072
0.41,0.17,0,21.9428,5.168
0.4,0.17,0,22.4616,5.408
0.39,0.17,0,23.1269,5.584
0.38,0.17,0,23.9265,5.68
0.37,0.17,0,24.2683,5.92
0.36,0.17,0,23.9937,6.096
0.35,0.17,0,22.6997,6.24
0.34,0.17,0,24.6406,6.4
0.33,0.17,0,23.7739,6.592
0.32,0.17,0,25.1717,6.736
0.31,0.17,0,25.483,6.912
0.3,0.17,0,25.6417,7.088
0.29,0.17,0,26.252,7.28
0.28,0.17,0,25.7027,7.44
0.27,0.17,0,25.837,7.52
0.26,0.17,0,26.0079,7.776
0.25,0.17,0,27.1249,7.968
0.24,0.17,0,26.6793,8.016
0.23,0.17,0,27.1676,8.288
0.22,0.17,0,26.0567,8.448
0.21,0.17,0,26.9539,8.608
0.2,0.17,0,27.7841,8.8
0.19,0.17,0,27.3141,8.912
0.18,0.17,0,28.5043,9.136
0.17,0.17,0,27.8085,9.296
0.16,0.17,0,28.37,9.472
0.15,0.17,0,28.193,9.632
0.14,0.17,0,28.3395,9.728
0.13,0.17,0,28.5409,9.952
0.12,0.17,0,28.3029,10.064
0.11,0.17,0,29.3649,10.32
0.1,0.17,0,29.371,10.464
0.09,0.17,0,29.4321,10.688
0.08,0.17,0,29.0231,10.864
0.07,0.17,0,30.3354,11.008
0.06,0.17,0,29.5175,11.2
0.05,0.17,0,29.8837,11.376
0.04,0.17,0,29.6213,11.52
0.03,0.17,0,30.079,11.648
0.02,0.17,0,30.0607,11.792
0.01,0.17,0,30.4025,11.952
0,0.17,0,30.5857,12.144
-0.01,0.17,0,30.1523,12.32
-0.02,0.17,0,31.0862,12.544
-0.03,0.17,0,30.8969,12.688
-0.04,0.17,0,30.3903,12.816
-0.05,0.17,0,31.0434,13.056
-0.06,0.17,0,31.3425,13.232
-0.07,0.17,0,31.6477,13.392
-0.08,0.17,0,30.5918,13.568
-0.09,0.17,0,31.1411,13.744
-0.1,0.17,0,32.2703,13.904
-0.11,0.17,0,32.2459,14.048
-0.12,0.17,0,31.5806,14.24
-0.13,0.17,0,32.1116,14.416
-0.14,0.17,0,32.3862,14.528
-0.15,0.17,0,31.373,14.768
-0.16,0.17,0,32.0811,14.928
-0.17,0.17,0,32.7342,15.088
-0.18,0.17,0,31.7515,15.28
-0.19,0.17,0,32.7342,15.424
-0.2,0.17,0,32.9661,15.6
-0.21,0.17,0,32.7891,15.744
-0.22,0.17,0,32.8074,15.952
-0.23,0.17,0,33.7535,16.112
-0.24,0.17,0,33.1553,16.288
-0.25,0.17,0,33.8389,16.4
-0.26,0.17,0,34.5347,16.624
-0.27,0.17,0,33.0149,16.816
-0.28,0.17,0,34.7301,16.912
-0.29,0.17,0,33.7596,17.136
-0.3,0.17,0,34.669,17.328
-0.31,0.17,0,33.5032,17.472
-0.32,0.17,0,33.1736,17.664
-0.33,0.17,0,33.7718,17.76
-0.34,0.17,0,34.0709,18
-0.35,0.17,0,34.7667,18.144
-0.36,0.17,0,35.0536,18.304
-0.37,0.17,0,34.4859,18.496
-0.38,0.17,0,34.4371,18.688
-0.39,0.17,0,34.3699,18.848
-0.4,0.17,0,34.2051,19.024
-0.41,0.17,0,33.9061,19.184
-0.42,0.17,0,33.7779,19.36
-0.43,0.17,0,34.9315,19.52
-0.44,0.17,0,33.552,19.712
-0.45,0.17,0,34.5775,19.84
-0.46,0.17,0,33.7107,20
-0.47,0.17,0,34.1868,20.224
-0.48,0.17,0,34.8277,20.384
-0.49,0.17,0,33.6375,20.48
-0.5,0.17,0,35.3526,20.72
-0.51,0.17,0,34.0281,20.88
-0.52,0.17,0,35.1878,20.992
-0.53,0.17,0,34.4249,21.232
-0.54,0.17,0,35.2306,21.424
-0.55,0.17,0,34.7728,21.52
-0.56,0.17,0,35.4198,21.76
-0.57,0.17,0,34.6568,21.872
-0.58,0.17,0,35.0719,22.016
-0.59,0.17,0,37.1838,22.208
-0.6,0.17,0,34.2357,22.352
-0.61,0.17,0,34.8216,22.56
-0.62,0.17,0,34.6812,22.768
-0.63,0.17,0,34.4554,22.928
-0.64,0.17,0,35.9996,23.072
-0.65,0.17,0,35.3587,23.296
-0.66,0.17,0,35.8226,23.456
-0.67,0.17,0,35.8898,23.552
-0.68,0.17,0,35.4991,23.824
-0.69,0.17,0,35.3526,23.968
-0.7,0.17,0,35.2367,24.144
-0.71,0.17,0,35.7738,24.336
-0.72,0.17,0,35.4869,24.416
-0.73,0.17,0,37.0678,24.672
-0.74,0.17,0,37.2509,24.832
-0.75,0.17,0,36.3659,24.928
-0.76,0.17,0,36.1095,25.152
-0.77,0.17,0,36.1644,25.344
-0.78,0.17,0,35.4747,25.504
-0.79,0.17,0,36.8236,25.696
-0.8,0.17,0,36.2682,25.872
-0.81,0.17,0,36.433,26.048
-0.82,0.17,0,36.5978,26.176
-0.83,0.17,0,36.4452,26.368
-0.84,0.17,0,37.196,26.56
-0.85,0.17,0,37.4767,26.72
-0.86,0.17,0,37.019,26.88
-0.87,0.17,0,36.9396,27.056
-0.88,0.17,0,37.7148,27.152
-0.89,0.17,0,36.7504,27.328
-0.9,0.17,0,37.3424,27.552
-0.91,0.17,0,37.9101,27.728
-0.92,0.17,0,38.2763,27.84
-0.93,0.17,0,37.7636,28.08
-0.94,0.17,0,37.9894,28.256
-0.95,0.17,0,38.0444,28.416
-0.96,0.17,0,37.7087,28.576
-0.97,0.17,0,38.5754,28.688
-0.98,0.17,0,39.2529,28.912
-0.99,0.17,0,37.8979,29.104
-1,0.17,0,38.4716,29.264
-1.01,0.17,0,38.5937,29.456
-1.02,0.17,0,39.7107,29.552
-1.03,0.17,0,39.9609,29.824
-1.04,0.17,0,39.5215,29.952
-1.05,0.17,0,40.4859,30.144
-1.06,0.17,0,40.1807,30.288
-1.07,0.17,0,39.9121,30.496
-1.08,0.17,0,40.2417,30.624
-1.09,0.17,0,40.0769,30.816
-1.1,0.17,0,39.7473,30.976
-1.11,0.17,0,41.7859,31.168
-1.12,0.17,0,39.6435,31.328
-1.13,0.17,0,41.0962,31.504
-1.14,0.17,0,42.1766,31.664
-1.15,0.17,0,40.0708,31.792
-1.16,0.17,0,40.5896,32.016
-1.17,0.17,0,41.6883,32.176
-1.18,0.17,0,41.0718,32.336
-1.19,0.17,0,42.1216,32.512
-1.2,0.17,0,41.731,32.704
-1.21,0.17,0,42.3658,32.848
-1.22,0.17,0,41.9752,33.04
-1.23,0.17,0,42.8846,33.216
-1.24,0.17,0,42.2498,33.344
-1.25,0.17,0,43.2752,33.536
-1.26,0.17,0,41.4991,33.696
-1.27,0.17,0,43.7513,33.904
-1.28,0.17,0,42.4451,34.096
-1.29,0.17,0,41.8165,34.224
-1.3,0.17,0,42.9456,34.4
-1.31,0.17,0,43.8124,34.528
-1.32,0.17,0,42.5245,34.72
-1.33,0.17,0,42.9273,34.848
-1.34,0.17,0,42.4207,35.104
-1.35,0.17,0,43.3241,35.232
-1.36,0.17,0,43.91,35.424
-1.37,0.17,0,42.9884,35.6
-1.38,0.17,0,43.5072,35.728
-1.39,0.17,0,43.2936,35.936
-1.4,0.17,0,43.5011,36.112
-1.41,0.17,0,42.9945,36.288
-1.42,0.17,0,44.3617,36.464
-1.43,0.17,0,43.6293,36.608
-1.44,0.17,0,44.1542,36.8
-1.45,0.17,0,43.1288,36.96
-1.46,0.17,0,43.7819,37.136
-1.47,0.17,0,44.673,37.264
-1.48,0.17,0,44.1847,37.472
-1.49,0.17,0,44.4411,37.648
-1.5,0.17,0,44.3373,37.808
-1.51,0.17,0,45.027,38
-1.52,0.17,0,44.4777,38.128
-1.53,0.17,0,45.027,38.32
-1.54,0.17,0,44.5082,38.496
-1.55,0.17,0,45.3749,38.672
-1.56,0.17,0,44.6974,38.832
-1.57,0.17,0,44.4349,39.024
-1.58,0.17,0,45.9243,39.184
-1.59,0.17,0,44.5204,39.36
-1.6,0.17,0,46.0524,39.472
-1.61,0.17,0,45.0636,39.648
-1.62,0.17,0,44.9721,39.856
-1.63,0.17,0,45.2712,40.032
-1.64,0.17,0,45.0453,40.192
-1.65,0.17,0,44.3739,40.384
-1.66,0.17,0,45.8083,40.544
-1.67,0.17,0,45.2284,40.704
-1.68,0.17,0,46.3942,40.816
-1.69,0.17,0,45.32,41.056
-1.7,0.17,0,45.7961,41.232
-1.71,0.17,0,45.2223,41.344
-1.72,0.17,0,45.6374,41.552
-1.73,0.17,0,45.6313,41.744
-1.74,0.17,0,45.851,41.904
-1.75,0.17,0,45.8144,42.08
-1.76,0.17,0,45.9548,42.256
-1.77,0.17,0,46.1257,42.416
-1.78,0.17,0,45.7656,42.592
-1.79,0.17,0,46.3149,42.752
-1.8,0.17,0,46.0097,42.928
-1.81,0.17,0,46.2416,43.04
-1.82,0.17,0,46.2111,43.28
-1.83,0.17,0,45.8144,43.456
-1.84,0.17,0,45.6496,43.632
-1.85,0.17,0,45.381,43.776
-1.86,0.17,0,45.5275,43.952
-1.87,0.17,0,45.4726,44.112
-1.88,0.17,0,46.382,44.272
-1.89,0.17,0,45.558,44.464
-1.9,0.17,0,46.852,44.624
-1.91,0.17,0,45.8937,44.8
-1.92,0.17,0,45.9365,44.96
-1.93,0.17,0,45.4543,45.152
-1.94,0.17,0,46.2905,45.328
-1.95,0.17,0,47.676,45.504
-1.96,0.17,0,45.6679,45.648
-1.97,0.17,0,45.7472,45.84
-1.98,0.17,0,45.7656,46.016
-1.99,0.17,0,46.2722,46.16
-2,0.17,0,45.9914,46.352
-2,0.18,0,44.1603,46.336
-1.99,0.18,0,42.4574,46.224
-1.98,0.18,0,42.1461,46.064
-1.97,0.18,0,42.2987,45.872
-1.96,0.18,0,43.2814,45.632
-1.95,0.18,0,42.5245,45.472
-1.94,0.18,0,42.7198,45.312
-1.93,0.18,0,42.2926,45.12
-1.92,0.18,0,42.7198,45.04
-1.91,0.18,0,42.2498,44.8
-1.9,0.18,0,41.9568,44.608
-1.89,0.18,0,42.3292,44.448
-1.88,0.18,0,42.3902,44.288
-1.87,0.18,0,42.787,44.128
-1.86,0.18,0,42.787,43.936
-1.85,0.18,0,42.2437,43.76
-1.84,0.18,0,42.5794,43.6
-1.83,0.18,0,42.7564,43.424
-1.82,0.18,0,42.1583,43.28
-1.81,0.18,0,41.2,43.152
-1.8,0.18,0,41.4808,42.912
-1.79,0.18,0,42.7076,42.736
-1.78,0.18,0,43.0006,42.576
-1.77,0.18,0,42.2498,42.4
-1.76,0.18,0,42.0423,42.304
-1.75,0.18,0,41.792,42.144
-1.74,0.18,0,41.9019,41.936
-1.73,0.18,0,41.2793,41.712
-1.72,0.18,0,43.9589,41.584
-1.71,0.18,0,42.5245,41.36
-1.7,0.18,0,41.4441,41.216
-1.69,0.18,0,42.3353,41.072
-1.68,0.18,0,41.5784,40.88
-1.67,0.18,0,41.2061,40.72
-1.66,0.18,0,41.7066,40.528
-1.65,0.18,0,41.9019,40.352
-1.64,0.18,0,41.3038,40.176
-1.63,0.18,0,41.6578,40.032
-1.62,0.18,0,42.439,39.904
-1.61,0.18,0,40.6934,39.664
-1.6,0.18,0,40.8765,39.488
-1.59,0.18,0,41.2854,39.344
-1.58,0.18,0,41.3831,39.152
-1.57,0.18,0,41.0352,39.024
-1.56,0.18,0,41.5784,38.816
-1.55,0.18,0,40.3088,38.624
-1.54,0.18,0,40.3943,38.464
-1.53,0.18,0,40.73,38.304
-1.52,0.18,0,41.3526,38.16
-1.51,0.18,0,40.1685,38.048
-1.5,0.18,0,39.9731,37.792
-1.49,0.18,0,40.0769,37.616
-1.48,0.18,0,39.8511,37.456
-1.47,0.18,0,40.0891,37.28
-1.46,0.18,0,40.0769,37.088
-1.45,0.18,0,41.8226,36.944
-1.44,0.18,0,39.4971,36.752
-1.43,0.18,0,40.1074,36.576
-1.42,0.18,0,39.5276,36.416
-1.41,0.18,0,40.3272,36.24
-1.4,0.18,0,38.905,36.144
-1.39,0.18,0,39.5337,35.888
-1.38,0.18,0,39.2956,35.728
-1.37,0.18,0,39.2895,35.632
-1.36,0.18,0,38.667,35.392
-1.35,0.18,0,38.1848,35.216
-1.34,0.18,0,38.5449,35.088
-1.33,0.18,0,38.7524,34.864
-1.32,0.18,0,39.0393,34.704
-1.31,0.18,0,39.491,34.624
-1.3,0.18,0,39.0149,34.352
-1.29,0.18,0,37.9772,34.224
-1.28,0.18,0,38.5205,34.112
-1.27,0.18,0,38.9966,33.856
-1.26,0.18,0,38.7585,33.68
-1.25,0.18,0,37.3547,33.488
-1.24,0.18,0,38.6792,33.328
-1.23,0.18,0,38.4899,33.168
-1.22,0.18,0,37.9284,33.008
-1.21,0.18,0,37.6659,32.848
-1.2,0.18,0,37.5256,32.64
-1.19,0.18,0,37.6354,32.464
-1.18,0.18,0,37.843,32.304
-1.17,0.18,0,37.3119,32.256
-1.16,0.18,0,37.5195,31.968
-1.15,0.18,0,36.7626,31.792
-1.14,0.18,0,37.3486,31.616
-1.13,0.18,0,35.4869,31.488
-1.12,0.18,0,36.7565,31.28
-1.11,0.18,0,36.5551,31.136
-1.1,0.18,0,36.7626,31.056
-1.09,0.18,0,34.8949,30.752
-1.08,0.18,0,36.0424,30.624
-1.07,0.18,0,35.9508,30.528
-1.06,0.18,0,35.5235,30.256
-1.05,0.18,0,35.6456,30.112
-1.04,0.18,0,35.1939,29.984
-1.03,0.18,0,36.0179,29.808
-1.02,0.18,0,35.725,29.568
-1.01,0.18,0,35.5235,29.424
-1,0.18,0,34.9742,29.264
-0.99,0.18,0,34.8582,29.072
-0.98,0.18,0,34.6019,28.96
-0.97,0.18,0,33.5093,28.704
-0.96,0.18,0,33.5459,28.56
-0.95,0.18,0,34.1014,28.48
-0.94,0.18,0,33.8939,28.192
-0.93,0.18,0,33.9122,28.064
-0.92,0.18,0,34.6507,27.872
-0.91,0.18,0,34.3089,27.712
-0.9,0.18,0,33.2224,27.632
-0.89,0.18,0,34.0464,27.424
-0.88,0.18,0,33.0393,27.168
-0.87,0.18,0,33.6375,27.024
-0.86,0.18,0,33.137,26.848
-0.85,0.18,0,32.9173,26.656
-0.84,0.18,0,33.1492,26.496
-0.83,0.18,0,33.1675,26.336
-0.82,0.18,0,33.9854,26.176
-0.81,0.18,0,32.6304,26
-0.8,0.18,0,33.43,25.824
-0.79,0.18,0,32.3557,25.664
-0.78,0.18,0,32.6243,25.568
-0.77,0.18,0,33.5093,25.408
-0.76,0.18,0,32.5205,25.184
-0.75,0.18,0,32.6365,24.944
-0.74,0.18,0,31.5134,24.8
-0.73,0.18,0,31.9529,24.576
-0.72,0.18,0,32.9173,24.432
-0.71,0.18,0,32.8867,24.288
-0.7,0.18,0,31.9102,24.096
-0.69,0.18,0,31.959,24.032
-0.68,0.18,0,31.9834,23.776
-0.67,0.18,0,32.6487,23.6
-0.66,0.18,0,32.5694,23.52
-0.65,0.18,0,31.9773,23.264
-0.64,0.18,0,32.2886,23.056
-0.63,0.18,0,32.1604,23.024
-0.62,0.18,0,31.2082,22.752
-0.61,0.18,0,31.1411,22.608
-0.6,0.18,0,31.5195,22.4
-0.59,0.18,0,31.135,22.192
-0.58,0.18,0,31.7087,22.112
-0.57,0.18,0,31.0923,21.872
-0.56,0.18,0,31.0129,21.728
-0.55,0.18,0,31.4707,21.648
-0.54,0.18,0,31.0617,21.344
-0.53,0.18,0,31.4402,21.216
-0.52,0.18,0,31.8186,21.024
-0.51,0.18,0,30.7016,20.848
-0.5,0.18,0,30.3842,20.704
-0.49,0.18,0,30.7382,20.592
-0.48,0.18,0,30.4453,20.352
-0.47,0.18,0,30.8847,20.16
-0.46,0.18,0,31.5256,20
-0.45,0.18,0,31.6904,19.84
-0.44,0.18,0,30.2744,19.76
-0.43,0.18,0,30.1157,19.488
-0.42,0.18,0,31.5744,19.296
-0.41,0.18,0,30.0607,19.264
-0.4,0.18,0,31.1411,18.976
-0.39,0.18,0,30.4331,18.816
-0.38,0.18,0,30.4697,18.704
-0.37,0.18,0,30.665,18.448
-0.36,0.18,0,30.4697,18.288
-0.35,0.18,0,30.1157,18.208
-0.34,0.18,0,30.7505,17.968
-0.33,0.18,0,29.841,17.792
-0.32,0.18,0,30.0058,17.712
-0.31,0.18,0,29.7433,17.456
-0.3,0.18,0,28.9132,17.248
-0.29,0.18,0,30.0668,17.088
-0.28,0.18,0,29.3039,16.944
-0.27,0.18,0,29.5053,16.768
-0.26,0.18,0,29.4931,16.688
-0.25,0.18,0,29.133,16.416
-0.24,0.18,0,29.0963,16.224
-0.23,0.18,0,29.1147,16.176
-0.22,0.18,0,29.2489,15.92
-0.21,0.18,0,28.3517,15.744
-0.2,0.18,0,29.194,15.648
-0.19,0.18,0,28.2235,15.376
-0.18,0.18,0,29.4565,15.216
-0.17,0.18,0,28.5653,15.088
-0.16,0.18,0,28.3456,14.88
-0.15,0.18,0,28.7484,14.704
-0.14,0.18,0,28.3944,14.544
-0.13,0.18,0,27.9794,14.336
-0.12,0.18,0,27.607,14.176
-0.11,0.18,0,28.8095,14.048
-0.1,0.18,0,27.7902,13.84
-0.09,0.18,0,28.431,13.712
-0.08,0.18,0,27.662,13.488
-0.07,0.18,0,27.9794,13.472
-0.06,0.18,0,28.9987,13.152
-0.05,0.18,0,27.9244,13.024
-0.04,0.18,0,26.2276,12.928
-0.03,0.18,0,25.6905,12.672
-0.02,0.18,0,25.8065,12.48
-0.01,0.18,0,27.43,12.336
0,0.18,0,27.1187,12.144
0.01,0.18,0,26.8807,12.112
0.02,0.18,0,27.1859,11.84
0.03,0.18,0,24.9947,11.616
0.04,0.18,0,26.5328,11.456
0.05,0.18,0,26.3924,11.264
0.06,0.18,0,24.9886,11.104
0.07,0.18,0,26.1238,10.928
0.08,0.18,0,25.2083,10.784
0.09,0.18,0,25.0923,10.608
0.1,0.18,0,24.7017,10.432
0.11,0.18,0,24.9214,10.272
0.12,0.18,0,25.4769,10.08
0.13,0.18,0,24.0486,9.92
0.14,0.18,0,24.3233,9.76
0.15,0.18,0,23.5054,9.568
0.16,0.18,0,25.3059,9.424
0.17,0.18,0,25.3853,9.216
0.18,0.18,0,24.4026,9.072
0.19,0.18,0,23.6335,8.896
0.2,0.18,0,23.9509,8.72
0.21,0.18,0,22.7363,8.544
0.22,0.18,0,22.602,8.512
0.23,0.18,0,22.132,8.192
0.24,0.18,0,22.3457,8.048
0.25,0.18,0,22.5166,7.872
0.26,0.18,0,22.1625,7.728
0.27,0.18,0,21.0273,7.552
0.28,0.18,0,21.8024,7.376
0.29,0.18,0,22.0588,7.232
0.3,0.18,0,21.4179,7.04
0.31,0.18,0,20.661,6.864
0.32,0.18,0,21.3446,6.816
0.33,0.18,0,20.3497,6.512
0.34,0.18,0,20.6549,6.368
0.35,0.18,0,20.8136,6.192
0.36,0.18,0,19.7455,6.048
0.37,0.18,0,19.3854,5.856
0.38,0.18,0,18.8604,5.648
0.39,0.18,0,18.3721,5.632
0.4,0.18,0,18.4759,5.36
0.41,0.18,0,17.1941,5.152
0.42,0.18,0,17.0232,5.04
0.43,0.18,0,17.2491,4.944
0.44,0.18,0,16.5044,4.656
0.45,0.18,0,16.9439,4.496
0.46,0.18,0,15.9429,4.336
0.47,0.18,0,15.2898,4.192
0.48,0.18,0,14.4597,4.016
0.49,0.18,0,13.892,3.824
0.5,0.18,0,13.3854,3.808
0.51,0.18,0,12.4821,3.504
0.52,0.18,0,12.4943,3.36
0.53,0.18,0,10.5838,3.184
0.54,0.18,0,9.04569,3.04
0.55,0.18,0,8.31935,2.992
0.56,0.18,0,6.78121,2.512
0.57,0.18,0,6.74459,5.488
0.58,0.18,0,7.20847,5.392
0.59,0.18,0,5.10269,2.48
0.6,0.18,0,6.31733,2.352
0.61,0.18,0,7.59911,2.272
0.62,0.18,0,8.54518,2.096
0.63,0.18,0,8.36207,1.984
0.64,0.18,0,7.98975,1.744
0.64,0.19,0,6.21357,1.872
0.63,0.19,0,6.37226,1.904
0.62,0.19,0,6.35395,2.272
0.61,0.19,0,6.40278,2.368
0.6,0.19,0,6.64083,2.544
0.59,0.19,0,5.56658,2.608
0.58,0.19,0,4.7792,2.8
0.57,0.19,0,4.49232,2.944
0.56,0.19,0,4.80972,6.112
0.55,0.19,0,6.28071,2.816
0.54,0.19,0,7.44041,3.04
0.53,0.19,0,7.28172,3.264
0.52,0.19,0,8.86868,3.296
0.51,0.19,0,10.4801,3.648
0.5,0.19,0,10.5838,3.84
0.49,0.19,0,11.243,4
0.48,0.19,0,11.5848,4.16
0.47,0.19,0,12.3112,4.336
0.46,0.19,0,13.0131,4.496
0.45,0.19,0,12.4332,4.64
0.44,0.19,0,14.4353,4.8
0.43,0.19,0,15.0517,4.96
0.42,0.19,0,14.3315,5.136
0.41,0.19,0,15.9978,5.312
0.4,0.19,0,15.4302,5.488
0.39,0.19,0,15.3752,5.632
0.38,0.19,0,16.6082,5.792
0.37,0.19,0,16.6814,5.936
0.36,0.19,0,16.718,6.144
0.35,0.19,0,16.7913,6.32
0.34,0.19,0,17.6641,6.48
0.33,0.19,0,17.1697,6.64
0.32,0.19,0,17.597,6.832
0.31,0.19,0,18.891,6.976
0.3,0.19,0,18.421,7.168
0.29,0.19,0,18.1341,7.328
0.28,0.19,0,19.0985,7.488
0.27,0.19,0,19.0069,7.68
0.26,0.19,0,18.4271,7.824
0.25,0.19,0,20.2216,8
0.24,0.19,0,19.8187,8.144
0.23,0.19,0,20.6549,8.256
0.22,0.19,0,19.7272,8.528
0.21,0.19,0,20.4047,8.672
0.2,0.19,0,20.2582,8.832
0.19,0.19,0,21.6071,9.008
0.18,0.19,0,21.3569,9.184
0.17,0.19,0,20.954,9.328
0.16,0.19,0,23.249,9.52
0.15,0.19,0,21.1859,9.696
0.14,0.19,0,22.1442,9.856
0.13,0.19,0,22.1259,10.048
0.12,0.19,0,22.1076,10.208
0.11,0.19,0,22.1015,10.384
0.1,0.19,0,22.2297,10.544
0.09,0.19,0,22.071,10.736
0.08,0.19,0,23.2307,10.88
0.07,0.19,0,22.4677,11.072
0.06,0.19,0,22.7424,11.216
0.05,0.19,0,23.2124,11.392
0.04,0.19,0,23.0659,11.568
0.03,0.19,0,24.1951,11.744
0.02,0.19,0,22.8645,11.84
0.01,0.19,0,23.8899,12.08
0,0.19,0,24.0974,12.24
-0.01,0.19,0,23.7129,12.336
-0.02,0.19,0,23.0049,12.592
-0.03,0.19,0,25.1411,12.768
-0.04,0.19,0,25.013,12.928
-0.05,0.19,0,24.3965,13.12
-0.06,0.19,0,24.9947,13.248
-0.07,0.19,0,24.2073,13.424
-0.08,0.19,0,24.7017,13.6
-0.09,0.19,0,24.6834,13.776
-0.1,0.19,0,25.3609,13.92
-0.11,0.19,0,26.4046,14.112
-0.12,0.19,0,25.8431,14.208
-0.13,0.19,0,24.8482,14.48
-0.14,0.19,0,26.1788,14.624
-0.15,0.19,0,25.898,14.768
-0.16,0.19,0,26.1727,14.944
-0.17,0.19,0,26.0506,15.04
-0.18,0.19,0,26.484,15.296
-0.19,0.19,0,26.722,15.472
-0.2,0.19,0,26.3131,15.648
-0.21,0.19,0,25.7881,15.824
-0.22,0.19,0,26.7403,15.984
-0.23,0.19,0,27.0089,16.16
-0.24,0.19,0,27.1126,16.304
-0.25,0.19,0,26.6305,16.496
-0.26,0.19,0,27.308,16.656
-0.27,0.19,0,26.1177,16.768
-0.28,0.19,0,26.4595,16.928
-0.29,0.19,0,27.546,17.168
-0.3,0.19,0,27.2286,17.36
-0.31,0.19,0,27.3263,17.52
-0.32,0.19,0,27.1798,17.68
-0.33,0.19,0,28.3395,17.808
-0.34,0.19,0,28.1686,18.032
-0.35,0.19,0,27.8695,18.144
-0.36,0.19,0,27.4178,18.32
-0.37,0.19,0,27.839,18.496
-0.38,0.19,0,28.84,18.704
-0.39,0.19,0,28.193,18.848
-0.4,0.19,0,28.2723,19.04
-0.41,0.19,0,27.9,19.216
-0.42,0.19,0,28.4616,19.312
-0.43,0.19,0,28.4371,19.568
-0.44,0.19,0,28.0282,19.728
-0.45,0.19,0,28.9621,19.904
-0.46,0.19,0,28.2052,20.064
-0.47,0.19,0,28.4371,20.24
-0.48,0.19,0,28.0282,20.416
-0.49,0.19,0,29.4809,20.496
-0.5,0.19,0,30.5857,20.768
-0.51,0.19,0,28.4127,20.928
-0.52,0.19,0,28.5531,21.088
-0.53,0.19,0,29.8166,21.264
-0.54,0.19,0,28.4371,21.376
-0.55,0.19,0,29.1574,21.6
-0.56,0.19,0,29.3283,21.744
-0.57,0.19,0,28.3517,21.92
-0.58,0.19,0,29.8654,22.096
-0.59,0.19,0,29.2611,22.272
-0.6,0.19,0,29.4504,22.48
-0.61,0.19,0,29.0353,22.608
-0.62,0.19,0,29.0963,22.8
-0.63,0.19,0,29.6701,22.976
-0.64,0.19,0,29.8776,23.168
-0.65,0.19,0,29.3649,23.312
-0.66,0.19,0,29.2062,23.472
-0.67,0.19,0,29.6701,23.6
-0.68,0.19,0,28.9438,23.824
-0.69,0.19,0,30.0851,24
-0.7,0.19,0,30.3842,24.128
-0.71,0.19,0,29.9936,24.352
-0.72,0.19,0,30.3354,24.48
-0.73,0.19,0,29.4321,24.688
-0.74,0.19,0,30.1645,24.848
-0.75,0.19,0,29.4443,24.992
-0.76,0.19,0,30.2744,25.168
-0.77,0.19,0,29.8288,25.36
-0.78,0.19,0,30.7566,25.456
-0.79,0.19,0,30.7688,25.664
-0.8,0.19,0,29.6762,25.872
-0.81,0.19,0,28.8766,26.016
-0.82,0.19,0,30.1218,26.256
-0.83,0.19,0,30.3598,26.416
-0.84,0.19,0,29.902,26.56
-0.85,0.19,0,31.2815,26.752
-0.86,0.19,0,30.3659,26.832
-0.87,0.19,0,30.427,27.056
-0.88,0.19,0,31.5561,27.232
-0.89,0.19,0,30.6101,27.376
-0.9,0.19,0,31.2998,27.568
-0.91,0.19,0,31.904,27.776
-0.92,0.19,0,30.9458,27.904
-0.93,0.19,0,31.4646,28.096
-0.94,0.19,0,31.1594,28.288
-0.95,0.19,0,31.4646,28.448
-0.96,0.19,0,31.5683,28.64
-0.97,0.19,0,31.8003,28.8
-0.98,0.19,0,31.4463,28.928
-0.99,0.19,0,31.8857,29.056
-1,0.19,0,31.7942,29.296
-1.01,0.19,0,32.5205,29.44
-1.02,0.19,0,32.4961,29.664
-1.03,0.19,0,32.3557,29.84
-1.04,0.19,0,32.5999,29.92
-1.05,0.19,0,32.3801,30.112
-1.06,0.19,0,32.1177,30.32
-1.07,0.19,0,33.1858,30.512
-1.08,0.19,0,32.6548,30.672
-1.09,0.19,0,32.5083,30.848
-1.1,0.19,0,32.8745,30.928
-1.11,0.19,0,33.3628,31.2
-1.12,0.19,0,34.4493,31.328
-1.13,0.19,0,33.0149,31.472
-1.14,0.19,0,34.199,31.712
-1.15,0.19,0,33.8878,31.84
-1.16,0.19,0,35.0291,32
-1.17,0.19,0,33.6863,32.208
-1.18,0.19,0,34.3272,32.352
-1.19,0.19,0,34.5714,32.56
-1.2,0.19,0,33.7107,32.72
-1.21,0.19,0,35.0719,32.864
-1.22,0.19,0,33.5215,33.04
-1.23,0.19,0,35.4381,33.248
-1.24,0.19,0,35.0841,33.408
-1.25,0.19,0,34.2784,33.568
-1.26,0.19,0,36.1522,33.68
-1.27,0.19,0,35.5663,33.84
-1.28,0.19,0,35.7677,34.016
-1.29,0.19,0,35.609,34.24
-1.3,0.19,0,35.8226,34.416
-1.31,0.19,0,35.8531,34.608
-1.32,0.19,0,36.6283,34.768
-1.33,0.19,0,35.7799,34.896
-1.34,0.19,0,37.0312,35.024
-1.35,0.19,0,36.3598,35.28
-1.36,0.19,0,36.0851,35.456
-1.37,0.19,0,36.14,35.6
-1.38,0.19,0,36.0424,35.792
-1.39,0.19,0,36.8114,35.952
-1.4,0.19,0,37.019,36.128
-1.41,0.19,0,37.3241,36.288
-1.42,0.19,0,38.2519,36.48
-1.43,0.19,0,37.3547,36.672
-1.44,0.19,0,36.9152,36.784
-1.45,0.19,0,36.4391,36.976
-1.46,0.19,0,37.1166,37.184
-1.47,0.19,0,38.2702,37.28
-1.48,0.19,0,38.6914,37.504
-1.49,0.19,0,37.9223,37.664
-1.5,0.19,0,38.8195,37.856
-1.51,0.19,0,38.4716,38
-1.52,0.19,0,37.6476,38.176
-1.53,0.19,0,37.9894,38.352
-1.54,0.19,0,38.9172,38.512
-1.55,0.19,0,38.789,38.688
-1.56,0.19,0,38.905,38.864
-1.57,0.19,0,38.4472,39.04
-1.58,0.19,0,38.6181,39.2
-1.59,0.19,0,38.4838,39.36
-1.6,0.19,0,38.6975,39.504
-1.61,0.19,0,39.32,39.712
-1.62,0.19,0,40.083,39.904
-1.63,0.19,0,38.9538,39.984
-1.64,0.19,0,39.2224,40.256
-1.65,0.19,0,39.5215,40.4
-1.66,0.19,0,40.0647,40.496
-1.67,0.19,0,39.8633,40.752
-1.68,0.19,0,38.8256,40.896
-1.69,0.19,0,40.2295,41.088
-1.7,0.19,0,40.2417,41.248
-1.71,0.19,0,39.491,41.36
-1.72,0.19,0,39.3689,41.616
-1.73,0.19,0,40.3333,41.76
-1.74,0.19,0,40.3027,41.872
-1.75,0.19,0,40.2905,42.112
-1.76,0.19,0,40.2417,42.272
-1.77,0.19,0,39.9426,42.432
-1.78,0.19,0,40.1746,42.608
-1.79,0.19,0,40.1746,42.8
-1.8,0.19,0,40.083,42.976
-1.81,0.19,0,39.7778,43.152
-1.82,0.19,0,39.5154,43.296
-1.83,0.19,0,39.6435,43.472
-1.84,0.19,0,40.2417,43.664
-1.85,0.19,0,39.9792,43.824
-1.86,0.19,0,40.8704,44
-1.87,0.19,0,40.2905,44.144
-1.88,0.19,0,41.0047,44.32
-1.89,0.19,0,39.7839,44.496
-1.9,0.19,0,40.4431,44.656
-1.91,0.19,0,41.9691,44.832
-1.92,0.19,0,40.5713,45.008
-1.93,0.19,0,40.6995,45.168
-1.94,0.19,0,40.7544,45.36
-1.95,0.19,0,39.613,45.52
-1.96,0.19,0,40.1318,45.712
-1.97,0.19,0,41.4624,45.776
-1.98,0.19,0,40.5652,45.968
-1.99,0.19,0,40.4614,46.144
-2,0.19,0,40.7605,46.336
-2,0.2,0,38.1359,46.368
-1.99,0.2,0,37.1899,46.256
-1.98,0.2,0,38.7158,45.984
-1.97,0.2,0,37.373,45.84
-1.96,0.2,0,37.8002,45.648
-1.95,0.2,0,37.6843,45.472
-1.94,0.2,0,37.0067,45.36
-1.93,0.2,0,37.7331,45.168
-1.92,0.2,0,37.1349,45.008
-1.91,0.2,0,37.2997,44.816
-1.9,0.2,0,37.0434,44.672
-1.89,0.2,0,37.1349,44.48
-1.88,0.2,0,37.6537,44.352
-1.87,0.2,0,36.8908,44.144
-1.86,0.2,0,37.373,43.952
-1.85,0.2,0,36.61,43.776
-1.84,0.2,0,36.6466,43.712
-1.83,0.2,0,35.7372,43.456
-1.82,0.2,0,37.55,43.28
-1.81,0.2,0,36.6466,43.136
-1.8,0.2,0,36.671,42.928
-1.79,0.2,0,36.9884,42.768
-1.78,0.2,0,36.7809,42.576
-1.77,0.2,0,37.2875,42.432
-1.76,0.2,0,35.7799,42.256
-1.75,0.2,0,37.1776,42.128
-1.74,0.2,0,36.195,42
-1.73,0.2,0,37.141,41.776
-1.72,0.2,0,36.5551,41.552
-1.71,0.2,0,36.0912,41.408
-1.7,0.2,0,36.1888,41.232
-1.69,0.2,0,36.1156,41.152
-1.68,0.2,0,35.3404,40.864
-1.67,0.2,0,35.8409,40.72
-1.66,0.2,0,35.6334,40.656
-1.65,0.2,0,35.6212,40.416
-1.64,0.2,0,35.8592,40.208
-1.63,0.2,0,35.2855,40.096
-1.62,0.2,0,34.901,39.968
-1.61,0.2,0,35.3587,39.76
-1.6,0.2,0,35.67,39.488
-1.59,0.2,0,35.3893,39.36
-1.58,0.2,0,34.962,39.184
-1.57,0.2,0,34.5103,39.024
-1.56,0.2,0,35.1817,38.864
-1.55,0.2,0,34.8949,38.688
-1.54,0.2,0,35.1085,38.48
-1.53,0.2,0,35.1939,38.336
-1.52,0.2,0,34.1868,38.192
-1.51,0.2,0,34.1258,38
-1.5,0.2,0,33.9061,37.84
-1.49,0.2,0,34.5347,37.648
-1.48,0.2,0,33.076,37.472
-1.47,0.2,0,34.2174,37.312
-1.46,0.2,0,33.5215,37.12
-1.45,0.2,0,33.6253,37.04
-1.44,0.2,0,32.6975,36.768
-1.43,0.2,0,33.3628,36.624
-1.42,0.2,0,34.0648,36.544
-1.41,0.2,0,33.6924,36.352
-1.4,0.2,0,33.6619,36.112
-1.39,0.2,0,33.2957,35.952
-1.38,0.2,0,33.1736,35.76
-1.37,0.2,0,33.5826,35.568
-1.36,0.2,0,32.4168,35.472
-1.35,0.2,0,32.4351,35.248
-1.34,0.2,0,32.9173,35.104
-1.33,0.2,0,32.8867,34.992
-1.32,0.2,0,31.7515,34.752
-1.31,0.2,0,32.3557,34.576
-1.3,0.2,0,31.8857,34.384
-1.29,0.2,0,32.2642,34.24
-1.28,0.2,0,31.6294,34.048
-1.27,0.2,0,31.3852,33.888
-1.26,0.2,0,32.429,33.712
-1.25,0.2,0,31.4402,33.536
-1.24,0.2,0,31.5317,33.344
-1.23,0.2,0,31.4402,33.184
-1.22,0.2,0,29.7983,33.088
-1.21,0.2,0,29.8166,32.848
-1.2,0.2,0,31.1472,32.688
-1.19,0.2,0,30.8908,32.496
-1.18,0.2,0,30.665,32.336
-1.17,0.2,0,30.2133,32.16
-1.16,0.2,0,30.9336,31.984
-1.15,0.2,0,30.6589,31.84
-1.14,0.2,0,30.4575,31.632
-1.13,0.2,0,30.2927,31.488
-1.12,0.2,0,29.4015,31.328
-1.11,0.2,0,29.7617,31.136
-1.1,0.2,0,29.3649,30.976
-1.09,0.2,0,29.3283,30.832
-1.08,0.2,0,30.0424,30.608
-1.07,0.2,0,29.5663,30.496
-1.06,0.2,0,28.5348,30.272
-1.05,0.2,0,28.663,30.112
-1.04,0.2,0,28.9743,30.032
-1.03,0.2,0,28.8461,29.744
-1.02,0.2,0,29.1818,29.632
-1.01,0.2,0,28.6569,29.472
-1,0.2,0,29.1269,29.28
-0.99,0.2,0,28.779,29.104
-0.98,0.2,0,29.487,28.928
-0.97,0.2,0,28.8583,28.736
-0.96,0.2,0,29.2978,28.624
-0.95,0.2,0,27.9855,28.4
-0.94,0.2,0,28.1137,28.208
-0.93,0.2,0,28.8827,28.08
-0.92,0.2,0,28.0648,27.856
-0.91,0.2,0,29.1757,27.712
-0.9,0.2,0,27.662,27.616
-0.89,0.2,0,28.4921,27.376
-0.88,0.2,0,28.1259,27.216
-0.87,0.2,0,27.3507,27.136
-0.86,0.2,0,27.4361,26.88
-0.85,0.2,0,27.6925,26.688
-0.84,0.2,0,28.4494,26.496
-0.83,0.2,0,27.6559,26.384
-0.82,0.2,0,27.3873,26.176
-0.81,0.2,0,28.2662,26.016
-0.8,0.2,0,27.6193,25.84
-0.79,0.2,0,27.8024,25.744
-0.78,0.2,0,27.9489,25.488
-0.77,0.2,0,26.9356,25.344
-0.76,0.2,0,27.015,25.264
-0.75,0.2,0,28.7729,25.008
-0.74,0.2,0,26.7525,24.832
-0.73,0.2,0,27.1554,24.672
-0.72,0.2,0,27.4545,24.48
-0.71,0.2,0,25.8614,24.4
-0.7,0.2,0,27.6009,24.208
-0.69,0.2,0,27.8146,23.984
-0.68,0.2,0,27.3568,23.776
-0.67,0.2,0,27.1371,23.728
-0.66,0.2,0,26.3924,23.504
-0.65,0.2,0,27.5582,23.248
-0.64,0.2,0,26.9112,23.088
-0.63,0.2,0,27.6376,22.944
-0.62,0.2,0,27.0516,22.784
-0.61,0.2,0,26.4473,22.672
-0.6,0.2,0,26.3497,22.496
-0.59,0.2,0,25.9713,22.256
-0.58,0.2,0,26.5877,22.096
-0.57,0.2,0,25.9835,21.92
-0.56,0.2,0,26.6243,21.728
-0.55,0.2,0,26.0262,21.584
-0.54,0.2,0,26.2215,21.408
-0.53,0.2,0,26.5694,21.232
-0.52,0.2,0,25.4585,21.072
-0.51,0.2,0,26.8136,20.864
-0.5,0.2,0,26.1971,20.72
-0.49,0.2,0,26.1177,20.544
-0.48,0.2,0,25.2388,20.368
-0.47,0.2,0,25.8248,20.288
-0.46,0.2,0,25.7576,20.016
-0.45,0.2,0,25.9651,19.84
-0.44,0.2,0,25.782,19.76
-0.43,0.2,0,24.6651,19.52
-0.42,0.2,0,25.837,19.344
-0.41,0.2,0,25.4891,19.2
-0.4,0.2,0,25.6417,19.04
-0.39,0.2,0,25.483,18.832
-0.38,0.2,0,24.6223,18.672
-0.37,0.2,0,25.1228,18.496
-0.36,0.2,0,25.4585,18.336
-0.35,0.2,0,24.7932,18.128
-0.34,0.2,0,25.7454,18
-0.33,0.2,0,24.2988,17.792
-0.32,0.2,0,24.3171,17.648
-0.31,0.2,0,25.013,17.472
-0.3,0.2,0,25.8309,17.328
-0.29,0.2,0,23.487,17.136
-0.28,0.2,0,24.8054,16.96
-0.27,0.2,0,23.7739,16.816
-0.26,0.2,0,24.3721,16.656
-0.25,0.2,0,23.6335,16.448
-0.24,0.2,0,23.9692,16.368
-0.23,0.2,0,23.6457,16.096
-0.22,0.2,0,23.957,15.968
-0.21,0.2,0,23.8044,15.76
-0.2,0.2,0,23.365,15.6
-0.19,0.2,0,22.7851,15.44
-0.18,0.2,0,23.2124,15.264
-0.17,0.2,0,22.8156,15.104
-0.16,0.2,0,22.6691,14.912
-0.15,0.2,0,21.5461,14.864
-0.14,0.2,0,22.7912,14.592
-0.13,0.2,0,22.4311,14.4
-0.12,0.2,0,22.4921,14.208
-0.11,0.2,0,22.5776,14.064
-0.1,0.2,0,23.7434,13.968
-0.09,0.2,0,22.1198,13.696
-0.08,0.2,0,22.5227,13.552
-0.07,0.2,0,21.7109,13.504
-0.06,0.2,0,22.0893,13.232
-0.05,0.2,0,21.1066,13.04
-0.04,0.2,0,21.2836,12.992
-0.03,0.2,0,20.8502,12.736
-0.02,0.2,0,21.2775,12.512
-0.01,0.2,0,21.6132,12.448
0,0.2,0,20.7892,12.176
0.01,0.2,0,20.9784,12
0.02,0.2,0,20.2521,11.92
0.03,0.2,0,20.9479,11.648
0.04,0.2,0,20.5329,11.504
0.05,0.2,0,20.246,11.328
0.06,0.2,0,20.0385,11.136
0.07,0.2,0,19.6051,10.976
0.08,0.2,0,19.66,10.832
0.09,0.2,0,19.245,10.64
0.1,0.2,0,20.1239,10.496
0.11,0.2,0,18.9215,10.304
0.12,0.2,0,19.5196,10.176
0.13,0.2,0,19.5318,10.016
0.14,0.2,0,19.1107,9.792
0.15,0.2,0,19.5196,9.632
0.16,0.2,0,18.4271,9.472
0.17,0.2,0,18.8787,9.312
0.18,0.2,0,18.1097,9.104
0.19,0.2,0,18.2501,8.976
0.2,0.2,0,18.0548,8.816
0.21,0.2,0,17.3833,8.64
0.22,0.2,0,16.4617,8.448
0.23,0.2,0,17.1636,8.272
0.24,0.2,0,16.895,8.112
0.25,0.2,0,16.7241,7.952
0.26,0.2,0,16.0344,7.872
0.27,0.2,0,17.4322,7.6
0.28,0.2,0,15.6255,7.44
0.29,0.2,0,15.6072,7.28
0.3,0.2,0,15.2532,7.12
0.31,0.2,0,15.3813,6.912
0.32,0.2,0,16.7302,6.832
0.33,0.2,0,15.3081,6.592
0.34,0.2,0,14.9541,6.4
0.35,0.2,0,13.5197,6.256
0.36,0.2,0,14.0568,6.064
0.37,0.2,0,14.3376,6.032
0.38,0.2,0,12.4271,5.776
0.39,0.2,0,13.3122,5.6
0.4,0.2,0,13.1169,5.504
0.41,0.2,0,11.8839,5.248
0.42,0.2,0,11.3468,5.104
0.43,0.2,0,12.4027,5.024
0.44,0.2,0,11.7862,4.8
0.45,0.2,0,9.8941,4.576
0.46,0.2,0,9.92462,4.448
0.47,0.2,0,8.58791,4.256
0.48,0.2,0,8.47194,4.096
0.49,0.2,0,7.89209,3.952
0.5,0.2,0,7.39158,3.84
0.51,0.2,0,6.9277,43.696
0.52,0.2,0,5.85345,6.32
0.53,0.2,0,5.05387,3.472
0.54,0.2,0,5.14542,31.552
0.55,0.2,0,4.79141,35.296
0.56,0.2,0,4.2848,3.088
0.57,0.2,0,4.40687,2.976
0.58,0.2,0,5.97552,2.8
0.59,0.2,0,5.70696,2.672
0.6,0.2,0,6.62252,2.576
0.61,0.2,0,6.74459,2.24
0.62,0.2,0,5.71917,2.352
0.63,0.2,0,5.96942,2.272
0.64,0.2,0,6.17084,2.032
