X,Y,Z,Amp,Tof
0,-0.2,-0.2,6.96432,12.32
0,-0.1975,-0.2,6.53706,12.32
0,-0.195,-0.2,7.55028,13.744
0,-0.1925,-0.2,7.84936,12.368
0,-0.19,-0.2,6.37226,13.664
0,-0.1875,-0.2,7.80053,12.304
0,-0.185,-0.2,7.11692,12.352
0,-0.1825,-0.2,7.87378,12.304
0,-0.18,-0.2,7.97754,12.32
0,-0.1775,-0.2,8.19117,12.304
0,-0.175,-0.2,8.24,12.32
0,-0.1725,-0.2,8.10572,12.32
0,-0.17,-0.2,8.50246,12.304
0,-0.1675,-0.2,8.34376,12.32
0,-0.165,-0.2,8.80764,12.32
0,-0.1625,-0.2,7.84936,12.304
0,-0.16,-0.2,8.35597,12.272
0,-0.1575,-0.2,9.58892,12.256
0,-0.155,-0.2,9.17386,12.304
0,-0.1525,-0.2,8.81985,12.32
0,-0.15,-0.2,9.41801,12.256
0,-0.1475,-0.2,9.99176,12.256
0,-0.145,-0.2,9.69878,12.272
0,-0.1425,-0.2,9.97955,12.256
0,-0.14,-0.2,9.86969,12.288
0,-0.1375,-0.2,10.0711,12.24
0,-0.135,-0.2,10.3824,12.272
0,-0.1325,-0.2,10.3214,12.224
0,-0.13,-0.2,10.2115,12.288
0,-0.1275,-0.2,10.773,12.24
0,-0.125,-0.2,11.1148,12.24
0,-0.1225,-0.2,11.7618,12.24
0,-0.12,-0.2,10.7913,12.208
0,-0.1175,-0.2,11.9266,12.24
0,-0.115,-0.2,11.5116,12.24
0,-0.1125,-0.2,11.3407,12.192
0,-0.11,-0.2,11.9877,12.208
0,-0.1075,-0.2,12.0304,12.224
0,-0.105,-0.2,12.4393,12.192
0,-0.1025,-0.2,12.5126,12.208
0,-0.1,-0.2,13.1169,12.224
0,-0.0975,-0.2,12.4821,12.224
0,-0.095,-0.2,12.9948,12.208
0,-0.0925,-0.2,12.7689,12.16
0,-0.09,-0.2,13.3488,12.224
0,-0.0875,-0.2,13.7761,12.176
0,-0.085,-0.2,13.4465,12.192
0,-0.0825,-0.2,13.7883,12.176
0,-0.08,-0.2,13.9348,12.176
0,-0.0775,-0.2,13.7761,12.176
0,-0.075,-0.2,13.8432,12.224
0,-0.0725,-0.2,14.771,12.224
0,-0.07,-0.2,14.8137,12.208
0,-0.0675,-0.2,14.4353,12.192
0,-0.065,-0.2,14.1911,12.192
0,-0.0625,-0.2,15.7292,12.192
0,-0.06,-0.2,15.0212,12.192
0,-0.0575,-0.2,14.9785,12.192
0,-0.055,-0.2,15.363,12.192
0,-0.0525,-0.2,15.3935,12.208
0,-0.05,-0.2,16.1626,12.176
0,-0.0475,-0.2,15.9124,12.176
0,-0.045,-0.2,16.0833,12.176
0,-0.0425,-0.2,17.2613,12.176
0,-0.04,-0.2,15.1433,12.16
0,-0.0375,-0.2,16.5593,12.176
0,-0.035,-0.2,16.2847,12.176
0,-0.0325,-0.2,15.9185,12.208
0,-0.03,-0.2,16.0955,12.192
0,-0.0275,-0.2,16.4251,12.16
0,-0.025,-0.2,16.5654,12.192
0,-0.0225,-0.2,16.3518,12.176
0,-0.02,-0.2,16.9012,12.176
0,-0.0175,-0.2,17.3956,12.192
0,-0.015,-0.2,15.9429,12.176
0,-0.0125,-0.2,16.8157,12.176
0,-0.01,-0.2,15.7414,12.144
0,-0.0075,-0.2,17.188,12.192
0,-0.005,-0.2,16.3945,12.16
0,-0.0025,-0.2,18.9032,12.192
0,0,-0.2,16.5654,12.192
0,0.0025,-0.2,16.6814,12.192
0,0.005,-0.2,16.5532,12.208
0,0.0075,-0.2,16.95,12.192
0,0.01,-0.2,17.3162,12.192
0,0.0125,-0.2,17.2918,12.208
0,0.015,-0.2,16.6936,12.192
0,0.0175,-0.2,16.3396,12.176
0,0.02,-0.2,16.7791,12.208
0,0.0225,-0.2,16.8828,12.208
0,0.025,-0.2,16.3152,12.208
0,0.0275,-0.2,17.0293,12.192
0,0.03,-0.2,17.3162,12.192
0,0.0325,-0.2,17.4383,12.224
0,0.035,-0.2,17.5054,12.224
0,0.0375,-0.2,16.4739,12.208
0,0.04,-0.2,17.1941,12.256
0,0.0425,-0.2,16.7364,12.256
0,0.045,-0.2,16.718,12.24
0,0.0475,-0.2,17.1331,12.224
0,0.05,-0.2,17.4139,12.208
0,0.0525,-0.2,16.1504,12.208
0,0.055,-0.2,15.5705,12.224
0,0.0575,-0.2,16.3457,12.24
0,0.06,-0.2,15.5889,12.224
0,0.0625,-0.2,16.4556,12.24
0,0.065,-0.2,15.4912,12.24
0,0.0675,-0.2,14.9297,12.224
0,0.07,-0.2,15.6133,12.24
0,0.0725,-0.2,14.655,12.256
0,0.075,-0.2,14.5573,12.272
0,0.0775,-0.2,14.5451,12.256
0,0.08,-0.2,14.8625,12.24
0,0.0825,-0.2,14.4902,12.288
0,0.085,-0.2,14.5878,12.24
0,0.0875,-0.2,14.2521,12.256
0,0.09,-0.2,13.9897,12.256
0,0.0925,-0.2,13.8859,12.24
0,0.095,-0.2,13.7272,12.272
0,0.0975,-0.2,13.6906,12.272
0,0.1,-0.2,14.4108,12.288
0,0.1025,-0.2,14.1789,12.32
0,0.105,-0.2,13.361,12.288
0,0.1075,-0.2,13.4342,12.288
0,0.11,-0.2,12.6713,12.32
0,0.1125,-0.2,13.2145,12.304
0,0.115,-0.2,12.8788,12.304
0,0.1175,-0.2,13.2633,12.336
0,0.12,-0.2,12.2501,12.352
0,0.1225,-0.2,12.0121,12.352
0,0.125,-0.2,11.9327,12.32
0,0.1275,-0.2,11.9266,12.336
0,0.13,-0.2,11.6031,12.352
0,0.1325,-0.2,11.8046,12.4
0,0.135,-0.2,12.7934,12.336
0,0.1375,-0.2,11.4017,12.352
0,0.14,-0.2,11.8717,12.352
0,0.1425,-0.2,10.651,12.368
0,0.145,-0.2,11.2735,12.384
0,0.1475,-0.2,10.6571,12.4
0,0.15,-0.2,9.66216,12.368
0,0.1525,-0.2,9.17386,12.416
0,0.155,-0.2,9.71709,12.432
0,0.1575,-0.2,10.5838,12.448
0,0.16,-0.2,9.69268,12.384
0,0.1625,-0.2,9.61943,12.416
0,0.165,-0.2,9.38749,12.448
0,0.1675,-0.2,9.47905,12.432
0,0.17,-0.2,8.7344,12.464
0,0.1725,-0.2,8.72219,12.432
0,0.175,-0.2,8.77712,12.448
0,0.1775,-0.2,8.86258,12.48
0,0.18,-0.2,8.5818,12.48
0,0.1825,-0.2,8.49025,12.48
0,0.185,-0.2,7.88598,12.448
0,0.1875,-0.2,7.02536,12.512
0,0.19,-0.2,7.40379,12.496
0,0.1925,-0.2,8.26441,12.512
0,0.195,-0.2,7.70287,13.872
0,0.1975,-0.2,7.11081,12.496
0,0.2,-0.2,7.46483,12.528
0,-0.2,-0.1975,7.47093,12.304
0,-0.1975,-0.1975,7.42821,13.68
0,-0.195,-0.1975,7.60521,12.272
0,-0.1925,-0.1975,6.70186,12.352
0,-0.19,-0.1975,7.17185,13.664
0,-0.1875,-0.1975,7.64794,12.288
0,-0.185,-0.1975,7.04367,12.288
0,-0.1825,-0.1975,7.76391,12.288
0,-0.18,-0.1975,8.70998,12.336
0,-0.1775,-0.1975,8.10572,12.288
0,-0.175,-0.1975,8.49025,12.272
0,-0.1725,-0.1975,8.21558,12.288
0,-0.17,-0.1975,7.89819,12.288
0,-0.1675,-0.1975,8.42311,12.272
0,-0.165,-0.1975,8.92972,12.224
0,-0.1625,-0.1975,8.55739,12.304
0,-0.16,-0.1975,9.18607,12.304
0,-0.1575,-0.1975,8.77712,12.288
0,-0.155,-0.1975,9.58892,12.272
0,-0.1525,-0.1975,9.62554,12.304
0,-0.15,-0.1975,10.065,12.272
0,-0.1475,-0.1975,10.3336,12.272
0,-0.145,-0.1975,10.1505,12.288
0,-0.1425,-0.1975,9.61333,12.272
0,-0.14,-0.1975,10.0528,12.256
0,-0.1375,-0.1975,9.75372,12.208
0,-0.135,-0.1975,11.2369,12.256
0,-0.1325,-0.1975,11.3651,12.224
0,-0.13,-0.1975,10.7791,12.224
0,-0.1275,-0.1975,11.6031,12.224
0,-0.125,-0.1975,11.2064,12.256
0,-0.1225,-0.1975,11.8107,12.224
0,-0.12,-0.1975,11.5238,12.224
0,-0.1175,-0.1975,11.3712,12.208
0,-0.115,-0.1975,12.2135,12.192
0,-0.1125,-0.1975,11.5421,12.192
0,-0.11,-0.1975,12.7201,12.192
0,-0.1075,-0.1975,12.3905,12.208
0,-0.105,-0.1975,12.714,12.192
0,-0.1025,-0.1975,12.8788,12.208
0,-0.1,-0.1975,12.7812,12.192
0,-0.0975,-0.1975,13.245,12.16
0,-0.095,-0.1975,13.184,12.144
0,-0.0925,-0.1975,13.2756,12.208
0,-0.09,-0.1975,13.5929,12.192
0,-0.0875,-0.1975,13.8554,12.192
0,-0.085,-0.1975,13.2633,12.208
0,-0.0825,-0.1975,14.5268,12.192
0,-0.08,-0.1975,14.3376,12.224
0,-0.0775,-0.1975,15.5217,12.208
0,-0.075,-0.1975,14.9602,12.208
0,-0.0725,-0.1975,15.656,12.16
0,-0.07,-0.1975,14.9236,12.16
0,-0.0675,-0.1975,15.0945,12.176
0,-0.065,-0.1975,14.6733,12.16
0,-0.0625,-0.1975,15.0212,12.192
0,-0.06,-0.1975,14.9297,12.16
0,-0.0575,-0.1975,15.5889,12.176
0,-0.055,-0.1975,16.4251,12.176
0,-0.0525,-0.1975,15.2593,12.192
0,-0.05,-0.1975,16.1016,12.192
0,-0.0475,-0.1975,16.6936,12.176
0,-0.045,-0.1975,16.4251,12.192
0,-0.0425,-0.1975,15.9307,12.192
0,-0.04,-0.1975,17.0171,12.176
0,-0.0375,-0.1975,16.3823,12.16
0,-0.035,-0.1975,16.4617,12.16
0,-0.0325,-0.1975,16.9866,12.176
0,-0.03,-0.1975,16.48,12.176
0,-0.0275,-0.1975,17.5115,12.192
0,-0.025,-0.1975,16.8828,12.16
0,-0.0225,-0.1975,17.7496,12.16
0,-0.02,-0.1975,17.0171,12.176
0,-0.0175,-0.1975,17.6458,12.192
0,-0.015,-0.1975,16.8523,12.16
0,-0.0125,-0.1975,16.7608,12.176
0,-0.01,-0.1975,17.1819,12.16
0,-0.0075,-0.1975,17.5604,12.176
0,-0.005,-0.1975,16.419,12.16
0,-0.0025,-0.1975,17.3467,12.16
0,0,-0.1975,17.188,12.16
0,0.0025,-0.1975,17.7129,12.176
0,0.005,-0.1975,17.8167,12.16
0,0.0075,-0.1975,17.5542,12.176
0,0.01,-0.1975,17.3162,12.192
0,0.0125,-0.1975,17.0293,12.208
0,0.015,-0.1975,16.8645,12.192
0,0.0175,-0.1975,17.2369,12.16
0,0.02,-0.1975,17.7068,12.208
0,0.0225,-0.1975,17.2735,12.192
0,0.025,-0.1975,16.9439,12.192
0,0.0275,-0.1975,17.5359,12.208
0,0.03,-0.1975,17.2613,12.224
0,0.0325,-0.1975,17.3711,12.192
0,0.035,-0.1975,17.4139,12.224
0,0.0375,-0.1975,16.9744,12.192
0,0.04,-0.1975,17.9693,12.208
0,0.0425,-0.1975,17.5909,12.208
0,0.045,-0.1975,17.3101,12.208
0,0.0475,-0.1975,16.8584,12.192
0,0.05,-0.1975,17.8716,12.224
0,0.0525,-0.1975,16.7241,12.208
0,0.055,-0.1975,16.1321,12.24
0,0.0575,-0.1975,16.3701,12.192
0,0.06,-0.1975,15.4241,12.224
0,0.0625,-0.1975,16.8157,12.224
0,0.065,-0.1975,16.5166,12.256
0,0.0675,-0.1975,15.9001,12.24
0,0.07,-0.1975,16.01,12.256
0,0.0725,-0.1975,15.1128,12.24
0,0.075,-0.1975,16.242,12.224
0,0.0775,-0.1975,15.717,12.224
0,0.08,-0.1975,15.6987,12.24
0,0.0825,-0.1975,15.1372,12.24
0,0.085,-0.1975,14.6001,12.224
0,0.0875,-0.1975,15.0578,12.256
0,0.09,-0.1975,14.7771,12.272
0,0.0925,-0.1975,14.6611,12.256
0,0.095,-0.1975,14.3071,12.272
0,0.0975,-0.1975,13.8676,12.272
0,0.1,-0.1975,14.0934,12.256
0,0.1025,-0.1975,14.2277,12.272
0,0.105,-0.1975,13.0924,12.304
0,0.1075,-0.1975,13.831,12.288
0,0.11,-0.1975,13.8066,12.288
0,0.1125,-0.1975,12.7201,12.304
0,0.115,-0.1975,12.8666,12.304
0,0.1175,-0.1975,12.9276,12.32
0,0.12,-0.1975,12.1342,12.336
0,0.1225,-0.1975,11.9144,12.352
0,0.125,-0.1975,12.3539,12.32
0,0.1275,-0.1975,11.7313,12.304
0,0.13,-0.1975,11.4444,12.368
0,0.1325,-0.1975,11.8717,12.336
0,0.135,-0.1975,11.0721,12.352
0,0.1375,-0.1975,11.7985,12.368
0,0.14,-0.1975,11.597,12.384
0,0.1425,-0.1975,11.182,12.368
0,0.145,-0.1975,11.2369,12.384
0,0.1475,-0.1975,10.5716,12.416
0,0.15,-0.1975,10.5289,12.4
0,0.1525,-0.1975,9.82086,12.416
0,0.155,-0.1975,9.96735,12.384
0,0.1575,-0.1975,9.91241,12.416
0,0.16,-0.1975,9.63775,12.368
0,0.1625,-0.1975,10.004,12.416
0,0.165,-0.1975,9.74761,12.432
0,0.1675,-0.1975,9.01517,12.432
0,0.17,-0.1975,9.77813,12.432
0,0.1725,-0.1975,9.24711,12.448
0,0.175,-0.1975,8.64284,12.432
0,0.1775,-0.1975,8.44752,12.464
0,0.18,-0.1975,7.72118,12.416
0,0.1825,-0.1975,8.31324,12.464
0,0.185,-0.1975,8.65505,12.48
0,0.1875,-0.1975,8.09961,12.496
0,0.19,-0.1975,7.33055,12.512
0,0.1925,-0.1975,8.18506,12.528
0,0.195,-0.1975,8.09961,12.528
0,0.1975,-0.1975,6.97043,12.512
0,0.2,-0.1975,8.13623,12.544
0,-0.2,-0.195,7.0864,12.32
0,-0.1975,-0.195,7.63573,12.256
0,-0.195,-0.195,6.76901,12.288
0,-0.1925,-0.195,7.57469,12.256
0,-0.19,-0.195,7.57469,12.32
0,-0.1875,-0.195,7.36717,12.32
0,-0.185,-0.195,7.7517,12.288
0,-0.1825,-0.195,8.50856,12.288
0,-0.18,-0.195,8.0752,12.256
0,-0.1775,-0.195,7.89209,12.32
0,-0.175,-0.195,8.37428,12.272
0,-0.1725,-0.195,9.05179,12.304
0,-0.17,-0.195,9.11283,12.272
0,-0.1675,-0.195,9.17997,12.272
0,-0.165,-0.195,9.01517,12.272
0,-0.1625,-0.195,8.42311,12.256
0,-0.16,-0.195,9.28983,12.256
0,-0.1575,-0.195,10.7242,12.272
0,-0.155,-0.195,9.4058,12.256
0,-0.1525,-0.195,9.58892,12.24
0,-0.15,-0.195,9.47295,12.224
0,-0.1475,-0.195,10.7486,12.224
0,-0.145,-0.195,10.9012,12.256
0,-0.1425,-0.195,10.2176,12.272
0,-0.14,-0.195,10.2542,12.24
0,-0.1375,-0.195,10.9561,12.224
0,-0.135,-0.195,10.9317,12.224
0,-0.1325,-0.195,11.3346,12.256
0,-0.13,-0.195,10.9867,12.208
0,-0.1275,-0.195,11.3346,12.208
0,-0.125,-0.195,11.4933,12.224
0,-0.1225,-0.195,11.5482,12.224
0,-0.12,-0.195,11.298,12.208
0,-0.1175,-0.195,11.713,12.224
0,-0.115,-0.195,11.2491,12.208
0,-0.1125,-0.195,11.3712,12.176
0,-0.11,-0.195,13.3,12.24
0,-0.1075,-0.195,12.946,12.176
0,-0.105,-0.195,12.9826,12.16
0,-0.1025,-0.195,13.2023,12.16
0,-0.1,-0.195,13.4953,12.16
0,-0.0975,-0.195,13.1108,12.208
0,-0.095,-0.195,14.0019,12.224
0,-0.0925,-0.195,13.0314,12.192
0,-0.09,-0.195,14.0385,12.192
0,-0.0875,-0.195,14.0202,12.176
0,-0.085,-0.195,13.7333,12.16
0,-0.0825,-0.195,14.6611,12.192
0,-0.08,-0.195,14.4536,12.16
0,-0.0775,-0.195,15.9795,12.176
0,-0.075,-0.195,14.8991,12.176
0,-0.0725,-0.195,15.3081,12.192
0,-0.07,-0.195,14.7954,12.176
0,-0.0675,-0.195,16.9683,12.176
0,-0.065,-0.195,15.8879,12.192
0,-0.0625,-0.195,15.9551,12.16
0,-0.06,-0.195,18.0975,12.144
0,-0.0575,-0.195,16.1016,12.208
0,-0.055,-0.195,16.9683,12.176
0,-0.0525,-0.195,15.9917,12.144
0,-0.05,-0.195,15.9246,12.16
0,-0.0475,-0.195,16.4068,12.176
0,-0.045,-0.195,16.6814,12.16
0,-0.0425,-0.195,16.95,12.192
0,-0.04,-0.195,16.5654,12.16
0,-0.0375,-0.195,17.3345,12.16
0,-0.035,-0.195,16.2908,12.16
0,-0.0325,-0.195,16.8401,12.176
0,-0.03,-0.195,17.6641,12.176
0,-0.0275,-0.195,17.243,12.16
0,-0.025,-0.195,17.4444,12.176
0,-0.0225,-0.195,16.6814,12.144
0,-0.02,-0.195,17.8289,12.16
0,-0.0175,-0.195,17.5115,12.16
0,-0.015,-0.195,18.0059,12.144
0,-0.0125,-0.195,17.4749,12.176
0,-0.01,-0.195,16.9439,12.192
0,-0.0075,-0.195,17.5481,12.144
0,-0.005,-0.195,16.6204,12.16
0,-0.0025,-0.195,17.9449,12.192
0,0,-0.195,17.7618,12.16
0,0.0025,-0.195,16.6631,12.128
0,0.005,-0.195,18.1341,12.176
0,0.0075,-0.195,17.4505,12.16
0,0.01,-0.195,18.1402,12.192
0,0.0125,-0.195,18.3416,12.176
0,0.015,-0.195,18.4149,12.16
0,0.0175,-0.195,17.4566,12.192
0,0.02,-0.195,17.066,12.16
0,0.0225,-0.195,18.2012,12.176
0,0.025,-0.195,17.6824,12.176
0,0.0275,-0.195,17.5237,12.176
0,0.03,-0.195,18.0731,12.192
0,0.0325,-0.195,17.2491,12.176
0,0.035,-0.195,17.481,12.176
0,0.0375,-0.195,18.5614,12.192
0,0.04,-0.195,17.066,12.192
0,0.0425,-0.195,17.1941,12.192
0,0.045,-0.195,19.0924,12.192
0,0.0475,-0.195,17.8045,12.192
0,0.05,-0.195,17.6824,12.224
0,0.0525,-0.195,16.6265,12.192
0,0.055,-0.195,16.4434,12.224
0,0.0575,-0.195,16.5532,12.192
0,0.06,-0.195,16.6936,12.224
0,0.0625,-0.195,15.7659,12.224
0,0.065,-0.195,16.1748,12.208
0,0.0675,-0.195,17.0904,12.208
0,0.07,-0.195,15.6865,12.208
0,0.0725,-0.195,16.2847,12.208
0,0.075,-0.195,16.0039,12.224
0,0.0775,-0.195,15.3264,12.24
0,0.08,-0.195,16.1809,12.24
0,0.0825,-0.195,14.8442,12.24
0,0.085,-0.195,14.7526,12.224
0,0.0875,-0.195,15.0884,12.272
0,0.09,-0.195,14.7038,12.256
0,0.0925,-0.195,14.4658,12.24
0,0.095,-0.195,14.1179,12.224
0,0.0975,-0.195,14.478,12.24
0,0.1,-0.195,14.5451,12.256
0,0.1025,-0.195,14.6611,12.272
0,0.105,-0.195,14.0324,12.256
0,0.1075,-0.195,13.5075,12.272
0,0.11,-0.195,13.245,12.304
0,0.1125,-0.195,13.4342,12.256
0,0.115,-0.195,12.9643,12.32
0,0.1175,-0.195,12.3234,12.304
0,0.12,-0.195,12.9704,12.32
0,0.1225,-0.195,12.3112,12.304
0,0.125,-0.195,12.0304,12.288
0,0.1275,-0.195,12.4638,12.32
0,0.13,-0.195,12.1036,12.304
0,0.1325,-0.195,11.8046,12.32
0,0.135,-0.195,12.1097,12.32
0,0.1375,-0.195,12.183,12.352
0,0.14,-0.195,11.2125,12.352
0,0.1425,-0.195,11.5787,12.352
0,0.145,-0.195,10.7974,12.368
0,0.1475,-0.195,11.3041,12.384
0,0.15,-0.195,11.066,12.368
0,0.1525,-0.195,10.1627,12.432
0,0.155,-0.195,10.4801,12.384
0,0.1575,-0.195,10.0772,12.432
0,0.16,-0.195,10.2298,12.384
0,0.1625,-0.195,9.76592,12.432
0,0.165,-0.195,9.78423,12.4
0,0.1675,-0.195,9.82696,12.464
0,0.17,-0.195,9.29594,12.4
0,0.1725,-0.195,8.85037,12.416
0,0.175,-0.195,8.47194,12.432
0,0.1775,-0.195,8.75271,12.464
0,0.18,-0.195,8.5757,12.448
0,0.1825,-0.195,9.99786,12.416
0,0.185,-0.195,8.2522,12.416
0,0.1875,-0.195,7.87988,12.432
0,0.19,-0.195,8.34986,12.464
0,0.1925,-0.195,7.18406,12.464
0,0.195,-0.195,8.67336,12.464
0,0.1975,-0.195,7.80663,12.48
0,0.2,-0.195,7.4221,12.528
0,-0.2,-0.1925,7.0925,12.272
0,-0.1975,-0.1925,6.17695,12.128
0,-0.195,-0.1925,7.51366,12.288
0,-0.1925,-0.1925,7.45872,12.288
0,-0.19,-0.1925,7.67846,12.272
0,-0.1875,-0.1925,7.21458,12.288
0,-0.185,-0.1925,8.22779,12.288
0,-0.1825,-0.1925,7.96533,12.288
0,-0.18,-0.1925,8.27662,12.288
0,-0.1775,-0.1925,8.28272,12.256
0,-0.175,-0.1925,7.68456,12.256
0,-0.1725,-0.1925,8.75881,12.256
0,-0.17,-0.1925,7.83715,12.288
0,-0.1675,-0.1925,8.52687,12.288
0,-0.165,-0.1925,8.71609,12.272
0,-0.1625,-0.1925,9.18607,12.224
0,-0.16,-0.1925,8.86868,12.24
0,-0.1575,-0.1925,9.78423,12.24
0,-0.155,-0.1925,10.4373,12.24
0,-0.1525,-0.1925,9.11893,12.224
0,-0.15,-0.1925,10.2298,12.224
0,-0.1475,-0.1925,10.1871,12.224
0,-0.145,-0.1925,10.0101,12.224
0,-0.1425,-0.1925,9.91852,12.208
0,-0.14,-0.1925,11.066,12.224
0,-0.1375,-0.1925,10.8097,12.192
0,-0.135,-0.1925,11.6276,12.192
0,-0.1325,-0.1925,11.3773,12.224
0,-0.13,-0.1925,12.1403,12.192
0,-0.1275,-0.1925,12.006,12.192
0,-0.125,-0.1925,12.0792,12.192
0,-0.1225,-0.1925,11.6459,12.176
0,-0.12,-0.1925,12.3112,12.192
0,-0.1175,-0.1925,12.2623,12.192
0,-0.115,-0.1925,12.946,12.208
0,-0.1125,-0.1925,12.7567,12.192
0,-0.11,-0.1925,13.3671,12.176
0,-0.1075,-0.1925,13.007,12.176
0,-0.105,-0.1925,13.5502,12.176
0,-0.1025,-0.1925,13.422,12.176
0,-0.1,-0.1925,13.4465,12.144
0,-0.0975,-0.1925,13.599,12.192
0,-0.095,-0.1925,14.0263,12.192
0,-0.0925,-0.1925,13.2878,12.176
0,-0.09,-0.1925,14.8015,12.16
0,-0.0875,-0.1925,14.1423,12.16
0,-0.085,-0.1925,14.4536,12.16
0,-0.0825,-0.1925,14.8259,12.144
0,-0.08,-0.1925,14.8503,12.16
0,-0.0775,-0.1925,15.1433,12.176
0,-0.075,-0.1925,15.125,12.192
0,-0.0725,-0.1925,15.3813,12.176
0,-0.07,-0.1925,16.0649,12.176
0,-0.0675,-0.1925,16.2908,12.144
0,-0.065,-0.1925,16.5532,12.176
0,-0.0625,-0.1925,15.4973,12.176
0,-0.06,-0.1925,15.4118,12.176
0,-0.0575,-0.1925,16.4739,12.176
0,-0.055,-0.1925,17.5787,12.16
0,-0.0525,-0.1925,16.7364,12.128
0,-0.05,-0.1925,17.4444,12.16
0,-0.0475,-0.1925,17.4139,12.16
0,-0.045,-0.1925,17.3284,12.16
0,-0.0425,-0.1925,17.5054,12.192
0,-0.04,-0.1925,17.1087,12.144
0,-0.0375,-0.1925,16.6326,12.16
0,-0.035,-0.1925,19.0435,12.16
0,-0.0325,-0.1925,17.9205,12.176
0,-0.03,-0.1925,17.0293,12.16
0,-0.0275,-0.1925,17.6153,12.144
0,-0.025,-0.1925,17.188,12.16
0,-0.0225,-0.1925,18.1951,12.128
0,-0.02,-0.1925,17.3711,12.128
0,-0.0175,-0.1925,17.9571,12.16
0,-0.015,-0.1925,17.658,12.128
0,-0.0125,-0.1925,18.7201,12.16
0,-0.01,-0.1925,17.9266,12.128
0,-0.0075,-0.1925,17.1819,12.144
0,-0.005,-0.1925,17.658,12.16
0,-0.0025,-0.1925,17.9083,12.144
0,0,-0.1925,17.8655,12.144
0,0.0025,-0.1925,18.0303,12.176
0,0.005,-0.1925,18.1036,12.16
0,0.0075,-0.1925,18.7872,12.16
0,0.01,-0.1925,18.7201,12.16
0,0.0125,-0.1925,18.8238,12.16
0,0.015,-0.1925,18.1463,12.16
0,0.0175,-0.1925,18.0975,12.16
0,0.02,-0.1925,19.2389,12.16
0,0.0225,-0.1925,17.9815,12.176
0,0.025,-0.1925,19.2511,12.176
0,0.0275,-0.1925,17.7068,12.16
0,0.03,-0.1925,18.2501,12.176
0,0.0325,-0.1925,17.5604,12.176
0,0.035,-0.1925,18.6407,12.176
0,0.0375,-0.1925,18.4942,12.176
0,0.04,-0.1925,18.659,12.176
0,0.0425,-0.1925,18.2012,12.176
0,0.045,-0.1925,17.6519,12.16
0,0.0475,-0.1925,18.1829,12.192
0,0.05,-0.1925,17.5176,12.192
0,0.0525,-0.1925,18.1036,12.208
0,0.055,-0.1925,18.2562,12.176
0,0.0575,-0.1925,17.5665,12.192
0,0.06,-0.1925,16.5288,12.208
0,0.0625,-0.1925,16.773,12.192
0,0.065,-0.1925,17.8777,12.176
0,0.0675,-0.1925,15.894,12.208
0,0.07,-0.1925,16.6448,12.224
0,0.0725,-0.1925,16.6692,12.208
0,0.075,-0.1925,16.541,12.208
0,0.0775,-0.1925,15.7231,12.208
0,0.08,-0.1925,15.7903,12.224
0,0.0825,-0.1925,15.0578,12.224
0,0.085,-0.1925,14.8137,12.24
0,0.0875,-0.1925,15.8696,12.224
0,0.09,-0.1925,14.6245,12.224
0,0.0925,-0.1925,14.5878,12.224
0,0.095,-0.1925,14.9419,12.208
0,0.0975,-0.1925,14.716,12.24
0,0.1,-0.1925,15.4363,12.24
0,0.1025,-0.1925,14.185,12.256
0,0.105,-0.1925,14.3071,12.256
0,0.1075,-0.1925,14.1667,12.288
0,0.11,-0.1925,14.4353,12.256
0,0.1125,-0.1925,13.3366,12.288
0,0.115,-0.1925,13.5258,12.304
0,0.1175,-0.1925,13.6418,12.304
0,0.12,-0.1925,13.6113,12.272
0,0.1225,-0.1925,13.6113,12.272
0,0.125,-0.1925,13.4159,12.304
0,0.1275,-0.1925,12.4821,12.304
0,0.13,-0.1925,11.829,12.288
0,0.1325,-0.1925,12.6225,12.32
0,0.135,-0.1925,12.9215,12.304
0,0.1375,-0.1925,11.774,12.352
0,0.14,-0.1925,11.243,12.352
0,0.1425,-0.1925,10.9134,12.352
0,0.145,-0.1925,11.6398,12.352
0,0.1475,-0.1925,10.5228,12.352
0,0.15,-0.1925,10.8463,12.352
0,0.1525,-0.1925,10.0589,12.368
0,0.155,-0.1925,10.3519,12.352
0,0.1575,-0.1925,10.3458,12.4
0,0.16,-0.1925,10.0589,12.4
0,0.1625,-0.1925,9.79034,12.4
0,0.165,-0.1925,9.97955,12.4
0,0.1675,-0.1925,9.76592,12.384
0,0.17,-0.1925,9.50346,12.4
0,0.1725,-0.1925,10.1688,12.4
0,0.175,-0.1925,9.3997,12.416
0,0.1775,-0.1925,9.13114,12.432
0,0.18,-0.1925,9.03958,12.464
0,0.1825,-0.1925,8.35597,12.464
0,0.185,-0.1925,8.50246,12.464
0,0.1875,-0.1925,8.51466,12.432
0,0.19,-0.1925,9.09452,12.48
0,0.1925,-0.1925,8.21558,12.512
0,0.195,-0.1925,7.44041,12.496
0,0.1975,-0.1925,6.7629,12.48
0,0.2,-0.1925,8.01416,12.528
0,-0.2,-0.19,6.85446,12.272
0,-0.1975,-0.19,7.62352,12.272
0,-0.195,-0.19,7.31223,12.256
0,-0.1925,-0.19,8.0752,12.24
0,-0.19,-0.19,7.26341,12.304
0,-0.1875,-0.19,7.63573,12.304
0,-0.185,-0.19,8.33766,12.256
0,-0.1825,-0.19,8.27052,13.584
0,-0.18,-0.19,8.46583,12.224
0,-0.1775,-0.19,8.52687,12.224
0,-0.175,-0.19,8.45973,12.256
0,-0.1725,-0.19,8.81985,12.256
0,-0.17,-0.19,9.0701,12.24
0,-0.1675,-0.19,9.69268,12.24
0,-0.165,-0.19,9.2288,12.256
0,-0.1625,-0.19,9.60723,12.224
0,-0.16,-0.19,9.01517,12.24
0,-0.1575,-0.19,9.67437,12.224
0,-0.155,-0.19,9.63164,12.208
0,-0.1525,-0.19,10.4312,12.208
0,-0.15,-0.19,10.358,12.24
0,-0.1475,-0.19,10.7547,12.208
0,-0.145,-0.19,10.2481,12.208
0,-0.1425,-0.19,10.4312,12.192
0,-0.14,-0.19,11.1087,12.24
0,-0.1375,-0.19,10.4923,12.208
0,-0.135,-0.19,11.6398,12.192
0,-0.1325,-0.19,12.1342,12.208
0,-0.13,-0.19,12.6713,12.224
0,-0.1275,-0.19,11.9694,12.192
0,-0.125,-0.19,12.006,12.192
0,-0.1225,-0.19,12.1952,12.176
0,-0.12,-0.19,12.6469,12.144
0,-0.1175,-0.19,13.0985,12.176
0,-0.115,-0.19,13.6113,12.16
0,-0.1125,-0.19,13.0314,12.144
0,-0.11,-0.19,13.2511,12.192
0,-0.1075,-0.19,13.0741,12.16
0,-0.105,-0.19,12.8666,12.208
0,-0.1025,-0.19,13.422,12.16
0,-0.1,-0.19,13.9348,12.16
0,-0.0975,-0.19,14.6916,12.144
0,-0.095,-0.19,14.8259,12.16
0,-0.0925,-0.19,15.0273,12.16
0,-0.09,-0.19,14.6062,12.16
0,-0.0875,-0.19,14.8686,12.16
0,-0.085,-0.19,14.8442,12.176
0,-0.0825,-0.19,15.5095,12.128
0,-0.08,-0.19,15.0945,12.144
0,-0.0775,-0.19,16.1382,12.144
0,-0.075,-0.19,16.126,12.144
0,-0.0725,-0.19,16.071,12.16
0,-0.07,-0.19,15.1311,12.128
0,-0.0675,-0.19,16.7486,12.144
0,-0.065,-0.19,17.243,12.176
0,-0.0625,-0.19,16.5838,12.16
0,-0.06,-0.19,17.835,12.144
0,-0.0575,-0.19,17.7557,12.144
0,-0.055,-0.19,17.1697,12.16
0,-0.0525,-0.19,17.6031,12.16
0,-0.05,-0.19,17.5665,12.128
0,-0.0475,-0.19,17.597,12.144
0,-0.045,-0.19,17.3406,12.144
0,-0.0425,-0.19,17.1575,12.16
0,-0.04,-0.19,17.7923,12.144
0,-0.0375,-0.19,17.5848,12.144
0,-0.035,-0.19,17.719,12.16
0,-0.0325,-0.19,18.9154,12.144
0,-0.03,-0.19,17.7252,12.112
0,-0.0275,-0.19,17.7862,12.112
0,-0.025,-0.19,17.8961,12.112
0,-0.0225,-0.19,17.8228,12.144
0,-0.02,-0.19,18.9642,12.16
0,-0.0175,-0.19,18.3233,12.16
0,-0.015,-0.19,18.7933,12.128
0,-0.0125,-0.19,18.7811,12.144
0,-0.01,-0.19,19.2206,12.128
0,-0.0075,-0.19,19.0619,12.112
0,-0.005,-0.19,19.1961,12.144
0,-0.0025,-0.19,18.1951,12.096
0,0,-0.19,18.8543,12.144
0,0.0025,-0.19,18.6163,12.144
0,0.005,-0.19,18.1097,12.144
0,0.0075,-0.19,18.6285,12.144
0,0.01,-0.19,19.4891,12.16
0,0.0125,-0.19,18.6102,12.16
0,0.015,-0.19,19.1778,12.144
0,0.0175,-0.19,18.7872,12.144
0,0.02,-0.19,18.6224,12.16
0,0.0225,-0.19,19.9164,12.16
0,0.025,-0.19,18.0486,12.144
0,0.0275,-0.19,18.2012,12.144
0,0.03,-0.19,18.9215,12.144
0,0.0325,-0.19,18.2318,12.144
0,0.035,-0.19,18.3599,12.16
0,0.0375,-0.19,18.6529,12.144
0,0.04,-0.19,18.4698,12.16
0,0.0425,-0.19,18.5614,12.192
0,0.045,-0.19,18.659,12.176
0,0.0475,-0.19,17.2063,12.192
0,0.05,-0.19,18.2928,12.16
0,0.0525,-0.19,17.1453,12.16
0,0.055,-0.19,17.5604,12.176
0,0.0575,-0.19,17.6153,12.192
0,0.06,-0.19,16.8035,12.192
0,0.0625,-0.19,16.6143,12.192
0,0.065,-0.19,17.1026,12.176
0,0.0675,-0.19,16.8157,12.208
0,0.07,-0.19,17.1148,12.176
0,0.0725,-0.19,17.9205,12.176
0,0.075,-0.19,17.1209,12.176
0,0.0775,-0.19,16.6326,12.192
0,0.08,-0.19,16.4861,12.192
0,0.0825,-0.19,16.1077,12.208
0,0.085,-0.19,16.2236,12.208
0,0.0875,-0.19,15.0761,12.24
0,0.09,-0.19,14.9113,12.208
0,0.0925,-0.19,15.2654,12.224
0,0.095,-0.19,15.5644,12.24
0,0.0975,-0.19,14.9113,12.208
0,0.1,-0.19,14.4963,12.224
0,0.1025,-0.19,14.7832,12.224
0,0.105,-0.19,15.4607,12.224
0,0.1075,-0.19,14.3742,12.24
0,0.11,-0.19,14.2888,12.24
0,0.1125,-0.19,13.5014,12.224
0,0.115,-0.19,13.7944,12.272
0,0.1175,-0.19,12.653,12.32
0,0.12,-0.19,13.123,12.272
0,0.1225,-0.19,12.2013,12.272
0,0.125,-0.19,12.9398,12.272
0,0.1275,-0.19,12.5431,12.304
0,0.13,-0.19,12.006,12.288
0,0.1325,-0.19,12.0975,12.272
0,0.135,-0.19,12.2684,12.32
0,0.1375,-0.19,12.1708,12.352
0,0.14,-0.19,11.2918,12.336
0,0.1425,-0.19,11.298,12.336
0,0.145,-0.19,10.9195,12.4
0,0.1475,-0.19,10.9867,12.336
0,0.15,-0.19,10.651,12.352
0,0.1525,-0.19,11.1087,12.336
0,0.155,-0.19,11.1759,12.368
0,0.1575,-0.19,10.7486,12.4
0,0.16,-0.19,10.8402,12.416
0,0.1625,-0.19,10.2359,12.336
0,0.165,-0.19,9.7232,12.416
0,0.1675,-0.19,9.25932,12.416
0,0.17,-0.19,9.28373,12.384
0,0.1725,-0.19,8.9114,12.4
0,0.175,-0.19,8.92972,12.4
0,0.1775,-0.19,9.20438,12.432
0,0.18,-0.19,9.46684,12.416
0,0.1825,-0.19,9.20438,12.448
0,0.185,-0.19,8.11182,12.448
0,0.1875,-0.19,8.30103,12.48
0,0.19,-0.19,8.39259,12.48
0,0.1925,-0.19,8.25831,12.416
0,0.195,-0.19,8.47194,12.432
0,0.1975,-0.19,8.03858,12.448
0,0.2,-0.19,7.51366,12.48
0,-0.2,-0.1875,8.69778,12.224
0,-0.1975,-0.1875,6.61031,13.696
0,-0.195,-0.1875,6.68355,12.24
0,-0.1925,-0.1875,7.38548,12.256
0,-0.19,-0.1875,8.34986,12.288
0,-0.1875,-0.1875,7.95923,12.24
0,-0.185,-0.1875,8.06299,12.24
0,-0.1825,-0.1875,8.0752,12.256
0,-0.18,-0.1875,8.47804,12.272
0,-0.1775,-0.1875,8.5818,12.208
0,-0.175,-0.1875,8.4109,12.24
0,-0.1725,-0.1875,8.92361,12.256
0,-0.17,-0.1875,8.417,12.24
0,-0.1675,-0.1875,9.32035,12.192
0,-0.165,-0.1875,9.83306,12.224
0,-0.1625,-0.1875,9.47905,12.224
0,-0.16,-0.1875,9.87579,12.256
0,-0.1575,-0.1875,10.3214,12.208
0,-0.155,-0.1875,10.3336,12.224
0,-0.1525,-0.1875,10.1688,12.224
0,-0.15,-0.1875,9.37529,12.24
0,-0.1475,-0.1875,10.7181,12.208
0,-0.145,-0.1875,10.0345,12.176
0,-0.1425,-0.1875,11.0416,12.208
0,-0.14,-0.1875,11.1454,12.208
0,-0.1375,-0.1875,12.4088,12.192
0,-0.135,-0.1875,12.4332,12.192
0,-0.1325,-0.1875,12.2806,12.16
0,-0.13,-0.1875,11.9877,12.176
0,-0.1275,-0.1875,12.6652,12.16
0,-0.125,-0.1875,12.7689,12.16
0,-0.1225,-0.1875,12.2257,12.176
0,-0.12,-0.1875,13.6601,12.208
0,-0.1175,-0.1875,12.0975,12.192
0,-0.115,-0.1875,13.3183,12.16
0,-0.1125,-0.1875,12.7201,12.176
0,-0.11,-0.1875,13.2572,12.128
0,-0.1075,-0.1875,14.5573,12.16
0,-0.105,-0.1875,13.9531,12.128
0,-0.1025,-0.1875,14.301,12.144
0,-0.1,-0.1875,14.8137,12.128
0,-0.0975,-0.1875,14.3681,12.144
0,-0.095,-0.1875,14.5573,12.128
0,-0.0925,-0.1875,14.6367,12.128
0,-0.09,-0.1875,15.54,12.112
0,-0.0875,-0.1875,15.0945,12.128
0,-0.085,-0.1875,15.125,12.16
0,-0.0825,-0.1875,15.5156,12.112
0,-0.08,-0.1875,16.3762,12.128
0,-0.0775,-0.1875,16.6448,12.16
0,-0.075,-0.1875,15.6743,12.112
0,-0.0725,-0.1875,16.3457,12.16
0,-0.07,-0.1875,16.8218,12.128
0,-0.0675,-0.1875,17.2185,12.128
0,-0.065,-0.1875,17.2491,12.112
0,-0.0625,-0.1875,17.3894,12.144
0,-0.06,-0.1875,17.481,12.144
0,-0.0575,-0.1875,17.8655,12.128
0,-0.055,-0.1875,17.2979,12.16
0,-0.0525,-0.1875,17.597,12.144
0,-0.05,-0.1875,17.1331,12.128
0,-0.0475,-0.1875,18.2745,12.128
0,-0.045,-0.1875,18.3294,12.112
0,-0.0425,-0.1875,18.3233,12.144
0,-0.04,-0.1875,18.9581,12.128
0,-0.0375,-0.1875,18.2745,12.128
0,-0.035,-0.1875,18.6285,12.128
0,-0.0325,-0.1875,19.306,12.128
0,-0.03,-0.1875,19.5135,12.112
0,-0.0275,-0.1875,18.5797,12.144
0,-0.025,-0.1875,20.3436,12.128
0,-0.0225,-0.1875,19.5135,12.128
0,-0.02,-0.1875,18.9215,12.112
0,-0.0175,-0.1875,19.6844,12.128
0,-0.015,-0.1875,20.191,12.144
0,-0.0125,-0.1875,18.9093,12.144
0,-0.01,-0.1875,18.8604,12.144
0,-0.0075,-0.1875,19.4525,12.144
0,-0.005,-0.1875,18.9825,12.144
0,-0.0025,-0.1875,19.4464,12.112
0,0,-0.1875,18.0364,12.112
0,0.0025,-0.1875,19.715,12.128
0,0.005,-0.1875,19.6844,12.112
0,0.0075,-0.1875,18.6651,12.16
0,0.01,-0.1875,19.599,12.112
0,0.0125,-0.1875,19.7394,12.144
0,0.015,-0.1875,19.0558,12.112
0,0.0175,-0.1875,18.7567,12.144
0,0.02,-0.1875,19.2511,12.144
0,0.0225,-0.1875,19.3609,12.144
0,0.025,-0.1875,19.7211,12.144
0,0.0275,-0.1875,17.7618,12.176
0,0.03,-0.1875,19.9896,12.128
0,0.0325,-0.1875,18.1158,12.16
0,0.035,-0.1875,18.8787,12.16
0,0.0375,-0.1875,20.2948,12.16
0,0.04,-0.1875,18.6529,12.176
0,0.0425,-0.1875,18.3172,12.16
0,0.045,-0.1875,18.5247,12.176
0,0.0475,-0.1875,18.6285,12.16
0,0.05,-0.1875,18.2745,12.192
0,0.0525,-0.1875,18.0731,12.16
0,0.055,-0.1875,17.9937,12.144
0,0.0575,-0.1875,17.5848,12.16
0,0.06,-0.1875,16.6448,12.16
0,0.0625,-0.1875,17.6153,12.192
0,0.065,-0.1875,16.7974,12.176
0,0.0675,-0.1875,17.0049,12.176
0,0.07,-0.1875,16.8218,12.208
0,0.0725,-0.1875,17.9632,12.16
0,0.075,-0.1875,16.1016,12.24
0,0.0775,-0.1875,16.1077,12.208
0,0.08,-0.1875,16.1504,12.208
0,0.0825,-0.1875,17.4993,12.208
0,0.085,-0.1875,15.5034,12.192
0,0.0875,-0.1875,15.6255,12.208
0,0.09,-0.1875,16.6021,12.208
0,0.0925,-0.1875,15.54,12.24
0,0.095,-0.1875,14.8564,12.224
0,0.0975,-0.1875,15.7353,12.224
0,0.1,-0.1875,14.4353,12.24
0,0.1025,-0.1875,15.0151,12.224
0,0.105,-0.1875,15.4607,12.256
0,0.1075,-0.1875,14.0996,12.208
0,0.11,-0.1875,14.0202,12.272
0,0.1125,-0.1875,14.1118,12.256
0,0.115,-0.1875,13.7333,12.272
0,0.1175,-0.1875,13.8554,12.256
0,0.12,-0.1875,14.1301,12.256
0,0.1225,-0.1875,12.9398,12.272
0,0.125,-0.1875,14.1606,12.288
0,0.1275,-0.1875,12.6896,12.32
0,0.13,-0.1875,12.5187,12.288
0,0.1325,-0.1875,12.6164,12.304
0,0.135,-0.1875,13.1169,12.32
0,0.1375,-0.1875,12.7079,12.304
0,0.14,-0.1875,11.4078,12.32
0,0.1425,-0.1875,12.122,12.304
0,0.145,-0.1875,11.8473,12.304
0,0.1475,-0.1875,11.2369,12.336
0,0.15,-0.1875,10.9073,12.352
0,0.1525,-0.1875,11.0843,12.32
0,0.155,-0.1875,10.5777,12.368
0,0.1575,-0.1875,10.5899,12.384
0,0.16,-0.1875,11.2125,12.368
0,0.1625,-0.1875,10.0528,12.384
0,0.165,-0.1875,10.126,12.384
0,0.1675,-0.1875,9.95514,12.384
0,0.17,-0.1875,10.5289,12.352
0,0.1725,-0.1875,9.45463,12.4
0,0.175,-0.1875,9.2349,12.4
0,0.1775,-0.1875,9.66826,12.416
0,0.18,-0.1875,8.79543,12.4
0,0.1825,-0.1875,9.58281,12.448
0,0.185,-0.1875,8.28272,12.4
0,0.1875,-0.1875,8.67336,12.448
0,0.19,-0.1875,9.04569,12.448
0,0.1925,-0.1875,8.7405,13.76
0,0.195,-0.1875,8.52077,12.432
0,0.1975,-0.1875,7.47093,12.48
0,0.2,-0.1875,8.03858,12.448
0,-0.2,-0.185,7.77001,12.192
0,-0.1975,-0.185,7.57469,12.24
0,-0.195,-0.185,7.86767,12.256
0,-0.1925,-0.185,8.00806,13.584
0,-0.19,-0.185,8.32545,12.256
0,-0.1875,-0.185,7.70898,12.288
0,-0.185,-0.185,7.48314,12.24
0,-0.1825,-0.185,8.31324,12.224
0,-0.18,-0.185,9.34477,12.208
0,-0.1775,-0.185,8.2522,12.24
0,-0.175,-0.185,8.81375,12.208
0,-0.1725,-0.185,10.0284,12.24
0,-0.17,-0.185,8.66726,12.208
0,-0.1675,-0.185,10.2725,12.224
0,-0.165,-0.185,10.3824,12.208
0,-0.1625,-0.185,9.82086,12.224
0,-0.16,-0.185,9.97345,12.224
0,-0.1575,-0.185,10.6021,12.192
0,-0.155,-0.185,10.2725,12.224
0,-0.1525,-0.185,10.6326,12.208
0,-0.15,-0.185,11.7924,12.224
0,-0.1475,-0.185,10.5045,12.192
0,-0.145,-0.185,11.3041,12.176
0,-0.1425,-0.185,10.7974,12.192
0,-0.14,-0.185,11.3773,12.176
0,-0.1375,-0.185,11.6459,12.176
0,-0.135,-0.185,11.9327,12.176
0,-0.1325,-0.185,11.7313,12.176
0,-0.13,-0.185,12.0304,12.16
0,-0.1275,-0.185,12.5187,12.16
0,-0.125,-0.185,11.5787,12.192
0,-0.1225,-0.185,13.1108,12.176
0,-0.12,-0.185,13.0985,12.144
0,-0.1175,-0.185,13.6418,12.176
0,-0.115,-0.185,13.6235,12.128
0,-0.1125,-0.185,13.8554,12.112
0,-0.11,-0.185,13.5563,12.128
0,-0.1075,-0.185,13.5563,12.144
0,-0.105,-0.185,14.0629,12.112
0,-0.1025,-0.185,15.5583,12.128
0,-0.1,-0.185,14.5756,12.144
0,-0.0975,-0.185,14.8259,12.144
0,-0.095,-0.185,16.0039,12.16
0,-0.0925,-0.185,15.5095,12.128
0,-0.09,-0.185,16.4006,12.128
0,-0.0875,-0.185,15.8635,12.128
0,-0.085,-0.185,15.9917,12.128
0,-0.0825,-0.185,16.4739,12.128
0,-0.08,-0.185,16.2236,12.128
0,-0.0775,-0.185,16.1809,12.096
0,-0.075,-0.185,17.011,12.096
0,-0.0725,-0.185,17.3894,12.112
0,-0.07,-0.185,16.8584,12.144
0,-0.0675,-0.185,17.5054,12.128
0,-0.065,-0.185,18.5369,12.128
0,-0.0625,-0.185,17.7496,12.144
0,-0.06,-0.185,17.89,12.144
0,-0.0575,-0.185,17.9083,12.128
0,-0.055,-0.185,18.1341,12.128
0,-0.0525,-0.185,18.482,12.096
0,-0.05,-0.185,18.2501,12.112
0,-0.0475,-0.185,18.6895,12.112
0,-0.045,-0.185,18.1036,12.112
0,-0.0425,-0.185,18.9886,12.112
0,-0.04,-0.185,18.2684,12.112
0,-0.0375,-0.185,19.1046,12.128
0,-0.035,-0.185,19.0069,12.112
0,-0.0325,-0.185,18.5003,12.144
0,-0.03,-0.185,20.2094,12.096
0,-0.0275,-0.185,19.2328,12.144
0,-0.025,-0.185,19.4891,12.112
0,-0.0225,-0.185,19.2145,12.112
0,-0.02,-0.185,20.014,12.112
0,-0.0175,-0.185,21.0273,12.096
0,-0.015,-0.185,19.5379,12.096
0,-0.0125,-0.185,20.7221,12.144
0,-0.01,-0.185,19.599,12.128
0,-0.0075,-0.185,19.8187,12.112
0,-0.005,-0.185,19.9835,12.112
0,-0.0025,-0.185,19.5074,12.112
0,0,-0.185,18.775,12.128
0,0.0025,-0.185,19.0863,12.144
0,0.005,-0.185,19.5074,12.112
0,0.0075,-0.185,19.2938,12.16
0,0.01,-0.185,19.4037,12.128
0,0.0125,-0.185,20.0507,12.128
0,0.015,-0.185,20.9174,12.128
0,0.0175,-0.185,19.1656,12.128
0,0.02,-0.185,19.837,12.112
0,0.0225,-0.185,19.5807,12.128
0,0.025,-0.185,20.5023,12.16
0,0.0275,-0.185,19.6356,12.112
0,0.03,-0.185,20.13,12.144
0,0.0325,-0.185,19.6417,12.144
0,0.035,-0.185,19.068,12.144
0,0.0375,-0.185,18.7689,12.128
0,0.04,-0.185,19.7577,12.144
0,0.0425,-0.185,19.5379,12.144
0,0.045,-0.185,19.0497,12.16
0,0.0475,-0.185,18.6895,12.16
0,0.05,-0.185,17.9998,12.16
0,0.0525,-0.185,18.7017,12.16
0,0.055,-0.185,18.5858,12.176
0,0.0575,-0.185,18.6346,12.176
0,0.06,-0.185,17.8594,12.16
0,0.0625,-0.185,17.6153,12.144
0,0.065,-0.185,17.1209,12.176
0,0.0675,-0.185,17.2124,12.176
0,0.07,-0.185,17.597,12.192
0,0.0725,-0.185,17.7801,12.176
0,0.075,-0.185,17.4322,12.16
0,0.0775,-0.185,17.6214,12.176
0,0.08,-0.185,16.8828,12.192
0,0.0825,-0.185,16.2236,12.176
0,0.085,-0.185,17.2613,12.176
0,0.0875,-0.185,16.4129,12.192
0,0.09,-0.185,15.8513,12.208
0,0.0925,-0.185,15.9185,12.192
0,0.095,-0.185,15.9856,12.208
0,0.0975,-0.185,15.2776,12.224
0,0.1,-0.185,15.0273,12.192
0,0.1025,-0.185,15.1677,12.24
0,0.105,-0.185,14.8381,12.224
0,0.1075,-0.185,15.4851,12.24
0,0.11,-0.185,13.6845,12.24
0,0.1125,-0.185,14.0263,12.24
0,0.115,-0.185,13.9225,12.224
0,0.1175,-0.185,13.8798,12.24
0,0.12,-0.185,13.3549,12.24
0,0.1225,-0.185,13.6784,12.256
0,0.125,-0.185,13.3976,12.272
0,0.1275,-0.185,12.7934,12.256
0,0.13,-0.185,12.9215,12.288
0,0.1325,-0.185,13.5075,12.288
0,0.135,-0.185,12.5736,12.288
0,0.1375,-0.185,12.5492,12.304
0,0.14,-0.185,12.1952,12.32
0,0.1425,-0.185,11.9938,12.336
0,0.145,-0.185,11.597,12.304
0,0.1475,-0.185,11.8961,12.32
0,0.15,-0.185,11.6398,12.352
0,0.1525,-0.185,11.2247,12.32
0,0.155,-0.185,11.2003,12.336
0,0.1575,-0.185,9.32646,12.352
0,0.16,-0.185,10.1566,12.368
0,0.1625,-0.185,10.0955,12.352
0,0.165,-0.185,10.1871,12.368
0,0.1675,-0.185,10.1505,12.4
0,0.17,-0.185,9.33866,12.384
0,0.1725,-0.185,9.77813,12.416
0,0.175,-0.185,10.0955,12.352
0,0.1775,-0.185,9.94903,12.384
0,0.18,-0.185,8.92972,12.384
0,0.1825,-0.185,8.42921,12.384
0,0.185,-0.185,8.5757,12.432
0,0.1875,-0.185,8.88699,12.432
0,0.19,-0.185,8.75271,12.448
0,0.1925,-0.185,8.69778,12.416
0,0.195,-0.185,7.87378,12.4
0,0.1975,-0.185,7.72118,12.416
0,0.2,-0.185,8.14234,12.448
0,-0.2,-0.1825,7.62963,12.24
0,-0.1975,-0.1825,7.85546,12.208
0,-0.195,-0.1825,7.97143,12.24
0,-0.1925,-0.1825,7.70287,12.288
0,-0.19,-0.1825,7.75781,12.272
0,-0.1875,-0.1825,9.04569,12.24
0,-0.185,-0.1825,8.5757,12.224
0,-0.1825,-0.1825,8.22169,12.256
0,-0.18,-0.1825,9.35087,12.192
0,-0.1775,-0.1825,8.88089,12.208
0,-0.175,-0.1825,8.93582,12.208
0,-0.1725,-0.1825,9.60723,12.208
0,-0.17,-0.1825,9.43632,12.256
0,-0.1675,-0.1825,10.7486,12.208
0,-0.165,-0.1825,9.63775,12.208
0,-0.1625,-0.1825,9.42412,12.192
0,-0.16,-0.1825,10.126,12.208
0,-0.1575,-0.1825,9.91852,12.24
0,-0.155,-0.1825,10.6571,12.208
0,-0.1525,-0.1825,10.0833,12.176
0,-0.15,-0.1825,10.651,12.208
0,-0.1475,-0.1825,10.8097,12.176
0,-0.145,-0.1825,11.127,12.176
0,-0.1425,-0.1825,11.3407,12.16
0,-0.14,-0.1825,11.597,12.192
0,-0.1375,-0.1825,12.8788,12.176
0,-0.135,-0.1825,12.1158,12.16
0,-0.1325,-0.1825,11.9327,12.144
0,-0.13,-0.1825,12.6041,12.144
0,-0.1275,-0.1825,12.5309,12.128
0,-0.125,-0.1825,12.9704,12.16
0,-0.1225,-0.1825,13.7089,12.128
0,-0.12,-0.1825,15.1616,12.176
0,-0.1175,-0.1825,13.3366,12.112
0,-0.115,-0.1825,13.1962,12.128
0,-0.1125,-0.1825,14.3803,12.16
0,-0.11,-0.1825,14.0629,12.144
0,-0.1075,-0.1825,14.5512,12.128
0,-0.105,-0.1825,14.8137,12.16
0,-0.1025,-0.1825,14.5451,12.16
0,-0.1,-0.1825,15.5766,12.096
0,-0.0975,-0.1825,15.4912,12.128
0,-0.095,-0.1825,14.7954,12.128
0,-0.0925,-0.1825,15.4607,12.144
0,-0.09,-0.1825,16.0955,12.16
0,-0.0875,-0.1825,16.1016,12.128
0,-0.085,-0.1825,15.0822,12.16
0,-0.0825,-0.1825,16.4373,12.128
0,-0.08,-0.1825,15.7781,12.112
0,-0.0775,-0.1825,17.2124,12.112
0,-0.075,-0.1825,17.0232,12.096
0,-0.0725,-0.1825,17.3772,12.16
0,-0.07,-0.1825,18.2012,12.112
0,-0.0675,-0.1825,16.9988,12.16
0,-0.065,-0.1825,17.6458,12.144
0,-0.0625,-0.1825,18.0303,12.112
0,-0.06,-0.1825,17.9266,12.096
0,-0.0575,-0.1825,18.952,12.096
0,-0.055,-0.1825,18.6529,12.112
0,-0.0525,-0.1825,19.1961,12.144
0,-0.05,-0.1825,18.9886,12.128
0,-0.0475,-0.1825,18.6651,12.128
0,-0.045,-0.1825,18.5553,12.112
0,-0.0425,-0.1825,19.2022,12.144
0,-0.04,-0.1825,19.9286,12.128
0,-0.0375,-0.1825,19.599,12.112
0,-0.035,-0.1825,19.4037,12.096
0,-0.0325,-0.1825,20.0995,12.128
0,-0.03,-0.1825,19.892,12.096
0,-0.0275,-0.1825,19.8553,12.128
0,-0.025,-0.1825,21.0944,12.096
0,-0.0225,-0.1825,20.1605,12.096
0,-0.02,-0.1825,20.5878,12.112
0,-0.0175,-0.1825,21.2348,12.128
0,-0.015,-0.1825,20.4962,12.112
0,-0.0125,-0.1825,19.9957,12.112
0,-0.01,-0.1825,20.1971,12.112
0,-0.0075,-0.1825,21.0639,12.096
0,-0.005,-0.1825,20.9662,12.112
0,-0.0025,-0.1825,20.7526,12.112
0,0,-0.1825,20.6915,12.112
0,0.0025,-0.1825,20.9174,12.096
0,0.005,-0.1825,20.2826,12.096
0,0.0075,-0.1825,20.6915,12.112
0,0.01,-0.1825,20.8319,12.096
0,0.0125,-0.1825,20.6977,12.128
0,0.015,-0.1825,19.6173,12.144
0,0.0175,-0.1825,20.8686,12.128
0,0.02,-0.1825,20.1422,12.144
0,0.0225,-0.1825,19.483,12.128
0,0.025,-0.1825,20.1605,12.128
0,0.0275,-0.1825,19.1778,12.112
0,0.03,-0.1825,19.7027,12.112
0,0.0325,-0.1825,20.7343,12.144
0,0.035,-0.1825,20.5206,12.112
0,0.0375,-0.1825,20.3803,12.144
0,0.04,-0.1825,19.0497,12.128
0,0.0425,-0.1825,19.4098,12.16
0,0.045,-0.1825,19.7333,12.16
0,0.0475,-0.1825,19.013,12.16
0,0.05,-0.1825,18.9337,12.176
0,0.0525,-0.1825,18.7628,12.16
0,0.055,-0.1825,19.6844,12.16
0,0.0575,-0.1825,18.5064,12.16
0,0.06,-0.1825,18.3233,12.16
0,0.0625,-0.1825,18.7323,12.16
0,0.065,-0.1825,18.2501,12.144
0,0.0675,-0.1825,18.8238,12.16
0,0.07,-0.1825,18.1402,12.16
0,0.0725,-0.1825,18.244,12.144
0,0.075,-0.1825,17.5909,12.192
0,0.0775,-0.1825,17.8472,12.176
0,0.08,-0.1825,16.9683,12.176
0,0.0825,-0.1825,17.1392,12.16
0,0.085,-0.1825,17.011,12.192
0,0.0875,-0.1825,16.1687,12.176
0,0.09,-0.1825,16.6936,12.192
0,0.0925,-0.1825,16.6143,12.224
0,0.095,-0.1825,16.6814,12.192
0,0.0975,-0.1825,16.0405,12.208
0,0.1,-0.1825,16.2236,12.224
0,0.1025,-0.1825,15.4729,12.24
0,0.105,-0.1825,14.9113,12.208
0,0.1075,-0.1825,14.7099,12.224
0,0.11,-0.1825,14.5085,12.192
0,0.1125,-0.1825,14.2033,12.224
0,0.115,-0.1825,14.5756,12.256
0,0.1175,-0.1825,13.9409,12.256
0,0.12,-0.1825,14.0996,12.224
0,0.1225,-0.1825,14.5634,12.256
0,0.125,-0.1825,13.7944,12.256
0,0.1275,-0.1825,13.6479,12.256
0,0.13,-0.1825,12.8666,12.272
0,0.1325,-0.1825,13.5807,12.288
0,0.135,-0.1825,12.5736,12.304
0,0.1375,-0.1825,11.8412,12.288
0,0.14,-0.1825,12.7262,12.336
0,0.1425,-0.1825,12.6286,12.288
0,0.145,-0.1825,11.5909,12.304
0,0.1475,-0.1825,11.5909,12.304
0,0.15,-0.1825,11.9755,12.304
0,0.1525,-0.1825,11.4628,12.304
0,0.155,-0.1825,11.8046,12.336
0,0.1575,-0.1825,11.4139,12.352
0,0.16,-0.1825,11.1942,12.32
0,0.1625,-0.1825,10.8646,12.336
0,0.165,-0.1825,9.92462,12.368
0,0.1675,-0.1825,9.79644,12.368
0,0.17,-0.1825,10.4801,12.368
0,0.1725,-0.1825,10.1566,12.384
0,0.175,-0.1825,9.78423,12.352
0,0.1775,-0.1825,8.63063,12.4
0,0.18,-0.1825,9.57671,12.384
0,0.1825,-0.1825,9.33256,12.432
0,0.185,-0.1825,9.09452,12.448
0,0.1875,-0.1825,8.75881,12.432
0,0.19,-0.1825,8.08741,12.464
0,0.1925,-0.1825,8.88699,12.384
0,0.195,-0.1825,8.80154,12.464
0,0.1975,-0.1825,8.55739,12.448
0,0.2,-0.1825,8.34376,12.448
0,-0.2,-0.18,8.03247,12.224
0,-0.1975,-0.18,9.064,12.208
0,-0.195,-0.18,8.14234,12.224
0,-0.1925,-0.18,7.94092,12.192
0,-0.19,-0.18,8.00806,12.224
0,-0.1875,-0.18,8.27052,12.224
0,-0.185,-0.18,8.34986,12.208
0,-0.1825,-0.18,8.28883,12.256
0,-0.18,-0.18,8.9053,12.24
0,-0.1775,-0.18,9.08231,12.208
0,-0.175,-0.18,9.59502,12.224
0,-0.1725,-0.18,9.35087,12.208
0,-0.17,-0.18,10.0894,12.224
0,-0.1675,-0.18,9.96735,12.192
0,-0.165,-0.18,9.43632,12.176
0,-0.1625,-0.18,10.2542,12.224
0,-0.16,-0.18,10.242,12.208
0,-0.1575,-0.18,9.74761,12.192
0,-0.155,-0.18,10.7059,12.176
0,-0.1525,-0.18,10.7669,12.16
0,-0.15,-0.18,11.3468,12.208
0,-0.1475,-0.18,12.4638,12.176
0,-0.145,-0.18,12.3844,12.176
0,-0.1425,-0.18,11.9877,12.144
0,-0.14,-0.18,11.4566,12.16
0,-0.1375,-0.18,11.6764,12.144
0,-0.135,-0.18,11.3895,12.144
0,-0.1325,-0.18,12.4638,12.128
0,-0.13,-0.18,13.0924,12.16
0,-0.1275,-0.18,13.1474,12.144
0,-0.125,-0.18,13.8066,12.144
0,-0.1225,-0.18,14.0141,12.176
0,-0.12,-0.18,13.1474,12.144
0,-0.1175,-0.18,14.0507,12.112
0,-0.115,-0.18,13.6357,12.128
0,-0.1125,-0.18,14.1728,12.128
0,-0.11,-0.18,16.7913,12.128
0,-0.1075,-0.18,14.1118,12.128
0,-0.105,-0.18,14.8991,12.112
0,-0.1025,-0.18,15.2287,12.16
0,-0.1,-0.18,14.9297,12.144
0,-0.0975,-0.18,15.418,12.112
0,-0.095,-0.18,15.2837,12.112
0,-0.0925,-0.18,15.3752,12.16
0,-0.09,-0.18,16.2297,12.144
0,-0.0875,-0.18,17.9815,12.112
0,-0.085,-0.18,15.9734,12.144
0,-0.0825,-0.18,17.011,12.096
0,-0.08,-0.18,16.7852,12.112
0,-0.0775,-0.18,17.9022,12.112
0,-0.075,-0.18,18.0303,12.112
0,-0.0725,-0.18,18.3538,12.096
0,-0.07,-0.18,17.6275,12.144
0,-0.0675,-0.18,17.6397,12.096
0,-0.065,-0.18,18.714,12.096
0,-0.0625,-0.18,18.9093,12.112
0,-0.06,-0.18,18.244,12.112
0,-0.0575,-0.18,18.8787,12.112
0,-0.055,-0.18,19.367,12.096
0,-0.0525,-0.18,19.0191,12.144
0,-0.05,-0.18,19.0741,12.112
0,-0.0475,-0.18,19.5441,12.112
0,-0.045,-0.18,19.892,12.112
0,-0.0425,-0.18,20.5695,12.096
0,-0.04,-0.18,18.952,12.112
0,-0.0375,-0.18,20.0568,12.128
0,-0.035,-0.18,20.4718,12.112
0,-0.0325,-0.18,21.778,12.096
0,-0.03,-0.18,20.4718,12.08
0,-0.0275,-0.18,20.3558,12.096
0,-0.025,-0.18,19.8981,12.08
0,-0.0225,-0.18,21.2592,12.096
0,-0.02,-0.18,20.8808,12.096
0,-0.0175,-0.18,20.6793,12.112
0,-0.015,-0.18,20.6854,12.112
0,-0.0125,-0.18,20.8747,12.08
0,-0.01,-0.18,20.6793,12.096
0,-0.0075,-0.18,19.9835,12.096
0,-0.005,-0.18,21.3019,12.096
0,-0.0025,-0.18,20.7892,12.096
0,0,-0.18,21.2897,12.096
0,0.0025,-0.18,20.777,12.112
0,0.005,-0.18,21.7719,12.128
0,0.0075,-0.18,20.3864,12.128
0,0.01,-0.18,20.8014,12.128
0,0.0125,-0.18,21.0578,12.112
0,0.015,-0.18,21.2287,12.112
0,0.0175,-0.18,21.5766,12.112
0,0.02,-0.18,20.4657,12.112
0,0.0225,-0.18,20.9174,12.096
0,0.025,-0.18,20.2033,12.096
0,0.0275,-0.18,20.5145,12.144
0,0.03,-0.18,20.5695,12.112
0,0.0325,-0.18,20.484,12.128
0,0.035,-0.18,20.8014,12.16
0,0.0375,-0.18,20.6305,12.128
0,0.04,-0.18,20.1483,12.112
0,0.0425,-0.18,20.9784,12.144
0,0.045,-0.18,20.0079,12.112
0,0.0475,-0.18,19.1107,12.112
0,0.05,-0.18,20.4596,12.144
0,0.0525,-0.18,20.6549,12.144
0,0.055,-0.18,20.0568,12.128
0,0.0575,-0.18,19.0313,12.144
0,0.06,-0.18,19.4769,12.16
0,0.0625,-0.18,18.6468,12.144
0,0.065,-0.18,18.0792,12.144
0,0.0675,-0.18,18.8726,12.16
0,0.07,-0.18,18.0425,12.16
0,0.0725,-0.18,19.2328,12.16
0,0.075,-0.18,17.8533,12.16
0,0.0775,-0.18,17.9876,12.176
0,0.08,-0.18,17.5848,12.16
0,0.0825,-0.18,17.4566,12.192
0,0.085,-0.18,17.7557,12.144
0,0.0875,-0.18,16.6509,12.176
0,0.09,-0.18,17.6153,12.176
0,0.0925,-0.18,17.2552,12.208
0,0.095,-0.18,15.7231,12.208
0,0.0975,-0.18,16.5105,12.192
0,0.1,-0.18,15.7903,12.176
0,0.1025,-0.18,15.9978,12.24
0,0.105,-0.18,15.6377,12.176
0,0.1075,-0.18,15.9978,12.224
0,0.11,-0.18,14.5512,12.224
0,0.1125,-0.18,13.9592,12.224
0,0.115,-0.18,15.0945,12.24
0,0.1175,-0.18,14.893,12.24
0,0.12,-0.18,14.4047,12.224
0,0.1225,-0.18,14.2949,12.24
0,0.125,-0.18,14.1118,12.272
0,0.1275,-0.18,13.4953,12.256
0,0.13,-0.18,13.4831,12.224
0,0.1325,-0.18,13.7394,12.24
0,0.135,-0.18,12.8056,12.24
0,0.1375,-0.18,12.9887,12.304
0,0.14,-0.18,12.9521,12.288
0,0.1425,-0.18,12.3722,12.304
0,0.145,-0.18,11.9938,12.304
0,0.1475,-0.18,11.5299,12.288
0,0.15,-0.18,11.2308,12.336
0,0.1525,-0.18,11.5787,12.32
0,0.155,-0.18,11.7862,12.288
0,0.1575,-0.18,10.9439,12.336
0,0.16,-0.18,11.005,12.304
0,0.1625,-0.18,10.9561,12.336
0,0.165,-0.18,11.1515,12.32
0,0.1675,-0.18,10.5899,12.368
0,0.17,-0.18,9.70489,12.368
0,0.1725,-0.18,9.94293,12.368
0,0.175,-0.18,10.7181,12.368
0,0.1775,-0.18,9.32035,12.336
0,0.18,-0.18,9.03958,12.352
0,0.1825,-0.18,9.37529,12.352
0,0.185,-0.18,10.773,12.4
0,0.1875,-0.18,8.69167,12.4
0,0.19,-0.18,8.81375,12.4
0,0.1925,-0.18,8.27662,12.4
0,0.195,-0.18,8.69167,12.4
0,0.1975,-0.18,7.72118,12.464
0,0.2,-0.18,8.13013,12.432
0,-0.2,-0.1775,8.68557,12.192
0,-0.1975,-0.1775,7.50755,12.224
0,-0.195,-0.1775,8.31324,12.192
0,-0.1925,-0.1775,7.77612,12.208
0,-0.19,-0.1775,8.02637,12.176
0,-0.1875,-0.1775,8.20338,12.192
0,-0.185,-0.1775,8.71609,12.176
0,-0.1825,-0.1775,8.16675,12.24
0,-0.18,-0.1775,9.19218,12.208
0,-0.1775,-0.1775,8.71609,12.224
0,-0.175,-0.1775,9.60112,12.208
0,-0.1725,-0.1775,9.0762,12.224
0,-0.17,-0.1775,8.97244,12.208
0,-0.1675,-0.1775,9.85748,12.176
0,-0.165,-0.1775,9.241,12.176
0,-0.1625,-0.1775,10.0772,12.176
0,-0.16,-0.1775,10.6571,12.192
0,-0.1575,-0.1775,10.3275,12.16
0,-0.155,-0.1775,10.8829,12.192
0,-0.1525,-0.1775,11.0111,12.192
0,-0.15,-0.1775,12.122,12.144
0,-0.1475,-0.1775,11.243,12.144
0,-0.145,-0.1775,11.2003,12.144
0,-0.1425,-0.1775,12.2013,12.144
0,-0.14,-0.1775,11.3346,12.192
0,-0.1375,-0.1775,12.1342,12.144
0,-0.135,-0.1775,12.0365,12.128
0,-0.1325,-0.1775,12.9215,12.144
0,-0.13,-0.1775,12.8117,12.176
0,-0.1275,-0.1775,13.8127,12.128
0,-0.125,-0.1775,13.6845,12.112
0,-0.1225,-0.1775,13.7822,12.144
0,-0.12,-0.1775,13.2694,12.128
0,-0.1175,-0.1775,13.9348,12.128
0,-0.115,-0.1775,14.2338,12.112
0,-0.1125,-0.1775,14.5756,12.112
0,-0.11,-0.1775,14.5695,12.144
0,-0.1075,-0.1775,14.6184,12.144
0,-0.105,-0.1775,14.6123,12.128
0,-0.1025,-0.1775,15.0212,12.112
0,-0.1,-0.1775,15.7781,12.144
0,-0.0975,-0.1775,15.4302,12.096
0,-0.095,-0.1775,16.0222,12.128
0,-0.0925,-0.1775,16.1809,12.112
0,-0.09,-0.1775,16.6997,12.096
0,-0.0875,-0.1775,16.9195,12.096
0,-0.085,-0.1775,17.5726,12.096
0,-0.0825,-0.1775,17.6031,12.128
0,-0.08,-0.1775,17.4139,12.08
0,-0.0775,-0.1775,17.7496,12.128
0,-0.075,-0.1775,18.7384,12.096
0,-0.0725,-0.1775,18.6102,12.096
0,-0.07,-0.1775,18.6224,12.112
0,-0.0675,-0.1775,18.3355,12.128
0,-0.065,-0.1775,19.1839,12.112
0,-0.0625,-0.1775,19.5807,12.112
0,-0.06,-0.1775,19.2999,12.08
0,-0.0575,-0.1775,19.7272,12.096
0,-0.055,-0.1775,19.6722,12.112
0,-0.0525,-0.1775,20.8625,12.096
0,-0.05,-0.1775,19.892,12.112
0,-0.0475,-0.1775,19.2694,12.096
0,-0.045,-0.1775,21.1859,12.096
0,-0.0425,-0.1775,19.5868,12.08
0,-0.04,-0.1775,21.1188,12.128
0,-0.0375,-0.1775,20.6488,12.064
0,-0.035,-0.1775,20.777,12.08
0,-0.0325,-0.1775,20.5573,12.096
0,-0.03,-0.1775,20.1544,12.08
0,-0.0275,-0.1775,21.07,12.096
0,-0.025,-0.1775,21.955,12.08
0,-0.0225,-0.1775,20.8258,12.096
0,-0.02,-0.1775,21.424,12.08
0,-0.0175,-0.1775,22.3334,12.096
0,-0.015,-0.1775,21.1249,12.08
0,-0.0125,-0.1775,20.3986,12.064
0,-0.01,-0.1775,21.5705,12.08
0,-0.0075,-0.1775,21.1737,12.112
0,-0.005,-0.1775,21.8024,12.096
0,-0.0025,-0.1775,21.8207,12.096
0,0,-0.1775,21.9428,12.096
0,0.0025,-0.1775,22.5654,12.128
0,0.005,-0.1775,21.0211,12.096
0,0.0075,-0.1775,21.0944,12.096
0,0.01,-0.1775,21.1127,12.112
0,0.0125,-0.1775,22.3334,12.112
0,0.015,-0.1775,21.7475,12.096
0,0.0175,-0.1775,21.8513,12.096
0,0.02,-0.1775,20.893,12.096
0,0.0225,-0.1775,20.6549,12.128
0,0.025,-0.1775,21.7353,12.112
0,0.0275,-0.1775,21.0028,12.112
0,0.03,-0.1775,21.0028,12.096
0,0.0325,-0.1775,20.838,12.112
0,0.035,-0.1775,20.5878,12.112
0,0.0375,-0.1775,20.4413,12.128
0,0.04,-0.1775,19.7211,12.112
0,0.0425,-0.1775,20.7221,12.144
0,0.045,-0.1775,20.8441,12.144
0,0.0475,-0.1775,20.5206,12.128
0,0.05,-0.1775,20.6,12.144
0,0.0525,-0.1775,19.6234,12.176
0,0.055,-0.1775,19.7943,12.144
0,0.0575,-0.1775,19.2389,12.128
0,0.06,-0.1775,18.6407,12.128
0,0.0625,-0.1775,19.1351,12.16
0,0.065,-0.1775,19.1229,12.128
0,0.0675,-0.1775,20.0873,12.144
0,0.07,-0.1775,19.1534,12.144
0,0.0725,-0.1775,18.891,12.144
0,0.075,-0.1775,18.4149,12.144
0,0.0775,-0.1775,17.9571,12.16
0,0.08,-0.1775,18.0486,12.144
0,0.0825,-0.1775,18.2928,12.128
0,0.085,-0.1775,16.9073,12.144
0,0.0875,-0.1775,17.1148,12.16
0,0.09,-0.1775,17.0354,12.176
0,0.0925,-0.1775,16.5716,12.16
0,0.095,-0.1775,16.657,12.208
0,0.0975,-0.1775,17.3467,12.192
0,0.1,-0.1775,16.6448,12.16
0,0.1025,-0.1775,17.0415,12.208
0,0.105,-0.1775,17.2002,12.208
0,0.1075,-0.1775,15.2226,12.192
0,0.11,-0.1775,15.9734,12.208
0,0.1125,-0.1775,15.717,12.208
0,0.115,-0.1775,14.8198,12.208
0,0.1175,-0.1775,15.1982,12.208
0,0.12,-0.1775,14.3925,12.224
0,0.1225,-0.1775,15.2287,12.224
0,0.125,-0.1775,14.5207,12.24
0,0.1275,-0.1775,14.2766,12.24
0,0.13,-0.1775,13.0192,12.24
0,0.1325,-0.1775,12.7934,12.256
0,0.135,-0.1775,12.9643,12.24
0,0.1375,-0.1775,12.8483,12.272
0,0.14,-0.1775,13.2756,12.272
0,0.1425,-0.1775,12.299,12.272
0,0.145,-0.1775,12.4271,12.288
0,0.1475,-0.1775,12.244,12.304
0,0.15,-0.1775,11.7435,12.304
0,0.1525,-0.1775,12.2135,12.288
0,0.155,-0.1775,10.8463,12.32
0,0.1575,-0.1775,11.3407,12.272
0,0.16,-0.1775,10.6815,12.336
0,0.1625,-0.1775,10.9867,12.32
0,0.165,-0.1775,10.7608,12.288
0,0.1675,-0.1775,11.3529,12.336
0,0.17,-0.1775,11.066,12.336
0,0.1725,-0.1775,10.0406,12.368
0,0.175,-0.1775,10.0406,12.352
0,0.1775,-0.1775,9.61333,12.384
0,0.18,-0.1775,9.57671,12.368
0,0.1825,-0.1775,8.94192,12.32
0,0.185,-0.1775,9.3997,12.368
0,0.1875,-0.1775,8.82595,12.416
0,0.19,-0.1775,9.21659,12.448
0,0.1925,-0.1775,9.25932,12.368
0,0.195,-0.1775,8.49025,12.4
0,0.1975,-0.1775,9.2288,12.416
0,0.2,-0.1775,8.417,12.432
0,-0.2,-0.175,7.77612,12.208
0,-0.1975,-0.175,8.05689,12.192
0,-0.195,-0.175,8.19727,12.176
0,-0.1925,-0.175,8.32545,12.176
0,-0.19,-0.175,7.92261,12.16
0,-0.1875,-0.175,8.14234,12.192
0,-0.185,-0.175,9.00296,12.192
0,-0.1825,-0.175,8.64284,12.176
0,-0.18,-0.175,9.10672,12.208
0,-0.1775,-0.175,9.70489,12.192
0,-0.175,-0.175,10.004,12.192
0,-0.1725,-0.175,9.16166,12.16
0,-0.17,-0.175,9.68047,12.144
0,-0.1675,-0.175,10.3458,12.208
0,-0.165,-0.175,10.3885,12.192
0,-0.1625,-0.175,10.3946,12.16
0,-0.16,-0.175,10.3641,12.192
0,-0.1575,-0.175,10.8097,12.176
0,-0.155,-0.175,11.2674,12.176
0,-0.1525,-0.175,12.006,12.16
0,-0.15,-0.175,11.3956,12.144
0,-0.1475,-0.175,11.652,12.144
0,-0.145,-0.175,13.1169,12.144
0,-0.1425,-0.175,12.4882,12.144
0,-0.14,-0.175,12.8544,12.128
0,-0.1375,-0.175,12.946,12.112
0,-0.135,-0.175,12.2868,12.144
0,-0.1325,-0.175,13.4587,12.112
0,-0.13,-0.175,13.5624,12.112
0,-0.1275,-0.175,12.4516,12.112
0,-0.125,-0.175,13.9714,12.08
0,-0.1225,-0.175,13.599,12.128
0,-0.12,-0.175,14.069,12.112
0,-0.1175,-0.175,14.4169,12.144
0,-0.115,-0.175,14.0934,12.096
0,-0.1125,-0.175,14.8198,12.112
0,-0.11,-0.175,14.3132,12.096
0,-0.1075,-0.175,15.363,12.08
0,-0.105,-0.175,14.948,12.096
0,-0.1025,-0.175,15.595,12.128
0,-0.1,-0.175,15.5583,12.128
0,-0.0975,-0.175,16.596,12.08
0,-0.095,-0.175,16.6814,12.096
0,-0.0925,-0.175,17.1453,12.112
0,-0.09,-0.175,16.9927,12.08
0,-0.0875,-0.175,17.7801,12.08
0,-0.085,-0.175,17.9327,12.096
0,-0.0825,-0.175,17.542,12.112
0,-0.08,-0.175,17.7496,12.08
0,-0.0775,-0.175,18.2684,12.096
0,-0.075,-0.175,19.4586,12.096
0,-0.0725,-0.175,19.6173,12.112
0,-0.07,-0.175,18.2073,12.096
0,-0.0675,-0.175,18.3538,12.08
0,-0.065,-0.175,19.2083,12.08
0,-0.0625,-0.175,19.9957,12.08
0,-0.06,-0.175,19.6722,12.096
0,-0.0575,-0.175,20.6183,12.112
0,-0.055,-0.175,20.7892,12.08
0,-0.0525,-0.175,19.7821,12.112
0,-0.05,-0.175,20.2704,12.096
0,-0.0475,-0.175,21.3446,12.08
0,-0.045,-0.175,21.6437,12.112
0,-0.0425,-0.175,21.3019,12.08
0,-0.04,-0.175,21.5217,12.096
0,-0.0375,-0.175,20.6,12.096
0,-0.035,-0.175,22.4921,12.096
0,-0.0325,-0.175,22.1503,12.096
0,-0.03,-0.175,22.2053,12.096
0,-0.0275,-0.175,21.6498,12.08
0,-0.025,-0.175,21.9794,12.08
0,-0.0225,-0.175,21.6376,12.064
0,-0.02,-0.175,22.4677,12.08
0,-0.0175,-0.175,21.308,12.064
0,-0.015,-0.175,22.3579,12.096
0,-0.0125,-0.175,22.071,12.08
0,-0.01,-0.175,21.7475,12.08
0,-0.0075,-0.175,22.0099,12.08
0,-0.005,-0.175,22.4677,12.064
0,-0.0025,-0.175,22.0038,12.096
0,0,-0.175,22.2724,12.064
0,0.0025,-0.175,22.5959,12.064
0,0.005,-0.175,21.5522,12.08
0,0.0075,-0.175,22.1381,12.08
0,0.01,-0.175,21.6254,12.08
0,0.0125,-0.175,22.1625,12.096
0,0.015,-0.175,22.9621,12.096
0,0.0175,-0.175,20.8869,12.096
0,0.02,-0.175,21.7841,12.112
0,0.0225,-0.175,22.309,12.112
0,0.025,-0.175,21.8635,12.096
0,0.0275,-0.175,21.6559,12.096
0,0.03,-0.175,21.5339,12.112
0,0.0325,-0.175,21.3507,12.112
0,0.035,-0.175,21.4667,12.096
0,0.0375,-0.175,22.3395,12.112
0,0.04,-0.175,21.2592,12.096
0,0.0425,-0.175,21.8818,12.112
0,0.045,-0.175,22.0038,12.128
0,0.0475,-0.175,21.5339,12.096
0,0.05,-0.175,21.5278,12.128
0,0.0525,-0.175,21.3385,12.128
0,0.055,-0.175,19.9896,12.144
0,0.0575,-0.175,21.1432,12.144
0,0.06,-0.175,20.4291,12.144
0,0.0625,-0.175,20.1178,12.144
0,0.065,-0.175,20.4962,12.112
0,0.0675,-0.175,19.9103,12.128
0,0.07,-0.175,19.2145,12.128
0,0.0725,-0.175,19.66,12.144
0,0.075,-0.175,19.3793,12.144
0,0.0775,-0.175,18.2989,12.128
0,0.08,-0.175,18.4027,12.144
0,0.0825,-0.175,18.4637,12.144
0,0.085,-0.175,18.4759,12.16
0,0.0875,-0.175,18.659,12.16
0,0.09,-0.175,17.2796,12.16
0,0.0925,-0.175,17.3528,12.144
0,0.095,-0.175,17.5481,12.176
0,0.0975,-0.175,17.0843,12.16
0,0.1,-0.175,17.0415,12.16
0,0.1025,-0.175,16.2908,12.176
0,0.105,-0.175,15.8086,12.176
0,0.1075,-0.175,16.2603,12.208
0,0.11,-0.175,16.0649,12.192
0,0.1125,-0.175,16.5471,12.208
0,0.115,-0.175,15.302,12.224
0,0.1175,-0.175,15.7964,12.192
0,0.12,-0.175,15.1799,12.208
0,0.1225,-0.175,14.6794,12.224
0,0.125,-0.175,14.4963,12.256
0,0.1275,-0.175,15.2837,12.24
0,0.13,-0.175,14.1118,12.224
0,0.1325,-0.175,14.1972,12.256
0,0.135,-0.175,13.8066,12.24
0,0.1375,-0.175,13.1718,12.272
0,0.14,-0.175,13.7944,12.288
0,0.1425,-0.175,12.8117,12.272
0,0.145,-0.175,12.653,12.272
0,0.1475,-0.175,12.2135,12.256
0,0.15,-0.175,12.5492,12.288
0,0.1525,-0.175,11.6642,12.272
0,0.155,-0.175,11.7313,12.304
0,0.1575,-0.175,11.713,12.288
0,0.16,-0.175,12.36,12.32
0,0.1625,-0.175,10.9745,12.32
0,0.165,-0.175,11.3163,12.32
0,0.1675,-0.175,11.7557,12.352
0,0.17,-0.175,10.7974,12.336
0,0.1725,-0.175,10.6937,12.352
0,0.175,-0.175,10.5777,12.336
0,0.1775,-0.175,9.77813,12.32
0,0.18,-0.175,9.43022,12.352
0,0.1825,-0.175,9.13724,12.416
0,0.185,-0.175,9.87579,12.368
0,0.1875,-0.175,8.96023,12.416
0,0.19,-0.175,8.86258,12.368
0,0.1925,-0.175,9.42412,12.416
0,0.195,-0.175,8.30103,12.432
0,0.1975,-0.175,8.50246,12.448
0,0.2,-0.175,8.62453,12.432
0,-0.2,-0.1725,8.10572,13.52
0,-0.1975,-0.1725,8.50856,12.176
0,-0.195,-0.1725,8.64895,12.176
0,-0.1925,-0.1725,8.59401,12.192
0,-0.19,-0.1725,9.09452,12.256
0,-0.1875,-0.1725,8.4109,12.16
0,-0.185,-0.1725,8.5818,12.192
0,-0.1825,-0.1725,9.08841,12.192
0,-0.18,-0.1725,8.93582,12.192
0,-0.1775,-0.1725,9.44853,12.176
0,-0.175,-0.1725,9.68657,12.192
0,-0.1725,-0.1725,9.54619,12.176
0,-0.17,-0.1725,10.1688,12.192
0,-0.1675,-0.1725,10.6143,12.176
0,-0.165,-0.1725,10.1871,12.16
0,-0.1625,-0.1725,10.7974,12.16
0,-0.16,-0.1725,11.0477,12.144
0,-0.1575,-0.1725,11.8839,12.192
0,-0.155,-0.1725,11.2369,12.176
0,-0.1525,-0.1725,10.8402,12.176
0,-0.15,-0.1725,10.9561,12.144
0,-0.1475,-0.1725,11.652,12.144
0,-0.145,-0.1725,12.0121,12.112
0,-0.1425,-0.1725,11.713,12.16
0,-0.14,-0.1725,13.2389,12.128
0,-0.1375,-0.1725,11.8168,12.176
0,-0.135,-0.1725,13.1901,12.144
0,-0.1325,-0.1725,14.2888,12.096
0,-0.13,-0.1725,13.245,12.112
0,-0.1275,-0.1725,14.2094,12.128
0,-0.125,-0.1725,14.771,12.112
0,-0.1225,-0.1725,14.2705,12.144
0,-0.12,-0.1725,14.8625,12.096
0,-0.1175,-0.1725,15.0639,12.08
0,-0.115,-0.1725,15.1494,12.112
0,-0.1125,-0.1725,15.2654,12.08
0,-0.11,-0.1725,15.9246,12.096
0,-0.1075,-0.1725,16.48,12.112
0,-0.105,-0.1725,16.8706,12.096
0,-0.1025,-0.1725,16.5716,12.08
0,-0.1,-0.1725,15.894,12.096
0,-0.0975,-0.1725,17.0782,12.096
0,-0.095,-0.1725,17.2735,12.096
0,-0.0925,-0.1725,17.0965,12.08
0,-0.09,-0.1725,17.5909,12.08
0,-0.0875,-0.1725,17.8411,12.112
0,-0.085,-0.1725,18.3599,12.08
0,-0.0825,-0.1725,19.2999,12.096
0,-0.08,-0.1725,17.7068,12.08
0,-0.0775,-0.1725,21.1676,12.096
0,-0.075,-0.1725,19.1961,12.08
0,-0.0725,-0.1725,19.483,12.08
0,-0.07,-0.1725,18.9215,12.08
0,-0.0675,-0.1725,20.4962,12.08
0,-0.065,-0.1725,20.9906,12.096
0,-0.0625,-0.1725,20.1239,12.08
0,-0.06,-0.1725,19.8065,12.048
0,-0.0575,-0.1725,21.2348,12.096
0,-0.055,-0.1725,20.7953,12.112
0,-0.0525,-0.1725,20.8014,12.112
0,-0.05,-0.1725,21.9855,12.08
0,-0.0475,-0.1725,21.4118,12.064
0,-0.045,-0.1725,21.0456,12.08
0,-0.0425,-0.1725,21.6315,12.064
0,-0.04,-0.1725,21.8513,12.064
0,-0.0375,-0.1725,21.2043,12.096
0,-0.035,-0.1725,22.0649,12.064
0,-0.0325,-0.1725,21.8818,12.048
0,-0.03,-0.1725,22.5593,12.096
0,-0.0275,-0.1725,21.9794,12.08
0,-0.025,-0.1725,22.071,12.08
0,-0.0225,-0.1725,23.4504,12.08
0,-0.02,-0.1725,24.4453,12.08
0,-0.0175,-0.1725,22.602,12.08
0,-0.015,-0.1725,22.8034,12.08
0,-0.0125,-0.1725,22.7607,12.064
0,-0.01,-0.1725,22.0466,12.08
0,-0.0075,-0.1725,22.6936,12.08
0,-0.005,-0.1725,22.9926,12.096
0,-0.0025,-0.1725,22.8462,12.064
0,0,-0.1725,23.1513,12.08
0,0.0025,-0.1725,24.0608,12.08
0,0.005,-0.1725,22.8645,12.096
0,0.0075,-0.1725,23.0049,12.064
0,0.01,-0.1725,22.5227,12.096
0,0.0125,-0.1725,21.7109,12.096
0,0.015,-0.1725,23.4626,12.096
0,0.0175,-0.1725,23.0232,12.128
0,0.02,-0.1725,22.4128,12.096
0,0.0225,-0.1725,22.4067,12.096
0,0.025,-0.1725,22.8095,12.096
0,0.0275,-0.1725,22.0405,12.064
0,0.03,-0.1725,21.8451,12.112
0,0.0325,-0.1725,21.9977,12.112
0,0.035,-0.1725,22.6875,12.096
0,0.0375,-0.1725,22.187,12.128
0,0.04,-0.1725,22.0344,12.096
0,0.0425,-0.1725,21.6681,12.112
0,0.045,-0.1725,21.4972,12.096
0,0.0475,-0.1725,21.601,12.112
0,0.05,-0.1725,20.7587,12.112
0,0.0525,-0.1725,20.8563,12.112
0,0.055,-0.1725,20.5756,12.112
0,0.0575,-0.1725,20.7587,12.144
0,0.06,-0.1725,21.8024,12.128
0,0.0625,-0.1725,20.6671,12.112
0,0.065,-0.1725,19.8553,12.144
0,0.0675,-0.1725,20.4169,12.112
0,0.07,-0.1725,19.8798,12.128
0,0.0725,-0.1725,19.5868,12.16
0,0.075,-0.1725,18.9398,12.128
0,0.0775,-0.1725,18.6712,12.128
0,0.08,-0.1725,18.189,12.128
0,0.0825,-0.1725,18.7384,12.128
0,0.085,-0.1725,19.1595,12.144
0,0.0875,-0.1725,18.366,12.144
0,0.09,-0.1725,17.7923,12.16
0,0.0925,-0.1725,17.1941,12.144
0,0.095,-0.1725,17.8106,12.144
0,0.0975,-0.1725,17.1026,12.192
0,0.1,-0.1725,17.3162,12.192
0,0.1025,-0.1725,16.6814,12.16
0,0.105,-0.1725,17.2246,12.192
0,0.1075,-0.1725,17.1026,12.176
0,0.11,-0.1725,16.7974,12.208
0,0.1125,-0.1725,16.0588,12.224
0,0.115,-0.1725,15.9124,12.208
0,0.1175,-0.1725,16.0405,12.208
0,0.12,-0.1725,14.9358,12.208
0,0.1225,-0.1725,17.2613,12.224
0,0.125,-0.1725,14.6123,12.224
0,0.1275,-0.1725,15.0639,12.24
0,0.13,-0.1725,14.5329,12.24
0,0.1325,-0.1725,14.9174,12.224
0,0.135,-0.1725,14.4658,12.256
0,0.1375,-0.1725,13.6113,12.224
0,0.14,-0.1725,13.6967,12.272
0,0.1425,-0.1725,13.1169,12.304
0,0.145,-0.1725,13.0741,12.272
0,0.1475,-0.1725,12.7018,12.272
0,0.15,-0.1725,12.3173,12.288
0,0.1525,-0.1725,12.2623,12.304
0,0.155,-0.1725,11.9633,12.288
0,0.1575,-0.1725,11.2735,12.32
0,0.16,-0.1725,11.652,12.304
0,0.1625,-0.1725,11.0477,12.288
0,0.165,-0.1725,11.5116,12.32
0,0.1675,-0.1725,11.4933,12.304
0,0.17,-0.1725,10.9012,12.352
0,0.1725,-0.1725,10.2908,12.368
0,0.175,-0.1725,10.6632,12.336
0,0.1775,-0.1725,10.8341,12.368
0,0.18,-0.1725,9.79034,12.352
0,0.1825,-0.1725,10.9806,12.384
0,0.185,-0.1725,9.7354,12.368
0,0.1875,-0.1725,9.91241,12.368
0,0.19,-0.1725,8.87478,12.4
0,0.1925,-0.1725,9.01517,12.336
0,0.195,-0.1725,8.56349,12.384
0,0.1975,-0.1725,9.53398,12.4
0,0.2,-0.1725,8.59401,12.416
0,-0.2,-0.17,8.13623,12.208
0,-0.1975,-0.17,8.52687,12.208
0,-0.195,-0.17,8.42311,12.224
0,-0.1925,-0.17,8.61232,12.176
0,-0.19,-0.17,9.51567,12.176
0,-0.1875,-0.17,9.80255,12.16
0,-0.185,-0.17,9.47295,12.208
0,-0.1825,-0.17,9.02127,12.224
0,-0.18,-0.17,9.64995,12.176
0,-0.1775,-0.17,9.04569,12.176
0,-0.175,-0.17,9.68047,12.176
0,-0.1725,-0.17,10.3763,12.192
0,-0.17,-0.17,10.181,12.16
0,-0.1675,-0.17,10.1382,12.208
0,-0.165,-0.17,10.4373,12.144
0,-0.1625,-0.17,11.2674,12.192
0,-0.16,-0.17,10.5533,12.16
0,-0.1575,-0.17,11.359,12.176
0,-0.155,-0.17,11.8717,12.144
0,-0.1525,-0.17,11.9022,12.176
0,-0.15,-0.17,12.0365,12.144
0,-0.1475,-0.17,12.1525,12.144
0,-0.145,-0.17,12.1097,12.144
0,-0.1425,-0.17,12.9521,12.16
0,-0.14,-0.17,13.1718,12.096
0,-0.1375,-0.17,13.123,12.112
0,-0.135,-0.17,13.2511,12.112
0,-0.1325,-0.17,13.2511,12.128
0,-0.13,-0.17,14.0934,12.096
0,-0.1275,-0.17,13.9348,12.096
0,-0.125,-0.17,13.8249,12.112
0,-0.1225,-0.17,14.6367,12.128
0,-0.12,-0.17,14.6977,12.128
0,-0.1175,-0.17,15.7537,12.064
0,-0.115,-0.17,14.6977,12.112
0,-0.1125,-0.17,15.8452,12.112
0,-0.11,-0.17,15.7842,12.112
0,-0.1075,-0.17,16.1748,12.08
0,-0.105,-0.17,15.9673,12.064
0,-0.1025,-0.17,16.7669,12.096
0,-0.1,-0.17,16.4983,12.08
0,-0.0975,-0.17,17.1453,12.096
0,-0.095,-0.17,17.304,12.096
0,-0.0925,-0.17,17.9388,12.08
0,-0.09,-0.17,17.7801,12.08
0,-0.0875,-0.17,18.891,12.08
0,-0.085,-0.17,18.4698,12.096
0,-0.0825,-0.17,19.4342,12.096
0,-0.08,-0.17,19.3548,12.064
0,-0.0775,-0.17,19.2206,12.112
0,-0.075,-0.17,19.5685,12.048
0,-0.0725,-0.17,19.4708,12.096
0,-0.07,-0.17,20.5573,12.096
0,-0.0675,-0.17,20.6122,12.08
0,-0.065,-0.17,20.9052,12.096
0,-0.0625,-0.17,20.6549,12.096
0,-0.06,-0.17,21.247,12.096
0,-0.0575,-0.17,19.3976,12.08
0,-0.055,-0.17,21.3752,12.064
0,-0.0525,-0.17,20.3314,12.08
0,-0.05,-0.17,22.1747,12.08
0,-0.0475,-0.17,21.1249,12.08
0,-0.045,-0.17,22.8095,12.08
0,-0.0425,-0.17,22.4555,12.096
0,-0.04,-0.17,22.6142,12.08
0,-0.0375,-0.17,22.9194,12.08
0,-0.035,-0.17,23.2612,12.096
0,-0.0325,-0.17,22.2358,12.064
0,-0.03,-0.17,22.3273,12.064
0,-0.0275,-0.17,22.895,12.064
0,-0.025,-0.17,23.8838,12.08
0,-0.0225,-0.17,23.1513,12.08
0,-0.02,-0.17,22.7668,12.048
0,-0.0175,-0.17,23.2124,12.048
0,-0.015,-0.17,23.7861,12.048
0,-0.0125,-0.17,24.3843,12.064
0,-0.01,-0.17,22.7973,12.048
0,-0.0075,-0.17,23.3833,12.08
0,-0.005,-0.17,23.9998,12.096
0,-0.0025,-0.17,23.2734,12.064
0,0,-0.17,24.0364,12.08
0,0.0025,-0.17,23.8227,12.08
0,0.005,-0.17,23.3589,12.064
0,0.0075,-0.17,23.3345,12.064
0,0.01,-0.17,24.2744,12.08
0,0.0125,-0.17,22.9194,12.096
0,0.015,-0.17,23.3345,12.096
0,0.0175,-0.17,23.4931,12.08
0,0.02,-0.17,23.7556,12.08
0,0.0225,-0.17,23.603,12.112
0,0.025,-0.17,24.4575,12.08
0,0.0275,-0.17,23.0659,12.096
0,0.03,-0.17,23.072,12.096
0,0.0325,-0.17,23.0781,12.112
0,0.035,-0.17,22.7241,12.112
0,0.0375,-0.17,21.6559,12.128
0,0.04,-0.17,21.3569,12.112
0,0.0425,-0.17,21.8635,12.112
0,0.045,-0.17,22.6753,12.112
0,0.0475,-0.17,22.425,12.112
0,0.05,-0.17,22.4128,12.096
0,0.0525,-0.17,21.5461,12.112
0,0.055,-0.17,21.6742,12.112
0,0.0575,-0.17,21.4484,12.096
0,0.06,-0.17,21.9245,12.112
0,0.0625,-0.17,20.5206,12.16
0,0.065,-0.17,20.7038,12.128
0,0.0675,-0.17,21.1737,12.112
0,0.07,-0.17,20.1605,12.128
0,0.0725,-0.17,20.3558,12.128
0,0.075,-0.17,19.9225,12.128
0,0.0775,-0.17,20.2033,12.16
0,0.08,-0.17,19.5379,12.144
0,0.0825,-0.17,19.4281,12.128
0,0.085,-0.17,20.8319,12.16
0,0.0875,-0.17,18.6834,12.128
0,0.09,-0.17,18.598,12.144
0,0.0925,-0.17,18.6285,12.16
0,0.095,-0.17,18.1463,12.144
0,0.0975,-0.17,18.2257,12.16
0,0.1,-0.17,17.3345,12.16
0,0.1025,-0.17,17.4505,12.176
0,0.105,-0.17,17.5298,12.16
0,0.1075,-0.17,17.3284,12.208
0,0.11,-0.17,16.7852,12.208
0,0.1125,-0.17,16.1504,12.224
0,0.115,-0.17,16.4068,12.176
0,0.1175,-0.17,15.54,12.24
0,0.12,-0.17,15.1921,12.208
0,0.1225,-0.17,15.6987,12.208
0,0.125,-0.17,14.7893,12.24
0,0.1275,-0.17,15.8086,12.24
0,0.13,-0.17,14.6367,12.224
0,0.1325,-0.17,14.4169,12.256
0,0.135,-0.17,15.2898,12.24
0,0.1375,-0.17,13.831,12.256
0,0.14,-0.17,14.2644,12.272
0,0.1425,-0.17,14.1423,12.24
0,0.145,-0.17,12.9948,12.224
0,0.1475,-0.17,13.4098,12.288
0,0.15,-0.17,12.7323,12.272
0,0.1525,-0.17,12.4699,12.288
0,0.155,-0.17,12.36,12.32
0,0.1575,-0.17,11.3102,12.304
0,0.16,-0.17,11.1576,12.304
0,0.1625,-0.17,12.0487,12.288
0,0.165,-0.17,11.359,12.304
0,0.1675,-0.17,10.8036,12.304
0,0.17,-0.17,10.8463,12.32
0,0.1725,-0.17,10.2298,12.32
0,0.175,-0.17,10.1688,12.288
0,0.1775,-0.17,10.2176,12.352
0,0.18,-0.17,9.86358,12.336
0,0.1825,-0.17,10.0345,12.368
0,0.185,-0.17,9.25932,12.352
0,0.1875,-0.17,9.16166,12.384
0,0.19,-0.17,10.7425,12.368
0,0.1925,-0.17,9.5584,12.368
0,0.195,-0.17,9.5645,12.352
0,0.1975,-0.17,9.3997,12.368
0,0.2,-0.17,8.63063,12.4
0,-0.2,-0.1675,8.17896,12.192
0,-0.1975,-0.1675,8.75881,12.176
0,-0.195,-0.1675,8.99686,12.144
0,-0.1925,-0.1675,8.10572,12.224
0,-0.19,-0.1675,8.7405,12.192
0,-0.1875,-0.1675,9.10672,12.176
0,-0.185,-0.1675,8.92972,12.192
0,-0.1825,-0.1675,9.37529,12.176
0,-0.18,-0.1675,9.66826,12.208
0,-0.1775,-0.1675,10.1993,12.176
0,-0.175,-0.1675,10.0711,12.144
0,-0.1725,-0.1675,10.2725,12.192
0,-0.17,-0.1675,10.7913,12.144
0,-0.1675,-0.1675,10.1932,12.128
0,-0.165,-0.1675,11.1698,12.176
0,-0.1625,-0.1675,11.597,12.176
0,-0.16,-0.1675,11.4139,12.144
0,-0.1575,-0.1675,12.0426,12.16
0,-0.155,-0.1675,11.1087,12.16
0,-0.1525,-0.1675,12.4516,12.176
0,-0.15,-0.1675,12.4821,12.144
0,-0.1475,-0.1675,11.774,12.128
0,-0.145,-0.1675,13.1962,12.128
0,-0.1425,-0.1675,13.6601,12.16
0,-0.14,-0.1675,13.599,12.128
0,-0.1375,-0.1675,14.0934,12.128
0,-0.135,-0.1675,13.6662,12.128
0,-0.1325,-0.1675,14.0751,12.096
0,-0.13,-0.1675,13.9897,12.128
0,-0.1275,-0.1675,14.2582,12.096
0,-0.125,-0.1675,14.6611,12.096
0,-0.1225,-0.1675,14.5512,12.096
0,-0.12,-0.1675,14.8991,12.112
0,-0.1175,-0.1675,15.3264,12.096
0,-0.115,-0.1675,15.6987,12.096
0,-0.1125,-0.1675,16.7364,12.096
0,-0.11,-0.1675,16.3335,12.096
0,-0.1075,-0.1675,17.3833,12.112
0,-0.105,-0.1675,16.8645,12.064
0,-0.1025,-0.1675,17.0537,12.112
0,-0.1,-0.1675,16.3945,12.064
0,-0.0975,-0.1675,17.6946,12.096
0,-0.095,-0.1675,18.421,12.112
0,-0.0925,-0.1675,18.2562,12.096
0,-0.09,-0.1675,18.3416,12.064
0,-0.0875,-0.1675,18.9886,12.064
0,-0.085,-0.1675,18.9032,12.064
0,-0.0825,-0.1675,19.0497,12.096
0,-0.08,-0.1675,20.0507,12.096
0,-0.0775,-0.1675,19.7943,12.064
0,-0.075,-0.1675,20.2765,12.08
0,-0.0725,-0.1675,19.8004,12.064
0,-0.07,-0.1675,20.5939,12.08
0,-0.0675,-0.1675,21.3324,12.064
0,-0.065,-0.1675,22.4738,12.08
0,-0.0625,-0.1675,21.9855,12.08
0,-0.06,-0.1675,20.9601,12.048
0,-0.0575,-0.1675,21.8696,12.064
0,-0.055,-0.1675,22.4433,12.08
0,-0.0525,-0.1675,22.0099,12.064
0,-0.05,-0.1675,23.1697,12.064
0,-0.0475,-0.1675,23.2429,12.064
0,-0.045,-0.1675,24.2195,12.064
0,-0.0425,-0.1675,22.7302,12.08
0,-0.04,-0.1675,23.2551,12.08
0,-0.0375,-0.1675,22.779,12.08
0,-0.035,-0.1675,23.1513,12.064
0,-0.0325,-0.1675,23.9204,12.08
0,-0.03,-0.1675,23.2124,12.064
0,-0.0275,-0.1675,22.9621,12.064
0,-0.025,-0.1675,24.3538,12.048
0,-0.0225,-0.1675,24.134,12.08
0,-0.02,-0.1675,23.9448,12.048
0,-0.0175,-0.1675,23.8838,12.08
0,-0.015,-0.1675,24.1951,12.08
0,-0.0125,-0.1675,25.2022,12.048
0,-0.01,-0.1675,24.7932,12.064
0,-0.0075,-0.1675,25.1717,12.064
0,-0.005,-0.1675,24.8482,12.08
0,-0.0025,-0.1675,24.3538,12.08
0,0,-0.1675,24.659,12.064
0,0.0025,-0.1675,24.4881,12.08
0,0.005,-0.1675,24.9275,12.096
0,0.0075,-0.1675,24.3294,12.064
0,0.01,-0.1675,24.2927,12.096
0,0.0125,-0.1675,23.4565,12.096
0,0.015,-0.1675,23.487,12.064
0,0.0175,-0.1675,23.7373,12.112
0,0.02,-0.1675,24.3477,12.096
0,0.0225,-0.1675,24.0486,12.096
0,0.025,-0.1675,23.9265,12.08
0,0.0275,-0.1675,23.0293,12.08
0,0.03,-0.1675,24.073,12.08
0,0.0325,-0.1675,22.718,12.08
0,0.035,-0.1675,24.0364,12.096
0,0.0375,-0.1675,24.0791,12.096
0,0.04,-0.1675,22.9743,12.096
0,0.0425,-0.1675,23.1697,12.096
0,0.045,-0.1675,22.718,12.096
0,0.0475,-0.1675,23.1574,12.112
0,0.05,-0.1675,22.425,12.112
0,0.0525,-0.1675,22.779,12.112
0,0.055,-0.1675,22.6753,12.096
0,0.0575,-0.1675,22.9804,12.096
0,0.06,-0.1675,22.4982,12.112
0,0.0625,-0.1675,21.3141,12.112
0,0.065,-0.1675,21.1249,12.112
0,0.0675,-0.1675,22.1198,12.128
0,0.07,-0.1675,21.4301,12.096
0,0.0725,-0.1675,20.1483,12.128
0,0.075,-0.1675,19.7943,12.112
0,0.0775,-0.1675,20.6366,12.112
0,0.08,-0.1675,20.2826,12.112
0,0.0825,-0.1675,20.1117,12.128
0,0.085,-0.1675,20.5634,12.144
0,0.0875,-0.1675,19.3243,12.144
0,0.09,-0.1675,19.2572,12.16
0,0.0925,-0.1675,19.2145,12.16
0,0.095,-0.1675,18.2623,12.144
0,0.0975,-0.1675,18.2806,12.192
0,0.1,-0.1675,17.8106,12.16
0,0.1025,-0.1675,18.3111,12.16
0,0.105,-0.1675,16.5288,12.192
0,0.1075,-0.1675,18.0975,12.208
0,0.11,-0.1675,18.0303,12.176
0,0.1125,-0.1675,17.3589,12.192
0,0.115,-0.1675,16.8706,12.176
0,0.1175,-0.1675,16.5105,12.192
0,0.12,-0.1675,16.4068,12.192
0,0.1225,-0.1675,15.8452,12.208
0,0.125,-0.1675,15.595,12.224
0,0.1275,-0.1675,15.0395,12.24
0,0.13,-0.1675,15.186,12.24
0,0.1325,-0.1675,14.5146,12.256
0,0.135,-0.1675,14.6977,12.24
0,0.1375,-0.1675,14.6001,12.272
0,0.14,-0.1675,14.1911,12.288
0,0.1425,-0.1675,13.361,12.256
0,0.145,-0.1675,13.6357,12.256
0,0.1475,-0.1675,13.1596,12.256
0,0.15,-0.1675,13.9775,12.272
0,0.1525,-0.1675,13.007,12.288
0,0.155,-0.1675,13.0314,12.272
0,0.1575,-0.1675,12.5065,12.304
0,0.16,-0.1675,11.4383,12.304
0,0.1625,-0.1675,11.8595,12.336
0,0.165,-0.1675,12.5919,12.304
0,0.1675,-0.1675,11.3895,12.32
0,0.17,-0.1675,11.5116,12.304
0,0.1725,-0.1675,10.5228,12.352
0,0.175,-0.1675,10.9561,12.352
0,0.1775,-0.1675,10.3702,12.32
0,0.18,-0.1675,10.3519,12.336
0,0.1825,-0.1675,10.1749,12.336
0,0.185,-0.1675,10.358,12.32
0,0.1875,-0.1675,9.43022,12.368
0,0.19,-0.1675,10.7913,12.352
0,0.1925,-0.1675,9.7354,12.352
0,0.195,-0.1675,9.69268,12.384
0,0.1975,-0.1675,8.75271,12.4
0,0.2,-0.1675,8.94803,12.432
0,-0.2,-0.165,8.18506,12.16
0,-0.1975,-0.165,9.13114,12.16
0,-0.195,-0.165,9.61333,12.224
0,-0.1925,-0.165,9.13114,12.192
0,-0.19,-0.165,8.84426,12.192
0,-0.1875,-0.165,8.94803,12.192
0,-0.185,-0.165,9.58892,12.144
0,-0.1825,-0.165,8.98465,12.144
0,-0.18,-0.165,10.065,12.176
0,-0.1775,-0.165,9.71709,12.144
0,-0.175,-0.165,9.60112,12.176
0,-0.1725,-0.165,10.004,12.176
0,-0.17,-0.165,9.91241,12.176
0,-0.1675,-0.165,11.5177,12.144
0,-0.165,-0.165,11.4017,12.128
0,-0.1625,-0.165,11.597,12.128
0,-0.16,-0.165,11.6581,12.144
0,-0.1575,-0.165,11.5665,12.144
0,-0.155,-0.165,10.9928,12.128
0,-0.1525,-0.165,11.9816,12.176
0,-0.15,-0.165,13.3549,12.144
0,-0.1475,-0.165,12.4821,12.096
0,-0.145,-0.165,12.7689,12.096
0,-0.1425,-0.165,13.8554,12.144
0,-0.14,-0.165,13.1108,12.128
0,-0.1375,-0.165,15.4607,12.128
0,-0.135,-0.165,13.3976,12.112
0,-0.1325,-0.165,14.0019,12.128
0,-0.13,-0.165,14.6794,12.112
0,-0.1275,-0.165,15.125,12.08
0,-0.125,-0.165,14.4963,12.112
0,-0.1225,-0.165,16.6936,12.128
0,-0.12,-0.165,15.5461,12.096
0,-0.1175,-0.165,16.2175,12.096
0,-0.115,-0.165,14.8625,12.08
0,-0.1125,-0.165,16.4922,12.064
0,-0.11,-0.165,16.4373,12.096
0,-0.1075,-0.165,17.8594,12.064
0,-0.105,-0.165,16.7791,12.096
0,-0.1025,-0.165,18.0609,12.064
0,-0.1,-0.165,18.4515,12.08
0,-0.0975,-0.165,18.7811,12.08
0,-0.095,-0.165,17.8167,12.08
0,-0.0925,-0.165,18.8116,12.08
0,-0.09,-0.165,18.5247,12.096
0,-0.0875,-0.165,18.8116,12.08
0,-0.085,-0.165,19.8309,12.096
0,-0.0825,-0.165,19.1839,12.064
0,-0.08,-0.165,20.4535,12.064
0,-0.0775,-0.165,20.5573,12.08
0,-0.075,-0.165,19.715,12.096
0,-0.0725,-0.165,22.248,12.064
0,-0.07,-0.165,20.9174,12.08
0,-0.0675,-0.165,21.6315,12.064
0,-0.065,-0.165,21.601,12.064
0,-0.0625,-0.165,22.0405,12.064
0,-0.06,-0.165,22.9682,12.08
0,-0.0575,-0.165,21.7231,12.08
0,-0.055,-0.165,22.7119,12.048
0,-0.0525,-0.165,22.9743,12.048
0,-0.05,-0.165,23.1025,12.064
0,-0.0475,-0.165,24.0547,12.08
0,-0.045,-0.165,23.3894,12.064
0,-0.0425,-0.165,23.6274,12.08
0,-0.04,-0.165,23.072,12.064
0,-0.0375,-0.165,24.1401,12.064
0,-0.035,-0.165,24.6406,12.064
0,-0.0325,-0.165,24.427,12.08
0,-0.03,-0.165,23.8716,12.064
0,-0.0275,-0.165,24.6956,12.048
0,-0.025,-0.165,24.1951,12.048
0,-0.0225,-0.165,24.7566,12.048
0,-0.02,-0.165,24.5369,12.064
0,-0.0175,-0.165,24.9947,12.064
0,-0.015,-0.165,25.5806,12.064
0,-0.0125,-0.165,24.6834,12.064
0,-0.01,-0.165,24.836,12.064
0,-0.0075,-0.165,24.897,12.048
0,-0.005,-0.165,25.3548,12.064
0,-0.0025,-0.165,25.1167,12.064
0,0,-0.165,25.8431,12.064
0,0.0025,-0.165,26.1544,12.08
0,0.005,-0.165,25.2876,12.064
0,0.0075,-0.165,24.9763,12.08
0,0.01,-0.165,25.6966,12.08
0,0.0125,-0.165,25.3182,12.096
0,0.015,-0.165,24.4697,12.064
0,0.0175,-0.165,25.013,12.096
0,0.02,-0.165,25.2327,12.064
0,0.0225,-0.165,24.6467,12.096
0,0.025,-0.165,25.2083,12.096
0,0.0275,-0.165,24.3233,12.08
0,0.03,-0.165,23.0537,12.064
0,0.0325,-0.165,25.1656,12.096
0,0.035,-0.165,24.7749,12.08
0,0.0375,-0.165,24.0059,12.08
0,0.04,-0.165,23.9875,12.096
0,0.0425,-0.165,23.6885,12.08
0,0.045,-0.165,23.9326,12.096
0,0.0475,-0.165,23.5725,12.112
0,0.05,-0.165,23.1697,12.08
0,0.0525,-0.165,22.3334,12.112
0,0.055,-0.165,23.7678,12.112
0,0.0575,-0.165,22.0405,12.112
0,0.06,-0.165,22.8584,12.112
0,0.0625,-0.165,23.2673,12.112
0,0.065,-0.165,22.4982,12.08
0,0.0675,-0.165,22.0649,12.096
0,0.07,-0.165,22.4372,12.112
0,0.0725,-0.165,21.8268,12.112
0,0.075,-0.165,21.9794,12.128
0,0.0775,-0.165,21.8513,12.112
0,0.08,-0.165,20.5023,12.128
0,0.0825,-0.165,20.1727,12.128
0,0.085,-0.165,20.6915,12.112
0,0.0875,-0.165,20.1056,12.16
0,0.09,-0.165,19.8004,12.128
0,0.0925,-0.165,20.0201,12.128
0,0.095,-0.165,19.3365,12.144
0,0.0975,-0.165,18.4454,12.16
0,0.1,-0.165,18.2379,12.144
0,0.1025,-0.165,18.128,12.144
0,0.105,-0.165,17.9083,12.176
0,0.1075,-0.165,17.6641,12.176
0,0.11,-0.165,17.5542,12.176
0,0.1125,-0.165,17.9754,12.176
0,0.115,-0.165,17.1514,12.208
0,0.1175,-0.165,16.419,12.224
0,0.12,-0.165,16.6997,12.176
0,0.1225,-0.165,16.126,12.208
0,0.125,-0.165,15.7598,12.208
0,0.1275,-0.165,15.772,12.224
0,0.13,-0.165,14.4841,12.224
0,0.1325,-0.165,15.6438,12.224
0,0.135,-0.165,14.893,12.256
0,0.1375,-0.165,15.5705,12.256
0,0.14,-0.165,13.6479,12.256
0,0.1425,-0.165,14.5146,12.256
0,0.145,-0.165,14.0507,12.272
0,0.1475,-0.165,13.5014,12.256
0,0.15,-0.165,13.1596,12.288
0,0.1525,-0.165,13.9286,12.24
0,0.155,-0.165,12.5248,12.256
0,0.1575,-0.165,12.3112,12.32
0,0.16,-0.165,12.5004,12.304
0,0.1625,-0.165,12.1403,12.304
0,0.165,-0.165,12.0731,12.272
0,0.1675,-0.165,11.3895,12.304
0,0.17,-0.165,11.0538,12.288
0,0.1725,-0.165,11.4017,12.304
0,0.175,-0.165,10.8036,12.32
0,0.1775,-0.165,10.4923,12.304
0,0.18,-0.165,11.7191,12.352
0,0.1825,-0.165,10.5716,12.336
0,0.185,-0.165,10.2786,12.336
0,0.1875,-0.165,9.36918,12.368
0,0.19,-0.165,9.49126,12.32
0,0.1925,-0.165,9.0762,12.32
0,0.195,-0.165,8.75271,12.368
0,0.1975,-0.165,8.94192,12.368
0,0.2,-0.165,8.34376,12.4
0,-0.2,-0.1625,9.64385,12.176
0,-0.1975,-0.1625,9.77203,12.192
0,-0.195,-0.1625,8.47194,12.16
0,-0.1925,-0.1625,8.76492,12.176
0,-0.19,-0.1625,8.88699,12.16
0,-0.1875,-0.1625,8.46583,12.16
0,-0.185,-0.1625,10.0345,12.192
0,-0.1825,-0.1625,9.44853,12.192
0,-0.18,-0.1625,10.004,12.144
0,-0.1775,-0.1625,10.4373,12.176
0,-0.175,-0.1625,11.4444,12.144
0,-0.1725,-0.1625,11.4872,12.192
0,-0.17,-0.1625,11.005,12.176
0,-0.1675,-0.1625,10.95,12.128
0,-0.165,-0.1625,11.6459,12.16
0,-0.1625,-0.1625,11.8168,12.128
0,-0.16,-0.1625,11.2186,12.16
0,-0.1575,-0.1625,11.8412,12.128
0,-0.155,-0.1625,12.183,12.144
0,-0.1525,-0.1625,12.9215,12.144
0,-0.15,-0.1625,12.6164,12.144
0,-0.1475,-0.1625,12.6102,12.144
0,-0.145,-0.1625,13.0558,12.128
0,-0.1425,-0.1625,13.9958,12.128
0,-0.14,-0.1625,13.5441,12.112
0,-0.1375,-0.1625,13.8493,12.112
0,-0.135,-0.1625,14.7893,12.112
0,-0.1325,-0.1625,14.301,12.112
0,-0.13,-0.1625,14.6611,12.08
0,-0.1275,-0.1625,15.479,12.08
0,-0.125,-0.1625,15.3508,12.112
0,-0.1225,-0.1625,15.833,12.08
0,-0.12,-0.1625,15.949,12.08
0,-0.1175,-0.1625,15.9307,12.096
0,-0.115,-0.1625,16.2053,12.096
0,-0.1125,-0.1625,16.2786,12.064
0,-0.11,-0.1625,17.1453,12.064
0,-0.1075,-0.1625,17.3284,12.08
0,-0.105,-0.1625,18.8604,12.08
0,-0.1025,-0.1625,17.5481,12.08
0,-0.1,-0.1625,17.7068,12.064
0,-0.0975,-0.1625,18.6224,12.08
0,-0.095,-0.1625,20.0934,12.096
0,-0.0925,-0.1625,19.3487,12.064
0,-0.09,-0.1625,19.9774,12.064
0,-0.0875,-0.1625,20.1056,12.064
0,-0.085,-0.1625,20.3253,12.08
0,-0.0825,-0.1625,20.4352,12.08
0,-0.08,-0.1625,20.6732,12.064
0,-0.0775,-0.1625,21.4545,12.064
0,-0.075,-0.1625,22.0466,12.064
0,-0.0725,-0.1625,22.4616,12.064
0,-0.07,-0.1625,21.485,12.048
0,-0.0675,-0.1625,22.3395,12.08
0,-0.065,-0.1625,23.2063,12.08
0,-0.0625,-0.1625,22.9926,12.048
0,-0.06,-0.1625,22.7729,12.064
0,-0.0575,-0.1625,23.8227,12.064
0,-0.055,-0.1625,23.8777,12.064
0,-0.0525,-0.1625,22.779,12.048
0,-0.05,-0.1625,24.836,12.064
0,-0.0475,-0.1625,24.2317,12.032
0,-0.045,-0.1625,24.3843,12.08
0,-0.0425,-0.1625,24.2744,12.064
0,-0.04,-0.1625,24.3538,12.08
0,-0.0375,-0.1625,25.0862,12.048
0,-0.035,-0.1625,24.4758,12.064
0,-0.0325,-0.1625,25.8003,12.064
0,-0.03,-0.1625,24.7444,12.064
0,-0.0275,-0.1625,26.0872,12.048
0,-0.025,-0.1625,25.5989,12.08
0,-0.0225,-0.1625,25.0862,12.064
0,-0.02,-0.1625,26.3009,12.048
0,-0.0175,-0.1625,25.9529,12.048
0,-0.015,-0.1625,26.2886,12.08
0,-0.0125,-0.1625,26.2032,12.064
0,-0.01,-0.1625,26.2215,12.064
0,-0.0075,-0.1625,26.5145,12.064
0,-0.005,-0.1625,25.6172,12.064
0,-0.0025,-0.1625,26.0384,12.064
0,0,-0.1625,26.3375,12.064
0,0.0025,-0.1625,26.9051,12.064
0,0.005,-0.1625,25.3853,12.048
0,0.0075,-0.1625,25.9285,12.064
0,0.01,-0.1625,26.4534,12.048
0,0.0125,-0.1625,25.2205,12.096
0,0.015,-0.1625,25.3609,12.08
0,0.0175,-0.1625,26.2947,12.064
0,0.02,-0.1625,25.2571,12.08
0,0.0225,-0.1625,25.8675,12.08
0,0.025,-0.1625,25.5745,12.08
0,0.0275,-0.1625,25.5684,12.08
0,0.03,-0.1625,24.7139,12.08
0,0.0325,-0.1625,25.1961,12.096
0,0.035,-0.1625,24.6773,12.096
0,0.0375,-0.1625,25.2388,12.096
0,0.04,-0.1625,23.9692,12.08
0,0.0425,-0.1625,24.7322,12.096
0,0.045,-0.1625,24.9153,12.08
0,0.0475,-0.1625,23.8899,12.112
0,0.05,-0.1625,24.4453,12.08
0,0.0525,-0.1625,23.0476,12.112
0,0.055,-0.1625,23.0232,12.096
0,0.0575,-0.1625,23.9631,12.112
0,0.06,-0.1625,23.487,12.096
0,0.0625,-0.1625,23.2063,12.096
0,0.065,-0.1625,22.895,12.128
0,0.0675,-0.1625,22.248,12.096
0,0.07,-0.1625,22.2297,12.112
0,0.0725,-0.1625,22.1931,12.128
0,0.075,-0.1625,21.6071,12.112
0,0.0775,-0.1625,22.7668,12.112
0,0.08,-0.1625,20.9662,12.128
0,0.0825,-0.1625,19.9713,12.096
0,0.085,-0.1625,20.8747,12.128
0,0.0875,-0.1625,20.954,12.144
0,0.09,-0.1625,20.2033,12.128
0,0.0925,-0.1625,19.5502,12.128
0,0.095,-0.1625,20.8014,12.144
0,0.0975,-0.1625,19.7272,12.128
0,0.1,-0.1625,18.305,12.16
0,0.1025,-0.1625,18.5736,12.16
0,0.105,-0.1625,19.1351,12.176
0,0.1075,-0.1625,18.4515,12.144
0,0.11,-0.1625,17.6153,12.16
0,0.1125,-0.1625,18.421,12.208
0,0.115,-0.1625,17.8289,12.192
0,0.1175,-0.1625,17.2063,12.208
0,0.12,-0.1625,16.4312,12.192
0,0.1225,-0.1625,16.4861,12.192
0,0.125,-0.1625,15.8757,12.16
0,0.1275,-0.1625,15.54,12.208
0,0.13,-0.1625,16.0894,12.224
0,0.1325,-0.1625,17.2735,12.208
0,0.135,-0.1625,15.7292,12.224
0,0.1375,-0.1625,15.9795,12.208
0,0.14,-0.1625,14.7832,12.24
0,0.1425,-0.1625,14.8198,12.256
0,0.145,-0.1625,14.124,12.24
0,0.1475,-0.1625,14.3315,12.272
0,0.15,-0.1625,13.2084,12.272
0,0.1525,-0.1625,13.1046,12.272
0,0.155,-0.1625,13.3061,12.288
0,0.1575,-0.1625,13.2511,12.288
0,0.16,-0.1625,12.2257,12.272
0,0.1625,-0.1625,12.8178,12.288
0,0.165,-0.1625,11.0477,12.288
0,0.1675,-0.1625,11.5055,12.304
0,0.17,-0.1625,12.7506,12.32
0,0.1725,-0.1625,11.5116,12.32
0,0.175,-0.1625,11.3956,12.336
0,0.1775,-0.1625,10.5899,12.32
0,0.18,-0.1625,11.1332,12.352
0,0.1825,-0.1625,10.7547,12.336
0,0.185,-0.1625,10.2481,12.336
0,0.1875,-0.1625,9.74761,12.352
0,0.19,-0.1625,9.59502,12.336
0,0.1925,-0.1625,9.17997,12.368
0,0.195,-0.1625,10.1321,12.336
0,0.1975,-0.1625,9.36918,12.416
0,0.2,-0.1625,9.52177,12.368
0,-0.2,-0.16,8.53908,12.176
0,-0.1975,-0.16,8.92972,12.192
0,-0.195,-0.16,9.25321,12.16
0,-0.1925,-0.16,9.25932,12.144
0,-0.19,-0.16,10.1382,12.16
0,-0.1875,-0.16,10.2786,12.224
0,-0.185,-0.16,10.7547,12.16
0,-0.1825,-0.16,9.66826,12.176
0,-0.18,-0.16,10.4312,12.16
0,-0.1775,-0.16,10.1016,12.16
0,-0.175,-0.16,10.9684,12.176
0,-0.1725,-0.16,10.9806,12.144
0,-0.17,-0.16,11.8778,12.144
0,-0.1675,-0.16,11.3956,12.144
0,-0.165,-0.16,9.98566,12.192
0,-0.1625,-0.16,12.0609,12.176
0,-0.16,-0.16,11.7374,12.128
0,-0.1575,-0.16,12.4943,12.144
0,-0.155,-0.16,12.6225,12.144
0,-0.1525,-0.16,13.3305,12.096
0,-0.15,-0.16,13.2389,12.128
0,-0.1475,-0.16,13.5014,12.112
0,-0.145,-0.16,13.8066,12.112
0,-0.1425,-0.16,13.3061,12.128
0,-0.14,-0.16,13.9286,12.096
0,-0.1375,-0.16,14.6855,12.112
0,-0.135,-0.16,14.5512,12.096
0,-0.1325,-0.16,15.0884,12.096
0,-0.13,-0.16,15.1311,12.08
0,-0.1275,-0.16,14.7832,12.128
0,-0.125,-0.16,16.1748,12.112
0,-0.1225,-0.16,16.0466,12.112
0,-0.12,-0.16,16.3335,12.096
0,-0.1175,-0.16,16.4312,12.08
0,-0.115,-0.16,17.3284,12.08
0,-0.1125,-0.16,17.7984,12.064
0,-0.11,-0.16,17.9388,12.08
0,-0.1075,-0.16,17.4566,12.064
0,-0.105,-0.16,18.6834,12.08
0,-0.1025,-0.16,17.9998,12.064
0,-0.1,-0.16,19.3304,12.08
0,-0.0975,-0.16,19.0619,12.064
0,-0.095,-0.16,19.1229,12.064
0,-0.0925,-0.16,19.715,12.08
0,-0.09,-0.16,20.246,12.048
0,-0.0875,-0.16,19.8187,12.08
0,-0.085,-0.16,20.4962,12.096
0,-0.0825,-0.16,20.6854,12.064
0,-0.08,-0.16,21.54,12.048
0,-0.0775,-0.16,21.0761,12.08
0,-0.075,-0.16,21.717,12.064
0,-0.0725,-0.16,23.3039,12.08
0,-0.07,-0.16,23.2185,12.096
0,-0.0675,-0.16,22.9621,12.048
0,-0.065,-0.16,22.9865,12.08
0,-0.0625,-0.16,23.9143,12.048
0,-0.06,-0.16,24.3721,12.048
0,-0.0575,-0.16,24.9397,12.064
0,-0.055,-0.16,24.4942,12.064
0,-0.0525,-0.16,24.9702,12.048
0,-0.05,-0.16,25.1534,12.08
0,-0.0475,-0.16,24.7566,12.048
0,-0.045,-0.16,24.3171,12.032
0,-0.0425,-0.16,25.0984,12.064
0,-0.04,-0.16,25.3243,12.064
0,-0.0375,-0.16,25.9041,12.064
0,-0.035,-0.16,26.3375,12.064
0,-0.0325,-0.16,25.7942,12.064
0,-0.03,-0.16,26.4107,12.064
0,-0.0275,-0.16,26.252,12.048
0,-0.025,-0.16,26.838,12.064
0,-0.0225,-0.16,27.2103,12.048
0,-0.02,-0.16,26.6182,12.048
0,-0.0175,-0.16,26.1849,12.064
0,-0.015,-0.16,26.8197,12.064
0,-0.0125,-0.16,27.7596,12.048
0,-0.01,-0.16,26.783,12.048
0,-0.0075,-0.16,27.0638,12.032
0,-0.005,-0.16,26.8685,12.096
0,-0.0025,-0.16,26.4168,12.064
0,0,-0.16,27.7963,12.048
0,0.0025,-0.16,24.9214,12.032
0,0.005,-0.16,26.9906,12.048
0,0.0075,-0.16,27.546,12.096
0,0.01,-0.16,26.5389,12.064
0,0.0125,-0.16,27.0577,12.064
0,0.015,-0.16,26.7403,12.08
0,0.0175,-0.16,26.0933,12.08
0,0.02,-0.16,26.9723,12.08
0,0.0225,-0.16,27.4239,12.08
0,0.025,-0.16,26.3619,12.096
0,0.0275,-0.16,26.0933,12.064
0,0.03,-0.16,26.191,12.064
0,0.0325,-0.16,25.4341,12.096
0,0.035,-0.16,25.5745,12.064
0,0.0375,-0.16,24.9092,12.096
0,0.04,-0.16,24.4026,12.096
0,0.0425,-0.16,25.3426,12.08
0,0.045,-0.16,25.2022,12.08
0,0.0475,-0.16,24.9702,12.096
0,0.05,-0.16,24.0059,12.096
0,0.0525,-0.16,24.0669,12.112
0,0.055,-0.16,24.0669,12.08
0,0.0575,-0.16,24.3294,12.08
0,0.06,-0.16,24.5674,12.096
0,0.0625,-0.16,23.7556,12.112
0,0.065,-0.16,23.4138,12.096
0,0.0675,-0.16,23.6824,12.08
0,0.07,-0.16,23.4443,12.096
0,0.0725,-0.16,23.426,12.112
0,0.075,-0.16,21.9428,12.112
0,0.0775,-0.16,20.954,12.128
0,0.08,-0.16,21.4606,12.112
0,0.0825,-0.16,21.5033,12.128
0,0.085,-0.16,21.4606,12.112
0,0.0875,-0.16,21.7414,12.144
0,0.09,-0.16,21.6132,12.128
0,0.0925,-0.16,19.1046,12.128
0,0.095,-0.16,19.8065,12.144
0,0.0975,-0.16,20.5145,12.144
0,0.1,-0.16,19.3915,12.128
0,0.1025,-0.16,19.4464,12.144
0,0.105,-0.16,19.4647,12.128
0,0.1075,-0.16,19.7211,12.144
0,0.11,-0.16,18.9398,12.16
0,0.1125,-0.16,17.6763,12.16
0,0.115,-0.16,17.6275,12.192
0,0.1175,-0.16,18.2562,12.176
0,0.12,-0.16,17.6885,12.192
0,0.1225,-0.16,17.542,12.208
0,0.125,-0.16,16.4861,12.208
0,0.1275,-0.16,17.5054,12.208
0,0.13,-0.16,16.5777,12.224
0,0.1325,-0.16,15.949,12.224
0,0.135,-0.16,15.9673,12.224
0,0.1375,-0.16,15.5217,12.256
0,0.14,-0.16,15.8391,12.24
0,0.1425,-0.16,14.1484,12.24
0,0.145,-0.16,14.7893,12.256
0,0.1475,-0.16,15.247,12.24
0,0.15,-0.16,13.4526,12.256
0,0.1525,-0.16,13.8371,12.24
0,0.155,-0.16,13.7211,12.256
0,0.1575,-0.16,12.9398,12.288
0,0.16,-0.16,13.538,12.288
0,0.1625,-0.16,12.5492,12.272
0,0.165,-0.16,13.5075,12.256
0,0.1675,-0.16,12.2623,12.272
0,0.17,-0.16,11.9083,12.304
0,0.1725,-0.16,10.9989,12.32
0,0.175,-0.16,12.2623,12.336
0,0.1775,-0.16,11.066,12.352
0,0.18,-0.16,11.4444,12.304
0,0.1825,-0.16,10.2969,12.304
0,0.185,-0.16,11.2308,12.336
0,0.1875,-0.16,10.4434,12.32
0,0.19,-0.16,10.1505,12.352
0,0.1925,-0.16,10.419,12.32
0,0.195,-0.16,9.10062,12.336
0,0.1975,-0.16,9.32646,12.336
0,0.2,-0.16,10.1627,12.384
0,-0.2,-0.1575,8.76492,12.208
0,-0.1975,-0.1575,9.08841,12.16
0,-0.195,-0.1575,8.70998,12.144
0,-0.1925,-0.1575,9.49126,12.144
0,-0.19,-0.1575,9.99786,12.192
0,-0.1875,-0.1575,9.82696,12.16
0,-0.185,-0.1575,10.1016,12.176
0,-0.1825,-0.1575,9.98566,12.128
0,-0.18,-0.1575,10.3153,12.16
0,-0.1775,-0.1575,11.1759,12.144
0,-0.175,-0.1575,11.2064,12.176
0,-0.1725,-0.1575,11.3651,12.144
0,-0.17,-0.1575,10.6937,12.176
0,-0.1675,-0.1575,11.9572,12.128
0,-0.165,-0.1575,12.2379,12.16
0,-0.1625,-0.1575,10.9928,12.096
0,-0.16,-0.1575,11.1759,12.144
0,-0.1575,-0.1575,13.0863,12.144
0,-0.155,-0.1575,12.3722,12.112
0,-0.1525,-0.1575,13.5563,12.112
0,-0.15,-0.1575,14.1118,12.128
0,-0.1475,-0.1575,13.8554,12.112
0,-0.145,-0.1575,14.1911,12.128
0,-0.1425,-0.1575,14.069,12.128
0,-0.14,-0.1575,14.7465,12.112
0,-0.1375,-0.1575,14.6184,12.096
0,-0.135,-0.1575,14.9358,12.128
0,-0.1325,-0.1575,15.4424,12.112
0,-0.13,-0.1575,15.8086,12.128
0,-0.1275,-0.1575,16.3701,12.08
0,-0.125,-0.1575,16.0588,12.08
0,-0.1225,-0.1575,17.0476,12.096
0,-0.12,-0.1575,16.8096,12.08
0,-0.1175,-0.1575,17.7068,12.096
0,-0.115,-0.1575,17.4993,12.064
0,-0.1125,-0.1575,18.067,12.064
0,-0.11,-0.1575,17.6641,12.08
0,-0.1075,-0.1575,18.4271,12.08
0,-0.105,-0.1575,18.891,12.064
0,-0.1025,-0.1575,19.129,12.096
0,-0.1,-0.1575,19.4464,12.08
0,-0.0975,-0.1575,19.0313,12.08
0,-0.095,-0.1575,19.7943,12.064
0,-0.0925,-0.1575,20.5634,12.048
0,-0.09,-0.1575,21.3385,12.064
0,-0.0875,-0.1575,20.9845,12.048
0,-0.085,-0.1575,21.7048,12.064
0,-0.0825,-0.1575,20.3253,12.064
0,-0.08,-0.1575,21.6315,12.064
0,-0.0775,-0.1575,20.9906,12.048
0,-0.075,-0.1575,22.718,12.048
0,-0.0725,-0.1575,23.0659,12.064
0,-0.07,-0.1575,23.2856,12.08
0,-0.0675,-0.1575,23.3833,12.048
0,-0.065,-0.1575,23.7678,12.032
0,-0.0625,-0.1575,23.7739,12.064
0,-0.06,-0.1575,24.4881,12.064
0,-0.0575,-0.1575,25.0374,12.064
0,-0.055,-0.1575,24.8665,12.048
0,-0.0525,-0.1575,25.0435,12.064
0,-0.05,-0.1575,25.2388,12.08
0,-0.0475,-0.1575,24.6406,12.048
0,-0.045,-0.1575,25.8553,12.08
0,-0.0425,-0.1575,27.131,12.048
0,-0.04,-0.1575,26.783,12.064
0,-0.0375,-0.1575,27.1859,12.064
0,-0.035,-0.1575,26.4962,12.064
0,-0.0325,-0.1575,26.5999,12.048
0,-0.03,-0.1575,28.1808,12.064
0,-0.0275,-0.1575,27.7047,12.048
0,-0.025,-0.1575,27.5582,12.064
0,-0.0225,-0.1575,28.0892,12.064
0,-0.02,-0.1575,27.4911,12.08
0,-0.0175,-0.1575,27.1615,12.048
0,-0.015,-0.1575,27.5155,12.064
0,-0.0125,-0.1575,27.1981,12.064
0,-0.01,-0.1575,27.5887,12.064
0,-0.0075,-0.1575,27.2042,12.064
0,-0.005,-0.1575,27.3568,12.048
0,-0.0025,-0.1575,27.3934,12.064
0,0,-0.1575,26.7159,12.08
0,0.0025,-0.1575,27.7108,12.048
0,0.005,-0.1575,27.4667,12.064
0,0.0075,-0.1575,27.4545,12.064
0,0.01,-0.1575,27.8695,12.048
0,0.0125,-0.1575,27.2286,12.064
0,0.015,-0.1575,28.0343,12.064
0,0.0175,-0.1575,27.9611,12.064
0,0.02,-0.1575,26.8685,12.08
0,0.0225,-0.1575,27.2042,12.064
0,0.025,-0.1575,26.5633,12.08
0,0.0275,-0.1575,27.4972,12.064
0,0.03,-0.1575,26.2459,12.096
0,0.0325,-0.1575,27.0028,12.096
0,0.035,-0.1575,26.3497,12.08
0,0.0375,-0.1575,26.2032,12.08
0,0.04,-0.1575,26.0384,12.08
0,0.0425,-0.1575,25.2998,12.08
0,0.045,-0.1575,26.5267,12.096
0,0.0475,-0.1575,24.9763,12.08
0,0.05,-0.1575,25.0069,12.064
0,0.0525,-0.1575,25.7332,12.08
0,0.055,-0.1575,23.6824,12.096
0,0.0575,-0.1575,24.9763,12.096
0,0.06,-0.1575,24.4697,12.096
0,0.0625,-0.1575,24.6162,12.112
0,0.065,-0.1575,23.7922,12.096
0,0.0675,-0.1575,23.6518,12.096
0,0.07,-0.1575,23.1574,12.096
0,0.0725,-0.1575,23.3161,12.096
0,0.075,-0.1575,23.3283,12.096
0,0.0775,-0.1575,22.6814,12.096
0,0.08,-0.1575,22.8278,12.128
0,0.0825,-0.1575,22.6386,12.112
0,0.085,-0.1575,22.309,12.144
0,0.0875,-0.1575,21.7353,12.112
0,0.09,-0.1575,22.1198,12.144
0,0.0925,-0.1575,21.0334,12.128
0,0.095,-0.1575,21.3324,12.16
0,0.0975,-0.1575,20.2338,12.144
0,0.1,-0.1575,19.8309,12.144
0,0.1025,-0.1575,19.6722,12.128
0,0.105,-0.1575,19.2511,12.144
0,0.1075,-0.1575,18.8543,12.128
0,0.11,-0.1575,19.5868,12.16
0,0.1125,-0.1575,18.8665,12.176
0,0.115,-0.1575,18.5003,12.16
0,0.1175,-0.1575,18.9032,12.192
0,0.12,-0.1575,17.3956,12.176
0,0.1225,-0.1575,17.4749,12.176
0,0.125,-0.1575,16.4434,12.224
0,0.1275,-0.1575,16.0283,12.208
0,0.13,-0.1575,15.9673,12.24
0,0.1325,-0.1575,15.54,12.224
0,0.135,-0.1575,17.42,12.192
0,0.1375,-0.1575,15.4729,12.224
0,0.14,-0.1575,14.6733,12.224
0,0.1425,-0.1575,15.8391,12.24
0,0.145,-0.1575,14.6733,12.24
0,0.1475,-0.1575,14.3498,12.224
0,0.15,-0.1575,14.0812,12.24
0,0.1525,-0.1575,13.1291,12.256
0,0.155,-0.1575,13.6357,12.256
0,0.1575,-0.1575,13.538,12.24
0,0.16,-0.1575,13.3122,12.272
0,0.1625,-0.1575,12.8971,12.304
0,0.165,-0.1575,12.9521,12.272
0,0.1675,-0.1575,12.653,12.272
0,0.17,-0.1575,12.1586,12.304
0,0.1725,-0.1575,13.3732,12.288
0,0.175,-0.1575,11.7374,12.304
0,0.1775,-0.1575,12.4821,12.32
0,0.18,-0.1575,11.1576,12.32
0,0.1825,-0.1575,10.6998,12.288
0,0.185,-0.1575,11.1026,12.336
0,0.1875,-0.1575,10.181,12.304
0,0.19,-0.1575,9.61333,12.336
0,0.1925,-0.1575,9.93683,12.336
0,0.195,-0.1575,10.1505,12.368
0,0.1975,-0.1575,9.69268,12.352
0,0.2,-0.1575,10.1444,12.352
0,-0.2,-0.155,9.90631,12.128
0,-0.1975,-0.155,9.32646,12.176
0,-0.195,-0.155,9.77813,12.16
0,-0.1925,-0.155,9.49736,12.176
0,-0.19,-0.155,9.22269,12.16
0,-0.1875,-0.155,10.0223,12.144
0,-0.185,-0.155,9.83917,12.16
0,-0.1825,-0.155,10.2298,12.144
0,-0.18,-0.155,10.2969,12.16
0,-0.1775,-0.155,11.3163,12.16
0,-0.175,-0.155,11.774,12.16
0,-0.1725,-0.155,12.122,12.128
0,-0.17,-0.155,10.4373,12.112
0,-0.1675,-0.155,11.5604,12.144
0,-0.165,-0.155,12.6957,12.144
0,-0.1625,-0.155,12.1708,12.112
0,-0.16,-0.155,12.36,12.16
0,-0.1575,-0.155,12.598,12.128
0,-0.155,-0.155,13.6235,12.112
0,-0.1525,-0.155,13.0436,12.128
0,-0.15,-0.155,13.9286,12.128
0,-0.1475,-0.155,13.0985,12.096
0,-0.145,-0.155,14.2338,12.096
0,-0.1425,-0.155,14.6306,12.096
0,-0.14,-0.155,14.0263,12.112
0,-0.1375,-0.155,15.3447,12.08
0,-0.135,-0.155,15.1494,12.112
0,-0.1325,-0.155,15.7414,12.096
0,-0.13,-0.155,15.8147,12.096
0,-0.1275,-0.155,15.8025,12.096
0,-0.125,-0.155,15.8757,12.08
0,-0.1225,-0.155,15.9185,12.08
0,-0.12,-0.155,17.7252,12.08
0,-0.1175,-0.155,18.3844,12.096
0,-0.115,-0.155,17.774,12.08
0,-0.1125,-0.155,17.5054,12.096
0,-0.11,-0.155,19.0374,12.096
0,-0.1075,-0.155,20.6488,12.064
0,-0.105,-0.155,19.245,12.08
0,-0.1025,-0.155,20.0262,12.064
0,-0.1,-0.155,18.9154,12.064
0,-0.0975,-0.155,20.2155,12.08
0,-0.095,-0.155,20.7099,12.064
0,-0.0925,-0.155,21.1188,12.048
0,-0.09,-0.155,21.3507,12.032
0,-0.0875,-0.155,21.7902,12.032
0,-0.085,-0.155,22.0771,12.064
0,-0.0825,-0.155,22.5043,12.048
0,-0.08,-0.155,21.6254,12.08
0,-0.0775,-0.155,23.4138,12.064
0,-0.075,-0.155,23.9998,12.032
0,-0.0725,-0.155,23.7312,12.064
0,-0.07,-0.155,23.9631,12.064
0,-0.0675,-0.155,24.0181,12.064
0,-0.065,-0.155,24.8421,12.064
0,-0.0625,-0.155,24.9092,12.048
0,-0.06,-0.155,24.7932,12.064
0,-0.0575,-0.155,25.3059,12.048
0,-0.055,-0.155,26.075,12.064
0,-0.0525,-0.155,25.1839,12.048
0,-0.05,-0.155,25.8126,12.016
0,-0.0475,-0.155,26.1177,12.064
0,-0.045,-0.155,27.43,12.048
0,-0.0425,-0.155,27.4483,12.048
0,-0.04,-0.155,27.8756,12.064
0,-0.0375,-0.155,28.0099,12.064
0,-0.035,-0.155,27.6131,12.048
0,-0.0325,-0.155,27.8268,12.064
0,-0.03,-0.155,26.9173,12.064
0,-0.0275,-0.155,28.3273,12.064
0,-0.025,-0.155,28.3639,12.048
0,-0.0225,-0.155,28.9804,12.048
0,-0.02,-0.155,27.9672,12.048
0,-0.0175,-0.155,28.2785,12.048
0,-0.015,-0.155,29.7433,12.048
0,-0.0125,-0.155,28.9193,12.064
0,-0.01,-0.155,28.37,12.048
0,-0.0075,-0.155,28.486,12.064
0,-0.005,-0.155,28.3883,12.048
0,-0.0025,-0.155,28.8644,12.048
0,0,-0.155,28.4066,12.032
0,0.0025,-0.155,29.1696,12.048
0,0.005,-0.155,29.4137,12.048
0,0.0075,-0.155,28.6447,12.064
0,0.01,-0.155,28.6935,12.08
0,0.0125,-0.155,28.9804,12.08
0,0.015,-0.155,28.0526,12.064
0,0.0175,-0.155,27.9733,12.064
0,0.02,-0.155,29.2673,12.064
0,0.0225,-0.155,28.309,12.08
0,0.025,-0.155,28.193,12.08
0,0.0275,-0.155,27.9183,12.064
0,0.03,-0.155,27.2408,12.08
0,0.0325,-0.155,27.7718,12.064
0,0.035,-0.155,26.8258,12.08
0,0.0375,-0.155,27.723,12.08
0,0.04,-0.155,26.5816,12.08
0,0.0425,-0.155,26.4351,12.096
0,0.045,-0.155,26.2459,12.096
0,0.0475,-0.155,26.6915,12.064
0,0.05,-0.155,25.8309,12.096
0,0.0525,-0.155,26.7525,12.096
0,0.055,-0.155,25.8187,12.096
0,0.0575,-0.155,24.6101,12.096
0,0.06,-0.155,24.9702,12.096
0,0.0625,-0.155,24.6712,12.096
0,0.065,-0.155,24.4392,12.112
0,0.0675,-0.155,25.3059,12.096
0,0.07,-0.155,24.72,12.112
0,0.0725,-0.155,24.0913,12.112
0,0.075,-0.155,24.25,12.096
0,0.0775,-0.155,23.4687,12.128
0,0.08,-0.155,23.4443,12.112
0,0.0825,-0.155,22.9133,12.08
0,0.085,-0.155,22.8217,12.128
0,0.0875,-0.155,21.9184,12.112
0,0.09,-0.155,22.6325,12.144
0,0.0925,-0.155,21.2287,12.144
0,0.095,-0.155,21.8574,12.144
0,0.0975,-0.155,21.0822,12.128
0,0.1,-0.155,20.9479,12.144
0,0.1025,-0.155,21.1921,12.144
0,0.105,-0.155,20.5084,12.144
0,0.1075,-0.155,20.4413,12.176
0,0.11,-0.155,18.6468,12.144
0,0.1125,-0.155,18.2928,12.16
0,0.115,-0.155,18.4332,12.192
0,0.1175,-0.155,18.4698,12.192
0,0.12,-0.155,18.366,12.192
0,0.1225,-0.155,18.8177,12.192
0,0.125,-0.155,17.9144,12.224
0,0.1275,-0.155,18.2745,12.192
0,0.13,-0.155,17.2857,12.224
0,0.1325,-0.155,16.8889,12.192
0,0.135,-0.155,15.8513,12.208
0,0.1375,-0.155,16.0955,12.208
0,0.14,-0.155,15.6804,12.208
0,0.1425,-0.155,15.6438,12.24
0,0.145,-0.155,15.9124,12.24
0,0.1475,-0.155,15.3203,12.256
0,0.15,-0.155,14.8869,12.256
0,0.1525,-0.155,13.4159,12.208
0,0.155,-0.155,13.5563,12.256
0,0.1575,-0.155,13.2511,12.272
0,0.16,-0.155,14.1423,12.256
0,0.1625,-0.155,12.9398,12.272
0,0.165,-0.155,12.421,12.272
0,0.1675,-0.155,12.7079,12.304
0,0.17,-0.155,12.537,12.256
0,0.1725,-0.155,11.8595,12.304
0,0.175,-0.155,12.7323,12.32
0,0.1775,-0.155,11.5909,12.32
0,0.18,-0.155,11.3834,12.304
0,0.1825,-0.155,10.7608,12.352
0,0.185,-0.155,10.2115,12.32
0,0.1875,-0.155,11.7374,12.32
0,0.19,-0.155,9.77203,12.336
0,0.1925,-0.155,10.6693,12.352
0,0.195,-0.155,10.5106,12.368
0,0.1975,-0.155,9.85748,12.352
0,0.2,-0.155,10.3336,12.352
0,-0.2,-0.1525,9.14945,12.144
0,-0.1975,-0.1525,9.33866,12.144
0,-0.195,-0.1525,9.71099,12.176
0,-0.1925,-0.1525,9.30815,12.16
0,-0.19,-0.1525,9.83917,12.144
0,-0.1875,-0.1525,9.888,12.144
0,-0.185,-0.1525,10.3519,12.144
0,-0.1825,-0.1525,10.1688,12.128
0,-0.18,-0.1525,10.6571,12.176
0,-0.1775,-0.1525,10.5716,12.16
0,-0.175,-0.1525,11.6947,12.144
0,-0.1725,-0.1525,10.9378,12.144
0,-0.17,-0.1525,12.6652,12.16
0,-0.1675,-0.1525,12.0426,12.144
0,-0.165,-0.1525,12.7873,12.144
0,-0.1625,-0.1525,12.421,12.144
0,-0.16,-0.1525,11.7801,12.144
0,-0.1575,-0.1525,13.1718,12.144
0,-0.155,-0.1525,13.2878,12.144
0,-0.1525,-0.1525,13.477,12.096
0,-0.15,-0.1525,14.4047,12.128
0,-0.1475,-0.1525,14.2521,12.128
0,-0.145,-0.1525,14.5695,12.08
0,-0.1425,-0.1525,14.2582,12.096
0,-0.14,-0.1525,14.6001,12.08
0,-0.1375,-0.1525,15.5522,12.096
0,-0.135,-0.1525,16.5899,12.096
0,-0.1325,-0.1525,15.1555,12.08
0,-0.13,-0.1525,16.2297,12.096
0,-0.1275,-0.1525,16.3945,12.08
0,-0.125,-0.1525,17.127,12.08
0,-0.1225,-0.1525,17.0782,12.08
0,-0.12,-0.1525,17.7618,12.064
0,-0.1175,-0.1525,17.9693,12.08
0,-0.115,-0.1525,18.5369,12.096
0,-0.1125,-0.1525,19.4098,12.08
0,-0.11,-0.1525,19.2633,12.064
0,-0.1075,-0.1525,19.2022,12.048
0,-0.105,-0.1525,20.2887,12.064
0,-0.1025,-0.1525,21.2043,12.064
0,-0.1,-0.1525,20.2643,12.048
0,-0.0975,-0.1525,20.423,12.096
0,-0.095,-0.1525,21.4484,12.064
0,-0.0925,-0.1525,21.9428,12.08
0,-0.09,-0.1525,21.3813,12.064
0,-0.0875,-0.1525,21.4789,12.064
0,-0.085,-0.1525,22.309,12.064
0,-0.0825,-0.1525,22.2053,12.048
0,-0.08,-0.1525,22.2114,12.064
0,-0.0775,-0.1525,23.9753,12.048
0,-0.075,-0.1525,24.1218,12.064
0,-0.0725,-0.1525,24.0242,12.064
0,-0.07,-0.1525,24.3965,12.048
0,-0.0675,-0.1525,25.8675,12.048
0,-0.065,-0.1525,25.7759,12.064
0,-0.0625,-0.1525,25.2144,12.048
0,-0.06,-0.1525,26.1299,12.048
0,-0.0575,-0.1525,26.307,12.032
0,-0.055,-0.1525,26.7159,12.064
0,-0.0525,-0.1525,26.6488,12.048
0,-0.05,-0.1525,26.9417,12.048
0,-0.0475,-0.1525,27.2469,12.048
0,-0.045,-0.1525,26.3253,12.064
0,-0.0425,-0.1525,28.2846,12.048
0,-0.04,-0.1525,28.2968,12.048
0,-0.0375,-0.1525,28.8034,12.048
0,-0.035,-0.1525,28.4127,12.064
0,-0.0325,-0.1525,29.1757,12.048
0,-0.03,-0.1525,27.5826,12.064
0,-0.0275,-0.1525,28.7851,12.032
0,-0.025,-0.1525,29.6884,12.032
0,-0.0225,-0.1525,29.4137,12.048
0,-0.02,-0.1525,29.7311,12.032
0,-0.0175,-0.1525,29.5358,12.048
0,-0.015,-0.1525,30.6162,12.032
0,-0.0125,-0.1525,29.5663,12.064
0,-0.01,-0.1525,29.6884,12.048
0,-0.0075,-0.1525,30.427,12.032
0,-0.005,-0.1525,29.6762,12.048
0,-0.0025,-0.1525,29.902,12.064
0,0,-0.1525,29.3588,12.048
0,0.0025,-0.1525,30.2622,12.064
0,0.005,-0.1525,29.8105,12.064
0,0.0075,-0.1525,30.1401,12.064
0,0.01,-0.1525,28.8705,12.048
0,0.0125,-0.1525,29.5236,12.048
0,0.015,-0.1525,29.2184,12.064
0,0.0175,-0.1525,29.1269,12.064
0,0.02,-0.1525,28.8217,12.064
0,0.0225,-0.1525,29.0719,12.08
0,0.025,-0.1525,28.901,12.08
0,0.0275,-0.1525,28.6142,12.08
0,0.03,-0.1525,28.3456,12.096
0,0.0325,-0.1525,27.0272,12.08
0,0.035,-0.1525,28.5165,12.064
0,0.0375,-0.1525,28.1564,12.096
0,0.04,-0.1525,28.3212,12.08
0,0.0425,-0.1525,28.1991,12.08
0,0.045,-0.1525,26.5511,12.064
0,0.0475,-0.1525,26.9417,12.112
0,0.05,-0.1525,27.0516,12.08
0,0.0525,-0.1525,26.3802,12.096
0,0.055,-0.1525,26.2032,12.08
0,0.0575,-0.1525,26.0506,12.096
0,0.06,-0.1525,25.5928,12.08
0,0.0625,-0.1525,26.1361,12.08
0,0.065,-0.1525,26.783,12.096
0,0.0675,-0.1525,26.0872,12.096
0,0.07,-0.1525,24.4087,12.096
0,0.0725,-0.1525,25.367,12.128
0,0.075,-0.1525,23.8472,12.112
0,0.0775,-0.1525,24.012,12.112
0,0.08,-0.1525,23.4809,12.112
0,0.0825,-0.1525,23.3955,12.112
0,0.085,-0.1525,22.7546,12.112
0,0.0875,-0.1525,22.956,12.128
0,0.09,-0.1525,22.6508,12.112
0,0.0925,-0.1525,22.3029,12.128
0,0.095,-0.1525,20.8319,12.128
0,0.0975,-0.1525,21.3202,12.112
0,0.1,-0.1525,21.3935,12.16
0,0.1025,-0.1525,21.1127,12.16
0,0.105,-0.1525,20.6671,12.144
0,0.1075,-0.1525,20.6,12.144
0,0.11,-0.1525,20.246,12.144
0,0.1125,-0.1525,19.0985,12.16
0,0.115,-0.1525,18.8482,12.16
0,0.1175,-0.1525,18.2867,12.192
0,0.12,-0.1525,18.6956,12.192
0,0.1225,-0.1525,18.0731,12.192
0,0.125,-0.1525,18.4149,12.176
0,0.1275,-0.1525,17.7679,12.208
0,0.13,-0.1525,18.2134,12.192
0,0.1325,-0.1525,17.1758,12.208
0,0.135,-0.1525,16.7669,12.224
0,0.1375,-0.1525,16.0649,12.208
0,0.14,-0.1525,16.4983,12.24
0,0.1425,-0.1525,15.5461,12.24
0,0.145,-0.1525,15.5828,12.224
0,0.1475,-0.1525,15.3935,12.24
0,0.15,-0.1525,14.3864,12.224
0,0.1525,-0.1525,14.4902,12.256
0,0.155,-0.1525,14.5573,12.24
0,0.1575,-0.1525,14.3132,12.272
0,0.16,-0.1525,14.1301,12.256
0,0.1625,-0.1525,13.7333,12.288
0,0.165,-0.1525,13.4037,12.288
0,0.1675,-0.1525,13.0253,12.288
0,0.17,-0.1525,12.5065,12.288
0,0.1725,-0.1525,13.7761,12.272
0,0.175,-0.1525,11.8595,12.304
0,0.1775,-0.1525,11.536,12.304
0,0.18,-0.1525,12.0792,12.304
0,0.1825,-0.1525,11.0965,12.336
0,0.185,-0.1525,11.4017,12.352
0,0.1875,-0.1525,10.6632,12.336
0,0.19,-0.1525,11.1881,12.32
0,0.1925,-0.1525,9.61943,12.32
0,0.195,-0.1525,10.6571,12.336
0,0.1975,-0.1525,9.50957,12.336
0,0.2,-0.1525,10.2176,12.4
0,-0.2,-0.15,9.19828,12.176
0,-0.1975,-0.15,9.46074,12.128
0,-0.195,-0.15,9.34477,12.16
0,-0.1925,-0.15,9.52788,12.16
0,-0.19,-0.15,10.7852,12.128
0,-0.1875,-0.15,9.98566,12.128
0,-0.185,-0.15,9.97955,12.144
0,-0.1825,-0.15,10.2298,12.112
0,-0.18,-0.15,11.2552,12.16
0,-0.1775,-0.15,11.8229,12.128
0,-0.175,-0.15,11.0477,12.128
0,-0.1725,-0.15,11.6398,12.144
0,-0.17,-0.15,12.4516,12.144
0,-0.1675,-0.15,12.067,12.144
0,-0.165,-0.15,12.6774,12.128
0,-0.1625,-0.15,12.537,12.128
0,-0.16,-0.15,12.4943,12.128
0,-0.1575,-0.15,12.9337,12.144
0,-0.155,-0.15,13.4648,12.096
0,-0.1525,-0.15,13.9225,12.112
0,-0.15,-0.15,14.4841,12.112
0,-0.1475,-0.15,14.008,12.144
0,-0.145,-0.15,14.5268,12.128
0,-0.1425,-0.15,14.7832,12.112
0,-0.14,-0.15,15.4973,12.096
0,-0.1375,-0.15,15.772,12.096
0,-0.135,-0.15,16.7852,12.08
0,-0.1325,-0.15,16.071,12.096
0,-0.13,-0.15,16.95,12.048
0,-0.1275,-0.15,18.2073,12.08
0,-0.125,-0.15,17.6702,12.048
0,-0.1225,-0.15,18.3477,12.08
0,-0.12,-0.15,17.6214,12.08
0,-0.1175,-0.15,18.0059,12.048
0,-0.115,-0.15,19.2938,12.048
0,-0.1125,-0.15,19.66,12.064
0,-0.11,-0.15,19.4037,12.064
0,-0.1075,-0.15,20.1056,12.048
0,-0.105,-0.15,20.4352,12.096
0,-0.1025,-0.15,20.4352,12.048
0,-0.1,-0.15,20.3803,12.064
0,-0.0975,-0.15,22.5715,12.08
0,-0.095,-0.15,21.4667,12.048
0,-0.0925,-0.15,21.4362,12.064
0,-0.09,-0.15,22.8584,12.064
0,-0.0875,-0.15,22.2846,12.08
0,-0.085,-0.15,22.9804,12.048
0,-0.0825,-0.15,23.8105,12.048
0,-0.08,-0.15,24.4575,12.032
0,-0.0775,-0.15,24.4575,12.064
0,-0.075,-0.15,25.8675,12.048
0,-0.0725,-0.15,25.2876,12.064
0,-0.07,-0.15,25.6172,12.064
0,-0.0675,-0.15,25.2327,12.048
0,-0.065,-0.15,25.4646,12.08
0,-0.0625,-0.15,25.1595,12.048
0,-0.06,-0.15,27.9855,12.048
0,-0.0575,-0.15,26.7525,12.048
0,-0.055,-0.15,27.0211,12.048
0,-0.0525,-0.15,27.9305,12.032
0,-0.05,-0.15,28.077,12.032
0,-0.0475,-0.15,27.2652,12.048
0,-0.045,-0.15,28.0282,12.032
0,-0.0425,-0.15,28.956,12.032
0,-0.04,-0.15,31.019,12.048
0,-0.0375,-0.15,29.2062,12.064
0,-0.035,-0.15,29.6762,12.032
0,-0.0325,-0.15,30.4636,12.048
0,-0.03,-0.15,29.7433,12.032
0,-0.0275,-0.15,29.5419,12.032
0,-0.025,-0.15,29.8044,12.032
0,-0.0225,-0.15,30.6284,12.048
0,-0.02,-0.15,30.1218,12.032
0,-0.0175,-0.15,30.0974,12.032
0,-0.015,-0.15,30.2072,12.032
0,-0.0125,-0.15,30.3232,12.048
0,-0.01,-0.15,30.8908,12.032
0,-0.0075,-0.15,31.019,12.048
0,-0.005,-0.15,29.9631,12.032
0,-0.0025,-0.15,29.3649,12.08
0,0,-0.15,30.4819,12.08
0,0.0025,-0.15,30.0424,12.048
0,0.005,-0.15,30.3293,12.064
0,0.0075,-0.15,30.5795,12.064
0,0.01,-0.15,30.2194,12.048
0,0.0125,-0.15,29.9814,12.048
0,0.015,-0.15,30.2438,12.064
0,0.0175,-0.15,30.7321,12.08
0,0.02,-0.15,30.3049,12.064
0,0.0225,-0.15,30.2561,12.08
0,0.025,-0.15,30.0241,12.064
0,0.0275,-0.15,29.5419,12.08
0,0.03,-0.15,29.8227,12.064
0,0.0325,-0.15,29.7433,12.064
0,0.035,-0.15,30.0058,12.064
0,0.0375,-0.15,29.2428,12.064
0,0.04,-0.15,28.2785,12.08
0,0.0425,-0.15,31.1594,12.08
0,0.045,-0.15,27.7352,12.08
0,0.0475,-0.15,27.6803,12.08
0,0.05,-0.15,27.7169,12.08
0,0.0525,-0.15,28.7912,12.096
0,0.055,-0.15,27.7108,12.08
0,0.0575,-0.15,27.6254,12.08
0,0.06,-0.15,26.6793,12.096
0,0.0625,-0.15,24.958,12.096
0,0.065,-0.15,26.5267,12.08
0,0.0675,-0.15,26.014,12.112
0,0.07,-0.15,25.4219,12.112
0,0.0725,-0.15,25.0801,12.096
0,0.075,-0.15,25.0435,12.096
0,0.0775,-0.15,24.6834,12.112
0,0.08,-0.15,24.6406,12.112
0,0.0825,-0.15,24.1401,12.112
0,0.085,-0.15,23.6579,12.128
0,0.0875,-0.15,23.3711,12.096
0,0.09,-0.15,23.4809,12.144
0,0.0925,-0.15,23.1452,12.112
0,0.095,-0.15,22.2602,12.128
0,0.0975,-0.15,22.7912,12.128
0,0.1,-0.15,21.8574,12.16
0,0.1025,-0.15,20.6854,12.144
0,0.105,-0.15,21.4057,12.128
0,0.1075,-0.15,20.6915,12.144
0,0.11,-0.15,19.7211,12.176
0,0.1125,-0.15,20.3986,12.176
0,0.115,-0.15,20.069,12.16
0,0.1175,-0.15,19.599,12.16
0,0.12,-0.15,18.9215,12.192
0,0.1225,-0.15,19.367,12.192
0,0.125,-0.15,18.2684,12.192
0,0.1275,-0.15,17.5359,12.192
0,0.13,-0.15,17.6702,12.224
0,0.1325,-0.15,18.1036,12.192
0,0.135,-0.15,17.3406,12.208
0,0.1375,-0.15,17.4749,12.208
0,0.14,-0.15,16.0894,12.192
0,0.1425,-0.15,14.7954,12.192
0,0.145,-0.15,15.5705,12.192
0,0.1475,-0.15,15.2654,12.24
0,0.15,-0.15,15.4302,12.224
0,0.1525,-0.15,15.2104,12.24
0,0.155,-0.15,15.2898,12.24
0,0.1575,-0.15,14.6184,12.24
0,0.16,-0.15,14.2399,12.24
0,0.1625,-0.15,13.6906,12.288
0,0.165,-0.15,13.477,12.304
0,0.1675,-0.15,14.2216,12.256
0,0.17,-0.15,13.3,12.304
0,0.1725,-0.15,12.421,12.288
0,0.175,-0.15,12.1647,12.272
0,0.1775,-0.15,12.2623,12.32
0,0.18,-0.15,11.6337,12.272
0,0.1825,-0.15,10.4984,12.272
0,0.185,-0.15,11.005,12.32
0,0.1875,-0.15,12.5187,12.336
0,0.19,-0.15,10.5716,12.304
0,0.1925,-0.15,10.3458,12.336
0,0.195,-0.15,10.1871,12.32
0,0.1975,-0.15,9.85137,12.352
0,0.2,-0.15,10.2481,12.336
0,-0.2,-0.1475,10.3153,12.144
0,-0.1975,-0.1475,9.97345,12.128
0,-0.195,-0.1475,9.38749,12.16
0,-0.1925,-0.1475,10.2847,12.176
0,-0.19,-0.1475,10.3946,12.128
0,-0.1875,-0.1475,10.1566,12.128
0,-0.185,-0.1475,10.8097,12.176
0,-0.1825,-0.1475,11.6764,12.16
0,-0.18,-0.1475,11.3651,12.144
0,-0.1775,-0.1475,10.8768,12.144
0,-0.175,-0.1475,11.4628,12.176
0,-0.1725,-0.1475,11.7679,12.128
0,-0.17,-0.1475,12.1281,12.112
0,-0.1675,-0.1475,12.7812,12.112
0,-0.165,-0.1475,12.7628,12.144
0,-0.1625,-0.1475,12.006,12.112
0,-0.16,-0.1475,13.5502,12.096
0,-0.1575,-0.1475,13.3305,12.096
0,-0.155,-0.1475,14.3742,12.144
0,-0.1525,-0.1475,13.9897,12.08
0,-0.15,-0.1475,14.6611,12.128
0,-0.1475,-0.1475,14.5024,12.112
0,-0.145,-0.1475,15.363,12.096
0,-0.1425,-0.1475,15.8452,12.08
0,-0.14,-0.1475,16.2175,12.128
0,-0.1375,-0.1475,15.4241,12.112
0,-0.135,-0.1475,16.303,12.096
0,-0.1325,-0.1475,16.9439,12.112
0,-0.13,-0.1475,16.4922,12.096
0,-0.1275,-0.1475,17.5237,12.064
0,-0.125,-0.1475,16.9744,12.064
0,-0.1225,-0.1475,18.5492,12.08
0,-0.12,-0.1475,18.4027,12.096
0,-0.1175,-0.1475,20.0079,12.08
0,-0.115,-0.1475,18.8299,12.064
0,-0.1125,-0.1475,20.0079,12.08
0,-0.11,-0.1475,19.1229,12.064
0,-0.1075,-0.1475,20.9052,12.048
0,-0.105,-0.1475,21.4423,12.08
0,-0.1025,-0.1475,20.7953,12.048
0,-0.1,-0.1475,20.5512,12.08
0,-0.0975,-0.1475,21.6315,12.064
0,-0.095,-0.1475,22.6936,12.08
0,-0.0925,-0.1475,22.9987,12.048
0,-0.09,-0.1475,23.5359,12.032
0,-0.0875,-0.1475,23.1208,12.064
0,-0.085,-0.1475,23.6946,12.064
0,-0.0825,-0.1475,24.1035,12.032
0,-0.08,-0.1475,23.4016,12.064
0,-0.0775,-0.1475,24.073,12.048
0,-0.075,-0.1475,25.7393,12.048
0,-0.0725,-0.1475,25.483,12.048
0,-0.07,-0.1475,26.722,12.048
0,-0.0675,-0.1475,26.5206,12.048
0,-0.065,-0.1475,27.7047,12.048
0,-0.0625,-0.1475,27.5948,12.032
0,-0.06,-0.1475,27.0089,12.048
0,-0.0575,-0.1475,27.4239,12.048
0,-0.055,-0.1475,28.5836,12.032
0,-0.0525,-0.1475,28.6081,12.032
0,-0.05,-0.1475,28.0892,12.048
0,-0.0475,-0.1475,29.0353,12.032
0,-0.045,-0.1475,29.3832,12.048
0,-0.0425,-0.1475,29.5541,12.032
0,-0.04,-0.1475,29.8837,12.048
0,-0.0375,-0.1475,30.6528,12.032
0,-0.035,-0.1475,30.079,12.032
0,-0.0325,-0.1475,30.1218,12.032
0,-0.03,-0.1475,31.2632,12.032
0,-0.0275,-0.1475,31.0923,12.032
0,-0.025,-0.1475,31.8308,12.032
0,-0.0225,-0.1475,31.0129,12.032
0,-0.02,-0.1475,31.4585,12.032
0,-0.0175,-0.1475,32.0505,12.032
0,-0.015,-0.1475,31.4524,12.032
0,-0.0125,-0.1475,31.6782,12.048
0,-0.01,-0.1475,32.1421,12.032
0,-0.0075,-0.1475,31.3425,12.048
0,-0.005,-0.1475,31.959,12.032
0,-0.0025,-0.1475,31.5134,12.048
0,0,-0.1475,31.1716,12.048
0,0.0025,-0.1475,31.3059,12.048
0,0.005,-0.1475,30.8298,12.064
0,0.0075,-0.1475,31.4829,12.064
0,0.01,-0.1475,31.8125,12.064
0,0.0125,-0.1475,30.9641,12.064
0,0.015,-0.1475,31.6965,12.064
0,0.0175,-0.1475,31.0739,12.064
0,0.02,-0.1475,31.2632,12.064
0,0.0225,-0.1475,31.3303,12.048
0,0.025,-0.1475,30.9702,12.08
0,0.0275,-0.1475,30.7932,12.08
0,0.03,-0.1475,30.3049,12.08
0,0.0325,-0.1475,31.1228,12.064
0,0.035,-0.1475,29.5724,12.08
0,0.0375,-0.1475,29.9936,12.064
0,0.04,-0.1475,29.1696,12.096
0,0.0425,-0.1475,29.3649,12.064
0,0.045,-0.1475,28.901,12.096
0,0.0475,-0.1475,28.9377,12.08
0,0.05,-0.1475,29.1635,12.064
0,0.0525,-0.1475,28.1198,12.08
0,0.055,-0.1475,27.7047,12.08
0,0.0575,-0.1475,27.9,12.112
0,0.06,-0.1475,27.4606,12.096
0,0.0625,-0.1475,27.1493,12.096
0,0.065,-0.1475,27.2774,12.096
0,0.0675,-0.1475,26.5267,12.08
0,0.07,-0.1475,25.7698,12.08
0,0.0725,-0.1475,25.9163,12.08
0,0.075,-0.1475,26.3558,12.096
0,0.0775,-0.1475,26.3497,12.112
0,0.08,-0.1475,24.5491,12.112
0,0.0825,-0.1475,25.4219,12.096
0,0.085,-0.1475,25.3365,12.128
0,0.0875,-0.1475,24.2927,12.112
0,0.09,-0.1475,23.9875,12.128
0,0.0925,-0.1475,23.2673,12.128
0,0.095,-0.1475,23.5969,12.128
0,0.0975,-0.1475,22.7546,12.144
0,0.1,-0.1475,22.8584,12.112
0,0.1025,-0.1475,22.9377,12.144
0,0.105,-0.1475,22.4921,12.144
0,0.1075,-0.1475,20.838,12.128
0,0.11,-0.1475,22.0405,12.16
0,0.1125,-0.1475,21.247,12.144
0,0.115,-0.1475,20.5206,12.16
0,0.1175,-0.1475,21.0517,12.16
0,0.12,-0.1475,19.4769,12.176
0,0.1225,-0.1475,19.3731,12.208
0,0.125,-0.1475,18.9215,12.176
0,0.1275,-0.1475,18.4576,12.208
0,0.13,-0.1475,17.5054,12.192
0,0.1325,-0.1475,17.8655,12.176
0,0.135,-0.1475,17.6824,12.192
0,0.1375,-0.1475,17.1758,12.224
0,0.14,-0.1475,18.7445,12.192
0,0.1425,-0.1475,16.7364,12.224
0,0.145,-0.1475,17.2613,12.256
0,0.1475,-0.1475,15.7964,12.224
0,0.15,-0.1475,14.6977,12.24
0,0.1525,-0.1475,17.719,12.24
0,0.155,-0.1475,15.0822,12.224
0,0.1575,-0.1475,14.1362,12.256
0,0.16,-0.1475,14.3681,12.24
0,0.1625,-0.1475,13.0985,12.256
0,0.165,-0.1475,13.8676,12.288
0,0.1675,-0.1475,12.6041,12.256
0,0.17,-0.1475,13.0741,12.288
0,0.1725,-0.1475,12.8971,12.288
0,0.175,-0.1475,12.9765,12.288
0,0.1775,-0.1475,12.2562,12.304
0,0.18,-0.1475,12.0853,12.304
0,0.1825,-0.1475,12.2868,12.288
0,0.185,-0.1475,12.4149,12.304
0,0.1875,-0.1475,11.127,12.288
0,0.19,-0.1475,11.3895,12.304
0,0.1925,-0.1475,11.8412,12.32
0,0.195,-0.1475,9.93072,12.336
0,0.1975,-0.1475,10.7547,12.384
0,0.2,-0.1475,10.2237,12.352
0,-0.2,-0.145,9.90631,12.144
0,-0.1975,-0.145,9.46684,12.176
0,-0.195,-0.145,9.7354,12.16
0,-0.1925,-0.145,10.0101,12.16
0,-0.19,-0.145,9.75372,12.176
0,-0.1875,-0.145,10.2847,12.176
0,-0.185,-0.145,11.1759,12.176
0,-0.1825,-0.145,10.7547,12.144
0,-0.18,-0.145,11.7924,12.144
0,-0.1775,-0.145,11.1332,12.128
0,-0.175,-0.145,11.9999,12.128
0,-0.1725,-0.145,12.1281,12.128
0,-0.17,-0.145,12.6469,12.16
0,-0.1675,-0.145,12.6102,12.128
0,-0.165,-0.145,12.5309,12.096
0,-0.1625,-0.145,13.3183,12.144
0,-0.16,-0.145,12.5492,12.096
0,-0.1575,-0.145,14.1423,12.128
0,-0.155,-0.145,13.5502,12.08
0,-0.1525,-0.145,13.7577,12.096
0,-0.15,-0.145,14.8381,12.112
0,-0.1475,-0.145,14.7893,12.064
0,-0.145,-0.145,15.8879,12.112
0,-0.1425,-0.145,15.6926,12.08
0,-0.14,-0.145,15.9795,12.08
0,-0.1375,-0.145,15.9856,12.112
0,-0.135,-0.145,17.0843,12.08
0,-0.1325,-0.145,16.8157,12.064
0,-0.13,-0.145,17.2246,12.064
0,-0.1275,-0.145,18.4515,12.08
0,-0.125,-0.145,17.8716,12.064
0,-0.1225,-0.145,18.5369,12.08
0,-0.12,-0.145,20.6061,12.048
0,-0.1175,-0.145,19.5135,12.08
0,-0.115,-0.145,18.9032,12.08
0,-0.1125,-0.145,19.4037,12.048
0,-0.11,-0.145,21.3385,12.064
0,-0.1075,-0.145,20.1422,12.064
0,-0.105,-0.145,21.7231,12.096
0,-0.1025,-0.145,22.0893,12.048
0,-0.1,-0.145,22.0588,12.048
0,-0.0975,-0.145,22.3151,12.048
0,-0.095,-0.145,23.4504,12.032
0,-0.0925,-0.145,23.4077,12.064
0,-0.09,-0.145,24.366,12.064
0,-0.0875,-0.145,24.311,12.032
0,-0.085,-0.145,24.604,12.032
0,-0.0825,-0.145,24.5247,12.048
0,-0.08,-0.145,25.6844,12.048
0,-0.0775,-0.145,25.6233,12.016
0,-0.075,-0.145,25.9835,12.048
0,-0.0725,-0.145,25.5867,12.048
0,-0.07,-0.145,26.7953,12.064
0,-0.0675,-0.145,27.4239,12.048
0,-0.065,-0.145,27.4667,12.048
0,-0.0625,-0.145,29.2795,12.048
0,-0.06,-0.145,27.6986,12.048
0,-0.0575,-0.145,29.1574,12.048
0,-0.055,-0.145,29.0292,12.032
0,-0.0525,-0.145,28.8827,12.048
0,-0.05,-0.145,29.9265,12.048
0,-0.0475,-0.145,29.8654,12.048
0,-0.045,-0.145,30.5429,12.032
0,-0.0425,-0.145,30.6833,12.032
0,-0.04,-0.145,31.7209,12.048
0,-0.0375,-0.145,30.2438,12.032
0,-0.035,-0.145,31.0923,12.032
0,-0.0325,-0.145,31.1472,12.064
0,-0.03,-0.145,31.9102,12.032
0,-0.0275,-0.145,32.0627,12.048
0,-0.025,-0.145,33.0638,12.032
0,-0.0225,-0.145,32.3252,12.032
0,-0.02,-0.145,31.904,12.032
0,-0.0175,-0.145,33.0638,12.032
0,-0.015,-0.145,33.3689,12.048
0,-0.0125,-0.145,32.2214,12.032
0,-0.01,-0.145,33.3201,12.016
0,-0.0075,-0.145,33.9183,12.064
0,-0.005,-0.145,32.6426,12.032
0,-0.0025,-0.145,31.4463,12.032
0,0,-0.145,32.899,12.032
0,0.0025,-0.145,32.4839,12.048
0,0.005,-0.145,33.021,12.048
0,0.0075,-0.145,32.3191,12.064
0,0.01,-0.145,32.6365,12.048
0,0.0125,-0.145,33.2713,12.048
0,0.015,-0.145,32.1909,12.064
0,0.0175,-0.145,32.2336,12.048
0,0.02,-0.145,31.251,12.064
0,0.0225,-0.145,31.5256,12.08
0,0.025,-0.145,31.2876,12.08
0,0.0275,-0.145,31.3181,12.064
0,0.03,-0.145,31.1533,12.08
0,0.0325,-0.145,31.3486,12.048
0,0.035,-0.145,30.2194,12.08
0,0.0375,-0.145,30.3659,12.064
0,0.04,-0.145,31.3303,12.08
0,0.0425,-0.145,29.8532,12.08
0,0.045,-0.145,29.7861,12.064
0,0.0475,-0.145,29.9142,12.064
0,0.05,-0.145,31.2754,12.064
0,0.0525,-0.145,29.4198,12.096
0,0.055,-0.145,30.5429,12.096
0,0.0575,-0.145,28.1747,12.08
0,0.06,-0.145,28.2785,12.096
0,0.0625,-0.145,27.6742,12.096
0,0.065,-0.145,27.4667,12.08
0,0.0675,-0.145,27.5338,12.08
0,0.07,-0.145,27.1615,12.096
0,0.0725,-0.145,26.5694,12.096
0,0.075,-0.145,26.1299,12.08
0,0.0775,-0.145,26.4351,12.096
0,0.08,-0.145,27.4972,12.08
0,0.0825,-0.145,25.837,12.112
0,0.085,-0.145,25.251,12.096
0,0.0875,-0.145,25.66,12.112
0,0.09,-0.145,25.721,12.112
0,0.0925,-0.145,24.5308,12.128
0,0.095,-0.145,24.2988,12.144
0,0.0975,-0.145,23.7861,12.144
0,0.1,-0.145,23.5908,12.144
0,0.1025,-0.145,22.3151,12.128
0,0.105,-0.145,22.541,12.112
0,0.1075,-0.145,22.7485,12.144
0,0.11,-0.145,20.893,12.128
0,0.1125,-0.145,21.3874,12.144
0,0.115,-0.145,20.4535,12.16
0,0.1175,-0.145,20.6488,12.192
0,0.12,-0.145,20.2216,12.16
0,0.1225,-0.145,21.0578,12.208
0,0.125,-0.145,19.3426,12.176
0,0.1275,-0.145,18.9825,12.224
0,0.13,-0.145,19.422,12.192
0,0.1325,-0.145,18.5553,12.192
0,0.135,-0.145,18.6651,12.224
0,0.1375,-0.145,17.6031,12.192
0,0.14,-0.145,17.6885,12.224
0,0.1425,-0.145,16.8096,12.208
0,0.145,-0.145,17.4749,12.24
0,0.1475,-0.145,17.011,12.208
0,0.15,-0.145,16.4556,12.224
0,0.1525,-0.145,14.7649,12.224
0,0.155,-0.145,16.01,12.24
0,0.1575,-0.145,14.9052,12.224
0,0.16,-0.145,15.3935,12.24
0,0.1625,-0.145,13.9653,12.224
0,0.165,-0.145,14.1301,12.256
0,0.1675,-0.145,13.6235,12.304
0,0.17,-0.145,13.4709,12.256
0,0.1725,-0.145,12.7323,12.288
0,0.175,-0.145,12.1647,12.256
0,0.1775,-0.145,12.3844,12.32
0,0.18,-0.145,12.3112,12.32
0,0.1825,-0.145,11.8351,12.32
0,0.185,-0.145,11.6642,12.288
0,0.1875,-0.145,12.0853,12.32
0,0.19,-0.145,11.2857,12.352
0,0.1925,-0.145,11.8534,12.304
0,0.195,-0.145,11.2796,12.304
0,0.1975,-0.145,10.535,12.336
0,0.2,-0.145,10.1444,12.384
0,-0.2,-0.1425,9.91852,12.144
0,-0.1975,-0.1425,9.97955,12.128
0,-0.195,-0.1425,10.4251,12.208
0,-0.1925,-0.1425,9.68657,12.128
0,-0.19,-0.1425,10.3214,12.144
0,-0.1875,-0.1425,11.0599,12.176
0,-0.185,-0.1425,11.298,12.144
0,-0.1825,-0.1425,10.8768,12.128
0,-0.18,-0.1425,11.3285,12.144
0,-0.1775,-0.1425,12.0365,12.16
0,-0.175,-0.1425,12.4638,12.112
0,-0.1725,-0.1425,12.1464,12.128
0,-0.17,-0.1425,12.4454,12.144
0,-0.1675,-0.1425,12.1281,12.16
0,-0.165,-0.1425,13.0802,12.128
0,-0.1625,-0.1425,14.2277,12.128
0,-0.16,-0.1425,14.3315,12.112
0,-0.1575,-0.1425,13.2267,12.128
0,-0.155,-0.1425,14.5207,12.096
0,-0.1525,-0.1425,14.1301,12.144
0,-0.15,-0.1425,15.2654,12.128
0,-0.1475,-0.1425,15.8696,12.128
0,-0.145,-0.1425,15.6072,12.096
0,-0.1425,-0.1425,16.1321,12.112
0,-0.14,-0.1425,16.5654,12.096
0,-0.1375,-0.1425,16.6753,12.064
0,-0.135,-0.1425,17.9388,12.048
0,-0.1325,-0.1425,17.6214,12.096
0,-0.13,-0.1425,17.5848,12.08
0,-0.1275,-0.1425,17.8777,12.064
0,-0.125,-0.1425,20.2826,12.064
0,-0.1225,-0.1425,19.2328,12.08
0,-0.12,-0.1425,19.7821,12.048
0,-0.1175,-0.1425,20.838,12.048
0,-0.115,-0.1425,20.5329,12.048
0,-0.1125,-0.1425,20.661,12.048
0,-0.11,-0.1425,21.5705,12.048
0,-0.1075,-0.1425,20.8747,12.064
0,-0.105,-0.1425,22.248,12.064
0,-0.1025,-0.1425,22.1442,12.032
0,-0.1,-0.1425,22.2053,12.032
0,-0.0975,-0.1425,23.6824,12.048
0,-0.095,-0.1425,23.7861,12.048
0,-0.0925,-0.1425,23.3589,12.016
0,-0.09,-0.1425,24.5491,12.048
0,-0.0875,-0.1425,24.3721,12.048
0,-0.085,-0.1425,23.9937,12.032
0,-0.0825,-0.1425,25.544,12.048
0,-0.08,-0.1425,27.2652,12.048
0,-0.0775,-0.1425,26.8502,12.064
0,-0.075,-0.1425,27.015,12.064
0,-0.0725,-0.1425,28.3151,12.048
0,-0.07,-0.1425,29.2673,12.048
0,-0.0675,-0.1425,27.8634,12.048
0,-0.065,-0.1425,29.7617,12.048
0,-0.0625,-0.1425,28.309,12.032
0,-0.06,-0.1425,28.3944,12.032
0,-0.0575,-0.1425,29.8654,12.048
0,-0.055,-0.1425,30.6711,12.032
0,-0.0525,-0.1425,30.5307,12.048
0,-0.05,-0.1425,30.9519,12.048
0,-0.0475,-0.1425,30.8908,12.048
0,-0.045,-0.1425,32.1726,12.048
0,-0.0425,-0.1425,31.3913,12.032
0,-0.04,-0.1425,32.075,12.032
0,-0.0375,-0.1425,31.5012,12.032
0,-0.035,-0.1425,32.551,12.032
0,-0.0325,-0.1425,32.6121,12.048
0,-0.03,-0.1425,32.7769,12.032
0,-0.0275,-0.1425,34.4371,12.048
0,-0.025,-0.1425,33.3628,12.016
0,-0.0225,-0.1425,33.7901,12.032
0,-0.02,-0.1425,33.2774,12.048
0,-0.0175,-0.1425,33.9061,12.032
0,-0.015,-0.1425,33.4605,12.048
0,-0.0125,-0.1425,33.6436,12.016
0,-0.01,-0.1425,33.9549,12.048
0,-0.0075,-0.1425,33.4666,12.032
0,-0.005,-0.1425,34.0648,12.032
0,-0.0025,-0.1425,34.5714,12.032
0,0,-0.1425,33.4178,12.064
0,0.0025,-0.1425,33.9183,12.064
0,0.005,-0.1425,33.961,12.048
0,0.0075,-0.1425,33.6009,12.048
0,0.01,-0.1425,34.0037,12.048
0,0.0125,-0.1425,33.6375,12.064
0,0.015,-0.1425,33.491,12.048
0,0.0175,-0.1425,33.9793,12.064
0,0.02,-0.1425,32.899,12.048
0,0.0225,-0.1425,32.8562,12.064
0,0.025,-0.1425,32.5449,12.032
0,0.0275,-0.1425,33.3201,12.064
0,0.03,-0.1425,33.4727,12.064
0,0.0325,-0.1425,31.7087,12.064
0,0.035,-0.1425,32.8135,12.064
0,0.0375,-0.1425,32.2214,12.08
0,0.04,-0.1425,31.8186,12.064
0,0.0425,-0.1425,31.2876,12.064
0,0.045,-0.1425,31.2876,12.048
0,0.0475,-0.1425,30.9091,12.08
0,0.05,-0.1425,29.0231,12.08
0,0.0525,-0.1425,30.2988,12.08
0,0.055,-0.1425,29.7861,12.064
0,0.0575,-0.1425,30.079,12.096
0,0.06,-0.1425,29.017,12.08
0,0.0625,-0.1425,29.6335,12.08
0,0.065,-0.1425,29.1269,12.08
0,0.0675,-0.1425,28.4127,12.08
0,0.07,-0.1425,27.7718,12.096
0,0.0725,-0.1425,28.9926,12.096
0,0.075,-0.1425,27.3568,12.08
0,0.0775,-0.1425,26.4718,12.08
0,0.08,-0.1425,26.1483,12.08
0,0.0825,-0.1425,26.3985,12.08
0,0.085,-0.1425,26.2947,12.112
0,0.0875,-0.1425,26.5633,12.096
0,0.09,-0.1425,24.7993,12.144
0,0.0925,-0.1425,25.8309,12.128
0,0.095,-0.1425,24.3538,12.112
0,0.0975,-0.1425,24.6406,12.128
0,0.1,-0.1425,23.9998,12.144
0,0.1025,-0.1425,23.6824,12.128
0,0.105,-0.1425,22.9194,12.128
0,0.1075,-0.1425,22.9194,12.16
0,0.11,-0.1425,22.0954,12.16
0,0.1125,-0.1425,21.8696,12.144
0,0.115,-0.1425,22.3395,12.144
0,0.1175,-0.1425,21.1493,12.144
0,0.12,-0.1425,19.6966,12.144
0,0.1225,-0.1425,19.6051,12.16
0,0.125,-0.1425,19.9408,12.176
0,0.1275,-0.1425,19.5685,12.176
0,0.13,-0.1425,19.8981,12.176
0,0.1325,-0.1425,18.7933,12.192
0,0.135,-0.1425,17.7252,12.208
0,0.1375,-0.1425,18.836,12.192
0,0.14,-0.1425,17.1148,12.176
0,0.1425,-0.1425,18.128,12.208
0,0.145,-0.1425,16.7547,12.224
0,0.1475,-0.1425,16.0894,12.256
0,0.15,-0.1425,16.9988,12.224
0,0.1525,-0.1425,16.2236,12.24
0,0.155,-0.1425,16.2908,12.224
0,0.1575,-0.1425,14.9113,12.256
0,0.16,-0.1425,15.0273,12.224
0,0.1625,-0.1425,15.1006,12.24
0,0.165,-0.1425,14.478,12.24
0,0.1675,-0.1425,14.3559,12.288
0,0.17,-0.1425,13.8188,12.288
0,0.1725,-0.1425,12.9643,12.272
0,0.175,-0.1425,12.6408,12.256
0,0.1775,-0.1425,12.7079,12.32
0,0.18,-0.1425,12.3173,12.304
0,0.1825,-0.1425,12.5004,12.304
0,0.185,-0.1425,12.8544,12.304
0,0.1875,-0.1425,10.9745,12.32
0,0.19,-0.1425,10.9989,12.288
0,0.1925,-0.1425,10.8341,12.336
0,0.195,-0.1425,12.7384,12.352
0,0.1975,-0.1425,10.5655,12.336
0,0.2,-0.1425,10.4068,12.336
0,-0.2,-0.14,10.0589,12.128
0,-0.1975,-0.14,10.7303,12.112
0,-0.195,-0.14,10.8341,12.176
0,-0.1925,-0.14,10.0955,12.192
0,-0.19,-0.14,11.4444,12.16
0,-0.1875,-0.14,11.3651,12.16
0,-0.185,-0.14,10.7242,12.144
0,-0.1825,-0.14,12.8117,12.144
0,-0.18,-0.14,12.3356,12.128
0,-0.1775,-0.14,11.7801,12.112
0,-0.175,-0.14,11.5848,12.176
0,-0.1725,-0.14,13.3915,12.128
0,-0.17,-0.14,12.4821,12.16
0,-0.1675,-0.14,14.1484,12.128
0,-0.165,-0.14,13.0619,12.128
0,-0.1625,-0.14,13.8432,12.128
0,-0.16,-0.14,14.5817,12.128
0,-0.1575,-0.14,13.7761,12.096
0,-0.155,-0.14,15.1982,12.096
0,-0.1525,-0.14,14.1545,12.144
0,-0.15,-0.14,17.3345,12.096
0,-0.1475,-0.14,15.3691,12.112
0,-0.145,-0.14,16.01,12.096
0,-0.1425,-0.14,16.773,12.08
0,-0.14,-0.14,17.0049,12.064
0,-0.1375,-0.14,16.7913,12.08
0,-0.135,-0.14,17.1697,12.08
0,-0.1325,-0.14,17.5176,12.08
0,-0.13,-0.14,19.2267,12.064
0,-0.1275,-0.14,17.8411,12.08
0,-0.125,-0.14,19.0313,12.08
0,-0.1225,-0.14,19.1656,12.064
0,-0.12,-0.14,19.8126,12.08
0,-0.1175,-0.14,20.3925,12.064
0,-0.115,-0.14,21.0517,12.064
0,-0.1125,-0.14,21.0761,12.048
0,-0.11,-0.14,22.4128,12.064
0,-0.1075,-0.14,22.3945,12.064
0,-0.105,-0.14,21.3752,12.048
0,-0.1025,-0.14,22.3151,12.048
0,-0.1,-0.14,22.1137,12.032
0,-0.0975,-0.14,23.9937,12.032
0,-0.095,-0.14,24.5247,12.048
0,-0.0925,-0.14,24.6529,12.032
0,-0.09,-0.14,24.4697,12.048
0,-0.0875,-0.14,25.9651,12.048
0,-0.085,-0.14,25.9163,12.048
0,-0.0825,-0.14,26.1116,12.064
0,-0.08,-0.14,26.3741,12.064
0,-0.0775,-0.14,26.8319,12.048
0,-0.075,-0.14,27.485,12.048
0,-0.0725,-0.14,29.1391,12.048
0,-0.07,-0.14,28.1991,12.032
0,-0.0675,-0.14,29.1269,12.048
0,-0.065,-0.14,29.2734,12.064
0,-0.0625,-0.14,28.8217,12.064
0,-0.06,-0.14,29.9692,12.048
0,-0.0575,-0.14,30.1462,12.032
0,-0.055,-0.14,31.8064,12.064
0,-0.0525,-0.14,30.9091,12.048
0,-0.05,-0.14,32.7952,12.048
0,-0.0475,-0.14,31.9346,12.032
0,-0.045,-0.14,32.7891,12.032
0,-0.0425,-0.14,31.9651,12.048
0,-0.04,-0.14,32.5083,12.032
0,-0.0375,-0.14,33.7901,12.048
0,-0.035,-0.14,34.0587,12.048
0,-0.0325,-0.14,33.845,12.048
0,-0.03,-0.14,35.2672,12.032
0,-0.0275,-0.14,34.3577,12.032
0,-0.025,-0.14,34.2662,12.048
0,-0.0225,-0.14,33.8633,12.032
0,-0.02,-0.14,34.3699,12.048
0,-0.0175,-0.14,35.2977,12.048
0,-0.015,-0.14,35.8348,12.032
0,-0.0125,-0.14,35.2,12.032
0,-0.01,-0.14,34.9681,12.032
0,-0.0075,-0.14,35.6395,12.032
0,-0.005,-0.14,35.9264,12.048
0,-0.0025,-0.14,35.609,12.048
0,0,-0.14,35.1512,12.064
0,0.0025,-0.14,34.547,12.064
0,0.005,-0.14,35.023,12.048
0,0.0075,-0.14,35.4442,12.064
0,0.01,-0.14,35.2367,12.048
0,0.0125,-0.14,35.0108,12.064
0,0.015,-0.14,34.5714,12.064
0,0.0175,-0.14,34.0281,12.064
0,0.02,-0.14,35.0108,12.064
0,0.0225,-0.14,33.6436,12.048
0,0.025,-0.14,34.0464,12.064
0,0.0275,-0.14,33.9732,12.064
0,0.03,-0.14,33.9244,12.048
0,0.0325,-0.14,33.198,12.064
0,0.035,-0.14,33.3934,12.064
0,0.0375,-0.14,33.1004,12.08
0,0.04,-0.14,33.1126,12.064
0,0.0425,-0.14,33.1614,12.08
0,0.045,-0.14,31.8613,12.08
0,0.0475,-0.14,31.7576,12.064
0,0.05,-0.14,32.5083,12.096
0,0.0525,-0.14,31.4585,12.08
0,0.055,-0.14,31.6416,12.08
0,0.0575,-0.14,31.1228,12.064
0,0.06,-0.14,30.7688,12.08
0,0.0625,-0.14,30.6955,12.096
0,0.065,-0.14,29.3222,12.096
0,0.0675,-0.14,29.8837,12.08
0,0.07,-0.14,28.4616,12.08
0,0.0725,-0.14,29.2428,12.08
0,0.075,-0.14,27.9244,12.08
0,0.0775,-0.14,28.9865,12.096
0,0.08,-0.14,28.1381,12.096
0,0.0825,-0.14,26.6182,12.128
0,0.085,-0.14,26.5084,12.096
0,0.0875,-0.14,25.9102,12.112
0,0.09,-0.14,26.6366,12.128
0,0.0925,-0.14,24.8543,12.112
0,0.095,-0.14,25.367,12.112
0,0.0975,-0.14,25.0557,12.144
0,0.1,-0.14,24.7505,12.112
0,0.1025,-0.14,23.7983,12.128
0,0.105,-0.14,24.4697,12.128
0,0.1075,-0.14,23.2734,12.144
0,0.11,-0.14,23.0476,12.144
0,0.1125,-0.14,22.5837,12.16
0,0.115,-0.14,21.4972,12.16
0,0.1175,-0.14,22.364,12.176
0,0.12,-0.14,22.2541,12.16
0,0.1225,-0.14,20.539,12.176
0,0.125,-0.14,20.1666,12.176
0,0.1275,-0.14,19.837,12.16
0,0.13,-0.14,19.7882,12.208
0,0.1325,-0.14,19.3121,12.176
0,0.135,-0.14,19.7699,12.192
0,0.1375,-0.14,18.305,12.192
0,0.14,-0.14,18.4393,12.208
0,0.1425,-0.14,17.6824,12.208
0,0.145,-0.14,17.2796,12.224
0,0.1475,-0.14,16.95,12.224
0,0.15,-0.14,16.5716,12.224
0,0.1525,-0.14,15.9124,12.224
0,0.155,-0.14,16.5227,12.224
0,0.1575,-0.14,15.1006,12.24
0,0.16,-0.14,15.6743,12.24
0,0.1625,-0.14,14.5024,12.224
0,0.165,-0.14,14.5085,12.256
0,0.1675,-0.14,14.9968,12.256
0,0.17,-0.14,14.3803,12.288
0,0.1725,-0.14,14.185,12.272
0,0.175,-0.14,13.892,12.272
0,0.1775,-0.14,12.6896,12.304
0,0.18,-0.14,12.9032,12.24
0,0.1825,-0.14,11.9877,12.288
0,0.185,-0.14,12.4516,12.288
0,0.1875,-0.14,11.7313,12.288
0,0.19,-0.14,11.9022,12.336
0,0.1925,-0.14,11.8046,12.304
0,0.195,-0.14,10.8524,12.336
0,0.1975,-0.14,11.2003,12.352
0,0.2,-0.14,11.1209,12.352
0,-0.2,-0.1375,10.2542,12.112
0,-0.1975,-0.1375,11.475,12.144
0,-0.195,-0.1375,10.242,12.128
0,-0.1925,-0.1375,11.1393,12.144
0,-0.19,-0.1375,11.2857,12.144
0,-0.1875,-0.1375,11.2674,12.16
0,-0.185,-0.1375,11.2186,12.144
0,-0.1825,-0.1375,11.5848,12.112
0,-0.18,-0.1375,11.7679,12.096
0,-0.1775,-0.1375,13.8676,12.144
0,-0.175,-0.1375,12.0548,12.128
0,-0.1725,-0.1375,12.3173,12.16
0,-0.17,-0.1375,12.946,12.128
0,-0.1675,-0.1375,13.2206,12.096
0,-0.165,-0.1375,13.8066,12.112
0,-0.1625,-0.1375,14.1057,12.128
0,-0.16,-0.1375,14.478,12.144
0,-0.1575,-0.1375,14.124,12.128
0,-0.155,-0.1375,14.9297,12.112
0,-0.1525,-0.1375,14.832,12.08
0,-0.15,-0.1375,15.5278,12.112
0,-0.1475,-0.1375,16.0588,12.112
0,-0.145,-0.1375,15.8269,12.096
0,-0.1425,-0.1375,16.2603,12.112
0,-0.14,-0.1375,17.0293,12.096
0,-0.1375,-0.1375,17.3894,12.096
0,-0.135,-0.1375,18.2012,12.064
0,-0.1325,-0.1375,18.1524,12.096
0,-0.13,-0.1375,18.244,12.096
0,-0.1275,-0.1375,17.9388,12.08
0,-0.125,-0.1375,19.9652,12.048
0,-0.1225,-0.1375,20.3558,12.048
0,-0.12,-0.1375,21.0517,12.064
0,-0.1175,-0.1375,21.2653,12.048
0,-0.115,-0.1375,21.0578,12.064
0,-0.1125,-0.1375,21.5339,12.08
0,-0.11,-0.1375,21.5949,12.048
0,-0.1075,-0.1375,22.8767,12.048
0,-0.105,-0.1375,22.6508,12.064
0,-0.1025,-0.1375,24.0181,12.064
0,-0.1,-0.1375,23.7068,12.032
0,-0.0975,-0.1375,24.7749,12.032
0,-0.095,-0.1375,25.3426,12.048
0,-0.0925,-0.1375,25.0435,12.048
0,-0.09,-0.1375,25.4097,12.048
0,-0.0875,-0.1375,26.0079,12.048
0,-0.085,-0.1375,27.8634,12.048
0,-0.0825,-0.1375,27.3385,12.032
0,-0.08,-0.1375,27.7963,12.064
0,-0.0775,-0.1375,27.8817,12.032
0,-0.075,-0.1375,28.6935,12.048
0,-0.0725,-0.1375,27.7474,12.032
0,-0.07,-0.1375,28.431,12.048
0,-0.0675,-0.1375,30.1035,12.048
0,-0.065,-0.1375,31.0434,12.032
0,-0.0625,-0.1375,31.2693,12.064
0,-0.06,-0.1375,31.0739,12.064
0,-0.0575,-0.1375,31.9895,12.048
0,-0.055,-0.1375,31.782,12.032
0,-0.0525,-0.1375,33.1614,12.048
0,-0.05,-0.1375,33.5032,12.032
0,-0.0475,-0.1375,32.4351,12.048
0,-0.045,-0.1375,32.5266,12.032
0,-0.0425,-0.1375,34.4432,12.032
0,-0.04,-0.1375,33.8878,12.032
0,-0.0375,-0.1375,34.6446,12.032
0,-0.035,-0.1375,35.0169,12.032
0,-0.0325,-0.1375,35.7311,12.032
0,-0.03,-0.1375,35.5296,12.048
0,-0.0275,-0.1375,35.5296,12.032
0,-0.025,-0.1375,36.079,12.048
0,-0.0225,-0.1375,35.255,12.032
0,-0.02,-0.1375,36.3903,12.048
0,-0.0175,-0.1375,36.2987,12.048
0,-0.015,-0.1375,36.964,12.016
0,-0.0125,-0.1375,36.8053,12.048
0,-0.01,-0.1375,36.5673,12.032
0,-0.0075,-0.1375,36.7992,12.048
0,-0.005,-0.1375,37.4279,12.048
0,-0.0025,-0.1375,36.5856,12.048
0,0,-0.1375,36.6344,12.032
0,0.0025,-0.1375,35.7494,12.048
0,0.005,-0.1375,35.4564,12.064
0,0.0075,-0.1375,37.6904,12.048
0,0.01,-0.1375,36.1522,12.064
0,0.0125,-0.1375,35.1329,12.064
0,0.015,-0.1375,37.0434,12.064
0,0.0175,-0.1375,36.0424,12.048
0,0.02,-0.1375,35.2733,12.064
0,0.0225,-0.1375,34.6812,12.064
0,0.025,-0.1375,35.7006,12.064
0,0.0275,-0.1375,35.2733,12.064
0,0.03,-0.1375,35.8715,12.064
0,0.0325,-0.1375,34.6934,12.064
0,0.035,-0.1375,33.607,12.08
0,0.0375,-0.1375,33.7657,12.048
0,0.04,-0.1375,34.3394,12.08
0,0.0425,-0.1375,33.784,12.064
0,0.045,-0.1375,32.3862,12.08
0,0.0475,-0.1375,33.2591,12.08
0,0.05,-0.1375,31.7209,12.08
0,0.0525,-0.1375,33.2713,12.08
0,0.055,-0.1375,32.2031,12.096
0,0.0575,-0.1375,31.4463,12.08
0,0.06,-0.1375,31.373,12.096
0,0.0625,-0.1375,32.4351,12.08
0,0.065,-0.1375,30.8969,12.08
0,0.0675,-0.1375,30.4209,12.064
0,0.07,-0.1375,30.1218,12.096
0,0.0725,-0.1375,30.3232,12.08
0,0.075,-0.1375,30.3476,12.096
0,0.0775,-0.1375,28.5897,12.112
0,0.08,-0.1375,28.2723,12.096
0,0.0825,-0.1375,30.1767,12.112
0,0.085,-0.1375,27.6315,12.112
0,0.0875,-0.1375,27.7474,12.112
0,0.09,-0.1375,27.1615,12.128
0,0.0925,-0.1375,26.252,12.112
0,0.095,-0.1375,26.307,12.112
0,0.0975,-0.1375,25.6966,12.112
0,0.1,-0.1375,25.7088,12.128
0,0.1025,-0.1375,24.0486,12.16
0,0.105,-0.1375,24.3904,12.16
0,0.1075,-0.1375,24.1218,12.16
0,0.11,-0.1375,23.0171,12.16
0,0.1125,-0.1375,23.1269,12.16
0,0.115,-0.1375,23.1452,12.176
0,0.1175,-0.1375,22.8401,12.16
0,0.12,-0.1375,21.7658,12.208
0,0.1225,-0.1375,21.2958,12.16
0,0.125,-0.1375,21.4179,12.176
0,0.1275,-0.1375,20.7221,12.16
0,0.13,-0.1375,19.4952,12.176
0,0.1325,-0.1375,19.3426,12.192
0,0.135,-0.1375,20.7282,12.208
0,0.1375,-0.1375,18.9703,12.208
0,0.14,-0.1375,18.6285,12.224
0,0.1425,-0.1375,17.8045,12.192
0,0.145,-0.1375,17.5054,12.208
0,0.1475,-0.1375,17.066,12.224
0,0.15,-0.1375,16.7791,12.224
0,0.1525,-0.1375,17.0049,12.24
0,0.155,-0.1375,16.7058,12.24
0,0.1575,-0.1375,15.7537,12.256
0,0.16,-0.1375,14.832,12.24
0,0.1625,-0.1375,15.2104,12.224
0,0.165,-0.1375,15.2409,12.224
0,0.1675,-0.1375,14.6306,12.272
0,0.17,-0.1375,14.2766,12.272
0,0.1725,-0.1375,14.7465,12.272
0,0.175,-0.1375,13.715,12.272
0,0.1775,-0.1375,13.7883,12.272
0,0.18,-0.1375,13.0741,12.256
0,0.1825,-0.1375,13.7394,12.32
0,0.185,-0.1375,12.3661,12.288
0,0.1875,-0.1375,12.9154,12.32
0,0.19,-0.1375,11.7496,12.288
0,0.1925,-0.1375,12.7201,12.304
0,0.195,-0.1375,11.7008,12.304
0,0.1975,-0.1375,11.4017,12.352
0,0.2,-0.1375,11.4872,12.352
0,-0.2,-0.135,10.4312,12.16
0,-0.1975,-0.135,10.7669,12.128
0,-0.195,-0.135,13.7272,12.112
0,-0.1925,-0.135,10.2298,12.128
0,-0.19,-0.135,12.1036,12.128
0,-0.1875,-0.135,11.5116,12.144
0,-0.185,-0.135,11.774,12.144
0,-0.1825,-0.135,12.1647,12.128
0,-0.18,-0.135,12.4638,12.16
0,-0.1775,-0.135,12.5309,12.144
0,-0.175,-0.135,13.4526,12.144
0,-0.1725,-0.135,12.8788,12.144
0,-0.17,-0.135,12.6102,12.112
0,-0.1675,-0.135,13.538,12.112
0,-0.165,-0.135,13.9409,12.128
0,-0.1625,-0.135,13.9348,12.128
0,-0.16,-0.135,14.9846,12.128
0,-0.1575,-0.135,15.4118,12.112
0,-0.155,-0.135,15.2409,12.08
0,-0.1525,-0.135,15.3569,12.144
0,-0.15,-0.135,15.9856,12.096
0,-0.1475,-0.135,16.9439,12.08
0,-0.145,-0.135,16.541,12.112
0,-0.1425,-0.135,17.774,12.064
0,-0.14,-0.135,18.3355,12.096
0,-0.1375,-0.135,17.7252,12.096
0,-0.135,-0.135,18.6529,12.08
0,-0.1325,-0.135,19.4159,12.064
0,-0.13,-0.135,18.6041,12.08
0,-0.1275,-0.135,19.4037,12.096
0,-0.125,-0.135,19.6356,12.08
0,-0.1225,-0.135,20.3497,12.08
0,-0.12,-0.135,20.6977,12.08
0,-0.1175,-0.135,21.1982,12.064
0,-0.115,-0.135,21.8268,12.064
0,-0.1125,-0.135,22.8278,12.064
0,-0.11,-0.135,23.4565,12.048
0,-0.1075,-0.135,23.5786,12.048
0,-0.105,-0.135,23.7739,12.048
0,-0.1025,-0.135,24.8726,12.032
0,-0.1,-0.135,24.8909,12.048
0,-0.0975,-0.135,25.0435,12.064
0,-0.095,-0.135,25.5257,12.048
0,-0.0925,-0.135,25.5989,12.08
0,-0.09,-0.135,26.4779,12.048
0,-0.0875,-0.135,26.3497,12.048
0,-0.085,-0.135,27.6864,12.032
0,-0.0825,-0.135,28.2296,12.048
0,-0.08,-0.135,27.8268,12.048
0,-0.0775,-0.135,29.841,12.016
0,-0.075,-0.135,29.6213,12.048
0,-0.0725,-0.135,29.6518,12.064
0,-0.07,-0.135,31.2571,12.048
0,-0.0675,-0.135,31.4707,12.032
0,-0.065,-0.135,30.6345,12.064
0,-0.0625,-0.135,32.6365,12.048
0,-0.06,-0.135,31.727,12.032
0,-0.0575,-0.135,31.8552,12.032
0,-0.055,-0.135,32.5632,12.064
0,-0.0525,-0.135,33.1187,12.048
0,-0.05,-0.135,34.5897,12.048
0,-0.0475,-0.135,33.7779,12.048
0,-0.045,-0.135,33.9122,12.032
0,-0.0425,-0.135,34.3211,12.032
0,-0.04,-0.135,34.5225,12.048
0,-0.0375,-0.135,34.8704,12.032
0,-0.035,-0.135,36.5123,12.032
0,-0.0325,-0.135,35.7494,12.048
0,-0.03,-0.135,36.195,12.032
0,-0.0275,-0.135,37.0312,12.048
0,-0.025,-0.135,36.9579,12.016
0,-0.0225,-0.135,36.8175,12.032
0,-0.02,-0.135,37.4401,12.048
0,-0.0175,-0.135,37.4157,12.048
0,-0.015,-0.135,36.9579,12.032
0,-0.0125,-0.135,38.1359,12.048
0,-0.01,-0.135,36.9823,12.064
0,-0.0075,-0.135,37.3241,12.048
0,-0.005,-0.135,37.7331,12.032
0,-0.0025,-0.135,37.2448,12.064
0,0,-0.135,38.5937,12.048
0,0.0025,-0.135,37.6659,12.048
0,0.005,-0.135,37.1288,12.048
0,0.0075,-0.135,37.4401,12.064
0,0.01,-0.135,36.7504,12.064
0,0.0125,-0.135,38.8989,12.048
0,0.015,-0.135,37.55,12.08
0,0.0175,-0.135,36.3109,12.048
0,0.02,-0.135,37.1349,12.064
0,0.0225,-0.135,36.6649,12.064
0,0.025,-0.135,36.2255,12.064
0,0.0275,-0.135,36.9945,12.064
0,0.03,-0.135,35.4503,12.064
0,0.0325,-0.135,35.8531,12.08
0,0.035,-0.135,35.7433,12.064
0,0.0375,-0.135,34.3211,12.064
0,0.04,-0.135,34.8643,12.064
0,0.0425,-0.135,34.9925,12.08
0,0.045,-0.135,34.4737,12.08
0,0.0475,-0.135,33.8816,12.08
0,0.05,-0.135,34.2357,12.08
0,0.0525,-0.135,33.6863,12.064
0,0.055,-0.135,32.3374,12.08
0,0.0575,-0.135,32.2275,12.08
0,0.06,-0.135,32.8623,12.096
0,0.0625,-0.135,31.3547,12.096
0,0.065,-0.135,32.3923,12.08
0,0.0675,-0.135,31.1655,12.096
0,0.07,-0.135,30.1889,12.096
0,0.0725,-0.135,30.3232,12.096
0,0.075,-0.135,29.957,12.096
0,0.0775,-0.135,29.6213,12.112
0,0.08,-0.135,29.2734,12.096
0,0.0825,-0.135,28.6019,12.096
0,0.085,-0.135,28.1198,12.112
0,0.0875,-0.135,28.3456,12.112
0,0.09,-0.135,27.5582,12.128
0,0.0925,-0.135,27.5033,12.112
0,0.095,-0.135,26.8075,12.128
0,0.0975,-0.135,25.2022,12.128
0,0.1,-0.135,26.2764,12.112
0,0.1025,-0.135,26.4351,12.144
0,0.105,-0.135,25.4036,12.144
0,0.1075,-0.135,25.0496,12.128
0,0.11,-0.135,23.9204,12.144
0,0.1125,-0.135,23.8533,12.144
0,0.115,-0.135,22.8584,12.16
0,0.1175,-0.135,23.3345,12.176
0,0.12,-0.135,21.8329,12.16
0,0.1225,-0.135,22.5349,12.176
0,0.125,-0.135,22.2236,12.176
0,0.1275,-0.135,21.0395,12.176
0,0.13,-0.135,21.3263,12.208
0,0.1325,-0.135,21.2165,12.208
0,0.135,-0.135,19.0252,12.176
0,0.1375,-0.135,19.2083,12.192
0,0.14,-0.135,19.2083,12.208
0,0.1425,-0.135,18.305,12.24
0,0.145,-0.135,18.0364,12.224
0,0.1475,-0.135,17.8167,12.224
0,0.15,-0.135,17.6275,12.208
0,0.1525,-0.135,17.5298,12.208
0,0.155,-0.135,16.1382,12.224
0,0.1575,-0.135,16.95,12.224
0,0.16,-0.135,15.9551,12.256
0,0.1625,-0.135,15.3081,12.256
0,0.165,-0.135,15.6743,12.256
0,0.1675,-0.135,14.5085,12.272
0,0.17,-0.135,14.4292,12.256
0,0.1725,-0.135,13.5441,12.272
0,0.175,-0.135,14.4719,12.24
0,0.1775,-0.135,13.6296,12.304
0,0.18,-0.135,13.4404,12.304
0,0.1825,-0.135,13.8737,12.256
0,0.185,-0.135,12.9276,12.288
0,0.1875,-0.135,13.2145,12.288
0,0.19,-0.135,12.0426,12.288
0,0.1925,-0.135,12.5858,12.32
0,0.195,-0.135,13.068,12.32
0,0.1975,-0.135,11.0294,12.32
0,0.2,-0.135,11.1026,12.336
0,-0.2,-0.1325,10.2054,12.144
0,-0.1975,-0.1325,10.7913,12.16
0,-0.195,-0.1325,11.0355,12.144
0,-0.1925,-0.1325,11.4689,12.128
0,-0.19,-0.1325,11.7191,12.16
0,-0.1875,-0.1325,12.1647,12.128
0,-0.185,-0.1325,11.8839,12.144
0,-0.1825,-0.1325,13.007,12.16
0,-0.18,-0.1325,12.3356,12.128
0,-0.1775,-0.1325,13.2878,12.16
0,-0.175,-0.1325,12.6591,12.128
0,-0.1725,-0.1325,13.6967,12.144
0,-0.17,-0.1325,13.4953,12.16
0,-0.1675,-0.1325,13.0741,12.144
0,-0.165,-0.1325,14.0446,12.144
0,-0.1625,-0.1325,14.8625,12.112
0,-0.16,-0.1325,14.8991,12.112
0,-0.1575,-0.1325,15.7231,12.096
0,-0.155,-0.1325,16.1443,12.096
0,-0.1525,-0.1325,16.5899,12.112
0,-0.15,-0.1325,16.8401,12.08
0,-0.1475,-0.1325,15.6133,12.064
0,-0.145,-0.1325,16.8889,12.096
0,-0.1425,-0.1325,17.7252,12.064
0,-0.14,-0.1325,17.9815,12.064
0,-0.1375,-0.1325,17.9266,12.112
0,-0.135,-0.1325,18.6102,12.08
0,-0.1325,-0.1325,18.4149,12.064
0,-0.13,-0.1325,19.5807,12.064
0,-0.1275,-0.1325,20.8136,12.064
0,-0.125,-0.1325,21.247,12.032
0,-0.1225,-0.1325,21.1005,12.064
0,-0.12,-0.1325,20.2887,12.064
0,-0.1175,-0.1325,21.5339,12.08
0,-0.115,-0.1325,22.9133,12.064
0,-0.1125,-0.1325,21.8696,12.048
0,-0.11,-0.1325,23.4138,12.064
0,-0.1075,-0.1325,23.7251,12.064
0,-0.105,-0.1325,23.9021,12.048
0,-0.1025,-0.1325,25.1228,12.048
0,-0.1,-0.1325,25.2998,12.032
0,-0.0975,-0.1325,26.0933,12.048
0,-0.095,-0.1325,26.4412,12.048
0,-0.0925,-0.1325,26.8868,12.064
0,-0.09,-0.1325,26.6671,12.048
0,-0.0875,-0.1325,27.6193,12.064
0,-0.085,-0.1325,29.0048,12.048
0,-0.0825,-0.1325,28.193,12.048
0,-0.08,-0.1325,28.9499,12.064
0,-0.0775,-0.1325,30.3598,12.048
0,-0.075,-0.1325,31.2876,12.048
0,-0.0725,-0.1325,31.4707,12.048
0,-0.07,-0.1325,31.3059,12.048
0,-0.0675,-0.1325,30.9885,12.032
0,-0.065,-0.1325,32.6548,12.064
0,-0.0625,-0.1325,33.1858,12.032
0,-0.06,-0.1325,33.2713,12.032
0,-0.0575,-0.1325,33.5154,12.032
0,-0.055,-0.1325,33.3384,12.032
0,-0.0525,-0.1325,34.5408,12.032
0,-0.05,-0.1325,35.2855,12.032
0,-0.0475,-0.1325,36.0302,12.048
0,-0.045,-0.1325,35.8043,12.064
0,-0.0425,-0.1325,35.4808,12.048
0,-0.04,-0.1325,36.3414,12.048
0,-0.0375,-0.1325,37.9162,12.032
0,-0.035,-0.1325,36.9823,12.032
0,-0.0325,-0.1325,38.0505,12.064
0,-0.03,-0.1325,36.7077,12.032
0,-0.0275,-0.1325,37.55,12.048
0,-0.025,-0.1325,37.9955,12.032
0,-0.0225,-0.1325,38.5449,12.048
0,-0.02,-0.1325,38.02,12.016
0,-0.0175,-0.1325,38.0322,12.064
0,-0.015,-0.1325,39.3323,12.048
0,-0.0125,-0.1325,39.3811,12.016
0,-0.01,-0.1325,39.1369,12.048
0,-0.0075,-0.1325,38.905,12.048
0,-0.005,-0.1325,38.5388,12.032
0,-0.0025,-0.1325,39.5703,12.064
0,0,-0.1325,39.1003,12.032
0,0.0025,-0.1325,38.5632,12.048
0,0.005,-0.1325,39.3689,12.048
0,0.0075,-0.1325,38.6792,12.048
0,0.01,-0.1325,38.6853,12.032
0,0.0125,-0.1325,38.9294,12.064
0,0.015,-0.1325,38.1298,12.064
0,0.0175,-0.1325,38.1237,12.064
0,0.02,-0.1325,38.1237,12.064
0,0.0225,-0.1325,37.3791,12.048
0,0.025,-0.1325,38.0078,12.064
0,0.0275,-0.1325,38.0932,12.048
0,0.03,-0.1325,37.2875,12.064
0,0.0325,-0.1325,37.4645,12.064
0,0.035,-0.1325,35.9264,12.064
0,0.0375,-0.1325,36.5673,12.08
0,0.04,-0.1325,36.024,12.096
0,0.0425,-0.1325,36.5978,12.064
0,0.045,-0.1325,34.8704,12.08
0,0.0475,-0.1325,34.3944,12.096
0,0.05,-0.1325,35.5541,12.08
0,0.0525,-0.1325,35.6212,12.064
0,0.055,-0.1325,33.9122,12.08
0,0.0575,-0.1325,34.4859,12.08
0,0.06,-0.1325,31.727,12.096
0,0.0625,-0.1325,33.0332,12.08
0,0.065,-0.1325,32.667,12.08
0,0.0675,-0.1325,32.2764,12.096
0,0.07,-0.1325,31.843,12.096
0,0.0725,-0.1325,30.9519,12.08
0,0.075,-0.1325,31.2021,12.096
0,0.0775,-0.1325,30.2866,12.096
0,0.08,-0.1325,29.7861,12.096
0,0.0825,-0.1325,30.2805,12.096
0,0.085,-0.1325,29.8532,12.128
0,0.0875,-0.1325,29.1147,12.128
0,0.09,-0.1325,28.37,12.096
0,0.0925,-0.1325,27.8573,12.128
0,0.095,-0.1325,28.016,12.112
0,0.0975,-0.1325,27.015,12.128
0,0.1,-0.1325,27.076,12.128
0,0.1025,-0.1325,26.9112,12.128
0,0.105,-0.1325,26.0506,12.112
0,0.1075,-0.1325,25.8126,12.128
0,0.11,-0.1325,25.3487,12.144
0,0.1125,-0.1325,25.1473,12.144
0,0.115,-0.1325,23.7129,12.128
0,0.1175,-0.1325,22.9194,12.16
0,0.12,-0.1325,23.1819,12.176
0,0.1225,-0.1325,21.894,12.192
0,0.125,-0.1325,22.8339,12.16
0,0.1275,-0.1325,21.9123,12.176
0,0.13,-0.1325,20.9784,12.16
0,0.1325,-0.1325,20.7038,12.192
0,0.135,-0.1325,20.838,12.208
0,0.1375,-0.1325,19.6051,12.208
0,0.14,-0.1325,19.9408,12.192
0,0.1425,-0.1325,19.2633,12.192
0,0.145,-0.1325,18.4515,12.208
0,0.1475,-0.1325,18.1646,12.224
0,0.15,-0.1325,18.7017,12.24
0,0.1525,-0.1325,17.5665,12.208
0,0.155,-0.1325,16.0161,12.224
0,0.1575,-0.1325,16.364,12.24
0,0.16,-0.1325,15.8391,12.256
0,0.1625,-0.1325,15.9978,12.224
0,0.165,-0.1325,15.833,12.224
0,0.1675,-0.1325,14.4169,12.24
0,0.17,-0.1325,14.3376,12.288
0,0.1725,-0.1325,14.6306,12.24
0,0.175,-0.1325,13.5624,12.288
0,0.1775,-0.1325,14.2827,12.272
0,0.18,-0.1325,12.7506,12.272
0,0.1825,-0.1325,13.6479,12.272
0,0.185,-0.1325,13.1718,12.256
0,0.1875,-0.1325,13.2817,12.288
0,0.19,-0.1325,11.8107,12.336
0,0.1925,-0.1325,11.9999,12.32
0,0.195,-0.1325,11.5177,12.32
0,0.1975,-0.1325,12.3539,12.32
0,0.2,-0.1325,11.2918,12.304
0,-0.2,-0.13,11.597,12.096
0,-0.1975,-0.13,11.8229,12.144
0,-0.195,-0.13,11.182,12.16
0,-0.1925,-0.13,11.6947,12.128
0,-0.19,-0.13,11.9633,12.112
0,-0.1875,-0.13,11.0782,12.144
0,-0.185,-0.13,13.2389,12.16
0,-0.1825,-0.13,13.0802,12.144
0,-0.18,-0.13,12.36,12.16
0,-0.1775,-0.13,12.7079,12.128
0,-0.175,-0.13,13.2084,12.16
0,-0.1725,-0.13,13.1779,12.16
0,-0.17,-0.13,13.8371,12.128
0,-0.1675,-0.13,13.7761,12.128
0,-0.165,-0.13,14.9113,12.144
0,-0.1625,-0.13,14.0873,12.096
0,-0.16,-0.13,14.8564,12.144
0,-0.1575,-0.13,16.2053,12.112
0,-0.155,-0.13,15.3447,12.128
0,-0.1525,-0.13,16.1504,12.096
0,-0.15,-0.13,15.772,12.112
0,-0.1475,-0.13,16.1626,12.096
0,-0.145,-0.13,16.9134,12.112
0,-0.1425,-0.13,18.2562,12.096
0,-0.14,-0.13,18.1341,12.08
0,-0.1375,-0.13,18.5858,12.064
0,-0.135,-0.13,19.4159,12.08
0,-0.1325,-0.13,19.1534,12.048
0,-0.13,-0.13,19.9286,12.032
0,-0.1275,-0.13,20.4352,12.064
0,-0.125,-0.13,20.9845,12.064
0,-0.1225,-0.13,21.5217,12.032
0,-0.12,-0.13,21.8757,12.064
0,-0.1175,-0.13,22.8889,12.048
0,-0.115,-0.13,23.1758,12.048
0,-0.1125,-0.13,23.1758,12.032
0,-0.11,-0.13,24.073,12.048
0,-0.1075,-0.13,24.5735,12.032
0,-0.105,-0.13,24.7993,12.032
0,-0.1025,-0.13,25.0374,12.048
0,-0.1,-0.13,25.5867,12.032
0,-0.0975,-0.13,26.4962,12.048
0,-0.095,-0.13,26.8807,12.048
0,-0.0925,-0.13,27.1554,12.08
0,-0.09,-0.13,29.3405,12.048
0,-0.0875,-0.13,28.4371,12.048
0,-0.085,-0.13,30.0546,12.048
0,-0.0825,-0.13,28.8034,12.032
0,-0.08,-0.13,30.6284,12.048
0,-0.0775,-0.13,29.7128,12.032
0,-0.075,-0.13,31.9956,12.032
0,-0.0725,-0.13,31.4585,12.064
0,-0.07,-0.13,32.6792,12.064
0,-0.0675,-0.13,32.9051,12.048
0,-0.065,-0.13,32.667,12.048
0,-0.0625,-0.13,33.8084,12.032
0,-0.06,-0.13,33.8878,12.032
0,-0.0575,-0.13,35.1878,12.032
0,-0.055,-0.13,35.9874,12.048
0,-0.0525,-0.13,35.9569,12.032
0,-0.05,-0.13,35.6822,12.032
0,-0.0475,-0.13,35.4869,12.016
0,-0.045,-0.13,36.1095,12.032
0,-0.0425,-0.13,36.3598,12.048
0,-0.04,-0.13,36.9884,12.032
0,-0.0375,-0.13,37.7087,12.032
0,-0.035,-0.13,37.843,12.032
0,-0.0325,-0.13,38.0505,12.032
0,-0.03,-0.13,39.2895,12.032
0,-0.0275,-0.13,39.0393,12.032
0,-0.025,-0.13,38.2153,12.064
0,-0.0225,-0.13,39.9731,12.032
0,-0.02,-0.13,39.7229,12.016
0,-0.0175,-0.13,39.7595,12.016
0,-0.015,-0.13,40.7971,12.048
0,-0.0125,-0.13,40.1013,12.032
0,-0.01,-0.13,40.0647,12.032
0,-0.0075,-0.13,40.5591,12.016
0,-0.005,-0.13,39.6863,12.048
0,-0.0025,-0.13,42.1339,12.032
0,0,-0.13,40.791,12.048
0,0.0025,-0.13,39.8206,12.048
0,0.005,-0.13,40.2234,12.048
0,0.0075,-0.13,39.5215,12.064
0,0.01,-0.13,39.9976,12.048
0,0.0125,-0.13,40.0891,12.064
0,0.015,-0.13,39.4238,12.048
0,0.0175,-0.13,40.8887,12.08
0,0.02,-0.13,39.32,12.08
0,0.0225,-0.13,39.9121,12.064
0,0.025,-0.13,39.2163,12.064
0,0.0275,-0.13,39.9792,12.064
0,0.03,-0.13,39.5947,12.048
0,0.0325,-0.13,38.2885,12.08
0,0.035,-0.13,38.4289,12.08
0,0.0375,-0.13,37.3363,12.08
0,0.04,-0.13,37.7392,12.08
0,0.0425,-0.13,36.964,12.08
0,0.045,-0.13,36.2682,12.08
0,0.0475,-0.13,36.4086,12.096
0,0.05,-0.13,35.67,12.08
0,0.0525,-0.13,35.1024,12.08
0,0.055,-0.13,34.6385,12.064
0,0.0575,-0.13,35.0841,12.08
0,0.06,-0.13,34.315,12.064
0,0.0625,-0.13,33.4361,12.08
0,0.065,-0.13,33.9183,12.096
0,0.0675,-0.13,33.1919,12.08
0,0.07,-0.13,32.7708,12.08
0,0.0725,-0.13,32.667,12.08
0,0.075,-0.13,31.7148,12.08
0,0.0775,-0.13,31.9224,12.096
0,0.08,-0.13,30.9885,12.096
0,0.0825,-0.13,32.6121,12.096
0,0.085,-0.13,29.7128,12.08
0,0.0875,-0.13,29.0414,12.112
0,0.09,-0.13,28.9621,12.096
0,0.0925,-0.13,28.8522,12.112
0,0.095,-0.13,28.1747,12.128
0,0.0975,-0.13,27.5521,12.128
0,0.1,-0.13,27.7291,12.128
0,0.1025,-0.13,26.7891,12.144
0,0.105,-0.13,25.251,12.128
0,0.1075,-0.13,26.1666,12.128
0,0.11,-0.13,25.0679,12.128
0,0.1125,-0.13,24.4575,12.16
0,0.115,-0.13,24.9397,12.16
0,0.1175,-0.13,24.1585,12.16
0,0.12,-0.13,23.7922,12.144
0,0.1225,-0.13,23.487,12.16
0,0.125,-0.13,23.603,12.144
0,0.1275,-0.13,22.0405,12.192
0,0.13,-0.13,21.6376,12.208
0,0.1325,-0.13,21.662,12.192
0,0.135,-0.13,20.5512,12.208
0,0.1375,-0.13,20.3803,12.208
0,0.14,-0.13,20.2155,12.192
0,0.1425,-0.13,19.8981,12.224
0,0.145,-0.13,19.1046,12.24
0,0.1475,-0.13,18.2989,12.224
0,0.15,-0.13,18.1036,12.208
0,0.1525,-0.13,17.951,12.208
0,0.155,-0.13,17.9571,12.224
0,0.1575,-0.13,16.6814,12.224
0,0.16,-0.13,16.5044,12.24
0,0.1625,-0.13,16.3274,12.224
0,0.165,-0.13,15.5339,12.256
0,0.1675,-0.13,15.7842,12.272
0,0.17,-0.13,15.3691,12.24
0,0.1725,-0.13,15.0822,12.272
0,0.175,-0.13,14.948,12.288
0,0.1775,-0.13,14.7954,12.288
0,0.18,-0.13,14.2399,12.288
0,0.1825,-0.13,13.3854,12.304
0,0.185,-0.13,13.1046,12.288
0,0.1875,-0.13,12.6102,12.304
0,0.19,-0.13,13.1352,12.288
0,0.1925,-0.13,13.1901,12.32
0,0.195,-0.13,11.8412,12.32
0,0.1975,-0.13,12.1036,12.304
0,0.2,-0.13,12.067,12.32
0,-0.2,-0.1275,10.1444,12.144
0,-0.1975,-0.1275,11.182,12.128
0,-0.195,-0.1275,10.5472,12.176
0,-0.1925,-0.1275,12.8178,12.144
0,-0.19,-0.1275,12.7689,12.128
0,-0.1875,-0.1275,11.0111,12.16
0,-0.185,-0.1275,12.7079,12.144
0,-0.1825,-0.1275,12.3051,12.144
0,-0.18,-0.1275,11.9083,12.128
0,-0.1775,-0.1275,12.9887,12.144
0,-0.175,-0.1275,13.5563,12.144
0,-0.1725,-0.1275,13.6601,12.128
0,-0.17,-0.1275,13.9531,12.176
0,-0.1675,-0.1275,14.9174,12.112
0,-0.165,-0.1275,15.479,12.096
0,-0.1625,-0.1275,14.8625,12.112
0,-0.16,-0.1275,15.54,12.112
0,-0.1575,-0.1275,15.3386,12.128
0,-0.155,-0.1275,16.5044,12.112
0,-0.1525,-0.1275,16.6631,12.08
0,-0.15,-0.1275,17.3833,12.112
0,-0.1475,-0.1275,16.9317,12.096
0,-0.145,-0.1275,17.1636,12.08
0,-0.1425,-0.1275,18.0059,12.064
0,-0.14,-0.1275,18.3477,12.096
0,-0.1375,-0.1275,18.7506,12.08
0,-0.135,-0.1275,19.5929,12.08
0,-0.1325,-0.1275,19.9347,12.096
0,-0.13,-0.1275,19.9774,12.064
0,-0.1275,-0.1275,19.1839,12.064
0,-0.125,-0.1275,21.2287,12.048
0,-0.1225,-0.1275,21.8574,12.048
0,-0.12,-0.1275,22.9438,12.064
0,-0.1175,-0.1275,22.3823,12.048
0,-0.115,-0.1275,24.6406,12.048
0,-0.1125,-0.1275,24.311,12.064
0,-0.11,-0.1275,24.6834,12.048
0,-0.1075,-0.1275,25.0862,12.048
0,-0.105,-0.1275,25.4097,12.032
0,-0.1025,-0.1275,26.3741,12.016
0,-0.1,-0.1275,27.1187,12.032
0,-0.0975,-0.1275,27.2469,12.064
0,-0.095,-0.1275,26.9906,12.048
0,-0.0925,-0.1275,28.8461,12.048
0,-0.09,-0.1275,28.1014,12.032
0,-0.0875,-0.1275,28.9071,12.048
0,-0.085,-0.1275,31.3974,12.032
0,-0.0825,-0.1275,30.4209,12.032
0,-0.08,-0.1275,30.4086,12.032
0,-0.0775,-0.1275,31.843,12.032
0,-0.075,-0.1275,31.9285,12.032
0,-0.0725,-0.1275,32.5816,12.048
0,-0.07,-0.1275,32.7403,12.048
0,-0.0675,-0.1275,33.3384,12.048
0,-0.065,-0.1275,34.4005,12.048
0,-0.0625,-0.1275,35.1817,12.032
0,-0.06,-0.1275,34.5408,12.048
0,-0.0575,-0.1275,37.0434,12.032
0,-0.055,-0.1275,36.6527,12.016
0,-0.0525,-0.1275,36.6405,12.048
0,-0.05,-0.1275,37.7087,12.048
0,-0.0475,-0.1275,38.5022,12.048
0,-0.045,-0.1275,38.4533,12.032
0,-0.0425,-0.1275,37.6598,12.048
0,-0.04,-0.1275,38.9172,12.048
0,-0.0375,-0.1275,39.8328,12.048
0,-0.035,-0.1275,39.8083,12.048
0,-0.0325,-0.1275,39.7595,12.048
0,-0.03,-0.1275,40.9986,12.032
0,-0.0275,-0.1275,40.3943,12.016
0,-0.025,-0.1275,40.26,12.032
0,-0.0225,-0.1275,40.8338,12.016
0,-0.02,-0.1275,40.669,12.048
0,-0.0175,-0.1275,41.7249,12.048
0,-0.015,-0.1275,41.084,12.032
0,-0.0125,-0.1275,41.6944,12.032
0,-0.01,-0.1275,42.7137,12.048
0,-0.0075,-0.1275,42.7503,12.032
0,-0.005,-0.1275,41.2244,12.032
0,-0.0025,-0.1275,41.5967,12.048
0,0,-0.1275,42.5672,12.048
0,0.0025,-0.1275,40.8399,12.032
0,0.005,-0.1275,40.846,12.048
0,0.0075,-0.1275,40.9619,12.032
0,0.01,-0.1275,42.7808,12.064
0,0.0125,-0.1275,40.5591,12.064
0,0.015,-0.1275,41.1573,12.048
0,0.0175,-0.1275,41.9752,12.064
0,0.02,-0.1275,41.5845,12.048
0,0.0225,-0.1275,40.7544,12.048
0,0.025,-0.1275,39.1797,12.064
0,0.0275,-0.1275,40.26,12.064
0,0.03,-0.1275,39.5581,12.064
0,0.0325,-0.1275,38.9233,12.064
0,0.035,-0.1275,39.3628,12.064
0,0.0375,-0.1275,39.0881,12.08
0,0.04,-0.1275,38.1176,12.064
0,0.0425,-0.1275,37.7026,12.048
0,0.045,-0.1275,37.257,12.064
0,0.0475,-0.1275,38.2763,12.064
0,0.05,-0.1275,36.5917,12.08
0,0.0525,-0.1275,37.1105,12.08
0,0.055,-0.1275,35.786,12.064
0,0.0575,-0.1275,35.7616,12.08
0,0.06,-0.1275,34.8216,12.08
0,0.0625,-0.1275,35.2367,12.08
0,0.065,-0.1275,34.9193,12.08
0,0.0675,-0.1275,34.669,12.096
0,0.07,-0.1275,34.0464,12.096
0,0.0725,-0.1275,33.1431,12.08
0,0.075,-0.1275,32.1055,12.08
0,0.0775,-0.1275,33.1309,12.096
0,0.08,-0.1275,31.373,12.096
0,0.0825,-0.1275,31.3791,12.112
0,0.085,-0.1275,31.5195,12.08
0,0.0875,-0.1275,30.6162,12.112
0,0.09,-0.1275,30.4636,12.112
0,0.0925,-0.1275,30.3537,12.112
0,0.095,-0.1275,28.1014,12.128
0,0.0975,-0.1275,29.5358,12.128
0,0.1,-0.1275,28.0282,12.128
0,0.1025,-0.1275,27.3446,12.128
0,0.105,-0.1275,27.3629,12.144
0,0.1075,-0.1275,28.1075,12.128
0,0.11,-0.1275,26.4534,12.16
0,0.1125,-0.1275,25.9529,12.16
0,0.115,-0.1275,24.7749,12.16
0,0.1175,-0.1275,25.0557,12.144
0,0.12,-0.1275,24.0852,12.176
0,0.1225,-0.1275,23.9692,12.16
0,0.125,-0.1275,23.1147,12.16
0,0.1275,-0.1275,21.7109,12.208
0,0.13,-0.1275,22.0649,12.176
0,0.1325,-0.1275,21.7109,12.176
0,0.135,-0.1275,20.7892,12.192
0,0.1375,-0.1275,19.6295,12.176
0,0.14,-0.1275,19.6295,12.192
0,0.1425,-0.1275,20.0812,12.192
0,0.145,-0.1275,19.2572,12.192
0,0.1475,-0.1275,18.8238,12.192
0,0.15,-0.1275,18.2318,12.224
0,0.1525,-0.1275,17.5848,12.24
0,0.155,-0.1275,18.2257,12.208
0,0.1575,-0.1275,17.7557,12.208
0,0.16,-0.1275,17.3345,12.224
0,0.1625,-0.1275,16.773,12.224
0,0.165,-0.1275,17.0049,12.272
0,0.1675,-0.1275,15.8696,12.272
0,0.17,-0.1275,15.6377,12.24
0,0.1725,-0.1275,15.5583,12.272
0,0.175,-0.1275,14.246,12.288
0,0.1775,-0.1275,14.8808,12.304
0,0.18,-0.1275,14.8137,12.256
0,0.1825,-0.1275,13.9531,12.272
0,0.185,-0.1275,13.8493,12.304
0,0.1875,-0.1275,14.185,12.272
0,0.19,-0.1275,12.5431,12.32
0,0.1925,-0.1275,13.361,12.288
0,0.195,-0.1275,12.122,12.32
0,0.1975,-0.1275,12.5919,12.352
0,0.2,-0.1275,12.4393,12.336
0,-0.2,-0.125,11.1454,12.128
0,-0.1975,-0.125,11.597,12.128
0,-0.195,-0.125,11.7252,12.16
0,-0.1925,-0.125,11.5482,12.128
0,-0.19,-0.125,12.0487,12.128
0,-0.1875,-0.125,12.2318,12.16
0,-0.185,-0.125,13.2756,12.128
0,-0.1825,-0.125,12.6652,12.144
0,-0.18,-0.125,13.2389,12.128
0,-0.1775,-0.125,13.1352,12.144
0,-0.175,-0.125,15.247,12.16
0,-0.1725,-0.125,14.3925,12.112
0,-0.17,-0.125,16.0833,12.144
0,-0.1675,-0.125,15.6987,12.144
0,-0.165,-0.125,14.4719,12.128
0,-0.1625,-0.125,15.3996,12.144
0,-0.16,-0.125,15.6621,12.112
0,-0.1575,-0.125,15.6804,12.128
0,-0.155,-0.125,16.9683,12.096
0,-0.1525,-0.125,17.1514,12.112
0,-0.15,-0.125,17.7129,12.08
0,-0.1475,-0.125,18.2318,12.112
0,-0.145,-0.125,18.067,12.096
0,-0.1425,-0.125,18.5614,12.096
0,-0.14,-0.125,18.952,12.096
0,-0.1375,-0.125,20.2399,12.064
0,-0.135,-0.125,20.0201,12.096
0,-0.1325,-0.125,19.9042,12.08
0,-0.13,-0.125,21.7048,12.08
0,-0.1275,-0.125,21.7902,12.048
0,-0.125,-0.125,21.3996,12.064
0,-0.1225,-0.125,23.0049,12.064
0,-0.12,-0.125,22.6875,12.048
0,-0.1175,-0.125,23.5542,12.064
0,-0.115,-0.125,23.6885,12.064
0,-0.1125,-0.125,24.3355,12.064
0,-0.11,-0.125,24.8604,12.048
0,-0.1075,-0.125,25.5196,12.08
0,-0.105,-0.125,26.0811,12.048
0,-0.1025,-0.125,25.9713,12.032
0,-0.1,-0.125,27.6131,12.048
0,-0.0975,-0.125,27.3873,12.064
0,-0.095,-0.125,28.8644,12.048
0,-0.0925,-0.125,29.4198,12.032
0,-0.09,-0.125,29.9936,12.064
0,-0.0875,-0.125,31.4829,12.032
0,-0.085,-0.125,31.7087,12.048
0,-0.0825,-0.125,30.372,12.064
0,-0.08,-0.125,32.0933,12.064
0,-0.0775,-0.125,32.4168,12.032
0,-0.075,-0.125,32.252,12.016
0,-0.0725,-0.125,33.5765,12.048
0,-0.07,-0.125,34.3333,12.048
0,-0.0675,-0.125,34.7545,12.064
0,-0.065,-0.125,35.0414,12.048
0,-0.0625,-0.125,36.5184,12.032
0,-0.06,-0.125,36.4147,12.032
0,-0.0575,-0.125,36.2072,12.048
0,-0.055,-0.125,38.3862,12.048
0,-0.0525,-0.125,37.7148,12.032
0,-0.05,-0.125,38.6608,12.032
0,-0.0475,-0.125,39.2895,12.032
0,-0.045,-0.125,39.491,12.048
0,-0.0425,-0.125,40.3027,12.032
0,-0.04,-0.125,39.845,12.048
0,-0.0375,-0.125,40.9925,12.032
0,-0.035,-0.125,40.7422,12.048
0,-0.0325,-0.125,41.0779,12.032
0,-0.03,-0.125,41.5479,12.032
0,-0.0275,-0.125,42.2315,12.032
0,-0.025,-0.125,41.6639,12.032
0,-0.0225,-0.125,42.6893,12.032
0,-0.02,-0.125,43.318,12.032
0,-0.0175,-0.125,41.9691,12.032
0,-0.015,-0.125,43.2386,12.032
0,-0.0125,-0.125,41.6334,12.032
0,-0.01,-0.125,42.1278,12.032
0,-0.0075,-0.125,42.8846,12.032
0,-0.005,-0.125,43.0555,12.032
0,-0.0025,-0.125,43.141,12.048
0,0,-0.125,43.5133,12.048
0,0.0025,-0.125,42.8114,12.064
0,0.005,-0.125,42.7259,12.048
0,0.0075,-0.125,43.1349,12.064
0,0.01,-0.125,42.6038,12.048
0,0.0125,-0.125,42.7747,12.064
0,0.015,-0.125,44.0321,12.048
0,0.0175,-0.125,42.7686,12.08
0,0.02,-0.125,41.2549,12.064
0,0.0225,-0.125,41.5601,12.064
0,0.025,-0.125,42.0667,12.08
0,0.0275,-0.125,41.615,12.064
0,0.03,-0.125,41.493,12.064
0,0.0325,-0.125,41.4991,12.08
0,0.035,-0.125,40.315,12.064
0,0.0375,-0.125,40.9986,12.064
0,0.04,-0.125,39.4482,12.08
0,0.0425,-0.125,38.9721,12.064
0,0.045,-0.125,39.4665,12.08
0,0.0475,-0.125,39.0454,12.08
0,0.05,-0.125,37.9101,12.064
0,0.0525,-0.125,37.3608,12.08
0,0.055,-0.125,36.4757,12.08
0,0.0575,-0.125,36.7199,12.08
0,0.06,-0.125,37.0678,12.08
0,0.0625,-0.125,36.3842,12.08
0,0.065,-0.125,34.901,12.064
0,0.0675,-0.125,34.901,12.08
0,0.07,-0.125,35.6578,12.112
0,0.0725,-0.125,34.0648,12.112
0,0.075,-0.125,33.7962,12.096
0,0.0775,-0.125,33.6497,12.096
0,0.08,-0.125,32.0017,12.096
0,0.0825,-0.125,32.0994,12.096
0,0.085,-0.125,32.1543,12.112
0,0.0875,-0.125,30.6101,12.112
0,0.09,-0.125,30.5063,12.128
0,0.0925,-0.125,31.5928,12.128
0,0.095,-0.125,29.7067,12.112
0,0.0975,-0.125,29.371,12.128
0,0.1,-0.125,29.7555,12.128
0,0.1025,-0.125,28.1564,12.144
0,0.105,-0.125,27.7963,12.144
0,0.1075,-0.125,27.6376,12.128
0,0.11,-0.125,26.2764,12.144
0,0.1125,-0.125,26.899,12.144
0,0.115,-0.125,25.8187,12.16
0,0.1175,-0.125,28.1442,12.16
0,0.12,-0.125,24.9825,12.176
0,0.1225,-0.125,23.9875,12.176
0,0.125,-0.125,24.0364,12.192
0,0.1275,-0.125,23.0415,12.176
0,0.13,-0.125,23.3772,12.176
0,0.1325,-0.125,21.5278,12.192
0,0.135,-0.125,21.778,12.192
0,0.1375,-0.125,20.8319,12.208
0,0.14,-0.125,21.2958,12.224
0,0.1425,-0.125,20.7831,12.208
0,0.145,-0.125,20.9906,12.208
0,0.1475,-0.125,18.8421,12.208
0,0.15,-0.125,18.9642,12.208
0,0.1525,-0.125,19.2206,12.24
0,0.155,-0.125,18.0914,12.24
0,0.1575,-0.125,17.2979,12.24
0,0.16,-0.125,17.2063,12.24
0,0.1625,-0.125,17.0049,12.24
0,0.165,-0.125,16.364,12.24
0,0.1675,-0.125,16.9317,12.256
0,0.17,-0.125,15.54,12.256
0,0.1725,-0.125,16.0955,12.272
0,0.175,-0.125,15.0151,12.304
0,0.1775,-0.125,15.2226,12.272
0,0.18,-0.125,14.7526,12.272
0,0.1825,-0.125,14.5146,12.32
0,0.185,-0.125,13.3488,12.288
0,0.1875,-0.125,13.3976,12.272
0,0.19,-0.125,13.2206,12.304
0,0.1925,-0.125,12.8361,12.352
0,0.195,-0.125,13.1352,12.288
0,0.1975,-0.125,11.4933,12.352
0,0.2,-0.125,11.1209,12.352
0,-0.2,-0.1225,10.6693,12.128
0,-0.1975,-0.1225,11.4811,12.16
0,-0.195,-0.1225,13.3366,12.144
0,-0.1925,-0.1225,12.3356,12.16
0,-0.19,-0.1225,12.3234,12.128
0,-0.1875,-0.1225,12.2135,12.176
0,-0.185,-0.1225,12.3295,12.144
0,-0.1825,-0.1225,13.1291,12.128
0,-0.18,-0.1225,12.6591,12.16
0,-0.1775,-0.1225,13.5685,12.112
0,-0.175,-0.1225,14.6855,12.144
0,-0.1725,-0.1225,14.0507,12.128
0,-0.17,-0.1225,14.2644,12.144
0,-0.1675,-0.1225,15.2348,12.128
0,-0.165,-0.1225,15.9673,12.096
0,-0.1625,-0.1225,15.6926,12.112
0,-0.16,-0.1225,16.8828,12.112
0,-0.1575,-0.1225,16.5777,12.112
0,-0.155,-0.1225,17.3528,12.096
0,-0.1525,-0.1225,16.773,12.08
0,-0.15,-0.1225,17.2674,12.08
0,-0.1475,-0.1225,18.7933,12.08
0,-0.145,-0.1225,18.3782,12.096
0,-0.1425,-0.1225,19.1473,12.096
0,-0.14,-0.1225,19.4281,12.112
0,-0.1375,-0.1225,20.5695,12.064
0,-0.135,-0.1225,20.6,12.096
0,-0.1325,-0.1225,21.1188,12.096
0,-0.13,-0.1225,21.1371,12.064
0,-0.1275,-0.1225,20.7465,12.064
0,-0.125,-0.1225,22.3518,12.064
0,-0.1225,-0.1225,24.427,12.064
0,-0.12,-0.1225,23.8716,12.08
0,-0.1175,-0.1225,23.7068,12.048
0,-0.115,-0.1225,25.0435,12.048
0,-0.1125,-0.1225,24.6284,12.032
0,-0.11,-0.1225,26.307,12.064
0,-0.1075,-0.1225,25.7454,12.048
0,-0.105,-0.1225,26.7586,12.064
0,-0.1025,-0.1225,27.0028,12.064
0,-0.1,-0.1225,28.0526,12.032
0,-0.0975,-0.1225,29.2306,12.064
0,-0.095,-0.1225,29.5602,12.064
0,-0.0925,-0.1225,30.3171,12.064
0,-0.09,-0.1225,30.3842,12.048
0,-0.0875,-0.1225,32.0627,12.064
0,-0.085,-0.1225,31.8369,12.048
0,-0.0825,-0.1225,32.4229,12.048
0,-0.08,-0.1225,32.6426,12.032
0,-0.0775,-0.1225,33.6985,12.048
0,-0.075,-0.1225,34.901,12.032
0,-0.0725,-0.1225,34.8338,12.048
0,-0.07,-0.1225,35.4137,12.032
0,-0.0675,-0.1225,34.846,12.064
0,-0.065,-0.1225,36.7748,12.064
0,-0.0625,-0.1225,37.1166,12.048
0,-0.06,-0.1225,36.3842,12.048
0,-0.0575,-0.1225,37.9162,12.032
0,-0.055,-0.1225,38.3801,12.064
0,-0.0525,-0.1225,38.3923,12.048
0,-0.05,-0.1225,39.4116,12.032
0,-0.0475,-0.1225,40.1257,12.032
0,-0.045,-0.1225,40.9314,12.048
0,-0.0425,-0.1225,40.8521,12.048
0,-0.04,-0.1225,40.0952,12.032
0,-0.0375,-0.1225,41.377,12.032
0,-0.035,-0.1225,41.1206,12.032
0,-0.0325,-0.1225,42.8419,12.048
0,-0.03,-0.1225,42.4574,12.048
0,-0.0275,-0.1225,43.8612,12.032
0,-0.025,-0.1225,42.7259,12.016
0,-0.0225,-0.1225,44.4166,12.048
0,-0.02,-0.1225,43.6354,12.032
0,-0.0175,-0.1225,43.7635,12.048
0,-0.015,-0.1225,44.2579,12.032
0,-0.0125,-0.1225,45.0209,12.032
0,-0.01,-0.1225,45.3688,12.048
0,-0.0075,-0.1225,44.4838,12.048
0,-0.005,-0.1225,44.2396,12.032
0,-0.0025,-0.1225,44.6608,12.048
0,0,-0.1225,44.38,12.048
0,0.0025,-0.1225,44.9538,12.048
0,0.005,-0.1225,44.8317,12.048
0,0.0075,-0.1225,44.1115,12.048
0,0.01,-0.1225,44.5021,12.048
0,0.0125,-0.1225,44.0504,12.048
0,0.015,-0.1225,46.8581,12.064
0,0.0175,-0.1225,43.3058,12.064
0,0.02,-0.1225,42.4757,12.048
0,0.0225,-0.1225,43.0921,12.08
0,0.025,-0.1225,42.909,12.064
0,0.0275,-0.1225,42.7503,12.064
0,0.03,-0.1225,42.7625,12.08
0,0.0325,-0.1225,42.0301,12.08
0,0.035,-0.1225,42.2742,12.064
0,0.0375,-0.1225,41.6456,12.064
0,0.04,-0.1225,41.2305,12.064
0,0.0425,-0.1225,41.5235,12.08
0,0.045,-0.1225,39.7717,12.096
0,0.0475,-0.1225,40.2112,12.08
0,0.05,-0.1225,39.9609,12.08
0,0.0525,-0.1225,38.9172,12.096
0,0.055,-0.1225,38.6608,12.08
0,0.0575,-0.1225,37.7026,12.096
0,0.06,-0.1225,37.7941,12.08
0,0.0625,-0.1225,36.5612,12.096
0,0.065,-0.1225,37.2021,12.08
0,0.0675,-0.1225,35.0963,12.096
0,0.07,-0.1225,35.7372,12.08
0,0.0725,-0.1225,35.316,12.112
0,0.075,-0.1225,35.8837,12.08
0,0.0775,-0.1225,34.4371,12.112
0,0.08,-0.1225,35.4198,12.112
0,0.0825,-0.1225,33.7046,12.112
0,0.085,-0.1225,32.1909,12.112
0,0.0875,-0.1225,32.4412,12.128
0,0.09,-0.1225,31.8552,12.128
0,0.0925,-0.1225,31.8369,12.112
0,0.095,-0.1225,30.2988,12.112
0,0.0975,-0.1225,29.3771,12.128
0,0.1,-0.1225,29.6457,12.128
0,0.1025,-0.1225,27.8146,12.128
0,0.105,-0.1225,27.9672,12.128
0,0.1075,-0.1225,27.6986,12.144
0,0.11,-0.1225,27.2652,12.144
0,0.1125,-0.1225,26.8807,12.16
0,0.115,-0.1225,24.7993,12.176
0,0.1175,-0.1225,25.5806,12.16
0,0.12,-0.1225,25.9285,12.16
0,0.1225,-0.1225,25.0313,12.176
0,0.125,-0.1225,24.5796,12.16
0,0.1275,-0.1225,24.0364,12.192
0,0.13,-0.1225,23.7739,12.16
0,0.1325,-0.1225,22.9377,12.176
0,0.135,-0.1225,22.7973,12.176
0,0.1375,-0.1225,21.4057,12.176
0,0.14,-0.1225,20.7099,12.192
0,0.1425,-0.1225,20.6061,12.192
0,0.145,-0.1225,20.3742,12.24
0,0.1475,-0.1225,19.2694,12.208
0,0.15,-0.1225,19.5685,12.224
0,0.1525,-0.1225,18.8971,12.224
0,0.155,-0.1225,18.3233,12.24
0,0.1575,-0.1225,17.7923,12.224
0,0.16,-0.1225,17.7984,12.24
0,0.1625,-0.1225,17.7801,12.224
0,0.165,-0.1225,17.0415,12.272
0,0.1675,-0.1225,16.7425,12.24
0,0.17,-0.1225,15.5828,12.256
0,0.1725,-0.1225,15.9734,12.256
0,0.175,-0.1225,14.3437,12.256
0,0.1775,-0.1225,13.7577,12.288
0,0.18,-0.1225,14.8991,12.304
0,0.1825,-0.1225,14.8381,12.304
0,0.185,-0.1225,14.069,12.256
0,0.1875,-0.1225,13.9286,12.288
0,0.19,-0.1225,12.9826,12.32
0,0.1925,-0.1225,13.7333,12.32
0,0.195,-0.1225,12.7262,12.304
0,0.1975,-0.1225,12.4699,12.336
0,0.2,-0.1225,12.2013,12.32
0,-0.2,-0.12,11.8107,12.128
0,-0.1975,-0.12,12.1525,12.128
0,-0.195,-0.12,12.1647,12.144
0,-0.1925,-0.12,12.598,12.144
0,-0.19,-0.12,12.7018,12.144
0,-0.1875,-0.12,13.6052,12.144
0,-0.185,-0.12,13.1718,12.144
0,-0.1825,-0.12,13.715,12.128
0,-0.18,-0.12,13.947,12.144
0,-0.1775,-0.12,13.9409,12.112
0,-0.175,-0.12,14.3132,12.144
0,-0.1725,-0.12,15.9001,12.144
0,-0.17,-0.12,14.8381,12.128
0,-0.1675,-0.12,15.3386,12.128
0,-0.165,-0.12,16.3396,12.112
0,-0.1625,-0.12,15.9795,12.112
0,-0.16,-0.12,17.066,12.096
0,-0.1575,-0.12,17.1514,12.08
0,-0.155,-0.12,17.1575,12.08
0,-0.1525,-0.12,17.3956,12.096
0,-0.15,-0.12,18.1951,12.08
0,-0.1475,-0.12,18.4698,12.096
0,-0.145,-0.12,19.9042,12.096
0,-0.1425,-0.12,19.7455,12.096
0,-0.14,-0.12,19.5318,12.064
0,-0.1375,-0.12,20.1239,12.112
0,-0.135,-0.12,21.1615,12.096
0,-0.1325,-0.12,21.4362,12.064
0,-0.13,-0.12,21.0334,12.032
0,-0.1275,-0.12,22.4555,12.048
0,-0.125,-0.12,22.5715,12.064
0,-0.1225,-0.12,23.3345,12.048
0,-0.12,-0.12,24.4575,12.048
0,-0.1175,-0.12,25.4646,12.064
0,-0.115,-0.12,25.8431,12.048
0,-0.1125,-0.12,25.5684,12.048
0,-0.11,-0.12,27.0638,12.048
0,-0.1075,-0.12,27.076,12.032
0,-0.105,-0.12,27.1065,12.064
0,-0.1025,-0.12,29.0902,12.048
0,-0.1,-0.12,29.7494,12.048
0,-0.0975,-0.12,30.1645,12.048
0,-0.095,-0.12,29.6396,12.048
0,-0.0925,-0.12,31.2021,12.048
0,-0.09,-0.12,31.3059,12.064
0,-0.0875,-0.12,32.1299,12.048
0,-0.085,-0.12,33.3689,12.048
0,-0.0825,-0.12,32.5449,12.032
0,-0.08,-0.12,34.8888,12.032
0,-0.0775,-0.12,33.9671,12.048
0,-0.075,-0.12,34.6812,12.016
0,-0.0725,-0.12,35.6273,12.032
0,-0.07,-0.12,36.5917,12.032
0,-0.0675,-0.12,37.0922,12.048
0,-0.065,-0.12,36.1888,12.032
0,-0.0625,-0.12,38.2946,12.032
0,-0.06,-0.12,39.2163,12.048
0,-0.0575,-0.12,39.491,12.048
0,-0.055,-0.12,39.491,12.032
0,-0.0525,-0.12,40.1685,12.032
0,-0.05,-0.12,40.614,12.032
0,-0.0475,-0.12,41.9568,12.032
0,-0.045,-0.12,41.8958,12.048
0,-0.0425,-0.12,43.4034,12.064
0,-0.04,-0.12,42.9212,12.032
0,-0.0375,-0.12,42.7076,12.064
0,-0.035,-0.12,43.2386,12.032
0,-0.0325,-0.12,44.557,12.048
0,-0.03,-0.12,43.9894,12.048
0,-0.0275,-0.12,44.6303,12.016
0,-0.025,-0.12,44.0626,12.064
0,-0.0225,-0.12,45.2345,12.048
0,-0.02,-0.12,45.1857,12.048
0,-0.0175,-0.12,45.1979,12.032
0,-0.015,-0.12,46.2477,12.032
0,-0.0125,-0.12,45.2956,12.032
0,-0.01,-0.12,45.9487,12.032
0,-0.0075,-0.12,47.0901,12.032
0,-0.005,-0.12,45.7411,12.048
0,-0.0025,-0.12,46.028,12.048
0,0,-0.12,45.3871,12.048
0,0.0025,-0.12,47.029,12.048
0,0.005,-0.12,45.7595,12.032
0,0.0075,-0.12,46.0829,12.048
0,0.01,-0.12,45.4665,12.048
0,0.0125,-0.12,45.32,12.048
0,0.015,-0.12,45.674,12.048
0,0.0175,-0.12,46.8825,12.064
0,0.02,-0.12,45.2834,12.064
0,0.0225,-0.12,44.3129,12.064
0,0.025,-0.12,44.1481,12.08
0,0.0275,-0.12,43.9161,12.064
0,0.03,-0.12,43.7574,12.064
0,0.0325,-0.12,43.8795,12.08
0,0.035,-0.12,42.9334,12.048
0,0.0375,-0.12,42.2559,12.064
0,0.04,-0.12,43.4767,12.08
0,0.0425,-0.12,41.7737,12.08
0,0.045,-0.12,40.9253,12.08
0,0.0475,-0.12,41.3648,12.064
0,0.05,-0.12,40.4675,12.096
0,0.0525,-0.12,40.8277,12.096
0,0.055,-0.12,40.9803,12.064
0,0.0575,-0.12,39.8694,12.08
0,0.06,-0.12,38.8134,12.08
0,0.0625,-0.12,38.789,12.096
0,0.065,-0.12,37.9284,12.08
0,0.0675,-0.12,38.374,12.08
0,0.07,-0.12,37.7453,12.096
0,0.0725,-0.12,37.2387,12.096
0,0.075,-0.12,36.549,12.096
0,0.0775,-0.12,34.8704,12.096
0,0.08,-0.12,34.5042,12.08
0,0.0825,-0.12,36.0607,12.096
0,0.085,-0.12,34.0831,12.112
0,0.0875,-0.12,33.6741,12.096
0,0.09,-0.12,32.551,12.112
0,0.0925,-0.12,32.49,12.112
0,0.095,-0.12,31.7637,12.112
0,0.0975,-0.12,30.9946,12.112
0,0.1,-0.12,31.6477,12.16
0,0.1025,-0.12,30.2561,12.144
0,0.105,-0.12,28.5348,12.112
0,0.1075,-0.12,29.1757,12.144
0,0.11,-0.12,28.6508,12.144
0,0.1125,-0.12,27.1493,12.144
0,0.115,-0.12,26.6182,12.16
0,0.1175,-0.12,27.3751,12.16
0,0.12,-0.12,25.9529,12.16
0,0.1225,-0.12,25.6844,12.16
0,0.125,-0.12,24.7017,12.192
0,0.1275,-0.12,23.9021,12.192
0,0.13,-0.12,24.0486,12.192
0,0.1325,-0.12,23.2612,12.176
0,0.135,-0.12,22.5532,12.16
0,0.1375,-0.12,22.5532,12.192
0,0.14,-0.12,21.1371,12.192
0,0.1425,-0.12,21.8879,12.224
0,0.145,-0.12,19.7943,12.224
0,0.1475,-0.12,19.129,12.208
0,0.15,-0.12,19.3548,12.208
0,0.1525,-0.12,19.5196,12.208
0,0.155,-0.12,18.8543,12.192
0,0.1575,-0.12,18.0181,12.24
0,0.16,-0.12,18.244,12.256
0,0.1625,-0.12,17.1087,12.256
0,0.165,-0.12,17.9998,12.24
0,0.1675,-0.12,16.4678,12.224
0,0.17,-0.12,16.8096,12.24
0,0.1725,-0.12,15.9673,12.224
0,0.175,-0.12,15.6743,12.272
0,0.1775,-0.12,16.1504,12.288
0,0.18,-0.12,16.01,12.272
0,0.1825,-0.12,15.0517,12.304
0,0.185,-0.12,15.1128,12.272
0,0.1875,-0.12,13.9164,12.304
0,0.19,-0.12,14.4475,12.288
0,0.1925,-0.12,12.9398,12.32
0,0.195,-0.12,13.4404,12.304
0,0.1975,-0.12,12.9032,12.336
0,0.2,-0.12,12.0182,12.304
0,-0.2,-0.1175,12.0914,12.112
0,-0.1975,-0.1175,11.3346,12.16
0,-0.195,-0.1175,12.2074,12.16
0,-0.1925,-0.1175,12.1586,12.16
0,-0.19,-0.1175,12.0365,12.144
0,-0.1875,-0.1175,13.1657,12.128
0,-0.185,-0.1175,13.2633,12.112
0,-0.1825,-0.1175,13.2572,12.112
0,-0.18,-0.1175,14.7038,12.144
0,-0.1775,-0.1175,14.6306,12.128
0,-0.175,-0.1175,14.9541,12.128
0,-0.1725,-0.1175,14.655,12.128
0,-0.17,-0.1175,16.2542,12.144
0,-0.1675,-0.1175,15.9368,12.128
0,-0.165,-0.1175,15.3081,12.128
0,-0.1625,-0.1175,16.1077,12.128
0,-0.16,-0.1175,16.5593,12.112
0,-0.1575,-0.1175,17.2308,12.096
0,-0.155,-0.1175,16.8157,12.128
0,-0.1525,-0.1175,18.2257,12.096
0,-0.15,-0.1175,18.6712,12.112
0,-0.1475,-0.1175,19.5746,12.096
0,-0.145,-0.1175,18.9581,12.08
0,-0.1425,-0.1175,19.2511,12.064
0,-0.14,-0.1175,20.539,12.08
0,-0.1375,-0.1175,19.9408,12.08
0,-0.135,-0.1175,21.2287,12.064
0,-0.1325,-0.1175,22.5105,12.08
0,-0.13,-0.1175,22.8462,12.096
0,-0.1275,-0.1175,22.7241,12.064
0,-0.125,-0.1175,22.9682,12.064
0,-0.1225,-0.1175,24.3965,12.064
0,-0.12,-0.1175,25.6172,12.064
0,-0.1175,-0.1175,25.7027,12.064
0,-0.115,-0.1175,25.9346,12.048
0,-0.1125,-0.1175,26.4595,12.064
0,-0.11,-0.1175,28.0953,12.048
0,-0.1075,-0.1175,27.0882,12.048
0,-0.105,-0.1175,28.9926,12.048
0,-0.1025,-0.1175,28.3883,12.064
0,-0.1,-0.1175,29.8105,12.048
0,-0.0975,-0.1175,29.487,12.032
0,-0.095,-0.1175,31.0495,12.064
0,-0.0925,-0.1175,31.6355,12.048
0,-0.09,-0.1175,30.8847,12.032
0,-0.0875,-0.1175,32.5266,12.064
0,-0.085,-0.1175,34.0464,12.048
0,-0.0825,-0.1175,33.6985,12.064
0,-0.08,-0.1175,34.8216,12.048
0,-0.0775,-0.1175,35.4015,12.048
0,-0.075,-0.1175,36.7809,12.048
0,-0.0725,-0.1175,36.0179,12.032
0,-0.07,-0.1175,37.4035,12.048
0,-0.0675,-0.1175,38.6914,12.048
0,-0.065,-0.1175,38.8134,12.064
0,-0.0625,-0.1175,38.081,12.032
0,-0.06,-0.1175,39.3262,12.032
0,-0.0575,-0.1175,40.3882,12.048
0,-0.055,-0.1175,42.2498,12.032
0,-0.0525,-0.1175,42.2742,12.048
0,-0.05,-0.1175,41.7188,12.032
0,-0.0475,-0.1175,42.4024,12.032
0,-0.045,-0.1175,43.4156,12.032
0,-0.0425,-0.1175,44.1664,12.032
0,-0.04,-0.1175,44.6425,12.048
0,-0.0375,-0.1175,44.1298,12.032
0,-0.035,-0.1175,45.1369,12.048
0,-0.0325,-0.1175,45.79,12.048
0,-0.03,-0.1175,46.2539,12.048
0,-0.0275,-0.1175,45.2712,12.048
0,-0.025,-0.1175,46.2966,12.032
0,-0.0225,-0.1175,45.8876,12.032
0,-0.02,-0.1175,47.4319,12.016
0,-0.0175,-0.1175,47.4136,12.032
0,-0.015,-0.1175,47.2365,12.032
0,-0.0125,-0.1175,47.8469,12.048
0,-0.01,-0.1175,47.0412,12.048
0,-0.0075,-0.1175,47.3037,12.032
0,-0.005,-0.1175,48.7075,12.032
0,-0.0025,-0.1175,47.7004,12.032
0,0,-0.1175,48.5916,12.048
0,0.0025,-0.1175,48.1399,12.048
0,0.005,-0.1175,47.6516,12.048
0,0.0075,-0.1175,46.4858,12.048
0,0.01,-0.1175,48.6282,12.064
0,0.0125,-0.1175,47.1145,12.048
0,0.015,-0.1175,46.3576,12.064
0,0.0175,-0.1175,48.0117,12.08
0,0.02,-0.1175,48.2986,12.08
0,0.0225,-0.1175,46.4675,12.08
0,0.025,-0.1175,47.3708,12.064
0,0.0275,-0.1175,46.0219,12.08
0,0.03,-0.1175,45.9426,12.08
0,0.0325,-0.1175,44.9721,12.08
0,0.035,-0.1175,44.734,12.08
0,0.0375,-0.1175,44.1053,12.064
0,0.04,-0.1175,44.0748,12.064
0,0.0425,-0.1175,43.202,12.064
0,0.045,-0.1175,43.3607,12.08
0,0.0475,-0.1175,42.4696,12.064
0,0.05,-0.1175,43.1532,12.08
0,0.0525,-0.1175,42.6893,12.08
0,0.055,-0.1175,41.7249,12.064
0,0.0575,-0.1175,40.9619,12.08
0,0.06,-0.1175,41.0596,12.08
0,0.0625,-0.1175,39.6008,12.08
0,0.065,-0.1175,38.8134,12.096
0,0.0675,-0.1175,38.5266,12.096
0,0.07,-0.1175,37.5317,12.096
0,0.0725,-0.1175,37.141,12.096
0,0.075,-0.1175,36.3903,12.096
0,0.0775,-0.1175,37.3119,12.096
0,0.08,-0.1175,37.7758,12.128
0,0.0825,-0.1175,35.4198,12.112
0,0.085,-0.1175,34.5897,12.096
0,0.0875,-0.1175,34.1319,12.112
0,0.09,-0.1175,33.021,12.112
0,0.0925,-0.1175,32.9905,12.112
0,0.095,-0.1175,31.8979,12.096
0,0.0975,-0.1175,32.4839,12.128
0,0.1,-0.1175,31.1899,12.112
0,0.1025,-0.1175,30.5612,12.128
0,0.105,-0.1175,29.5419,12.144
0,0.1075,-0.1175,29.902,12.16
0,0.11,-0.1175,28.37,12.144
0,0.1125,-0.1175,27.7535,12.16
0,0.115,-0.1175,27.5094,12.144
0,0.1175,-0.1175,27.8939,12.144
0,0.12,-0.1175,26.4718,12.176
0,0.1225,-0.1175,26.9112,12.176
0,0.125,-0.1175,25.3609,12.16
0,0.1275,-0.1175,25.3304,12.176
0,0.13,-0.1175,23.6763,12.224
0,0.1325,-0.1175,23.4504,12.208
0,0.135,-0.1175,23.6152,12.176
0,0.1375,-0.1175,23.0354,12.208
0,0.14,-0.1175,22.2541,12.192
0,0.1425,-0.1175,21.6681,12.192
0,0.145,-0.1175,20.9174,12.224
0,0.1475,-0.1175,20.9052,12.24
0,0.15,-0.1175,19.8004,12.224
0,0.1525,-0.1175,20.4962,12.208
0,0.155,-0.1175,19.4098,12.24
0,0.1575,-0.1175,18.7872,12.24
0,0.16,-0.1175,17.7129,12.24
0,0.1625,-0.1175,18.1219,12.224
0,0.165,-0.1175,17.9998,12.224
0,0.1675,-0.1175,16.419,12.256
0,0.17,-0.1175,15.9856,12.272
0,0.1725,-0.1175,16.6936,12.24
0,0.175,-0.1175,16.5349,12.272
0,0.1775,-0.1175,15.2104,12.288
0,0.18,-0.1175,15.418,12.272
0,0.1825,-0.1175,14.6977,12.272
0,0.185,-0.1175,14.3559,12.272
0,0.1875,-0.1175,14.4353,12.288
0,0.19,-0.1175,13.5868,12.32
0,0.1925,-0.1175,12.5431,12.288
0,0.195,-0.1175,13.4892,12.32
0,0.1975,-0.1175,12.9643,12.336
0,0.2,-0.1175,12.7079,12.32
0,-0.2,-0.115,11.6337,12.144
0,-0.1975,-0.115,12.1158,12.128
0,-0.195,-0.115,12.0182,12.144
0,-0.1925,-0.115,13.5014,12.144
0,-0.19,-0.115,12.653,12.144
0,-0.1875,-0.115,13.2572,12.128
0,-0.185,-0.115,14.1667,12.16
0,-0.1825,-0.115,13.0741,12.128
0,-0.18,-0.115,14.7099,12.128
0,-0.1775,-0.115,14.9968,12.16
0,-0.175,-0.115,15.4607,12.144
0,-0.1725,-0.115,15.9001,12.112
0,-0.17,-0.115,15.6926,12.144
0,-0.1675,-0.115,16.1992,12.096
0,-0.165,-0.115,16.5166,12.128
0,-0.1625,-0.115,17.4322,12.144
0,-0.16,-0.115,17.5237,12.128
0,-0.1575,-0.115,18.067,12.096
0,-0.155,-0.115,17.8106,12.096
0,-0.1525,-0.115,18.5553,12.112
0,-0.15,-0.115,17.9815,12.096
0,-0.1475,-0.115,19.4769,12.112
0,-0.145,-0.115,19.6966,12.064
0,-0.1425,-0.115,20.3192,12.064
0,-0.14,-0.115,21.8574,12.064
0,-0.1375,-0.115,22.1503,12.064
0,-0.135,-0.115,22.1198,12.064
0,-0.1325,-0.115,22.4921,12.096
0,-0.13,-0.115,23.6213,12.08
0,-0.1275,-0.115,23.072,12.048
0,-0.125,-0.115,23.8227,12.032
0,-0.1225,-0.115,24.4209,12.08
0,-0.12,-0.115,25.9346,12.048
0,-0.1175,-0.115,26.0994,12.064
0,-0.115,-0.115,26.3497,12.064
0,-0.1125,-0.115,26.722,12.064
0,-0.11,-0.115,28.1503,12.048
0,-0.1075,-0.115,27.4911,12.048
0,-0.105,-0.115,28.9804,12.048
0,-0.1025,-0.115,29.957,12.064
0,-0.1,-0.115,30.3232,12.048
0,-0.0975,-0.115,29.5602,12.048
0,-0.095,-0.115,31.0617,12.048
0,-0.0925,-0.115,33.0943,12.048
0,-0.09,-0.115,32.6609,12.048
0,-0.0875,-0.115,33.0576,12.032
0,-0.085,-0.115,34.4981,12.032
0,-0.0825,-0.115,35.9935,12.048
0,-0.08,-0.115,35.7982,12.048
0,-0.0775,-0.115,37.3547,12.048
0,-0.075,-0.115,37.7636,12.048
0,-0.0725,-0.115,39.7229,12.048
0,-0.07,-0.115,38.5388,12.048
0,-0.0675,-0.115,39.4055,12.032
0,-0.065,-0.115,40.4736,12.048
0,-0.0625,-0.115,39.906,12.032
0,-0.06,-0.115,40.5652,12.048
0,-0.0575,-0.115,40.8765,12.032
0,-0.055,-0.115,42.0606,12.032
0,-0.0525,-0.115,42.787,12.064
0,-0.05,-0.115,43.5743,12.048
0,-0.0475,-0.115,43.5743,12.048
0,-0.045,-0.115,43.5072,12.032
0,-0.0425,-0.115,44.4838,12.032
0,-0.04,-0.115,46.3942,12.048
0,-0.0375,-0.115,45.32,12.032
0,-0.035,-0.115,47.4868,12.064
0,-0.0325,-0.115,47.383,12.048
0,-0.03,-0.115,46.2966,12.032
0,-0.0275,-0.115,46.144,12.048
0,-0.025,-0.115,48.7503,12.032
0,-0.0225,-0.115,48.0178,12.016
0,-0.02,-0.115,48.6221,12.032
0,-0.0175,-0.115,49.5499,12.048
0,-0.015,-0.115,48.207,12.032
0,-0.0125,-0.115,49.2447,12.032
0,-0.01,-0.115,49.0249,12.032
0,-0.0075,-0.115,49.8611,12.048
0,-0.005,-0.115,50.3555,12.048
0,-0.0025,-0.115,49.0982,12.048
0,0,-0.115,49.5071,12.048
0,0.0025,-0.115,49.44,12.048
0,0.005,-0.115,49.5926,12.064
0,0.0075,-0.115,49.6475,12.048
0,0.01,-0.115,48.0789,12.064
0,0.0125,-0.115,49.2203,12.064
0,0.015,-0.115,48.5916,12.064
0,0.0175,-0.115,48.6404,12.048
0,0.02,-0.115,47.908,12.048
0,0.0225,-0.115,47.5112,12.08
0,0.025,-0.115,48.3596,12.064
0,0.0275,-0.115,47.5295,12.064
0,0.03,-0.115,47.3037,12.064
0,0.0325,-0.115,46.7788,12.08
0,0.035,-0.115,46.3576,12.048
0,0.0375,-0.115,46.4187,12.064
0,0.04,-0.115,44.5692,12.064
0,0.0425,-0.115,43.9283,12.064
0,0.045,-0.115,44.4044,12.08
0,0.0475,-0.115,43.8673,12.08
0,0.05,-0.115,44.5936,12.08
0,0.0525,-0.115,42.7015,12.08
0,0.055,-0.115,41.792,12.08
0,0.0575,-0.115,42.14,12.08
0,0.06,-0.115,41.6395,12.08
0,0.0625,-0.115,41.2,12.096
0,0.065,-0.115,39.8083,12.064
0,0.0675,-0.115,40.1379,12.08
0,0.07,-0.115,40.1257,12.08
0,0.0725,-0.115,38.7951,12.096
0,0.075,-0.115,37.9101,12.08
0,0.0775,-0.115,38.4289,12.096
0,0.08,-0.115,37.0434,12.096
0,0.0825,-0.115,36.3659,12.096
0,0.085,-0.115,35.255,12.112
0,0.0875,-0.115,36.5246,12.096
0,0.09,-0.115,34.3394,12.096
0,0.0925,-0.115,34.7423,12.128
0,0.095,-0.115,32.5205,12.112
0,0.0975,-0.115,32.8257,12.112
0,0.1,-0.115,32.5632,12.112
0,0.1025,-0.115,32.0078,12.128
0,0.105,-0.115,30.5124,12.128
0,0.1075,-0.115,30.7138,12.144
0,0.11,-0.115,29.0841,12.144
0,0.1125,-0.115,30.1889,12.128
0,0.115,-0.115,28.6386,12.16
0,0.1175,-0.115,28.077,12.144
0,0.12,-0.115,27.3141,12.176
0,0.1225,-0.115,26.0567,12.176
0,0.125,-0.115,25.4769,12.176
0,0.1275,-0.115,25.959,12.16
0,0.13,-0.115,25.0984,12.16
0,0.1325,-0.115,24.7688,12.144
0,0.135,-0.115,23.5115,12.192
0,0.1375,-0.115,23.2856,12.208
0,0.14,-0.115,22.5043,12.176
0,0.1425,-0.115,21.8329,12.176
0,0.145,-0.115,22.1076,12.176
0,0.1475,-0.115,22.1198,12.208
0,0.15,-0.115,20.9967,12.208
0,0.1525,-0.115,19.7699,12.24
0,0.155,-0.115,19.8614,12.208
0,0.1575,-0.115,18.775,12.24
0,0.16,-0.115,19.1412,12.224
0,0.1625,-0.115,18.1951,12.208
0,0.165,-0.115,18.2989,12.256
0,0.1675,-0.115,17.2979,12.224
0,0.17,-0.115,17.0232,12.256
0,0.1725,-0.115,17.0293,12.24
0,0.175,-0.115,16.0955,12.272
0,0.1775,-0.115,15.4485,12.288
0,0.18,-0.115,15.0639,12.288
0,0.1825,-0.115,14.7954,12.272
0,0.185,-0.115,15.3386,12.272
0,0.1875,-0.115,14.594,12.272
0,0.19,-0.115,14.2094,12.272
0,0.1925,-0.115,13.1535,12.288
0,0.195,-0.115,13.6967,12.304
0,0.1975,-0.115,12.0914,12.32
0,0.2,-0.115,12.5736,12.32
0,-0.2,-0.1125,11.5665,12.144
0,-0.1975,-0.1125,11.9694,12.128
0,-0.195,-0.1125,11.9144,12.16
0,-0.1925,-0.1125,12.0548,12.16
0,-0.19,-0.1125,12.9276,12.128
0,-0.1875,-0.1125,13.5075,12.144
0,-0.185,-0.1125,14.3071,12.16
0,-0.1825,-0.1125,13.9103,12.144
0,-0.18,-0.1125,14.7771,12.112
0,-0.1775,-0.1125,14.5695,12.144
0,-0.175,-0.1125,14.5268,12.128
0,-0.1725,-0.1125,15.7842,12.096
0,-0.17,-0.1125,15.8025,12.128
0,-0.1675,-0.1125,16.419,12.128
0,-0.165,-0.1125,16.4922,12.128
0,-0.1625,-0.1125,17.4566,12.144
0,-0.16,-0.1125,17.6092,12.112
0,-0.1575,-0.1125,17.9266,12.096
0,-0.155,-0.1125,19.6295,12.096
0,-0.1525,-0.1125,19.306,12.128
0,-0.15,-0.1125,19.8004,12.08
0,-0.1475,-0.1125,18.9642,12.128
0,-0.145,-0.1125,20.3864,12.096
0,-0.1425,-0.1125,20.1056,12.08
0,-0.14,-0.1125,21.2897,12.08
0,-0.1375,-0.1125,21.5888,12.08
0,-0.135,-0.1125,23.1452,12.08
0,-0.1325,-0.1125,22.9194,12.096
0,-0.13,-0.1125,23.4504,12.064
0,-0.1275,-0.1125,25.0801,12.048
0,-0.125,-0.1125,24.9641,12.032
0,-0.1225,-0.1125,24.8909,12.048
0,-0.12,-0.1125,26.7159,12.064
0,-0.1175,-0.1125,26.5755,12.032
0,-0.115,-0.1125,27.2713,12.032
0,-0.1125,-0.1125,27.5155,12.064
0,-0.11,-0.1125,28.0404,12.032
0,-0.1075,-0.1125,28.7729,12.032
0,-0.105,-0.1125,30.4575,12.032
0,-0.1025,-0.1125,30.4697,12.032
0,-0.1,-0.1125,30.781,12.032
0,-0.0975,-0.1125,31.6416,12.032
0,-0.095,-0.1125,32.0444,12.032
0,-0.0925,-0.1125,32.8318,12.016
0,-0.09,-0.1125,33.723,12.048
0,-0.0875,-0.1125,34.5103,12.032
0,-0.085,-0.1125,35.5846,12.032
0,-0.0825,-0.1125,35.9447,12.048
0,-0.08,-0.1125,37.55,12.032
0,-0.0775,-0.1125,36.2072,12
0,-0.075,-0.1125,37.6659,12.048
0,-0.0725,-0.1125,39.4055,12.048
0,-0.07,-0.1125,39.2285,12.016
0,-0.0675,-0.1125,40.315,12.064
0,-0.065,-0.1125,40.5957,12.048
0,-0.0625,-0.1125,41.7737,12.048
0,-0.06,-0.1125,41.8775,12.048
0,-0.0575,-0.1125,42.7747,12.016
0,-0.055,-0.1125,43.3485,12.032
0,-0.0525,-0.1125,43.4828,12.032
0,-0.05,-0.1125,45.5336,12.032
0,-0.0475,-0.1125,45.5214,12.048
0,-0.045,-0.1125,46.0891,12.048
0,-0.0425,-0.1125,46.9497,12.048
0,-0.04,-0.1125,46.8642,12.016
0,-0.0375,-0.1125,48.1216,12.048
0,-0.035,-0.1125,47.2793,12.032
0,-0.0325,-0.1125,48.0667,12.016
0,-0.03,-0.1125,50.0198,12.048
0,-0.0275,-0.1125,49.8062,12.032
0,-0.025,-0.1125,49.0921,12.048
0,-0.0225,-0.1125,49.2691,12.016
0,-0.02,-0.1125,50.1602,12.032
0,-0.0175,-0.1125,49.8795,12.032
0,-0.015,-0.1125,50.4715,12.032
0,-0.0125,-0.1125,52.852,12.048
0,-0.01,-0.1125,51.6129,12.048
0,-0.0075,-0.1125,51.1979,12.032
0,-0.005,-0.1125,50.9415,12.032
0,-0.0025,-0.1125,50.7401,12.032
0,0,-0.1125,50.9354,12.048
0,0.0025,-0.1125,50.5509,12.064
0,0.005,-0.1125,51.0086,12.048
0,0.0075,-0.1125,50.3189,12.048
0,0.01,-0.1125,50.2152,12.064
0,0.0125,-0.1125,50.4288,12.048
0,0.015,-0.1125,49.3423,12.064
0,0.0175,-0.1125,50.0809,12.064
0,0.02,-0.1125,49.6841,12.064
0,0.0225,-0.1125,49.5804,12.064
0,0.025,-0.1125,49.6048,12.048
0,0.0275,-0.1125,48.7991,12.064
0,0.03,-0.1125,48.0056,12.064
0,0.0325,-0.1125,47.9995,12.064
0,0.035,-0.1125,48.1277,12.064
0,0.0375,-0.1125,47.2182,12.08
0,0.04,-0.1125,46.4248,12.08
0,0.0425,-0.1125,45.5153,12.08
0,0.045,-0.1125,45.5824,12.064
0,0.0475,-0.1125,45.0453,12.064
0,0.05,-0.1125,44.557,12.08
0,0.0525,-0.1125,44.3251,12.064
0,0.055,-0.1125,43.6232,12.096
0,0.0575,-0.1125,42.3414,12.08
0,0.06,-0.1125,42.7503,12.08
0,0.0625,-0.1125,42.14,12.08
0,0.065,-0.1125,40.8216,12.08
0,0.0675,-0.1125,41.2122,12.096
0,0.07,-0.1125,41.4075,12.064
0,0.0725,-0.1125,40.1196,12.096
0,0.075,-0.1125,38.3129,12.08
0,0.0775,-0.1125,38.9538,12.112
0,0.08,-0.1125,37.4279,12.096
0,0.0825,-0.1125,38.0993,12.08
0,0.085,-0.1125,36.3781,12.112
0,0.0875,-0.1125,36.024,12.096
0,0.09,-0.1125,35.6578,12.096
0,0.0925,-0.1125,35.2306,12.096
0,0.095,-0.1125,34.3211,12.096
0,0.0975,-0.1125,33.4483,12.112
0,0.1,-0.1125,33.2041,12.112
0,0.1025,-0.1125,33.2408,12.128
0,0.105,-0.1125,32.2214,12.128
0,0.1075,-0.1125,30.8481,12.144
0,0.11,-0.1125,29.6457,12.128
0,0.1125,-0.1125,29.9509,12.144
0,0.115,-0.1125,28.6142,12.128
0,0.1175,-0.1125,28.779,12.16
0,0.12,-0.1125,27.5826,12.16
0,0.1225,-0.1125,27.1371,12.144
0,0.125,-0.1125,25.5379,12.16
0,0.1275,-0.1125,25.8797,12.176
0,0.13,-0.1125,24.5735,12.192
0,0.1325,-0.1125,24.3843,12.176
0,0.135,-0.1125,24.7383,12.192
0,0.1375,-0.1125,23.2673,12.176
0,0.14,-0.1125,23.011,12.192
0,0.1425,-0.1125,23.0232,12.192
0,0.145,-0.1125,22.3579,12.224
0,0.1475,-0.1125,21.1493,12.192
0,0.15,-0.1125,21.1615,12.224
0,0.1525,-0.1125,20.1544,12.24
0,0.155,-0.1125,19.8431,12.224
0,0.1575,-0.1125,19.6417,12.24
0,0.16,-0.1125,18.5858,12.24
0,0.1625,-0.1125,18.2501,12.24
0,0.165,-0.1125,18.5675,12.24
0,0.1675,-0.1125,18.3844,12.24
0,0.17,-0.1125,17.3589,12.224
0,0.1725,-0.1125,17.0843,12.272
0,0.175,-0.1125,16.5654,12.256
0,0.1775,-0.1125,16.2297,12.272
0,0.18,-0.1125,16.2847,12.256
0,0.1825,-0.1125,16.4556,12.256
0,0.185,-0.1125,15.6499,12.288
0,0.1875,-0.1125,14.9236,12.256
0,0.19,-0.1125,13.5685,12.304
0,0.1925,-0.1125,14.0812,12.32
0,0.195,-0.1125,13.9592,12.288
0,0.1975,-0.1125,13.0924,12.32
0,0.2,-0.1125,12.8971,12.304
0,-0.2,-0.11,11.8046,12.144
0,-0.1975,-0.11,12.2562,12.16
0,-0.195,-0.11,11.9633,12.128
0,-0.1925,-0.11,12.9276,12.144
0,-0.19,-0.11,13.5319,12.128
0,-0.1875,-0.11,14.2216,12.112
0,-0.185,-0.11,13.6662,12.128
0,-0.1825,-0.11,14.9297,12.16
0,-0.18,-0.11,14.7954,12.128
0,-0.1775,-0.11,15.4546,12.112
0,-0.175,-0.11,16.6387,12.096
0,-0.1725,-0.11,15.7903,12.112
0,-0.17,-0.11,15.5644,12.096
0,-0.1675,-0.11,16.4739,12.112
0,-0.165,-0.11,17.0415,12.096
0,-0.1625,-0.11,18.0609,12.112
0,-0.16,-0.11,18.189,12.096
0,-0.1575,-0.11,16.9073,12.096
0,-0.155,-0.11,19.4586,12.096
0,-0.1525,-0.11,19.9652,12.096
0,-0.15,-0.11,20.0507,12.064
0,-0.1475,-0.11,20.7587,12.08
0,-0.145,-0.11,21.1127,12.08
0,-0.1425,-0.11,21.5583,12.064
0,-0.14,-0.11,21.6437,12.048
0,-0.1375,-0.11,22.9072,12.064
0,-0.135,-0.11,23.188,12.064
0,-0.1325,-0.11,22.3457,12.08
0,-0.13,-0.11,24.7688,12.064
0,-0.1275,-0.11,24.781,12.08
0,-0.125,-0.11,25.5379,12.048
0,-0.1225,-0.11,27.308,12.032
0,-0.12,-0.11,27.607,12.048
0,-0.1175,-0.11,26.4229,12.032
0,-0.115,-0.11,27.6315,12.032
0,-0.1125,-0.11,27.5399,12.048
0,-0.11,-0.11,30.195,12.016
0,-0.1075,-0.11,29.664,12.048
0,-0.105,-0.11,30.5124,12.016
0,-0.1025,-0.11,30.958,12.032
0,-0.1,-0.11,32.4229,12.032
0,-0.0975,-0.11,32.5877,12.032
0,-0.095,-0.11,33.2469,12.032
0,-0.0925,-0.11,34.6995,12.032
0,-0.09,-0.11,35.5052,12.032
0,-0.0875,-0.11,35.4503,12.016
0,-0.085,-0.11,36.8603,12.032
0,-0.0825,-0.11,37.6659,12.032
0,-0.08,-0.11,37.8918,12.032
0,-0.0775,-0.11,37.6476,12.016
0,-0.075,-0.11,41.0779,12.032
0,-0.0725,-0.11,40.6507,12.032
0,-0.07,-0.11,40.9314,12.048
0,-0.0675,-0.11,41.8287,12.032
0,-0.065,-0.11,41.4808,12.032
0,-0.0625,-0.11,41.4686,12.032
0,-0.06,-0.11,44.7401,12.032
0,-0.0575,-0.11,44.2824,12.048
0,-0.055,-0.11,44.2824,12.048
0,-0.0525,-0.11,44.9538,12.016
0,-0.05,-0.11,45.8083,12.032
0,-0.0475,-0.11,46.791,12.048
0,-0.045,-0.11,47.2488,12.048
0,-0.0425,-0.11,47.8774,12.048
0,-0.04,-0.11,49.4766,12.032
0,-0.0375,-0.11,48.1399,12.016
0,-0.035,-0.11,49.3362,12.016
0,-0.0325,-0.11,50.0076,12.032
0,-0.03,-0.11,49.4339,12.016
0,-0.0275,-0.11,51.1246,12.048
0,-0.025,-0.11,50.9476,12.016
0,-0.0225,-0.11,51.1368,12.032
0,-0.02,-0.11,52.559,12.032
0,-0.0175,-0.11,51.3077,12.032
0,-0.015,-0.11,52.3209,12.032
0,-0.0125,-0.11,51.7777,12.016
0,-0.01,-0.11,52.7299,12.016
0,-0.0075,-0.11,52.8275,12.016
0,-0.005,-0.11,53.4196,12.032
0,-0.0025,-0.11,53.383,12.016
0,0,-0.11,54.6403,12.048
0,0.0025,-0.11,52.4979,12.032
0,0.005,-0.11,51.8509,12.032
0,0.0075,-0.11,51.8265,12.048
0,0.01,-0.11,53.0045,12.048
0,0.0125,-0.11,52.0585,12.048
0,0.015,-0.11,51.68,12.048
0,0.0175,-0.11,52.3576,12.048
0,0.02,-0.11,51.5336,12.064
0,0.0225,-0.11,50.9049,12.064
0,0.025,-0.11,50.3494,12.048
0,0.0275,-0.11,50.7584,12.048
0,0.03,-0.11,49.1775,12.064
0,0.0325,-0.11,49.1653,12.064
0,0.035,-0.11,47.4624,12.048
0,0.0375,-0.11,48.1033,12.08
0,0.04,-0.11,48.6831,12.08
0,0.0425,-0.11,47.6577,12.064
0,0.045,-0.11,46.6994,12.048
0,0.0475,-0.11,46.2111,12.064
0,0.05,-0.11,46.7299,12.064
0,0.0525,-0.11,45.2223,12.08
0,0.055,-0.11,44.6791,12.08
0,0.0575,-0.11,45.1491,12.064
0,0.06,-0.11,43.5682,12.064
0,0.0625,-0.11,42.1216,12.08
0,0.065,-0.11,42.616,12.08
0,0.0675,-0.11,42.0972,12.064
0,0.07,-0.11,42.085,12.08
0,0.0725,-0.11,40.1807,12.064
0,0.075,-0.11,39.8572,12.08
0,0.0775,-0.11,39.3872,12.08
0,0.08,-0.11,38.6547,12.096
0,0.0825,-0.11,38.9721,12.08
0,0.085,-0.11,37.9345,12.08
0,0.0875,-0.11,37.141,12.08
0,0.09,-0.11,36.1339,12.112
0,0.0925,-0.11,34.5286,12.112
0,0.095,-0.11,34.3638,12.096
0,0.0975,-0.11,34.8704,12.112
0,0.1,-0.11,32.4656,12.128
0,0.1025,-0.11,33.0882,12.112
0,0.105,-0.11,30.9824,12.112
0,0.1075,-0.11,31.6599,12.128
0,0.11,-0.11,30.5368,12.128
0,0.1125,-0.11,31.0373,12.144
0,0.115,-0.11,29.1818,12.128
0,0.1175,-0.11,28.7729,12.128
0,0.12,-0.11,28.7545,12.144
0,0.1225,-0.11,27.3507,12.16
0,0.125,-0.11,26.606,12.176
0,0.1275,-0.11,26.9295,12.16
0,0.13,-0.11,25.5318,12.16
0,0.1325,-0.11,25.6355,12.16
0,0.135,-0.11,25.4463,12.176
0,0.1375,-0.11,24.1768,12.176
0,0.14,-0.11,23.0598,12.208
0,0.1425,-0.11,21.9001,12.176
0,0.145,-0.11,21.9367,12.176
0,0.1475,-0.11,21.7414,12.192
0,0.15,-0.11,21.9916,12.208
0,0.1525,-0.11,21.1188,12.192
0,0.155,-0.11,19.3426,12.224
0,0.1575,-0.11,19.3487,12.192
0,0.16,-0.11,18.7567,12.224
0,0.1625,-0.11,19.3609,12.208
0,0.165,-0.11,18.1463,12.208
0,0.1675,-0.11,18.0242,12.224
0,0.17,-0.11,17.8838,12.24
0,0.1725,-0.11,16.9378,12.208
0,0.175,-0.11,16.5471,12.256
0,0.1775,-0.11,16.6997,12.272
0,0.18,-0.11,15.3142,12.288
0,0.1825,-0.11,15.3752,12.288
0,0.185,-0.11,15.3081,12.288
0,0.1875,-0.11,15.6194,12.272
0,0.19,-0.11,14.362,12.256
0,0.1925,-0.11,13.7761,12.32
0,0.195,-0.11,13.4404,12.304
0,0.1975,-0.11,12.891,12.288
0,0.2,-0.11,12.775,12.32
0,-0.2,-0.1075,12.5675,12.128
0,-0.1975,-0.1075,12.4577,12.112
0,-0.195,-0.1075,13.4892,12.096
0,-0.1925,-0.1075,12.714,12.16
0,-0.19,-0.1075,12.7445,12.128
0,-0.1875,-0.1075,14.8137,12.112
0,-0.185,-0.1075,14.0568,12.144
0,-0.1825,-0.1075,15.4424,12.144
0,-0.18,-0.1075,14.5573,12.112
0,-0.1775,-0.1075,15.8452,12.112
0,-0.175,-0.1075,15.3325,12.128
0,-0.1725,-0.1075,16.2664,12.096
0,-0.17,-0.1075,16.8523,12.112
0,-0.1675,-0.1075,16.7058,12.096
0,-0.165,-0.1075,17.9327,12.096
0,-0.1625,-0.1075,17.1758,12.08
0,-0.16,-0.1075,18.4637,12.08
0,-0.1575,-0.1075,19.0497,12.096
0,-0.155,-0.1075,19.9469,12.08
0,-0.1525,-0.1075,19.2267,12.048
0,-0.15,-0.1075,19.3304,12.08
0,-0.1475,-0.1075,19.5074,12.08
0,-0.145,-0.1075,21.8513,12.08
0,-0.1425,-0.1075,21.9428,12.08
0,-0.14,-0.1075,22.8034,12.064
0,-0.1375,-0.1075,23.0476,12.048
0,-0.135,-0.1075,23.6702,12.064
0,-0.1325,-0.1075,24.1401,12.048
0,-0.13,-0.1075,24.3294,12.048
0,-0.1275,-0.1075,25.9102,12.064
0,-0.125,-0.1075,26.0384,12.048
0,-0.1225,-0.1075,26.661,12.048
0,-0.12,-0.1075,28.1259,12.032
0,-0.1175,-0.1075,27.662,12.064
0,-0.115,-0.1075,29.3771,12.032
0,-0.1125,-0.1075,29.9692,12.032
0,-0.11,-0.1075,30.2499,12.032
0,-0.1075,-0.1075,29.9387,12.032
0,-0.105,-0.1075,31.8796,12.032
0,-0.1025,-0.1075,32.1848,12.032
0,-0.1,-0.1075,32.5266,12.048
0,-0.0975,-0.1075,35.1756,12.032
0,-0.095,-0.1075,33.6985,12.032
0,-0.0925,-0.1075,35.1878,12.032
0,-0.09,-0.1075,36.3842,12.032
0,-0.0875,-0.1075,36.4086,12.016
0,-0.085,-0.1075,37.3302,12.032
0,-0.0825,-0.1075,39.2956,12.032
0,-0.08,-0.1075,39.8328,12.032
0,-0.0775,-0.1075,39.2041,12.032
0,-0.075,-0.1075,41.5296,12.016
0,-0.0725,-0.1075,41.8958,12.016
0,-0.07,-0.1075,42.4879,12.048
0,-0.0675,-0.1075,42.1094,12.032
0,-0.065,-0.1075,44.0626,12.032
0,-0.0625,-0.1075,43.5072,12.048
0,-0.06,-0.1075,44.1603,12.032
0,-0.0575,-0.1075,44.9049,12.016
0,-0.055,-0.1075,46.7177,12.048
0,-0.0525,-0.1075,47.0168,12.032
0,-0.05,-0.1075,47.4746,12.016
0,-0.0475,-0.1075,47.8652,12.048
0,-0.045,-0.1075,49.0371,12.016
0,-0.0425,-0.1075,49.1592,12.032
0,-0.04,-0.1075,50.5692,12.032
0,-0.0375,-0.1075,51.0147,12.032
0,-0.035,-0.1075,52.2904,12.032
0,-0.0325,-0.1075,51.3932,12.016
0,-0.03,-0.1075,51.8632,12.032
0,-0.0275,-0.1075,52.1134,12.016
0,-0.025,-0.1075,52.4796,12.016
0,-0.0225,-0.1075,52.1683,12.016
0,-0.02,-0.1075,53.5722,12.032
0,-0.0175,-0.1075,54.3657,12.016
0,-0.015,-0.1075,53.4684,12.016
0,-0.0125,-0.1075,54.5549,12.032
0,-0.01,-0.1075,53.1755,12.016
0,-0.0075,-0.1075,53.4318,12.016
0,-0.005,-0.1075,53.4135,12.032
0,-0.0025,-0.1075,54.1215,12.032
0,0,-0.1075,54.4084,12.032
0,0.0025,-0.1075,54.5427,12.048
0,0.005,-0.1075,53.8835,12.032
0,0.0075,-0.1075,54.1948,12.032
0,0.01,-0.1075,53.4379,12.048
0,0.0125,-0.1075,53.6515,12.048
0,0.015,-0.1075,53.4684,12.048
0,0.0175,-0.1075,53.8041,12.048
0,0.02,-0.1075,52.7055,12.032
0,0.0225,-0.1075,52.9435,12.064
0,0.025,-0.1075,51.3077,12.064
0,0.0275,-0.1075,51.3016,12.048
0,0.03,-0.1075,52.2965,12.048
0,0.0325,-0.1075,51.0025,12.048
0,0.035,-0.1075,50.557,12.048
0,0.0375,-0.1075,49.1409,12.048
0,0.04,-0.1075,50.1846,12.08
0,0.0425,-0.1075,49.3179,12.064
0,0.045,-0.1075,48.3169,12.064
0,0.0475,-0.1075,47.499,12.08
0,0.05,-0.1075,48.4512,12.064
0,0.0525,-0.1075,47.4929,12.064
0,0.055,-0.1075,46.4675,12.064
0,0.0575,-0.1075,45.2162,12.064
0,0.06,-0.1075,45.5275,12.064
0,0.0625,-0.1075,44.5875,12.08
0,0.065,-0.1075,43.8795,12.08
0,0.0675,-0.1075,42.9395,12.064
0,0.07,-0.1075,41.4502,12.08
0,0.0725,-0.1075,41.7798,12.064
0,0.075,-0.1075,41.0352,12.08
0,0.0775,-0.1075,40.8643,12.096
0,0.08,-0.1075,39.7961,12.096
0,0.0825,-0.1075,39.8755,12.096
0,0.085,-0.1075,37.8918,12.064
0,0.0875,-0.1075,35.8226,12.096
0,0.09,-0.1075,36.3781,12.112
0,0.0925,-0.1075,36.3842,12.096
0,0.095,-0.1075,35.139,12.112
0,0.0975,-0.1075,34.6446,12.112
0,0.1,-0.1075,34.4981,12.096
0,0.1025,-0.1075,33.5887,12.096
0,0.105,-0.1075,33.4544,12.112
0,0.1075,-0.1075,32.7464,12.112
0,0.11,-0.1075,30.958,12.128
0,0.1125,-0.1075,30.8359,12.128
0,0.115,-0.1075,29.2306,12.144
0,0.1175,-0.1075,29.8654,12.144
0,0.12,-0.1075,28.0709,12.16
0,0.1225,-0.1075,28.0892,12.16
0,0.125,-0.1075,26.8502,12.144
0,0.1275,-0.1075,26.7586,12.16
0,0.13,-0.1075,26.3558,12.176
0,0.1325,-0.1075,25.4524,12.16
0,0.135,-0.1075,25.2083,12.144
0,0.1375,-0.1075,24.6773,12.16
0,0.14,-0.1075,23.6641,12.176
0,0.1425,-0.1075,23.2673,12.192
0,0.145,-0.1075,23.0842,12.176
0,0.1475,-0.1075,20.7831,12.224
0,0.15,-0.1075,21.4423,12.192
0,0.1525,-0.1075,21.6498,12.208
0,0.155,-0.1075,20.6915,12.224
0,0.1575,-0.1075,21.0944,12.192
0,0.16,-0.1075,20.9418,12.208
0,0.1625,-0.1075,19.1107,12.24
0,0.165,-0.1075,18.4942,12.208
0,0.1675,-0.1075,18.1646,12.224
0,0.17,-0.1075,18.6163,12.224
0,0.1725,-0.1075,17.4017,12.24
0,0.175,-0.1075,16.3579,12.256
0,0.1775,-0.1075,16.541,12.24
0,0.18,-0.1075,16.0588,12.272
0,0.1825,-0.1075,15.9551,12.288
0,0.185,-0.1075,16.2786,12.272
0,0.1875,-0.1075,14.2216,12.272
0,0.19,-0.1075,14.5878,12.304
0,0.1925,-0.1075,14.8808,12.288
0,0.195,-0.1075,13.5807,12.288
0,0.1975,-0.1075,13.422,12.304
0,0.2,-0.1075,12.9154,12.32
0,-0.2,-0.105,12.3844,12.096
0,-0.1975,-0.105,13.0375,12.128
0,-0.195,-0.105,12.9704,12.112
0,-0.1925,-0.105,13.3976,12.128
0,-0.19,-0.105,13.4159,12.096
0,-0.1875,-0.105,14.6611,12.112
0,-0.185,-0.105,14.1972,12.128
0,-0.1825,-0.105,14.7404,12.128
0,-0.18,-0.105,15.8086,12.08
0,-0.1775,-0.105,15.2898,12.096
0,-0.175,-0.105,16.657,12.08
0,-0.1725,-0.105,17.3345,12.096
0,-0.17,-0.105,16.9927,12.096
0,-0.1675,-0.105,17.9815,12.096
0,-0.165,-0.105,17.3345,12.112
0,-0.1625,-0.105,17.8106,12.096
0,-0.16,-0.105,18.5186,12.08
0,-0.1575,-0.105,19.19,12.064
0,-0.155,-0.105,19.7272,12.096
0,-0.1525,-0.105,19.9713,12.064
0,-0.15,-0.105,20.8136,12.08
0,-0.1475,-0.105,21.2653,12.064
0,-0.145,-0.105,21.9916,12.08
0,-0.1425,-0.105,20.7404,12.048
0,-0.14,-0.105,23.5725,12.048
0,-0.1375,-0.105,23.4565,12.064
0,-0.135,-0.105,23.9937,12.048
0,-0.1325,-0.105,24.7017,12.048
0,-0.13,-0.105,26.3436,12.032
0,-0.1275,-0.105,25.4158,12.064
0,-0.125,-0.105,26.4168,12.016
0,-0.1225,-0.105,26.3619,12.048
0,-0.12,-0.105,28.7545,12.032
0,-0.1175,-0.105,28.6081,12.032
0,-0.115,-0.105,28.6325,12.048
0,-0.1125,-0.105,29.3222,12.032
0,-0.11,-0.105,29.9081,12.032
0,-0.1075,-0.105,31.0923,12
0,-0.105,-0.105,32.0933,12.032
0,-0.1025,-0.105,32.3069,12.016
0,-0.1,-0.105,34.2418,12.016
0,-0.0975,-0.105,34.199,12.016
0,-0.095,-0.105,34.8888,12.016
0,-0.0925,-0.105,35.4991,12.016
0,-0.09,-0.105,37.1654,12.016
0,-0.0875,-0.105,36.3659,12.016
0,-0.085,-0.105,38.2214,12.032
0,-0.0825,-0.105,39.1369,12.032
0,-0.08,-0.105,40.8887,12.016
0,-0.0775,-0.105,40.4675,12.016
0,-0.075,-0.105,41.1817,12
0,-0.0725,-0.105,41.5906,12.016
0,-0.07,-0.105,42.8236,12.016
0,-0.0675,-0.105,43.0128,12.032
0,-0.065,-0.105,43.672,12.016
0,-0.0625,-0.105,45.8693,12.032
0,-0.06,-0.105,46.5285,12.032
0,-0.0575,-0.105,46.6872,12.016
0,-0.055,-0.105,47.0046,12.032
0,-0.0525,-0.105,48.7686,12.048
0,-0.05,-0.105,48.2009,12.032
0,-0.0475,-0.105,49.3179,12
0,-0.045,-0.105,51.0758,12.016
0,-0.0425,-0.105,51.973,12.032
0,-0.04,-0.105,51.6068,12.016
0,-0.0375,-0.105,52.9923,12.016
0,-0.035,-0.105,51.6068,12.016
0,-0.0325,-0.105,52.9252,12.016
0,-0.03,-0.105,53.4501,12.016
0,-0.0275,-0.105,53.7614,12.016
0,-0.025,-0.105,54.3657,12.016
0,-0.0225,-0.105,54.0239,12.016
0,-0.02,-0.105,55.208,12
0,-0.0175,-0.105,55.1592,12.016
0,-0.015,-0.105,56.1296,12.032
0,-0.0125,-0.105,55.4888,12.032
0,-0.01,-0.105,55.1225,12.016
0,-0.0075,-0.105,57.0757,12.016
0,-0.005,-0.105,56.6851,12.016
0,-0.0025,-0.105,55.7573,12.032
0,0,-0.105,56.093,12.016
0,0.0025,-0.105,55.9465,12.032
0,0.005,-0.105,56.5203,12.032
0,0.0075,-0.105,56.679,12.016
0,0.01,-0.105,55.1225,12.064
0,0.0125,-0.105,55.1714,12.032
0,0.015,-0.105,54.5854,12.048
0,0.0175,-0.105,54.8296,12.048
0,0.02,-0.105,55.2507,12.032
0,0.0225,-0.105,54.7685,12.048
0,0.025,-0.105,54.4572,12.048
0,0.0275,-0.105,52.4674,12.064
0,0.03,-0.105,52.8214,12.032
0,0.0325,-0.105,52.9801,12.048
0,0.035,-0.105,52.2233,12.048
0,0.0375,-0.105,51.3138,12.048
0,0.04,-0.105,49.4888,12.048
0,0.0425,-0.105,50.1541,12.064
0,0.045,-0.105,49.9954,12.064
0,0.0475,-0.105,48.6221,12.064
0,0.05,-0.105,48.4695,12.048
0,0.0525,-0.105,48.7197,12.064
0,0.055,-0.105,47.438,12.064
0,0.0575,-0.105,46.3698,12.048
0,0.06,-0.105,46.2783,12.08
0,0.0625,-0.105,44.9843,12.064
0,0.065,-0.105,44.7035,12.064
0,0.0675,-0.105,44.1359,12.08
0,0.07,-0.105,43.9589,12.064
0,0.0725,-0.105,43.7696,12.08
0,0.075,-0.105,42.4146,12.08
0,0.0775,-0.105,41.0596,12.08
0,0.08,-0.105,40.6629,12.064
0,0.0825,-0.105,40.144,12.08
0,0.085,-0.105,38.7829,12.08
0,0.0875,-0.105,39.4543,12.08
0,0.09,-0.105,38.0749,12.096
0,0.0925,-0.105,36.4452,12.08
0,0.095,-0.105,36.317,12.08
0,0.0975,-0.105,36.0424,12.08
0,0.1,-0.105,35.6639,12.08
0,0.1025,-0.105,33.6375,12.112
0,0.105,-0.105,33.8878,12.112
0,0.1075,-0.105,33.0882,12.112
0,0.11,-0.105,31.6599,12.112
0,0.1125,-0.105,31.6782,12.128
0,0.115,-0.105,31.196,12.112
0,0.1175,-0.105,31.0556,12.128
0,0.12,-0.105,29.9387,12.16
0,0.1225,-0.105,28.37,12.16
0,0.125,-0.105,27.5582,12.16
0,0.1275,-0.105,26.8136,12.176
0,0.13,-0.105,25.1045,12.16
0,0.1325,-0.105,26.2947,12.16
0,0.135,-0.105,25.4891,12.144
0,0.1375,-0.105,25.3304,12.16
0,0.14,-0.105,24.0913,12.16
0,0.1425,-0.105,23.2185,12.192
0,0.145,-0.105,23.1269,12.176
0,0.1475,-0.105,24.2805,12.176
0,0.15,-0.105,21.5033,12.176
0,0.1525,-0.105,21.2531,12.176
0,0.155,-0.105,21.07,12.208
0,0.1575,-0.105,19.9896,12.208
0,0.16,-0.105,19.9774,12.176
0,0.1625,-0.105,19.4891,12.224
0,0.165,-0.105,19.0374,12.24
0,0.1675,-0.105,19.2389,12.224
0,0.17,-0.105,17.6519,12.24
0,0.1725,-0.105,16.8279,12.256
0,0.175,-0.105,16.9256,12.224
0,0.1775,-0.105,17.2185,12.24
0,0.18,-0.105,16.0222,12.272
0,0.1825,-0.105,15.6804,12.24
0,0.185,-0.105,15.7476,12.24
0,0.1875,-0.105,16.2542,12.256
0,0.19,-0.105,14.3559,12.256
0,0.1925,-0.105,15.8696,12.288
0,0.195,-0.105,13.8371,12.288
0,0.1975,-0.105,13.9286,12.304
0,0.2,-0.105,13.8249,12.288
0,-0.2,-0.1025,12.8544,12.112
0,-0.1975,-0.1025,12.9826,12.096
0,-0.195,-0.1025,14.0751,12.096
0,-0.1925,-0.1025,13.123,12.096
0,-0.19,-0.1025,13.1108,12.096
0,-0.1875,-0.1025,13.5929,12.096
0,-0.185,-0.1025,16.2358,12.096
0,-0.1825,-0.1025,15.5461,12.128
0,-0.18,-0.1025,15.5583,12.112
0,-0.1775,-0.1025,15.2287,12.096
0,-0.175,-0.1025,15.9429,12.128
0,-0.1725,-0.1025,16.6936,12.096
0,-0.17,-0.1025,17.5176,12.096
0,-0.1675,-0.1025,17.1819,12.112
0,-0.165,-0.1025,17.6946,12.128
0,-0.1625,-0.1025,19.6173,12.096
0,-0.16,-0.1025,19.2694,12.096
0,-0.1575,-0.1025,19.2877,12.08
0,-0.155,-0.1025,20.3864,12.048
0,-0.1525,-0.1025,21.2653,12.064
0,-0.15,-0.1025,21.0089,12.048
0,-0.1475,-0.1025,21.3507,12.064
0,-0.145,-0.1025,21.4606,12.064
0,-0.1425,-0.1025,22.364,12.032
0,-0.14,-0.1025,22.9316,12.064
0,-0.1375,-0.1025,24.073,12.064
0,-0.135,-0.1025,25.5623,12.032
0,-0.1325,-0.1025,25.3914,12.064
0,-0.13,-0.1025,26.368,12.048
0,-0.1275,-0.1025,26.3619,12.032
0,-0.125,-0.1025,28.4127,12.048
0,-0.1225,-0.1025,27.8512,12.016
0,-0.12,-0.1025,28.2968,12.032
0,-0.1175,-0.1025,28.7301,12.016
0,-0.115,-0.1025,29.725,12.016
0,-0.1125,-0.1025,30.2988,12
0,-0.11,-0.1025,32.5449,12.016
0,-0.1075,-0.1025,32.3374,12.032
0,-0.105,-0.1025,32.8257,12.016
0,-0.1025,-0.1025,33.1004,12.016
0,-0.1,-0.1025,34.492,12.032
0,-0.0975,-0.1025,36.079,12.016
0,-0.095,-0.1025,35.5052,12
0,-0.0925,-0.1025,37.2265,12
0,-0.09,-0.1025,37.5072,12.016
0,-0.0875,-0.1025,37.8307,12.016
0,-0.085,-0.1025,39.6924,12.016
0,-0.0825,-0.1025,40.8216,12.016
0,-0.08,-0.1025,40.8521,12.016
0,-0.0775,-0.1025,42.1522,12
0,-0.075,-0.1025,42.3414,12
0,-0.0725,-0.1025,42.8053,12.016
0,-0.07,-0.1025,44.8683,12.016
0,-0.0675,-0.1025,44.5753,12.016
0,-0.065,-0.1025,46.0891,12.016
0,-0.0625,-0.1025,46.028,12.016
0,-0.06,-0.1025,46.8276,12.016
0,-0.0575,-0.1025,48.4329,12
0,-0.055,-0.1025,48.3352,12.016
0,-0.0525,-0.1025,50.0198,12.016
0,-0.05,-0.1025,50.0504,12.016
0,-0.0475,-0.1025,50.5448,12.016
0,-0.045,-0.1025,51.3993,12
0,-0.0425,-0.1025,53.2792,12
0,-0.04,-0.1025,52.9496,12
0,-0.0375,-0.1025,54.1704,12.016
0,-0.035,-0.1025,54.0178,12.016
0,-0.0325,-0.1025,53.8774,12.032
0,-0.03,-0.1025,55.6047,12.016
0,-0.0275,-0.1025,56.679,12
0,-0.025,-0.1025,56.4653,12.032
0,-0.0225,-0.1025,56.6607,12.016
0,-0.02,-0.1025,55.9221,12
0,-0.0175,-0.1025,55.7024,12
0,-0.015,-0.1025,58.9801,12
0,-0.0125,-0.1025,57.8265,12
0,-0.01,-0.1025,57.3565,12.032
0,-0.0075,-0.1025,58.4185,12.016
0,-0.005,-0.1025,56.9903,12.016
0,-0.0025,-0.1025,57.8814,12.016
0,0,-0.1025,57.7593,12.032
0,0.0025,-0.1025,58.0462,12.032
0,0.005,-0.1025,57.4114,12.032
0,0.0075,-0.1025,57.271,12.016
0,0.01,-0.1025,56.5813,12.016
0,0.0125,-0.1025,57.5457,12.016
0,0.015,-0.1025,56.8743,12.032
0,0.0175,-0.1025,56.4776,12.032
0,0.02,-0.1025,56.3066,12.048
0,0.0225,-0.1025,55.739,12.048
0,0.025,-0.1025,55.4094,12.048
0,0.0275,-0.1025,55.4277,12.048
0,0.03,-0.1025,54.4328,12.032
0,0.0325,-0.1025,55.3362,12.048
0,0.035,-0.1025,52.9435,12.032
0,0.0375,-0.1025,53.3891,12.048
0,0.04,-0.1025,52.2538,12.048
0,0.0425,-0.1025,51.9791,12.048
0,0.045,-0.1025,51.3016,12.048
0,0.0475,-0.1025,50.6302,12.064
0,0.05,-0.1025,49.678,12.064
0,0.0525,-0.1025,48.5366,12.048
0,0.055,-0.1025,48.5733,12.048
0,0.0575,-0.1025,47.853,12.064
0,0.06,-0.1025,48.0728,12.048
0,0.0625,-0.1025,46.2111,12.064
0,0.065,-0.1025,46.968,12.048
0,0.0675,-0.1025,45.3688,12.064
0,0.07,-0.1025,44.7951,12.064
0,0.0725,-0.1025,43.6903,12.064
0,0.075,-0.1025,43.4523,12.064
0,0.0775,-0.1025,43.1837,12.08
0,0.08,-0.1025,41.4686,12.08
0,0.0825,-0.1025,41.0535,12.064
0,0.085,-0.1025,40.1929,12.096
0,0.0875,-0.1025,39.5337,12.08
0,0.09,-0.1025,39.0271,12.096
0,0.0925,-0.1025,38.5449,12.08
0,0.095,-0.1025,37.4706,12.096
0,0.0975,-0.1025,37.2753,12.096
0,0.1,-0.1025,34.6019,12.096
0,0.1025,-0.1025,35.2489,12.08
0,0.105,-0.1025,34.022,12.096
0,0.1075,-0.1025,34.5103,12.112
0,0.11,-0.1025,32.4473,12.112
0,0.1125,-0.1025,32.0872,12.112
0,0.115,-0.1025,30.9702,12.144
0,0.1175,-0.1025,30.5429,12.096
0,0.12,-0.1025,29.4504,12.128
0,0.1225,-0.1025,30.2194,12.128
0,0.125,-0.1025,28.3334,12.144
0,0.1275,-0.1025,27.955,12.144
0,0.13,-0.1025,26.2215,12.16
0,0.1325,-0.1025,27.1737,12.144
0,0.135,-0.1025,25.0984,12.176
0,0.1375,-0.1025,25.4219,12.16
0,0.14,-0.1025,25.3365,12.192
0,0.1425,-0.1025,23.7373,12.176
0,0.145,-0.1025,22.895,12.176
0,0.1475,-0.1025,23.31,12.16
0,0.15,-0.1025,23.0598,12.176
0,0.1525,-0.1025,21.5888,12.176
0,0.155,-0.1025,20.5573,12.192
0,0.1575,-0.1025,21.1249,12.192
0,0.16,-0.1025,20.0201,12.208
0,0.1625,-0.1025,19.2877,12.208
0,0.165,-0.1025,19.9286,12.208
0,0.1675,-0.1025,18.7689,12.208
0,0.17,-0.1025,18.1036,12.24
0,0.1725,-0.1025,17.7557,12.224
0,0.175,-0.1025,17.1758,12.24
0,0.1775,-0.1025,16.5654,12.256
0,0.18,-0.1025,16.071,12.224
0,0.1825,-0.1025,15.6499,12.24
0,0.185,-0.1025,16.3457,12.256
0,0.1875,-0.1025,14.716,12.256
0,0.19,-0.1025,14.2582,12.288
0,0.1925,-0.1025,14.5451,12.288
0,0.195,-0.1025,14.185,12.272
0,0.1975,-0.1025,13.7333,12.24
0,0.2,-0.1025,13.4526,12.256
0,-0.2,-0.1,13.4037,12.048
0,-0.1975,-0.1,12.9337,12.096
0,-0.195,-0.1,13.3549,12.08
0,-0.1925,-0.1,14.185,12.112
0,-0.19,-0.1,14.3864,12.08
0,-0.1875,-0.1,14.7038,12.08
0,-0.185,-0.1,14.5146,12.096
0,-0.1825,-0.1,15.1067,12.112
0,-0.18,-0.1,15.7537,12.112
0,-0.1775,-0.1,15.9246,12.08
0,-0.175,-0.1,16.8584,12.096
0,-0.1725,-0.1,17.2613,12.08
0,-0.17,-0.1,17.3223,12.096
0,-0.1675,-0.1,19.0985,12.08
0,-0.165,-0.1,18.3844,12.064
0,-0.1625,-0.1,18.6163,12.096
0,-0.16,-0.1,20.0568,12.048
0,-0.1575,-0.1,19.2633,12.064
0,-0.155,-0.1,20.777,12.064
0,-0.1525,-0.1,20.6854,12.08
0,-0.15,-0.1,20.8563,12.048
0,-0.1475,-0.1,22.5837,12.032
0,-0.145,-0.1,22.5227,12.048
0,-0.1425,-0.1,23.5237,12.048
0,-0.14,-0.1,23.7434,12.048
0,-0.1375,-0.1,24.0608,12.064
0,-0.135,-0.1,25.8553,12.016
0,-0.1325,-0.1,25.6478,12.016
0,-0.13,-0.1,26.7525,12.032
0,-0.1275,-0.1,27.015,12.032
0,-0.125,-0.1,27.9611,12
0,-0.1225,-0.1,28.6447,12.016
0,-0.12,-0.1,30.2988,12.016
0,-0.1175,-0.1,30.4453,12.032
0,-0.115,-0.1,31.1167,12
0,-0.1125,-0.1,30.8664,12
0,-0.11,-0.1,32.3191,12.016
0,-0.1075,-0.1,32.899,12.016
0,-0.105,-0.1,33.5948,12
0,-0.1025,-0.1,34.0587,12.016
0,-0.1,-0.1,34.3211,12.016
0,-0.0975,-0.1,37.4096,12.016
0,-0.095,-0.1,35.7555,12
0,-0.0925,-0.1,38.1726,12.016
0,-0.09,-0.1,38.0627,12
0,-0.0875,-0.1,39.2346,12
0,-0.085,-0.1,40.8948,12.016
0,-0.0825,-0.1,41.1817,12.032
0,-0.08,-0.1,41.908,12.016
0,-0.0775,-0.1,43.3485,12
0,-0.075,-0.1,43.2997,12.016
0,-0.0725,-0.1,44.557,12
0,-0.07,-0.1,46.4736,12.016
0,-0.0675,-0.1,47.2976,12.016
0,-0.065,-0.1,46.6506,12.016
0,-0.0625,-0.1,47.2732,12
0,-0.06,-0.1,47.908,12.016
0,-0.0575,-0.1,49.9954,12.016
0,-0.055,-0.1,50.4166,12.016
0,-0.0525,-0.1,50.9049,12.016
0,-0.05,-0.1,51.3443,12
0,-0.0475,-0.1,52.2294,12
0,-0.045,-0.1,53.4257,12.016
0,-0.0425,-0.1,53.9872,12.016
0,-0.04,-0.1,55.0188,12
0,-0.0375,-0.1,54.4023,12
0,-0.035,-0.1,55.1164,12
0,-0.0325,-0.1,56.209,12
0,-0.03,-0.1,57.0635,12
0,-0.0275,-0.1,57.0513,12
0,-0.025,-0.1,57.2649,12
0,-0.0225,-0.1,57.741,11.984
0,-0.02,-0.1,58.2354,12.016
0,-0.0175,-0.1,58.2659,12.016
0,-0.015,-0.1,58.5284,12
0,-0.0125,-0.1,59.1571,12.032
0,-0.01,-0.1,60.2618,12
0,-0.0075,-0.1,59.4562,12.016
0,-0.005,-0.1,62.1784,12
0,-0.0025,-0.1,59.1815,12.016
0,0,-0.1,58.7603,12.032
0,0.0025,-0.1,58.9557,12.032
0,0.005,-0.1,59.621,12.032
0,0.0075,-0.1,59.505,12.016
0,0.01,-0.1,60.1825,12.016
0,0.0125,-0.1,58.7176,12.032
0,0.015,-0.1,59.1632,12.032
0,0.0175,-0.1,55.9465,12.032
0,0.02,-0.1,58.7542,12.032
0,0.0225,-0.1,57.6556,12.016
0,0.025,-0.1,57.8814,12.032
0,0.0275,-0.1,56.2822,12.032
0,0.03,-0.1,56.1419,12.032
0,0.0325,-0.1,55.916,12.032
0,0.035,-0.1,55.1592,12.064
0,0.0375,-0.1,55.1408,12.032
0,0.04,-0.1,55.0249,12.048
0,0.0425,-0.1,53.7553,12.032
0,0.045,-0.1,51.8326,12.032
0,0.0475,-0.1,51.4725,12.064
0,0.05,-0.1,51.1734,12.064
0,0.0525,-0.1,50.4105,12.064
0,0.055,-0.1,50.3494,12.048
0,0.0575,-0.1,49.5743,12.064
0,0.06,-0.1,49.2386,12.048
0,0.0625,-0.1,48.0178,12.064
0,0.065,-0.1,46.6994,12.064
0,0.0675,-0.1,46.9314,12.064
0,0.07,-0.1,45.1735,12.064
0,0.0725,-0.1,44.3678,12.048
0,0.075,-0.1,44.7218,12.064
0,0.0775,-0.1,42.9884,12.064
0,0.08,-0.1,43.6781,12.064
0,0.0825,-0.1,42.4818,12.064
0,0.085,-0.1,40.7849,12.064
0,0.0875,-0.1,41.4258,12.064
0,0.09,-0.1,40.3516,12.08
0,0.0925,-0.1,38.6486,12.096
0,0.095,-0.1,38.2031,12.064
0,0.0975,-0.1,37.373,12.08
0,0.1,-0.1,36.3781,12.112
0,0.1025,-0.1,35.9508,12.112
0,0.105,-0.1,35.2489,12.08
0,0.1075,-0.1,34.3699,12.096
0,0.11,-0.1,33.0699,12.096
0,0.1125,-0.1,32.9844,12.128
0,0.115,-0.1,32.2275,12.112
0,0.1175,-0.1,30.9519,12.112
0,0.12,-0.1,30.6894,12.112
0,0.1225,-0.1,29.9875,12.144
0,0.125,-0.1,29.4137,12.128
0,0.1275,-0.1,28.3944,12.144
0,0.13,-0.1,28.3578,12.128
0,0.1325,-0.1,27.4789,12.16
0,0.135,-0.1,26.4595,12.144
0,0.1375,-0.1,25.2693,12.16
0,0.14,-0.1,25.1961,12.144
0,0.1425,-0.1,24.073,12.16
0,0.145,-0.1,23.7739,12.176
0,0.1475,-0.1,22.3884,12.144
0,0.15,-0.1,22.9133,12.192
0,0.1525,-0.1,22.3029,12.176
0,0.155,-0.1,22.0099,12.176
0,0.1575,-0.1,21.0334,12.192
0,0.16,-0.1,21.1676,12.176
0,0.1625,-0.1,21.2287,12.192
0,0.165,-0.1,18.9154,12.176
0,0.1675,-0.1,17.9571,12.224
0,0.17,-0.1,18.5553,12.224
0,0.1725,-0.1,17.7129,12.24
0,0.175,-0.1,17.2552,12.208
0,0.1775,-0.1,16.6509,12.24
0,0.18,-0.1,16.657,12.256
0,0.1825,-0.1,16.3579,12.224
0,0.185,-0.1,16.2358,12.256
0,0.1875,-0.1,14.9358,12.288
0,0.19,-0.1,15.1433,12.288
0,0.1925,-0.1,14.0751,12.272
0,0.195,-0.1,14.3925,12.256
0,0.1975,-0.1,13.7822,12.256
0,0.2,-0.1,13.3488,12.304
0,-0.2,-0.0975,13.6967,12.064
0,-0.1975,-0.0975,15.0761,12.096
0,-0.195,-0.0975,13.4404,12.112
0,-0.1925,-0.0975,14.6489,12.096
0,-0.19,-0.0975,13.715,12.096
0,-0.1875,-0.0975,14.832,12.096
0,-0.185,-0.0975,14.4841,12.064
0,-0.1825,-0.0975,14.4963,12.08
0,-0.18,-0.0975,16.3213,12.064
0,-0.1775,-0.0975,16.8584,12.096
0,-0.175,-0.0975,16.6265,12.08
0,-0.1725,-0.0975,17.5237,12.08
0,-0.17,-0.0975,17.5604,12.08
0,-0.1675,-0.0975,17.3772,12.08
0,-0.165,-0.0975,18.244,12.08
0,-0.1625,-0.0975,19.0252,12.064
0,-0.16,-0.0975,20.6671,12.08
0,-0.1575,-0.0975,20.0507,12.064
0,-0.155,-0.0975,21.7719,12.048
0,-0.1525,-0.0975,20.3681,12.048
0,-0.15,-0.0975,22.0588,12.032
0,-0.1475,-0.0975,22.4494,12.048
0,-0.145,-0.0975,22.8889,12.048
0,-0.1425,-0.0975,24.6712,12.048
0,-0.14,-0.0975,24.4514,12.032
0,-0.1375,-0.0975,25.2449,12.048
0,-0.135,-0.0975,25.5013,12.016
0,-0.1325,-0.0975,26.6976,12.032
0,-0.13,-0.0975,26.545,12.016
0,-0.1275,-0.0975,27.8329,12.032
0,-0.125,-0.0975,28.8461,12.016
0,-0.1225,-0.0975,29.4321,12.016
0,-0.12,-0.0975,29.4687,12.016
0,-0.1175,-0.0975,29.7555,12
0,-0.115,-0.0975,32.6487,12
0,-0.1125,-0.0975,31.5256,11.984
0,-0.11,-0.0975,31.6599,12
0,-0.1075,-0.0975,32.6243,11.984
0,-0.105,-0.0975,33.8755,12.016
0,-0.1025,-0.0975,35.902,11.984
0,-0.1,-0.0975,36.3414,12
0,-0.0975,-0.0975,36.787,12
0,-0.095,-0.0975,37.0922,12
0,-0.0925,-0.0975,38.966,11.984
0,-0.09,-0.0975,39.32,12.016
0,-0.0875,-0.0975,40.4614,12
0,-0.085,-0.0975,41.8714,12.016
0,-0.0825,-0.0975,41.4869,11.984
0,-0.08,-0.0975,43.6842,12
0,-0.0775,-0.0975,43.7208,12.016
0,-0.075,-0.0975,44.4655,12
0,-0.0725,-0.0975,45.5153,12
0,-0.07,-0.0975,46.7055,12
0,-0.0675,-0.0975,48.3352,12
0,-0.065,-0.0975,48.5183,12
0,-0.0625,-0.0975,49.5987,12.016
0,-0.06,-0.0975,49.5376,12
0,-0.0575,-0.0975,50.3372,12
0,-0.055,-0.0975,51.8265,12.016
0,-0.0525,-0.0975,51.3199,12.016
0,-0.05,-0.0975,53.1388,12
0,-0.0475,-0.0975,54.2375,12
0,-0.045,-0.0975,54.0422,12
0,-0.0425,-0.0975,55.8916,11.984
0,-0.04,-0.0975,56.0686,12
0,-0.0375,-0.0975,56.6362,12.016
0,-0.035,-0.0975,57.2344,12
0,-0.0325,-0.0975,57.7776,12
0,-0.03,-0.0975,58.8092,12
0,-0.0275,-0.0975,59.5843,12.016
0,-0.025,-0.0975,59.8163,12
0,-0.0225,-0.0975,60.2741,12.016
0,-0.02,-0.0975,60.8783,12
0,-0.0175,-0.0975,60.6403,12
0,-0.015,-0.0975,61.6535,12
0,-0.0125,-0.0975,60.7501,12
0,-0.01,-0.0975,60.4144,12
0,-0.0075,-0.0975,60.86,12
0,-0.005,-0.0975,61.6657,12
0,-0.0025,-0.0975,60.8539,12
0,0,-0.0975,61.5375,12
0,0.0025,-0.0975,62.0319,12.032
0,0.005,-0.0975,60.622,12.016
0,0.0075,-0.0975,60.2924,12
0,0.01,-0.0975,60.4755,12.016
0,0.0125,-0.0975,61.4582,12.016
0,0.015,-0.0975,60.7562,12.016
0,0.0175,-0.0975,60.2557,12.016
0,0.02,-0.0975,59.9322,12.032
0,0.0225,-0.0975,59.5416,12.016
0,0.025,-0.0975,58.9557,12.016
0,0.0275,-0.0975,58.6505,12.032
0,0.03,-0.0975,57.387,12.032
0,0.0325,-0.0975,57.4297,12.016
0,0.035,-0.0975,57.0208,12.048
0,0.0375,-0.0975,56.1296,12.048
0,0.04,-0.0975,55.6413,12.032
0,0.0425,-0.0975,55.1042,12.048
0,0.045,-0.0975,53.1083,12.032
0,0.0475,-0.0975,53.0595,12.048
0,0.05,-0.0975,52.6872,12.048
0,0.0525,-0.0975,51.6861,12.048
0,0.055,-0.0975,50.8927,12.048
0,0.0575,-0.0975,51.0941,12.048
0,0.06,-0.0975,49.8672,12.048
0,0.0625,-0.0975,49.7879,12.048
0,0.065,-0.0975,48.2253,12.048
0,0.0675,-0.0975,48.1582,12.048
0,0.07,-0.0975,48.1033,12.048
0,0.0725,-0.0975,45.9426,12.048
0,0.075,-0.0975,45.3139,12.032
0,0.0775,-0.0975,44.5814,12.08
0,0.08,-0.0975,42.9945,12.048
0,0.0825,-0.0975,43.2386,12.048
0,0.085,-0.0975,40.5835,12.064
0,0.0875,-0.0975,40.5896,12.064
0,0.09,-0.0975,40.492,12.048
0,0.0925,-0.0975,39.0332,12.032
0,0.095,-0.0975,38.905,12.064
0,0.0975,-0.0975,36.61,12.08
0,0.1,-0.0975,37.8368,12.08
0,0.1025,-0.0975,36.6527,12.08
0,0.105,-0.0975,35.4381,12.112
0,0.1075,-0.0975,35.8592,12.096
0,0.11,-0.0975,34.4249,12.08
0,0.1125,-0.0975,33.2286,12.112
0,0.115,-0.0975,32.1604,12.128
0,0.1175,-0.0975,32.899,12.128
0,0.12,-0.0975,29.6457,12.128
0,0.1225,-0.0975,31.4402,12.128
0,0.125,-0.0975,29.6457,12.096
0,0.1275,-0.0975,28.901,12.144
0,0.13,-0.0975,27.9244,12.128
0,0.1325,-0.0975,27.6315,12.144
0,0.135,-0.0975,26.8685,12.128
0,0.1375,-0.0975,26.1422,12.16
0,0.14,-0.0975,26.484,12.16
0,0.1425,-0.0975,25.1656,12.16
0,0.145,-0.0975,24.25,12.144
0,0.1475,-0.0975,22.4921,12.144
0,0.15,-0.0975,23.2063,12.16
0,0.1525,-0.0975,22.1015,12.176
0,0.155,-0.0975,21.0944,12.144
0,0.1575,-0.0975,20.7343,12.176
0,0.16,-0.0975,20.3131,12.176
0,0.1625,-0.0975,19.5563,12.176
0,0.165,-0.0975,19.5318,12.192
0,0.1675,-0.0975,18.6468,12.208
0,0.17,-0.0975,18.8421,12.192
0,0.1725,-0.0975,17.6946,12.208
0,0.175,-0.0975,17.2613,12.192
0,0.1775,-0.0975,16.4739,12.224
0,0.18,-0.0975,17.2002,12.24
0,0.1825,-0.0975,16.5471,12.208
0,0.185,-0.0975,16.2969,12.224
0,0.1875,-0.0975,15.8208,12.24
0,0.19,-0.0975,15.4057,12.256
0,0.1925,-0.0975,15.5217,12.224
0,0.195,-0.0975,14.2888,12.256
0,0.1975,-0.0975,13.8005,12.288
0,0.2,-0.0975,13.2694,12.288
0,-0.2,-0.095,14.0934,12.064
0,-0.1975,-0.095,12.0853,12.048
0,-0.195,-0.095,15.2409,12.08
0,-0.1925,-0.095,14.0751,12.064
0,-0.19,-0.095,14.2094,12.08
0,-0.1875,-0.095,15.0945,12.064
0,-0.185,-0.095,15.2837,12.08
0,-0.1825,-0.095,16.4129,12.096
0,-0.18,-0.095,15.5766,12.064
0,-0.1775,-0.095,15.8452,12.064
0,-0.175,-0.095,17.2369,12.064
0,-0.1725,-0.095,18.6895,12.064
0,-0.17,-0.095,18.0425,12.08
0,-0.1675,-0.095,19.2206,12.064
0,-0.165,-0.095,18.714,12.048
0,-0.1625,-0.095,18.952,12.048
0,-0.16,-0.095,20.6183,12.048
0,-0.1575,-0.095,20.9845,12.048
0,-0.155,-0.095,21.131,12.048
0,-0.1525,-0.095,22.0466,12.032
0,-0.15,-0.095,22.602,12.032
0,-0.1475,-0.095,22.6264,12.032
0,-0.145,-0.095,24.0486,12.032
0,-0.1425,-0.095,24.3721,12.032
0,-0.14,-0.095,24.2683,12.016
0,-0.1375,-0.095,25.9896,12.032
0,-0.135,-0.095,25.3059,12.048
0,-0.1325,-0.095,26.3436,11.984
0,-0.13,-0.095,28.1381,12.016
0,-0.1275,-0.095,29.1391,12.016
0,-0.125,-0.095,29.3832,12
0,-0.1225,-0.095,29.3954,12.016
0,-0.12,-0.095,30.3598,12.016
0,-0.1175,-0.095,31.8857,12
0,-0.115,-0.095,32.6426,12
0,-0.1125,-0.095,32.5327,12
0,-0.11,-0.095,32.899,12
0,-0.1075,-0.095,33.552,12
0,-0.105,-0.095,34.3272,12
0,-0.1025,-0.095,37.1593,11.984
0,-0.1,-0.095,36.9091,12
0,-0.0975,-0.095,37.0251,11.984
0,-0.095,-0.095,39.0149,11.984
0,-0.0925,-0.095,38.8256,11.984
0,-0.09,-0.095,40.6995,12
0,-0.0875,-0.095,41.9996,12
0,-0.085,-0.095,41.1206,12
0,-0.0825,-0.095,42.3414,12
0,-0.08,-0.095,43.6659,11.984
0,-0.0775,-0.095,44.8378,12
0,-0.075,-0.095,45.8693,11.984
0,-0.0725,-0.095,47.4868,12
0,-0.07,-0.095,47.4441,12
0,-0.0675,-0.095,47.7615,12
0,-0.065,-0.095,48.9395,11.984
0,-0.0625,-0.095,50.2945,12
0,-0.06,-0.095,51.2345,12
0,-0.0575,-0.095,53.1693,11.984
0,-0.055,-0.095,52.797,11.984
0,-0.0525,-0.095,53.9018,11.984
0,-0.05,-0.095,52.4796,11.984
0,-0.0475,-0.095,56.3311,12.016
0,-0.045,-0.095,56.9231,12
0,-0.0425,-0.095,57.4602,11.984
0,-0.04,-0.095,58.6016,12
0,-0.0375,-0.095,57.8387,12
0,-0.035,-0.095,59.2914,11.984
0,-0.0325,-0.095,60.0299,12
0,-0.03,-0.095,59.4317,12
0,-0.0275,-0.095,61.2201,12
0,-0.025,-0.095,60.6891,12
0,-0.0225,-0.095,61.5253,11.984
0,-0.02,-0.095,62.3676,11.984
0,-0.0175,-0.095,63.216,12
0,-0.015,-0.095,62.093,12
0,-0.0125,-0.095,63.9729,12
0,-0.01,-0.095,62.8376,11.984
0,-0.0075,-0.095,63.0512,12
0,-0.005,-0.095,62.5507,12
0,-0.0025,-0.095,61.9953,12
0,0,-0.095,63.4236,12
0,0.0025,-0.095,63.3992,12.016
0,0.005,-0.095,62.9048,12.016
0,0.0075,-0.095,64.2598,12
0,0.01,-0.095,62.8376,12.016
0,0.0125,-0.095,61.9098,12.016
0,0.015,-0.095,62.1235,12.016
0,0.0175,-0.095,62.3554,12.016
0,0.02,-0.095,60.567,12.016
0,0.0225,-0.095,62.0075,12.016
0,0.025,-0.095,60.7868,12.016
0,0.0275,-0.095,59.92,12
0,0.03,-0.095,59.5233,12.016
0,0.0325,-0.095,59.1876,12.032
0,0.035,-0.095,58.5345,12.032
0,0.0375,-0.095,57.6678,12.048
0,0.04,-0.095,56.3128,12.032
0,0.0425,-0.095,55.7085,12.032
0,0.045,-0.095,55.8428,12.032
0,0.0475,-0.095,55.6291,12.032
0,0.05,-0.095,54.5427,12.032
0,0.0525,-0.095,53.5722,12.048
0,0.055,-0.095,52.5834,12.048
0,0.0575,-0.095,51.1368,12.032
0,0.06,-0.095,51.0514,12.048
0,0.0625,-0.095,51.0514,12.032
0,0.065,-0.095,50.1724,12.048
0,0.0675,-0.095,48.8174,12.048
0,0.07,-0.095,48.207,12.048
0,0.0725,-0.095,47.145,12.032
0,0.075,-0.095,46.7849,12.048
0,0.0775,-0.095,45.8632,12.064
0,0.08,-0.095,46.6872,12.048
0,0.0825,-0.095,44.4044,12.032
0,0.085,-0.095,43.3058,12.064
0,0.0875,-0.095,40.7788,12.048
0,0.09,-0.095,41.0352,12.08
0,0.0925,-0.095,41.5601,12.08
0,0.095,-0.095,39.8877,12.064
0,0.0975,-0.095,39.1675,12.064
0,0.1,-0.095,37.5256,12.064
0,0.1025,-0.095,38.0078,12.064
0,0.105,-0.095,37.5622,12.08
0,0.1075,-0.095,36.0546,12.08
0,0.11,-0.095,35.1451,12.08
0,0.1125,-0.095,33.8633,12.096
0,0.115,-0.095,34.4371,12.096
0,0.1175,-0.095,32.7586,12.096
0,0.12,-0.095,33.2041,12.096
0,0.1225,-0.095,31.1106,12.112
0,0.125,-0.095,29.8776,12.128
0,0.1275,-0.095,30.2316,12.112
0,0.13,-0.095,28.3578,12.128
0,0.1325,-0.095,27.9244,12.128
0,0.135,-0.095,27.485,12.128
0,0.1375,-0.095,26.9478,12.128
0,0.14,-0.095,27.1676,12.128
0,0.1425,-0.095,26.8136,12.16
0,0.145,-0.095,23.2368,12.16
0,0.1475,-0.095,24.2561,12.176
0,0.15,-0.095,22.2114,12.16
0,0.1525,-0.095,23.2246,12.176
0,0.155,-0.095,22.2907,12.176
0,0.1575,-0.095,21.5094,12.16
0,0.16,-0.095,21.6681,12.176
0,0.1625,-0.095,20.3009,12.192
0,0.165,-0.095,19.9774,12.16
0,0.1675,-0.095,19.5135,12.208
0,0.17,-0.095,18.6773,12.208
0,0.1725,-0.095,19.8187,12.224
0,0.175,-0.095,17.8472,12.208
0,0.1775,-0.095,17.3406,12.224
0,0.18,-0.095,16.7364,12.208
0,0.1825,-0.095,16.3945,12.224
0,0.185,-0.095,15.7231,12.224
0,0.1875,-0.095,16.1138,12.24
0,0.19,-0.095,15.2226,12.256
0,0.1925,-0.095,15.5461,12.256
0,0.195,-0.095,15.4546,12.256
0,0.1975,-0.095,14.5207,12.272
0,0.2,-0.095,13.7822,12.256
0,-0.2,-0.0925,14.594,12.08
0,-0.1975,-0.0925,13.1108,12.064
0,-0.195,-0.0925,12.5858,12.08
0,-0.1925,-0.0925,13.5868,12.112
0,-0.19,-0.0925,15.0212,12.064
0,-0.1875,-0.0925,15.4668,12.064
0,-0.185,-0.0925,15.8879,12.048
0,-0.1825,-0.0925,15.6743,12.048
0,-0.18,-0.0925,16.4983,12.048
0,-0.1775,-0.0925,16.1809,12.048
0,-0.175,-0.0925,18.012,12.064
0,-0.1725,-0.0925,17.1636,12.048
0,-0.17,-0.0925,18.2867,12.032
0,-0.1675,-0.0925,19.5013,12.048
0,-0.165,-0.0925,19.6539,12.048
0,-0.1625,-0.0925,18.3905,12.048
0,-0.16,-0.0925,20.484,12.048
0,-0.1575,-0.0925,20.4596,12.048
0,-0.155,-0.0925,21.717,12.032
0,-0.1525,-0.0925,21.3507,12.064
0,-0.15,-0.0925,23.3161,12.016
0,-0.1475,-0.0925,22.6264,12.032
0,-0.145,-0.0925,24.0608,12.032
0,-0.1425,-0.0925,24.0181,12.032
0,-0.14,-0.0925,25.1411,12.016
0,-0.1375,-0.0925,25.8492,12.032
0,-0.135,-0.0925,26.5389,12.016
0,-0.1325,-0.0925,27.0943,12
0,-0.13,-0.0925,26.8929,12
0,-0.1275,-0.0925,28.6325,12.016
0,-0.125,-0.0925,29.6884,12
0,-0.1225,-0.0925,30.3415,11.984
0,-0.12,-0.0925,31.0129,12.016
0,-0.1175,-0.0925,31.4402,12
0,-0.115,-0.0925,32.551,12
0,-0.1125,-0.0925,33.7352,12
0,-0.11,-0.0925,33.5032,11.968
0,-0.1075,-0.0925,35.4259,12
0,-0.105,-0.0925,35.9264,11.984
0,-0.1025,-0.0925,36.9579,12
0,-0.1,-0.0925,37.2082,11.984
0,-0.0975,-0.0925,38.1054,11.984
0,-0.095,-0.0925,39.375,11.968
0,-0.0925,-0.0925,41.1023,12.016
0,-0.09,-0.0925,40.2295,11.984
0,-0.0875,-0.0925,42.378,12
0,-0.085,-0.0925,43.0677,12
0,-0.0825,-0.0925,44.5143,11.984
0,-0.08,-0.0925,44.8866,12
0,-0.0775,-0.0925,47.7004,11.984
0,-0.075,-0.0925,47.4441,11.984
0,-0.0725,-0.0925,48.1399,12
0,-0.07,-0.0925,48.8174,12
0,-0.0675,-0.0925,49.6536,12
0,-0.065,-0.0925,50.2396,12
0,-0.0625,-0.0925,51.619,11.984
0,-0.06,-0.0925,51.4542,11.984
0,-0.0575,-0.0925,52.4125,12
0,-0.055,-0.0925,55.446,12
0,-0.0525,-0.0925,54.9211,11.984
0,-0.05,-0.0925,56.2029,11.984
0,-0.0475,-0.0925,56.9781,12
0,-0.045,-0.0925,56.5813,11.984
0,-0.0425,-0.0925,58.9923,11.984
0,-0.04,-0.0925,58.7848,12
0,-0.0375,-0.0925,60.4694,12
0,-0.035,-0.0925,60.8661,12
0,-0.0325,-0.0925,61.7573,12
0,-0.03,-0.0925,61.9037,12
0,-0.0275,-0.0925,61.5925,12
0,-0.025,-0.0925,62.6423,11.984
0,-0.0225,-0.0925,63.8691,12
0,-0.02,-0.0925,63.0268,11.984
0,-0.0175,-0.0925,64.2293,11.984
0,-0.015,-0.0925,63.9546,12
0,-0.0125,-0.0925,63.564,11.984
0,-0.01,-0.0925,64.1255,12
0,-0.0075,-0.0925,64.3513,12
0,-0.005,-0.0925,65.1265,11.984
0,-0.0025,-0.0925,65.9261,12
0,0,-0.0925,65.4439,12
0,0.0025,-0.0925,64.3818,11.984
0,0.005,-0.0925,65.6209,12
0,0.0075,-0.0925,64.3696,12
0,0.01,-0.0925,64.919,12
0,0.0125,-0.0925,64.1011,12.016
0,0.015,-0.0925,63.5456,12.016
0,0.0175,-0.0925,64.0828,12.016
0,0.02,-0.0925,63.1916,12.016
0,0.0225,-0.0925,63.0634,12.032
0,0.025,-0.0925,63.3503,12
0,0.0275,-0.0925,61.2995,12.032
0,0.03,-0.0925,60.9027,12.016
0,0.0325,-0.0925,59.4195,12.016
0,0.035,-0.0925,60.8539,12.016
0,0.0375,-0.0925,59.3341,12.016
0,0.04,-0.0925,58.3087,12.016
0,0.0425,-0.0925,57.4358,12.032
0,0.045,-0.0925,57.6128,12.016
0,0.0475,-0.0925,55.739,12.032
0,0.05,-0.0925,55.8977,12.048
0,0.0525,-0.0925,55.5681,12.032
0,0.055,-0.0925,52.8214,12.048
0,0.0575,-0.0925,52.4613,12.032
0,0.06,-0.0925,52.7116,12.016
0,0.0625,-0.0925,51.5091,12.032
0,0.065,-0.0925,50.4471,12.048
0,0.0675,-0.0925,49.1958,12.048
0,0.07,-0.0925,49.3851,12.032
0,0.0725,-0.0925,47.9995,12.032
0,0.075,-0.0925,47.8896,12.048
0,0.0775,-0.0925,44.8317,12.048
0,0.08,-0.0925,45.7106,12.032
0,0.0825,-0.0925,44.4166,12.048
0,0.085,-0.0925,43.7025,12.048
0,0.0875,-0.0925,43.1715,12.064
0,0.09,-0.0925,41.5235,12.048
0,0.0925,-0.0925,41.5967,12.064
0,0.095,-0.0925,39.9548,12.08
0,0.0975,-0.0925,38.3007,12.064
0,0.1,-0.0925,39.2712,12.08
0,0.1025,-0.0925,38.8867,12.08
0,0.105,-0.0925,36.2194,12.064
0,0.1075,-0.0925,35.9569,12.08
0,0.11,-0.0925,34.7056,12.08
0,0.1125,-0.0925,33.6497,12.096
0,0.115,-0.0925,34.138,12.112
0,0.1175,-0.0925,33.3201,12.112
0,0.12,-0.0925,32.5816,12.08
0,0.1225,-0.0925,31.0007,12.096
0,0.125,-0.0925,30.1706,12.112
0,0.1275,-0.0925,30.2683,12.112
0,0.13,-0.0925,29.0597,12.112
0,0.1325,-0.0925,28.0953,12.128
0,0.135,-0.0925,26.8746,12.144
0,0.1375,-0.0925,27.0272,12.128
0,0.14,-0.0925,26.1238,12.16
0,0.1425,-0.0925,26.0201,12.144
0,0.145,-0.0925,25.1167,12.144
0,0.1475,-0.0925,24.2683,12.144
0,0.15,-0.0925,23.7983,12.16
0,0.1525,-0.0925,23.133,12.176
0,0.155,-0.0925,22.718,12.144
0,0.1575,-0.0925,21.9977,12.176
0,0.16,-0.0925,21.8879,12.144
0,0.1625,-0.0925,21.5766,12.208
0,0.165,-0.0925,19.715,12.176
0,0.1675,-0.0925,19.4342,12.208
0,0.17,-0.0925,18.8849,12.192
0,0.1725,-0.0925,17.8045,12.176
0,0.175,-0.0925,17.8106,12.208
0,0.1775,-0.0925,18.0914,12.224
0,0.18,-0.0925,16.9439,12.24
0,0.1825,-0.0925,16.8706,12.224
0,0.185,-0.0925,16.0894,12.208
0,0.1875,-0.0925,16.4922,12.224
0,0.19,-0.0925,16.2114,12.24
0,0.1925,-0.0925,15.5889,12.256
0,0.195,-0.0925,15.5217,12.24
0,0.1975,-0.0925,14.8198,12.272
0,0.2,-0.0925,14.3925,12.288
0,-0.2,-0.09,13.0619,12.048
0,-0.1975,-0.09,14.2949,12.096
0,-0.195,-0.09,14.0263,12.048
0,-0.1925,-0.09,14.6489,12.048
0,-0.19,-0.09,14.6855,12.064
0,-0.1875,-0.09,15.9001,12.064
0,-0.185,-0.09,15.7414,12.08
0,-0.1825,-0.09,16.6143,12.08
0,-0.18,-0.09,16.9439,12.032
0,-0.1775,-0.09,17.9388,12.048
0,-0.175,-0.09,18.366,12.032
0,-0.1725,-0.09,17.2369,12.048
0,-0.17,-0.09,18.5858,12.064
0,-0.1675,-0.09,19.0374,12.032
0,-0.165,-0.09,20.014,12.048
0,-0.1625,-0.09,18.9154,12.048
0,-0.16,-0.09,19.6295,12
0,-0.1575,-0.09,20.8197,12.064
0,-0.155,-0.09,22.425,12.032
0,-0.1525,-0.09,23.2246,12.032
0,-0.15,-0.09,22.8095,12
0,-0.1475,-0.09,23.7739,12.016
0,-0.145,-0.09,24.604,12.016
0,-0.1425,-0.09,25.251,12.032
0,-0.14,-0.09,25.837,12
0,-0.1375,-0.09,27.2713,12.016
0,-0.135,-0.09,26.4962,12
0,-0.1325,-0.09,28.5714,12
0,-0.13,-0.09,28.1564,12.016
0,-0.1275,-0.09,29.3161,11.984
0,-0.125,-0.09,31.0678,11.984
0,-0.1225,-0.09,30.7627,12
0,-0.12,-0.09,31.727,11.968
0,-0.1175,-0.09,32.1482,11.984
0,-0.115,-0.09,33.3567,12
0,-0.1125,-0.09,35.0536,12
0,-0.11,-0.09,35.6456,11.984
0,-0.1075,-0.09,36.4391,11.984
0,-0.105,-0.09,37.7758,12
0,-0.1025,-0.09,36.7687,11.968
0,-0.1,-0.09,37.5378,11.968
0,-0.0975,-0.09,38.8867,11.984
0,-0.095,-0.09,40.4492,11.968
0,-0.0925,-0.09,41.4502,11.984
0,-0.09,-0.09,41.7127,11.984
0,-0.0875,-0.09,43.2691,11.984
0,-0.085,-0.09,44.2946,11.984
0,-0.0825,-0.09,45.381,11.984
0,-0.08,-0.09,46.4614,11.968
0,-0.0775,-0.09,46.8459,11.984
0,-0.075,-0.09,48.7075,11.968
0,-0.0725,-0.09,49.1653,11.984
0,-0.07,-0.09,51.442,12
0,-0.0675,-0.09,50.4898,11.984
0,-0.065,-0.09,51.7899,11.984
0,-0.0625,-0.09,52.4308,11.984
0,-0.06,-0.09,53.5478,12
0,-0.0575,-0.09,54.207,12
0,-0.055,-0.09,55.4582,11.984
0,-0.0525,-0.09,56.9536,11.984
0,-0.05,-0.09,57.6983,11.984
0,-0.0475,-0.09,58.5284,12
0,-0.045,-0.09,60.0604,12
0,-0.0425,-0.09,60.9394,12
0,-0.04,-0.09,60.8661,11.984
0,-0.0375,-0.09,61.5131,11.984
0,-0.035,-0.09,61.6718,11.968
0,-0.0325,-0.09,63.8508,11.984
0,-0.03,-0.09,62.917,11.968
0,-0.0275,-0.09,63.4724,11.984
0,-0.025,-0.09,64.7725,11.984
0,-0.0225,-0.09,66.5181,11.968
0,-0.02,-0.09,65.9139,11.984
0,-0.0175,-0.09,65.7613,12
0,-0.015,-0.09,65.8406,12
0,-0.0125,-0.09,66.2984,11.984
0,-0.01,-0.09,66.1519,12
0,-0.0075,-0.09,67.2018,12
0,-0.005,-0.09,67.4093,12
0,-0.0025,-0.09,67.275,12
0,0,-0.09,66.6158,11.984
0,0.0025,-0.09,69.0268,12
0,0.005,-0.09,67.1712,12
0,0.0075,-0.09,66.744,12
0,0.01,-0.09,66.0665,12
0,0.0125,-0.09,66.9271,12.016
0,0.015,-0.09,66.0604,12
0,0.0175,-0.09,65.2852,12.016
0,0.02,-0.09,64.2232,12
0,0.0225,-0.09,64.8824,12.032
0,0.025,-0.09,64.8701,12.016
0,0.0275,-0.09,63.8264,12.032
0,0.03,-0.09,62.3066,12.016
0,0.0325,-0.09,62.7338,12.016
0,0.035,-0.09,60.6708,12.032
0,0.0375,-0.09,60.8966,12.016
0,0.04,-0.09,60.4938,12.032
0,0.0425,-0.09,58.8946,12.016
0,0.045,-0.09,58.4307,12.032
0,0.0475,-0.09,57.4114,12.032
0,0.05,-0.09,57.0513,12.032
0,0.0525,-0.09,56.4837,12.016
0,0.055,-0.09,55.0676,12.016
0,0.0575,-0.09,54.4816,12.032
0,0.06,-0.09,52.852,12.032
0,0.0625,-0.09,51.4481,12.016
0,0.065,-0.09,54.1154,12.048
0,0.0675,-0.09,50.4715,12.032
0,0.07,-0.09,49.4339,12.032
0,0.0725,-0.09,49.6719,12.032
0,0.075,-0.09,47.4929,12.032
0,0.0775,-0.09,47.9995,12.032
0,0.08,-0.09,46.5835,12.048
0,0.0825,-0.09,45.8388,12.032
0,0.085,-0.09,44.6547,12.048
0,0.0875,-0.09,44.2335,12.048
0,0.09,-0.09,42.5428,12.048
0,0.0925,-0.09,42.4146,12.064
0,0.095,-0.09,41.0962,12.064
0,0.0975,-0.09,40.2966,12.064
0,0.1,-0.09,41.0291,12.048
0,0.1025,-0.09,38.1787,12.064
0,0.105,-0.09,37.8979,12.08
0,0.1075,-0.09,37.0312,12.08
0,0.11,-0.09,36.1644,12.064
0,0.1125,-0.09,34.6019,12.096
0,0.115,-0.09,35.023,12.08
0,0.1175,-0.09,32.8257,12.096
0,0.12,-0.09,33.4788,12.096
0,0.1225,-0.09,31.6965,12.096
0,0.125,-0.09,30.6345,12.096
0,0.1275,-0.09,31.5928,12.128
0,0.13,-0.09,29.3893,12.112
0,0.1325,-0.09,27.6498,12.112
0,0.135,-0.09,27.6986,12.096
0,0.1375,-0.09,28.3334,12.144
0,0.14,-0.09,26.3558,12.144
0,0.1425,-0.09,26.9662,12.144
0,0.145,-0.09,23.7495,12.144
0,0.1475,-0.09,24.7749,12.144
0,0.15,-0.09,24.1401,12.144
0,0.1525,-0.09,22.9804,12.176
0,0.155,-0.09,23.2978,12.144
0,0.1575,-0.09,22.6508,12.144
0,0.16,-0.09,21.7292,12.176
0,0.1625,-0.09,21.3507,12.192
0,0.165,-0.09,21.247,12.192
0,0.1675,-0.09,19.3243,12.192
0,0.17,-0.09,20.0018,12.176
0,0.1725,-0.09,18.7323,12.224
0,0.175,-0.09,18.6712,12.176
0,0.1775,-0.09,17.5115,12.208
0,0.18,-0.09,17.7679,12.208
0,0.1825,-0.09,17.4261,12.224
0,0.185,-0.09,16.6387,12.224
0,0.1875,-0.09,15.7903,12.224
0,0.19,-0.09,16.1504,12.224
0,0.1925,-0.09,15.8452,12.24
0,0.195,-0.09,14.9602,12.256
0,0.1975,-0.09,14.5268,12.272
0,0.2,-0.09,13.0253,12.272
0,-0.2,-0.0875,14.1057,12.064
0,-0.1975,-0.0875,14.0629,12.032
0,-0.195,-0.0875,13.9897,12.048
0,-0.1925,-0.0875,14.3193,12.032
0,-0.19,-0.0875,15.5095,12.032
0,-0.1875,-0.0875,16.3274,12.048
0,-0.185,-0.0875,16.3457,12.048
0,-0.1825,-0.0875,16.5044,12.032
0,-0.18,-0.0875,16.3457,12.032
0,-0.1775,-0.0875,17.1331,12.032
0,-0.175,-0.0875,18.0792,12.032
0,-0.1725,-0.0875,18.1097,12.016
0,-0.17,-0.0875,19.2328,12.048
0,-0.1675,-0.0875,18.5797,12.048
0,-0.165,-0.0875,19.3609,12.048
0,-0.1625,-0.0875,20.6793,12.048
0,-0.16,-0.0875,21.0639,12.032
0,-0.1575,-0.0875,22.5166,12.016
0,-0.155,-0.0875,21.7658,12.032
0,-0.1525,-0.0875,22.5776,12.016
0,-0.15,-0.0875,24.6895,12.032
0,-0.1475,-0.0875,23.7373,12.016
0,-0.145,-0.0875,24.3477,12.032
0,-0.1425,-0.0875,26.0384,12.016
0,-0.14,-0.0875,26.8197,12.016
0,-0.1375,-0.0875,27.5338,12
0,-0.135,-0.0875,26.5572,12.016
0,-0.1325,-0.0875,27.3446,12.016
0,-0.13,-0.0875,28.4921,12.032
0,-0.1275,-0.0875,28.9254,11.984
0,-0.125,-0.0875,30.134,11.984
0,-0.1225,-0.0875,31.4035,11.984
0,-0.12,-0.0875,32.313,11.968
0,-0.1175,-0.0875,33.7718,11.968
0,-0.115,-0.0875,33.7657,11.968
0,-0.1125,-0.0875,34.9559,11.968
0,-0.11,-0.0875,35.6334,12
0,-0.1075,-0.0875,37.0128,11.984
0,-0.105,-0.0875,37.6598,12
0,-0.1025,-0.0875,38.5815,11.984
0,-0.1,-0.0875,39.0698,11.984
0,-0.0975,-0.0875,40.6446,11.968
0,-0.095,-0.0875,41.6944,11.968
0,-0.0925,-0.0875,43.3485,12
0,-0.09,-0.0875,41.9385,11.952
0,-0.0875,-0.0875,44.264,11.984
0,-0.085,-0.0875,44.1115,11.984
0,-0.0825,-0.0875,45.9304,11.968
0,-0.08,-0.0875,48.4939,12
0,-0.0775,-0.0875,47.6089,11.968
0,-0.075,-0.0875,50.4715,11.984
0,-0.0725,-0.0875,50.4837,11.968
0,-0.07,-0.0875,51.8204,12
0,-0.0675,-0.0875,52.7665,11.984
0,-0.065,-0.0875,52.7116,11.968
0,-0.0625,-0.0875,55.4949,12
0,-0.06,-0.0875,56.1785,11.968
0,-0.0575,-0.0875,57.387,12
0,-0.055,-0.0875,57.741,11.984
0,-0.0525,-0.0875,59.0411,12
0,-0.05,-0.0875,58.9007,11.984
0,-0.0475,-0.0875,60.4877,11.984
0,-0.045,-0.0875,63.3137,11.984
0,-0.0425,-0.0875,61.2384,11.984
0,-0.04,-0.0875,63.1184,12
0,-0.0375,-0.0875,63.5273,12
0,-0.035,-0.0875,65.273,11.984
0,-0.0325,-0.0875,65.1814,11.984
0,-0.03,-0.0875,65.4378,11.984
0,-0.0275,-0.0875,67.4886,11.984
0,-0.025,-0.0875,66.7074,11.984
0,-0.0225,-0.0875,67.2933,11.984
0,-0.02,-0.0875,67.8732,11.984
0,-0.0175,-0.0875,68.1539,11.984
0,-0.015,-0.0875,68.2272,12
0,-0.0125,-0.0875,68.8681,11.984
0,-0.01,-0.0875,71.1203,11.984
0,-0.0075,-0.0875,69.6799,11.984
0,-0.005,-0.0875,70.2719,12
0,-0.0025,-0.0875,70.4245,11.984
0,0,-0.0875,69.1916,12
0,0.0025,-0.0875,69.9179,11.984
0,0.005,-0.0875,69.0023,12
0,0.0075,-0.0875,68.1784,12
0,0.01,-0.0875,69.2831,12
0,0.0125,-0.0875,68.2028,12
0,0.015,-0.0875,68.6117,12.016
0,0.0175,-0.0875,66.4876,12.016
0,0.02,-0.0875,68.3493,12
0,0.0225,-0.0875,65.8345,12.016
0,0.025,-0.0875,65.92,12
0,0.0275,-0.0875,65.6026,12.016
0,0.03,-0.0875,64.8396,12
0,0.0325,-0.0875,64.8824,12.032
0,0.035,-0.0875,63.8691,12.032
0,0.0375,-0.0875,61.9709,12.032
0,0.04,-0.0875,61.2873,12.016
0,0.0425,-0.0875,60.6403,12.032
0,0.045,-0.0875,59.6637,12.032
0,0.0475,-0.0875,59.7003,12.032
0,0.05,-0.0875,57.0452,12.016
0,0.0525,-0.0875,57.7532,12.016
0,0.055,-0.0875,56.4287,12.048
0,0.0575,-0.0875,56.27,12.032
0,0.06,-0.0875,54.7624,12.032
0,0.0625,-0.0875,53.8041,12.032
0,0.065,-0.0875,53.1083,12.032
0,0.0675,-0.0875,53.0351,12.032
0,0.07,-0.0875,51.2528,12.032
0,0.0725,-0.0875,50.3128,12.032
0,0.075,-0.0875,50.2823,12.032
0,0.0775,-0.0875,48.6831,12.048
0,0.08,-0.0875,48.2192,12.048
0,0.0825,-0.0875,47.499,12.048
0,0.085,-0.0875,44.2213,12.032
0,0.0875,-0.0875,45.2101,12.048
0,0.09,-0.0875,43.8612,12.032
0,0.0925,-0.0875,43.3546,12.048
0,0.095,-0.0875,41.9446,12.048
0,0.0975,-0.0875,41.438,12.064
0,0.1,-0.0875,40.7239,12.064
0,0.1025,-0.0875,39.3139,12.048
0,0.105,-0.0875,38.5449,12.064
0,0.1075,-0.0875,36.8297,12.064
0,0.11,-0.0875,36.787,12.096
0,0.1125,-0.0875,36.3109,12.064
0,0.115,-0.0875,34.1807,12.08
0,0.1175,-0.0875,34.4493,12.08
0,0.12,-0.0875,33.5582,12.08
0,0.1225,-0.0875,32.1299,12.096
0,0.125,-0.0875,31.5989,12.096
0,0.1275,-0.0875,31.4341,12.112
0,0.13,-0.0875,30.018,12.112
0,0.1325,-0.0875,28.901,12.096
0,0.135,-0.0875,28.6752,12.112
0,0.1375,-0.0875,28.37,12.112
0,0.14,-0.0875,26.6549,12.144
0,0.1425,-0.0875,27.1981,12.128
0,0.145,-0.0875,25.0313,12.144
0,0.1475,-0.0875,24.9763,12.144
0,0.15,-0.0875,24.836,12.16
0,0.1525,-0.0875,24.2378,12.128
0,0.155,-0.0875,22.2419,12.144
0,0.1575,-0.0875,22.1686,12.16
0,0.16,-0.0875,21.9916,12.16
0,0.1625,-0.0875,21.0639,12.144
0,0.165,-0.0875,20.9479,12.192
0,0.1675,-0.0875,20.1361,12.176
0,0.17,-0.0875,18.9764,12.192
0,0.1725,-0.0875,20.5512,12.192
0,0.175,-0.0875,18.6285,12.176
0,0.1775,-0.0875,18.7262,12.176
0,0.18,-0.0875,17.3162,12.192
0,0.1825,-0.0875,16.3213,12.24
0,0.185,-0.0875,16.4068,12.192
0,0.1875,-0.0875,16.3213,12.24
0,0.19,-0.0875,16.0161,12.208
0,0.1925,-0.0875,15.7537,12.256
0,0.195,-0.0875,15.2348,12.256
0,0.1975,-0.0875,14.1789,12.24
0,0.2,-0.0875,15.3508,12.272
0,-0.2,-0.085,13.8798,12.016
0,-0.1975,-0.085,14.6428,12.032
0,-0.195,-0.085,14.3559,12.048
0,-0.1925,-0.085,14.6611,12.032
0,-0.19,-0.085,15.1433,12.016
0,-0.1875,-0.085,15.8269,12.048
0,-0.185,-0.085,16.7608,12.032
0,-0.1825,-0.085,15.949,12.048
0,-0.18,-0.085,17.5909,12.064
0,-0.1775,-0.085,18.5553,12.064
0,-0.175,-0.085,17.7801,12.064
0,-0.1725,-0.085,18.5614,12.048
0,-0.17,-0.085,19.3121,12.032
0,-0.1675,-0.085,19.3731,12.032
0,-0.165,-0.085,20.4413,12.048
0,-0.1625,-0.085,20.6122,12.032
0,-0.16,-0.085,21.7597,12.064
0,-0.1575,-0.085,21.8879,12.048
0,-0.155,-0.085,22.4555,12.016
0,-0.1525,-0.085,23.603,12.016
0,-0.15,-0.085,23.9998,12.016
0,-0.1475,-0.085,25.2876,12
0,-0.145,-0.085,24.5125,12
0,-0.1425,-0.085,25.544,12
0,-0.14,-0.085,27.7108,11.984
0,-0.1375,-0.085,27.308,12.016
0,-0.135,-0.085,28.5836,12
0,-0.1325,-0.085,29.8044,12
0,-0.13,-0.085,29.5297,12
0,-0.1275,-0.085,30.5979,11.984
0,-0.125,-0.085,30.7016,12
0,-0.1225,-0.085,31.8857,11.984
0,-0.12,-0.085,33.3201,11.984
0,-0.1175,-0.085,33.7901,11.984
0,-0.115,-0.085,34.6324,11.968
0,-0.1125,-0.085,35.0658,11.984
0,-0.11,-0.085,36.5123,11.984
0,-0.1075,-0.085,38.6608,11.984
0,-0.105,-0.085,36.4086,11.968
0,-0.1025,-0.085,40.2478,11.984
0,-0.1,-0.085,40.1929,11.984
0,-0.0975,-0.085,41.3892,11.968
0,-0.095,-0.085,42.4635,11.968
0,-0.0925,-0.085,44.3251,11.968
0,-0.09,-0.085,44.2518,11.968
0,-0.0875,-0.085,45.9304,11.984
0,-0.085,-0.085,46.4858,11.984
0,-0.0825,-0.085,48.085,11.984
0,-0.08,-0.085,50.0687,11.968
0,-0.0775,-0.085,49.8978,11.984
0,-0.075,-0.085,50.4471,11.968
0,-0.0725,-0.085,52.3515,11.968
0,-0.07,-0.085,53.5539,11.968
0,-0.0675,-0.085,53.8347,11.968
0,-0.065,-0.085,55.446,11.968
0,-0.0625,-0.085,57.3382,11.984
0,-0.06,-0.085,58.1194,11.968
0,-0.0575,-0.085,58.2415,11.968
0,-0.055,-0.085,59.5355,11.968
0,-0.0525,-0.085,60.2435,11.968
0,-0.05,-0.085,60.097,11.968
0,-0.0475,-0.085,62.5446,11.968
0,-0.045,-0.085,63.0207,11.984
0,-0.0425,-0.085,64.1865,11.968
0,-0.04,-0.085,63.5701,11.968
0,-0.0375,-0.085,64.919,12
0,-0.035,-0.085,64.9495,11.968
0,-0.0325,-0.085,66.9942,11.968
0,-0.03,-0.085,66.7928,11.968
0,-0.0275,-0.085,68.6483,11.984
0,-0.025,-0.085,68.8498,11.968
0,-0.0225,-0.085,68.8681,11.968
0,-0.02,-0.085,69.277,11.984
0,-0.0175,-0.085,70.04,11.968
0,-0.015,-0.085,69.8263,11.968
0,-0.0125,-0.085,69.8935,11.984
0,-0.01,-0.085,70.748,11.984
0,-0.0075,-0.085,70.6687,11.968
0,-0.005,-0.085,70.7419,11.984
0,-0.0025,-0.085,71.8711,11.968
0,0,-0.085,70.6015,11.984
0,0.0025,-0.085,71.1631,12
0,0.005,-0.085,70.748,12
0,0.0075,-0.085,70.9738,12
0,0.01,-0.085,70.394,11.984
0,0.0125,-0.085,70.8945,12
0,0.015,-0.085,70.04,12.016
0,0.0175,-0.085,70.4978,12
0,0.02,-0.085,68.7216,11.984
0,0.0225,-0.085,68.3493,12
0,0.025,-0.085,68.2516,12
0,0.0275,-0.085,66.8966,12
0,0.03,-0.085,66.4449,12
0,0.0325,-0.085,67.2445,12
0,0.035,-0.085,64.6565,12
0,0.0375,-0.085,65.4012,12.016
0,0.04,-0.085,64.217,12
0,0.0425,-0.085,62.9902,12.016
0,0.045,-0.085,61.3422,12.016
0,0.0475,-0.085,62.5385,12.032
0,0.05,-0.085,58.8458,12.032
0,0.0525,-0.085,60.1398,12
0,0.055,-0.085,57.6922,12.016
0,0.0575,-0.085,57.8326,12.016
0,0.06,-0.085,57.6922,12
0,0.0625,-0.085,54.976,12.016
0,0.065,-0.085,54.6953,12.016
0,0.0675,-0.085,53.6027,12.016
0,0.07,-0.085,51.7899,12.048
0,0.0725,-0.085,51.381,12.048
0,0.075,-0.085,52.1561,12.048
0,0.0775,-0.085,50.5692,12.016
0,0.08,-0.085,48.9883,12.032
0,0.0825,-0.085,47.5112,12.032
0,0.085,-0.085,46.9069,12.032
0,0.0875,-0.085,45.4665,12.032
0,0.09,-0.085,44.1603,12.048
0,0.0925,-0.085,44.5875,12.032
0,0.095,-0.085,43.9161,12.048
0,0.0975,-0.085,42.1278,12.064
0,0.1,-0.085,41.2976,12.064
0,0.1025,-0.085,38.9355,12.08
0,0.105,-0.085,39.5032,12.064
0,0.1075,-0.085,38.5144,12.064
0,0.11,-0.085,37.5439,12.064
0,0.1125,-0.085,36.7687,12.064
0,0.115,-0.085,35.9935,12.096
0,0.1175,-0.085,34.6202,12.08
0,0.12,-0.085,34.8521,12.096
0,0.1225,-0.085,32.5205,12.096
0,0.125,-0.085,32.6304,12.096
0,0.1275,-0.085,31.6294,12.112
0,0.13,-0.085,31.6721,12.112
0,0.1325,-0.085,29.7006,12.112
0,0.135,-0.085,28.8522,12.128
0,0.1375,-0.085,28.254,12.144
0,0.14,-0.085,27.3263,12.112
0,0.1425,-0.085,25.9529,12.128
0,0.145,-0.085,25.6966,12.144
0,0.1475,-0.085,25.4646,12.16
0,0.15,-0.085,24.5918,12.144
0,0.1525,-0.085,23.1147,12.144
0,0.155,-0.085,23.8166,12.176
0,0.1575,-0.085,22.5532,12.144
0,0.16,-0.085,21.7048,12.144
0,0.1625,-0.085,21.4972,12.144
0,0.165,-0.085,20.5329,12.144
0,0.1675,-0.085,20.3681,12.16
0,0.17,-0.085,19.4586,12.176
0,0.1725,-0.085,19.4525,12.16
0,0.175,-0.085,18.8665,12.192
0,0.1775,-0.085,18.1341,12.192
0,0.18,-0.085,17.8838,12.208
0,0.1825,-0.085,17.6336,12.224
0,0.185,-0.085,16.6326,12.224
0,0.1875,-0.085,16.1809,12.192
0,0.19,-0.085,16.6692,12.24
0,0.1925,-0.085,15.1616,12.24
0,0.195,-0.085,14.5207,12.24
0,0.1975,-0.085,15.1067,12.24
0,0.2,-0.085,14.301,12.24
0,-0.2,-0.0825,14.3071,12.032
0,-0.1975,-0.0825,14.3742,12.016
0,-0.195,-0.0825,15.3325,12.016
0,-0.1925,-0.0825,15.125,12.064
0,-0.19,-0.0825,15.2654,12.048
0,-0.1875,-0.0825,15.4546,12.048
0,-0.185,-0.0825,17.127,12.032
0,-0.1825,-0.0825,17.6397,12.048
0,-0.18,-0.0825,17.6824,12.016
0,-0.1775,-0.0825,17.7801,12.032
0,-0.175,-0.0825,18.2928,12
0,-0.1725,-0.0825,19.3731,12.032
0,-0.17,-0.0825,19.2206,12.048
0,-0.1675,-0.0825,20.0873,12.048
0,-0.165,-0.0825,20.2704,12.016
0,-0.1625,-0.0825,21.5766,12.016
0,-0.16,-0.0825,21.0089,12.048
0,-0.1575,-0.0825,22.8034,12.016
0,-0.155,-0.0825,23.4199,12.016
0,-0.1525,-0.0825,23.9387,12
0,-0.15,-0.0825,24.5369,12.016
0,-0.1475,-0.0825,25.0191,12.016
0,-0.145,-0.0825,26.0445,12
0,-0.1425,-0.0825,25.1167,12.016
0,-0.14,-0.0825,27.1065,12
0,-0.1375,-0.0825,28.8034,12.016
0,-0.135,-0.0825,29.603,12.016
0,-0.1325,-0.0825,30.372,12
0,-0.13,-0.0825,30.9091,11.984
0,-0.1275,-0.0825,30.7321,11.968
0,-0.125,-0.0825,31.0129,11.984
0,-0.1225,-0.0825,33.5093,11.984
0,-0.12,-0.0825,33.3628,11.984
0,-0.1175,-0.0825,34.6995,11.952
0,-0.115,-0.0825,35.7799,11.968
0,-0.1125,-0.0825,36.6527,11.968
0,-0.11,-0.0825,37.3669,11.984
0,-0.1075,-0.0825,38.8989,11.968
0,-0.105,-0.0825,39.8389,11.968
0,-0.1025,-0.0825,39.082,11.968
0,-0.1,-0.0825,40.7849,11.984
0,-0.0975,-0.0825,42.5001,11.968
0,-0.095,-0.0825,42.9762,11.968
0,-0.0925,-0.0825,44.1725,11.984
0,-0.09,-0.0825,46.2966,11.968
0,-0.0875,-0.0825,46.5712,11.952
0,-0.085,-0.0825,47.9141,11.968
0,-0.0825,-0.0825,48.7075,11.968
0,-0.08,-0.0825,49.3789,11.968
0,-0.0775,-0.0825,52.0646,11.968
0,-0.075,-0.0825,51.2406,11.968
0,-0.0725,-0.0825,53.3891,11.968
0,-0.07,-0.0825,54.8723,11.968
0,-0.0675,-0.0825,55.5681,11.968
0,-0.065,-0.0825,56.209,11.968
0,-0.0625,-0.0825,58.0401,11.968
0,-0.06,-0.0825,59.9628,11.984
0,-0.0575,-0.0825,60.4633,11.984
0,-0.055,-0.0825,61.6718,11.984
0,-0.0525,-0.0825,61.8549,11.984
0,-0.05,-0.0825,62.1479,11.984
0,-0.0475,-0.0825,63.1794,11.968
0,-0.045,-0.0825,64.8824,11.952
0,-0.0425,-0.0825,65.3462,11.968
0,-0.04,-0.0825,66.2923,11.984
0,-0.0375,-0.0825,67.4886,11.984
0,-0.035,-0.0825,68.2516,11.968
0,-0.0325,-0.0825,68.4469,11.968
0,-0.03,-0.0825,70.0949,12
0,-0.0275,-0.0825,70.1865,11.984
0,-0.025,-0.0825,70.9311,11.968
0,-0.0225,-0.0825,71.7917,11.984
0,-0.02,-0.0825,71.0837,11.952
0,-0.0175,-0.0825,71.4988,11.984
0,-0.015,-0.0825,72.4082,11.984
0,-0.0125,-0.0825,73.9219,11.968
0,-0.01,-0.0825,73.3787,12
0,-0.0075,-0.0825,73.3055,11.984
0,-0.005,-0.0825,73.2261,11.984
0,-0.0025,-0.0825,72.927,11.984
0,0,-0.0825,73.0735,11.984
0,0.0025,-0.0825,72.7561,11.984
0,0.005,-0.0825,72.2678,11.968
0,0.0075,-0.0825,71.5293,11.984
0,0.01,-0.0825,72.4937,11.984
0,0.0125,-0.0825,72.6279,12
0,0.015,-0.0825,72.2617,11.984
0,0.0175,-0.0825,71.1509,12
0,0.02,-0.0825,72.8355,12
0,0.0225,-0.0825,70.7175,12.016
0,0.025,-0.0825,69.3258,11.984
0,0.0275,-0.0825,70.0705,12
0,0.03,-0.0825,69.7531,12.016
0,0.0325,-0.0825,67.3849,12.032
0,0.035,-0.0825,67.5436,12
0,0.0375,-0.0825,66.2435,12
0,0.04,-0.0825,65.5232,12
0,0.0425,-0.0825,64.0095,12.032
0,0.045,-0.0825,63.2282,12.016
0,0.0475,-0.0825,62.3615,12.016
0,0.05,-0.0825,62.5507,12.016
0,0.0525,-0.0825,60.4083,12.032
0,0.055,-0.0825,58.565,12.032
0,0.0575,-0.0825,59.4256,12.016
0,0.06,-0.0825,59.1449,12.016
0,0.0625,-0.0825,57.0086,12.016
0,0.065,-0.0825,55.5986,12.016
0,0.0675,-0.0825,55.2202,12.032
0,0.07,-0.0825,52.6322,12.032
0,0.0725,-0.0825,52.5101,12.016
0,0.075,-0.0825,51.6861,12.032
0,0.0775,-0.0825,50.8133,12.032
0,0.08,-0.0825,50.0198,12.048
0,0.0825,-0.0825,47.3525,12.016
0,0.085,-0.0825,47.9751,12.016
0,0.0875,-0.0825,47.0351,12.032
0,0.09,-0.0825,44.0077,12.048
0,0.0925,-0.0825,44.2763,12.048
0,0.095,-0.0825,44.673,12.048
0,0.0975,-0.0825,41.5235,12.064
0,0.1,-0.0825,42.201,12.032
0,0.1025,-0.0825,40.0891,12.064
0,0.105,-0.0825,40.0586,12.064
0,0.1075,-0.0825,39.375,12.064
0,0.11,-0.0825,37.7453,12.064
0,0.1125,-0.0825,37.08,12.08
0,0.115,-0.0825,36.5123,12.08
0,0.1175,-0.0825,36.8908,12.096
0,0.12,-0.0825,34.3272,12.08
0,0.1225,-0.0825,32.4839,12.096
0,0.125,-0.0825,33.5887,12.096
0,0.1275,-0.0825,32.1726,12.096
0,0.13,-0.0825,31.0434,12.096
0,0.1325,-0.0825,30.4575,12.112
0,0.135,-0.0825,29.0902,12.112
0,0.1375,-0.0825,29.3039,12.128
0,0.14,-0.0825,27.1798,12.128
0,0.1425,-0.0825,27.1432,12.128
0,0.145,-0.0825,26.3619,12.128
0,0.1475,-0.0825,24.9825,12.128
0,0.15,-0.0825,25.3731,12.128
0,0.1525,-0.0825,23.9998,12.16
0,0.155,-0.0825,24.1768,12.144
0,0.1575,-0.0825,22.6142,12.176
0,0.16,-0.0825,22.2236,12.16
0,0.1625,-0.0825,21.7414,12.16
0,0.165,-0.0825,21.7414,12.16
0,0.1675,-0.0825,21.0334,12.16
0,0.17,-0.0825,20.8502,12.192
0,0.1725,-0.0825,19.367,12.192
0,0.175,-0.0825,18.9581,12.192
0,0.1775,-0.0825,19.1412,12.208
0,0.18,-0.0825,18.952,12.192
0,0.1825,-0.0825,16.8767,12.192
0,0.185,-0.0825,17.9205,12.176
0,0.1875,-0.0825,16.0405,12.208
0,0.19,-0.0825,16.2969,12.224
0,0.1925,-0.0825,16.4068,12.208
0,0.195,-0.0825,15.5339,12.256
0,0.1975,-0.0825,15.125,12.24
0,0.2,-0.0825,14.0873,12.224
0,-0.2,-0.08,14.893,12.032
0,-0.1975,-0.08,13.7577,12.032
0,-0.195,-0.08,14.7588,12.032
0,-0.1925,-0.08,15.4912,12.032
0,-0.19,-0.08,15.4363,12.032
0,-0.1875,-0.08,16.9317,12.016
0,-0.185,-0.08,17.1026,12.032
0,-0.1825,-0.08,16.5044,12.016
0,-0.18,-0.08,17.7801,12.048
0,-0.1775,-0.08,17.951,12.032
0,-0.175,-0.08,18.9947,12.032
0,-0.1725,-0.08,19.4525,12.032
0,-0.17,-0.08,19.0558,12.048
0,-0.1675,-0.08,20.2582,12.064
0,-0.165,-0.08,20.9967,12.032
0,-0.1625,-0.08,21.7536,12.032
0,-0.16,-0.08,22.4067,12
0,-0.1575,-0.08,22.9316,12
0,-0.155,-0.08,23.7861,12.016
0,-0.1525,-0.08,23.3222,12.016
0,-0.15,-0.08,24.1707,11.984
0,-0.1475,-0.08,25.5318,12
0,-0.145,-0.08,25.721,12
0,-0.1425,-0.08,26.5511,11.984
0,-0.14,-0.08,26.6732,11.984
0,-0.1375,-0.08,28.0465,11.984
0,-0.135,-0.08,29.1635,11.968
0,-0.1325,-0.08,29.9203,12
0,-0.13,-0.08,30.1706,11.984
0,-0.1275,-0.08,32.3435,12
0,-0.125,-0.08,32.3008,11.968
0,-0.1225,-0.08,33.0699,11.968
0,-0.12,-0.08,34.2784,11.968
0,-0.1175,-0.08,34.9437,11.968
0,-0.115,-0.08,35.3038,11.952
0,-0.1125,-0.08,38.1542,11.968
0,-0.11,-0.08,38.7341,11.968
0,-0.1075,-0.08,38.9904,11.984
0,-0.105,-0.08,40.2112,11.952
0,-0.1025,-0.08,40.846,11.968
0,-0.1,-0.08,41.5235,11.952
0,-0.0975,-0.08,43.1104,11.952
0,-0.095,-0.08,43.5438,11.952
0,-0.0925,-0.08,45.3078,11.952
0,-0.09,-0.08,45.8876,11.984
0,-0.0875,-0.08,47.853,11.968
0,-0.085,-0.08,48.1033,11.968
0,-0.0825,-0.08,50.5692,11.968
0,-0.08,-0.08,50.557,11.952
0,-0.0775,-0.08,51.4237,11.968
0,-0.075,-0.08,52.8275,11.984
0,-0.0725,-0.08,54.5671,11.968
0,-0.07,-0.08,55.2446,11.952
0,-0.0675,-0.08,56.6118,11.968
0,-0.065,-0.08,58.797,11.968
0,-0.0625,-0.08,58.8763,11.968
0,-0.06,-0.08,60.4633,11.968
0,-0.0575,-0.08,61.8793,11.984
0,-0.055,-0.08,62.2883,11.984
0,-0.0525,-0.08,63.3259,11.968
0,-0.05,-0.08,63.9851,11.968
0,-0.0475,-0.08,64.8824,11.968
0,-0.045,-0.08,66.0298,11.984
0,-0.0425,-0.08,67.6168,11.968
0,-0.04,-0.08,68.1722,11.968
0,-0.0375,-0.08,68.1478,11.984
0,-0.035,-0.08,69.5151,11.968
0,-0.0325,-0.08,70.1315,11.968
0,-0.03,-0.08,71.9993,11.952
0,-0.0275,-0.08,71.1631,11.968
0,-0.025,-0.08,71.2302,11.968
0,-0.0225,-0.08,72.3777,11.968
0,-0.02,-0.08,74.868,11.968
0,-0.0175,-0.08,74.6117,11.968
0,-0.015,-0.08,73.7327,11.968
0,-0.0125,-0.08,75.1976,11.968
0,-0.01,-0.08,75.2037,11.968
0,-0.0075,-0.08,75.2831,11.984
0,-0.005,-0.08,75.7103,11.984
0,-0.0025,-0.08,75.2586,11.984
0,0,-0.08,75.6371,11.984
0,0.0025,-0.08,75.0999,11.984
0,0.005,-0.08,74.8802,11.968
0,0.0075,-0.08,75.2037,11.984
0,0.01,-0.08,74.691,11.984
0,0.0125,-0.08,74.5933,12
0,0.015,-0.08,74.5079,12
0,0.0175,-0.08,74.0501,11.984
0,0.02,-0.08,73.0735,12
0,0.0225,-0.08,72.3472,12
0,0.025,-0.08,71.5476,12
0,0.0275,-0.08,70.8029,12
0,0.03,-0.08,70.3696,12
0,0.0325,-0.08,69.3625,12.016
0,0.035,-0.08,69.0512,12.016
0,0.0375,-0.08,67.568,12
0,0.04,-0.08,67.037,12.016
0,0.0425,-0.08,65.8589,12.016
0,0.045,-0.08,65.8467,12.016
0,0.0475,-0.08,64.095,12.032
0,0.05,-0.08,62.8986,12
0,0.0525,-0.08,63.4968,12.032
0,0.055,-0.08,62.0197,12.016
0,0.0575,-0.08,60.7013,12.016
0,0.06,-0.08,60.3168,12.016
0,0.0625,-0.08,58.1133,12.032
0,0.065,-0.08,57.094,12.016
0,0.0675,-0.08,57.3138,12.016
0,0.07,-0.08,55.4704,12.016
0,0.0725,-0.08,54.0422,12.032
0,0.075,-0.08,52.8886,12.016
0,0.0775,-0.08,52.2599,12.016
0,0.08,-0.08,50.8133,12.016
0,0.0825,-0.08,50.0809,12.016
0,0.085,-0.08,48.2803,12.048
0,0.0875,-0.08,48.677,12.032
0,0.09,-0.08,45.6496,12.048
0,0.0925,-0.08,45.7656,12.032
0,0.095,-0.08,45.0575,12.064
0,0.0975,-0.08,43.7391,12.048
0,0.1,-0.08,42.4085,12.048
0,0.1025,-0.08,42.0606,12.032
0,0.105,-0.08,40.3577,12.048
0,0.1075,-0.08,38.4045,12.064
0,0.11,-0.08,38.2519,12.064
0,0.1125,-0.08,37.3913,12.064
0,0.115,-0.08,37.3852,12.08
0,0.1175,-0.08,35.3832,12.08
0,0.12,-0.08,34.9437,12.096
0,0.1225,-0.08,32.9112,12.08
0,0.125,-0.08,33.8206,12.08
0,0.1275,-0.08,33.8206,12.08
0,0.13,-0.08,32.2398,12.096
0,0.1325,-0.08,31.2204,12.112
0,0.135,-0.08,30.1767,12.112
0,0.1375,-0.08,28.5836,12.128
0,0.14,-0.08,28.5958,12.128
0,0.1425,-0.08,27.6803,12.144
0,0.145,-0.08,26.9845,12.112
0,0.1475,-0.08,26.0323,12.128
0,0.15,-0.08,26.0018,12.128
0,0.1525,-0.08,24.2439,12.144
0,0.155,-0.08,24.311,12.144
0,0.1575,-0.08,23.8411,12.144
0,0.16,-0.08,22.2602,12.144
0,0.1625,-0.08,21.4545,12.144
0,0.165,-0.08,20.5817,12.176
0,0.1675,-0.08,20.5695,12.176
0,0.17,-0.08,20.838,12.144
0,0.1725,-0.08,19.2206,12.16
0,0.175,-0.08,19.2145,12.192
0,0.1775,-0.08,18.4637,12.16
0,0.18,-0.08,19.1778,12.176
0,0.1825,-0.08,17.8289,12.176
0,0.185,-0.08,17.304,12.176
0,0.1875,-0.08,16.364,12.192
0,0.19,-0.08,17.4017,12.208
0,0.1925,-0.08,16.8279,12.208
0,0.195,-0.08,15.8147,12.224
0,0.1975,-0.08,15.7598,12.24
0,0.2,-0.08,15.2165,12.224
0,-0.2,-0.0775,14.9297,12
0,-0.1975,-0.0775,15.1189,12.016
0,-0.195,-0.0775,14.9113,12.048
0,-0.1925,-0.0775,15.717,12.016
0,-0.19,-0.0775,16.2358,12.016
0,-0.1875,-0.0775,17.066,12.048
0,-0.185,-0.0775,17.1087,12.016
0,-0.1825,-0.0775,17.2979,12.032
0,-0.18,-0.0775,17.1575,12
0,-0.1775,-0.0775,18.5919,12.016
0,-0.175,-0.0775,18.0609,12.032
0,-0.1725,-0.0775,19.5807,12
0,-0.17,-0.0775,20.0629,12.032
0,-0.1675,-0.0775,20.191,12.016
0,-0.165,-0.0775,21.7475,12.016
0,-0.1625,-0.0775,21.1066,12
0,-0.16,-0.0775,22.5105,12.032
0,-0.1575,-0.0775,22.4128,12
0,-0.155,-0.0775,24.7322,12.016
0,-0.1525,-0.0775,25.4219,12.016
0,-0.15,-0.0775,24.781,12.016
0,-0.1475,-0.0775,26.7769,12
0,-0.145,-0.0775,26.3863,11.984
0,-0.1425,-0.0775,27.1249,11.984
0,-0.14,-0.0775,28.2601,11.984
0,-0.1375,-0.0775,29.5236,11.984
0,-0.135,-0.0775,29.3405,11.984
0,-0.1325,-0.0775,30.2805,11.968
0,-0.13,-0.0775,32.844,11.984
0,-0.1275,-0.0775,32.8928,11.968
0,-0.125,-0.0775,33.2347,11.968
0,-0.1225,-0.0775,34.0526,11.968
0,-0.12,-0.0775,35.2,11.968
0,-0.1175,-0.0775,35.9569,11.968
0,-0.115,-0.0775,36.3292,11.952
0,-0.1125,-0.0775,37.7148,11.968
0,-0.11,-0.0775,38.5815,11.968
0,-0.1075,-0.0775,39.3445,11.968
0,-0.105,-0.0775,40.9803,11.968
0,-0.1025,-0.0775,42.1766,11.968
0,-0.1,-0.0775,43.2386,11.936
0,-0.0975,-0.0775,44.5143,11.968
0,-0.095,-0.0775,44.3861,11.936
0,-0.0925,-0.0775,46.736,11.968
0,-0.09,-0.0775,48.8968,11.968
0,-0.0875,-0.0775,48.6343,11.952
0,-0.085,-0.0775,49.6231,11.936
0,-0.0825,-0.0775,52.2843,11.968
0,-0.08,-0.0775,51.8204,11.968
0,-0.0775,-0.0775,52.4308,11.952
0,-0.075,-0.0775,53.8774,11.952
0,-0.0725,-0.0775,55.4765,11.968
0,-0.07,-0.0775,57.6983,11.952
0,-0.0675,-0.0775,57.4053,11.968
0,-0.065,-0.0775,58.9434,11.968
0,-0.0625,-0.0775,59.3341,11.952
0,-0.06,-0.0775,62.3737,11.952
0,-0.0575,-0.0775,61.7878,11.952
0,-0.055,-0.0775,65.0472,11.968
0,-0.0525,-0.0775,65.157,11.984
0,-0.05,-0.0775,65.9566,11.968
0,-0.0475,-0.0775,67.4764,11.968
0,-0.045,-0.0775,67.7511,11.968
0,-0.0425,-0.0775,68.2089,11.968
0,-0.04,-0.0775,70.0705,11.968
0,-0.0375,-0.0775,72.0847,11.968
0,-0.035,-0.0775,71.8528,11.968
0,-0.0325,-0.0775,73.281,11.968
0,-0.03,-0.0775,72.3472,11.968
0,-0.0275,-0.0775,73.7877,11.952
0,-0.025,-0.0775,75.2098,11.968
0,-0.0225,-0.0775,74.6178,11.968
0,-0.02,-0.0775,76.1681,11.952
0,-0.0175,-0.0775,75.0206,11.968
0,-0.015,-0.0775,77.2668,11.984
0,-0.0125,-0.0775,76.2902,11.984
0,-0.01,-0.0775,76.5648,11.968
0,-0.0075,-0.0775,75.8141,11.968
0,-0.005,-0.0775,77.0714,11.968
0,-0.0025,-0.0775,78.4265,11.984
0,0,-0.0775,76.8456,11.968
0,0.0025,-0.0775,78.2006,11.984
0,0.005,-0.0775,77.1264,11.984
0,0.0075,-0.0775,77.3339,12
0,0.01,-0.0775,76.9677,11.984
0,0.0125,-0.0775,76.6564,11.984
0,0.015,-0.0775,76.5099,12
0,0.0175,-0.0775,74.868,11.984
0,0.02,-0.0775,75.2403,11.984
0,0.0225,-0.0775,74.1844,11.984
0,0.025,-0.0775,73.7999,12
0,0.0275,-0.0775,72.7073,12
0,0.03,-0.0775,71.9016,12
0,0.0325,-0.0775,71.749,12
0,0.035,-0.0775,70.1559,12.016
0,0.0375,-0.0775,69.6493,12
0,0.04,-0.0775,68.8437,12
0,0.0425,-0.0775,67.7877,12.016
0,0.045,-0.0775,67.3544,12.016
0,0.0475,-0.0775,65.3951,12.016
0,0.05,-0.0775,65.0594,12.016
0,0.0525,-0.0775,64.4124,12
0,0.055,-0.0775,62.3676,12
0,0.0575,-0.0775,61.6718,12
0,0.06,-0.0775,61.1347,12.016
0,0.0625,-0.0775,59.7919,12.016
0,0.065,-0.0775,58.1194,12
0,0.0675,-0.0775,57.5884,12.032
0,0.07,-0.0775,56.4348,12.016
0,0.0725,-0.0775,55.3911,12.016
0,0.075,-0.0775,52.8642,12.016
0,0.0775,-0.0775,54.4145,12
0,0.08,-0.0775,52.5224,12.016
0,0.0825,-0.0775,51.0453,12.016
0,0.085,-0.0775,50.6302,12.032
0,0.0875,-0.0775,50.0015,12.032
0,0.09,-0.0775,49.1653,12.016
0,0.0925,-0.0775,47.1328,12.032
0,0.095,-0.0775,45.2956,12.032
0,0.0975,-0.0775,43.8612,12.032
0,0.1,-0.0775,43.8002,12.032
0,0.1025,-0.0775,43.3668,12.048
0,0.105,-0.0775,41.7615,12.048
0,0.1075,-0.0775,40.6323,12.048
0,0.11,-0.0775,38.8562,12.064
0,0.1125,-0.0775,38.4594,12.08
0,0.115,-0.0775,38.6486,12.064
0,0.1175,-0.0775,36.2133,12.064
0,0.12,-0.0775,35.8165,12.064
0,0.1225,-0.0775,35.3221,12.096
0,0.125,-0.0775,34.3822,12.08
0,0.1275,-0.0775,33.6375,12.08
0,0.13,-0.0775,31.9834,12.08
0,0.1325,-0.0775,31.8125,12.096
0,0.135,-0.0775,30.2438,12.096
0,0.1375,-0.0775,29.9814,12.096
0,0.14,-0.0775,28.4555,12.112
0,0.1425,-0.0775,28.2357,12.112
0,0.145,-0.0775,27.3385,12.112
0,0.1475,-0.0775,25.9224,12.112
0,0.15,-0.0775,25.8187,12.128
0,0.1525,-0.0775,24.8299,12.112
0,0.155,-0.0775,24.4087,12.128
0,0.1575,-0.0775,23.5847,12.128
0,0.16,-0.0775,22.4738,12.128
0,0.1625,-0.0775,22.1503,12.16
0,0.165,-0.0775,22.5288,12.144
0,0.1675,-0.0775,21.1554,12.144
0,0.17,-0.0775,21.3263,12.176
0,0.1725,-0.0775,19.7211,12.16
0,0.175,-0.0775,20.4474,12.176
0,0.1775,-0.0775,19.0741,12.192
0,0.18,-0.0775,17.9998,12.192
0,0.1825,-0.0775,17.4871,12.176
0,0.185,-0.0775,17.2369,12.176
0,0.1875,-0.0775,17.2491,12.192
0,0.19,-0.0775,16.419,12.224
0,0.1925,-0.0775,16.1931,12.208
0,0.195,-0.0775,16.3152,12.224
0,0.1975,-0.0775,15.418,12.224
0,0.2,-0.0775,13.8554,12.208
0,-0.2,-0.075,15.9246,12.016
0,-0.1975,-0.075,15.5095,12
0,-0.195,-0.075,16.2786,12.032
0,-0.1925,-0.075,16.0283,12.016
0,-0.19,-0.075,18.4393,12.016
0,-0.1875,-0.075,16.1626,12
0,-0.185,-0.075,17.0049,12.032
0,-0.1825,-0.075,17.9571,12.032
0,-0.18,-0.075,19.3487,12
0,-0.1775,-0.075,18.4454,12
0,-0.175,-0.075,18.7017,12.016
0,-0.1725,-0.075,19.9408,12.016
0,-0.17,-0.075,20.9784,12.032
0,-0.1675,-0.075,20.9723,12.016
0,-0.165,-0.075,21.9611,12
0,-0.1625,-0.075,21.8574,12.032
0,-0.16,-0.075,22.7058,12.016
0,-0.1575,-0.075,24.6345,12
0,-0.155,-0.075,24.2683,12
0,-0.1525,-0.075,24.7261,12
0,-0.15,-0.075,25.0801,11.984
0,-0.1475,-0.075,25.9163,12
0,-0.145,-0.075,26.8746,11.984
0,-0.1425,-0.075,28.1869,11.984
0,-0.14,-0.075,29.2001,11.984
0,-0.1375,-0.075,29.1391,11.984
0,-0.135,-0.075,29.9265,11.952
0,-0.1325,-0.075,30.7016,11.968
0,-0.13,-0.075,31.8064,11.968
0,-0.1275,-0.075,33.0576,11.968
0,-0.125,-0.075,34.492,11.968
0,-0.1225,-0.075,36.0607,11.968
0,-0.12,-0.075,35.5663,11.952
0,-0.1175,-0.075,35.963,11.952
0,-0.115,-0.075,37.6476,11.952
0,-0.1125,-0.075,38.4167,11.952
0,-0.11,-0.075,40.3333,11.936
0,-0.1075,-0.075,40.4614,11.952
0,-0.105,-0.075,42.6038,11.952
0,-0.1025,-0.075,43.2081,11.936
0,-0.1,-0.075,44.319,11.952
0,-0.0975,-0.075,43.9589,11.952
0,-0.095,-0.075,46.8337,11.952
0,-0.0925,-0.075,46.6262,11.968
0,-0.09,-0.075,49.6353,11.952
0,-0.0875,-0.075,50.5997,11.952
0,-0.085,-0.075,50.8683,11.952
0,-0.0825,-0.075,53.1693,11.952
0,-0.08,-0.075,54.9516,11.968
0,-0.0775,-0.075,54.5,11.968
0,-0.075,-0.075,55.8184,11.968
0,-0.0725,-0.075,57.4419,11.968
0,-0.07,-0.075,57.8753,11.952
0,-0.0675,-0.075,59.3402,11.952
0,-0.065,-0.075,60.4572,11.952
0,-0.0625,-0.075,60.2741,11.952
0,-0.06,-0.075,63.7776,11.968
0,-0.0575,-0.075,64.1072,11.952
0,-0.055,-0.075,64.9312,11.952
0,-0.0525,-0.075,67.0186,11.968
0,-0.05,-0.075,68.6605,11.968
0,-0.0475,-0.075,69.4113,11.952
0,-0.045,-0.075,69.4662,11.968
0,-0.0425,-0.075,72.8416,11.968
0,-0.04,-0.075,71.1386,11.968
0,-0.0375,-0.075,72.4448,11.968
0,-0.035,-0.075,73.9586,11.952
0,-0.0325,-0.075,75.753,11.952
0,-0.03,-0.075,75.1061,11.968
0,-0.0275,-0.075,74.9901,11.952
0,-0.025,-0.075,78.0541,11.952
0,-0.0225,-0.075,77.6635,11.968
0,-0.02,-0.075,76.7113,11.968
0,-0.0175,-0.075,78.28,11.952
0,-0.015,-0.075,77.9138,11.952
0,-0.0125,-0.075,79.0124,11.968
0,-0.01,-0.075,78.5607,11.952
0,-0.0075,-0.075,80.1843,11.968
0,-0.005,-0.075,79.0307,11.984
0,-0.0025,-0.075,79.989,11.984
0,0,-0.075,79.5984,11.968
0,0.0025,-0.075,79.7937,11.984
0,0.005,-0.075,78.6462,11.984
0,0.0075,-0.075,79.4214,11.984
0,0.01,-0.075,79.3054,11.984
0,0.0125,-0.075,78.872,11.984
0,0.015,-0.075,77.7612,11.984
0,0.0175,-0.075,78.4631,12
0,0.02,-0.075,77.2546,11.984
0,0.0225,-0.075,76.7479,12
0,0.025,-0.075,76.2047,12
0,0.0275,-0.075,75.0572,12
0,0.03,-0.075,73.8243,12
0,0.0325,-0.075,74.1173,12
0,0.035,-0.075,72.6279,12
0,0.0375,-0.075,71.9871,11.984
0,0.04,-0.075,70.217,11.984
0,0.0425,-0.075,70.3085,12
0,0.045,-0.075,68.4835,12
0,0.0475,-0.075,68.1417,12
0,0.05,-0.075,66.1397,12
0,0.0525,-0.075,66.9454,12
0,0.055,-0.075,65.0533,12
0,0.0575,-0.075,64.6443,12
0,0.06,-0.075,62.5568,12.016
0,0.0625,-0.075,61.4643,12.016
0,0.065,-0.075,60.7746,12.016
0,0.0675,-0.075,58.9557,12
0,0.07,-0.075,56.6851,12.016
0,0.0725,-0.075,56.2334,12.016
0,0.075,-0.075,56.447,12.016
0,0.0775,-0.075,54.1154,12.016
0,0.08,-0.075,53.737,12.016
0,0.0825,-0.075,51.4786,12.032
0,0.085,-0.075,51.1307,12.032
0,0.0875,-0.075,50.6912,12.016
0,0.09,-0.075,48.4085,12.016
0,0.0925,-0.075,47.4502,12.048
0,0.095,-0.075,45.4482,12.016
0,0.0975,-0.075,46.0524,12.032
0,0.1,-0.075,44.6547,12.032
0,0.1025,-0.075,43.318,12.048
0,0.105,-0.075,42.9579,12.048
0,0.1075,-0.075,40.8155,12.032
0,0.11,-0.075,40.376,12.064
0,0.1125,-0.075,39.8572,12.048
0,0.115,-0.075,38.5205,12.048
0,0.1175,-0.075,37.5317,12.048
0,0.12,-0.075,37.1044,12.048
0,0.1225,-0.075,35.6517,12.08
0,0.125,-0.075,35.7067,12.08
0,0.1275,-0.075,33.5276,12.08
0,0.13,-0.075,32.6182,12.08
0,0.1325,-0.075,31.9163,12.096
0,0.135,-0.075,31.55,12.096
0,0.1375,-0.075,28.9377,12.096
0,0.14,-0.075,29.2184,12.096
0,0.1425,-0.075,29.3222,12.096
0,0.145,-0.075,27.6986,12.112
0,0.1475,-0.075,27.3873,12.096
0,0.15,-0.075,26.5572,12.128
0,0.1525,-0.075,25.0008,12.112
0,0.155,-0.075,24.2378,12.144
0,0.1575,-0.075,24.6162,12.128
0,0.16,-0.075,22.8767,12.144
0,0.1625,-0.075,22.0466,12.112
0,0.165,-0.075,22.7119,12.144
0,0.1675,-0.075,20.3864,12.16
0,0.17,-0.075,20.5451,12.144
0,0.1725,-0.075,19.5502,12.16
0,0.175,-0.075,19.9896,12.144
0,0.1775,-0.075,20.6,12.176
0,0.18,-0.075,18.3538,12.16
0,0.1825,-0.075,18.2745,12.176
0,0.185,-0.075,17.4383,12.192
0,0.1875,-0.075,17.1026,12.208
0,0.19,-0.075,16.95,12.208
0,0.1925,-0.075,17.6336,12.192
0,0.195,-0.075,15.8757,12.224
0,0.1975,-0.075,16.5899,12.224
0,0.2,-0.075,15.656,12.224
0,-0.2,-0.0725,15.1677,12.032
0,-0.1975,-0.0725,14.6367,12.016
0,-0.195,-0.0725,15.6194,11.984
0,-0.1925,-0.0725,15.949,12.032
0,-0.19,-0.0725,17.1514,12.016
0,-0.1875,-0.0725,16.541,12.032
0,-0.185,-0.0725,17.5237,12.032
0,-0.1825,-0.0725,17.8716,12
0,-0.18,-0.0725,18.5186,12.016
0,-0.1775,-0.0725,19.3304,12.032
0,-0.175,-0.0725,19.3548,12.032
0,-0.1725,-0.0725,20.069,11.984
0,-0.17,-0.0725,21.5278,12.016
0,-0.1675,-0.0725,20.893,12
0,-0.165,-0.0725,22.0405,12
0,-0.1625,-0.0725,23.5054,12.016
0,-0.16,-0.0725,22.7668,11.984
0,-0.1575,-0.0725,23.5908,12
0,-0.155,-0.0725,23.9265,11.984
0,-0.1525,-0.0725,25.3853,12
0,-0.15,-0.0725,25.1534,12
0,-0.1475,-0.0725,26.9784,11.984
0,-0.145,-0.0725,26.7769,11.968
0,-0.1425,-0.0725,28.2113,11.968
0,-0.14,-0.0725,29.8715,11.968
0,-0.1375,-0.0725,29.7067,11.968
0,-0.135,-0.0725,30.5673,11.984
0,-0.1325,-0.0725,31.1411,11.968
0,-0.13,-0.0725,31.605,11.968
0,-0.1275,-0.0725,33.2102,11.984
0,-0.125,-0.0725,33.4605,11.968
0,-0.1225,-0.0725,35.0414,11.968
0,-0.12,-0.0725,35.5602,11.968
0,-0.1175,-0.0725,37.6476,11.968
0,-0.115,-0.0725,38.2031,11.968
0,-0.1125,-0.0725,39.0088,11.952
0,-0.11,-0.0725,41.3465,11.952
0,-0.1075,-0.0725,41.7127,11.936
0,-0.105,-0.0725,41.1756,11.952
0,-0.1025,-0.0725,43.4889,11.936
0,-0.1,-0.0725,44.8622,11.952
0,-0.0975,-0.0725,45.6069,11.968
0,-0.095,-0.0725,46.5468,11.952
0,-0.0925,-0.0725,48.6221,11.952
0,-0.09,-0.0725,50.0198,11.952
0,-0.0875,-0.0725,50.8866,11.952
0,-0.085,-0.0725,50.8377,11.968
0,-0.0825,-0.0725,53.6271,11.952
0,-0.08,-0.0725,54.1032,11.968
0,-0.0775,-0.0725,55.9893,11.968
0,-0.075,-0.0725,57.1001,11.968
0,-0.0725,-0.0725,57.9546,11.968
0,-0.07,-0.0725,59.096,11.968
0,-0.0675,-0.0725,61.3117,11.968
0,-0.065,-0.0725,62.0624,11.952
0,-0.0625,-0.0725,63.3137,11.952
0,-0.06,-0.0725,65.0716,11.968
0,-0.0575,-0.0725,65.3706,11.952
0,-0.055,-0.0725,66.628,11.968
0,-0.0525,-0.0725,67.4886,11.952
0,-0.05,-0.0725,70.4672,11.952
0,-0.0475,-0.0725,70.6626,11.968
0,-0.045,-0.0725,70.6931,11.952
0,-0.0425,-0.0725,71.749,11.968
0,-0.04,-0.0725,72.805,11.952
0,-0.0375,-0.0725,75.0755,11.952
0,-0.035,-0.0725,75.3563,11.952
0,-0.0325,-0.0725,75.5821,11.968
0,-0.03,-0.0725,77.4133,11.968
0,-0.0275,-0.0725,77.0348,11.952
0,-0.025,-0.0725,78.9453,11.968
0,-0.0225,-0.0725,79.8486,11.952
0,-0.02,-0.0725,80.8618,11.968
0,-0.0175,-0.0725,81.1914,11.968
0,-0.015,-0.0725,80.9778,11.968
0,-0.0125,-0.0725,80.6421,11.968
0,-0.01,-0.0725,82.0582,11.968
0,-0.0075,-0.0725,82.0215,11.984
0,-0.005,-0.0725,81.9361,11.952
0,-0.0025,-0.0725,81.8323,11.984
0,0,-0.0725,82.0276,11.968
0,0.0025,-0.0725,82.1436,11.968
0,0.005,-0.0725,81.5699,11.984
0,0.0075,-0.0725,81.3074,11.968
0,0.01,-0.0725,80.0867,12
0,0.0125,-0.0725,81.6675,11.984
0,0.015,-0.0725,79.9097,11.968
0,0.0175,-0.0725,79.2016,11.968
0,0.02,-0.0725,78.7622,11.984
0,0.0225,-0.0725,78.2067,11.984
0,0.025,-0.0725,77.5719,12
0,0.0275,-0.0725,77.6025,12
0,0.03,-0.0725,76.3817,12
0,0.0325,-0.0725,76.7174,12
0,0.035,-0.0725,74.9229,11.984
0,0.0375,-0.0725,74.0806,12
0,0.04,-0.0725,73.0552,11.984
0,0.0425,-0.0725,71.9016,12
0,0.045,-0.0725,70.8274,12.016
0,0.0475,-0.0725,71.4743,11.984
0,0.05,-0.0725,69.277,12
0,0.0525,-0.0725,67.2262,12.016
0,0.055,-0.0725,66.0909,12
0,0.0575,-0.0725,65.627,12
0,0.06,-0.0725,64.3208,12.016
0,0.0625,-0.0725,62.1479,12
0,0.065,-0.0725,62.038,12
0,0.0675,-0.0725,60.7318,12
0,0.07,-0.0725,59.2242,12.016
0,0.0725,-0.0725,57.448,12.016
0,0.075,-0.0725,56.7705,12
0,0.0775,-0.0725,55.2812,12.016
0,0.08,-0.0725,54.3718,12
0,0.0825,-0.0725,53.5478,12.032
0,0.085,-0.0725,51.5519,12.016
0,0.0875,-0.0725,51.7106,12.016
0,0.09,-0.0725,49.8978,12.016
0,0.0925,-0.0725,48.0422,12.032
0,0.095,-0.0725,48.0972,12.032
0,0.0975,-0.0725,46.8215,12.032
0,0.1,-0.0725,46.5468,12.016
0,0.1025,-0.0725,43.7025,12.032
0,0.105,-0.0725,43.2875,12.032
0,0.1075,-0.0725,40.9253,12.032
0,0.11,-0.0725,41.4136,12.048
0,0.1125,-0.0725,40.2844,12.048
0,0.115,-0.0725,39.0027,12.064
0,0.1175,-0.0725,38.2824,12.064
0,0.12,-0.0725,36.964,12.08
0,0.1225,-0.0725,35.7128,12.08
0,0.125,-0.0725,35.0475,12.08
0,0.1275,-0.0725,34.5347,12.096
0,0.13,-0.0725,34.254,12.08
0,0.1325,-0.0725,33.0332,12.096
0,0.135,-0.0725,32.4046,12.08
0,0.1375,-0.0725,30.8908,12.096
0,0.14,-0.0725,29.9265,12.112
0,0.1425,-0.0725,29.1818,12.096
0,0.145,-0.0725,28.5836,12.112
0,0.1475,-0.0725,26.8197,12.128
0,0.15,-0.0725,26.5816,12.128
0,0.1525,-0.0725,25.9285,12.128
0,0.155,-0.0725,26.8319,12.128
0,0.1575,-0.0725,23.6763,12.16
0,0.16,-0.0725,23.6213,12.128
0,0.1625,-0.0725,22.5959,12.144
0,0.165,-0.0725,22.3457,12.16
0,0.1675,-0.0725,22.1931,12.144
0,0.17,-0.0725,20.838,12.16
0,0.1725,-0.0725,20.069,12.16
0,0.175,-0.0725,20.539,12.144
0,0.1775,-0.0725,18.8482,12.16
0,0.18,-0.0725,18.543,12.16
0,0.1825,-0.0725,18.5858,12.176
0,0.185,-0.0725,18.1219,12.208
0,0.1875,-0.0725,17.3833,12.208
0,0.19,-0.0725,17.3284,12.208
0,0.1925,-0.0725,17.4017,12.224
0,0.195,-0.0725,16.7302,12.208
0,0.1975,-0.0725,15.418,12.208
0,0.2,-0.0725,14.9785,12.224
0,-0.2,-0.07,14.8015,11.984
0,-0.1975,-0.07,15.6072,11.984
0,-0.195,-0.07,15.772,12.016
0,-0.1925,-0.07,15.2593,12.048
0,-0.19,-0.07,16.6082,12.016
0,-0.1875,-0.07,17.0721,12.032
0,-0.185,-0.07,18.6529,12
0,-0.1825,-0.07,18.0731,12
0,-0.18,-0.07,18.3905,11.984
0,-0.1775,-0.07,18.8849,11.984
0,-0.175,-0.07,19.9469,11.984
0,-0.1725,-0.07,20.4474,12.016
0,-0.17,-0.07,21.6132,12.032
0,-0.1675,-0.07,22.541,12.032
0,-0.165,-0.07,22.8706,12.016
0,-0.1625,-0.07,22.1747,12
0,-0.16,-0.07,23.3467,12
0,-0.1575,-0.07,24.7444,11.984
0,-0.155,-0.07,25.8126,12
0,-0.1525,-0.07,27.0394,11.984
0,-0.15,-0.07,26.3131,12
0,-0.1475,-0.07,27.5704,11.984
0,-0.145,-0.07,28.132,11.968
0,-0.1425,-0.07,28.7484,11.984
0,-0.14,-0.07,29.0963,11.952
0,-0.1375,-0.07,30.7749,12
0,-0.135,-0.07,31.6782,11.968
0,-0.1325,-0.07,30.665,11.968
0,-0.13,-0.07,32.0505,11.952
0,-0.1275,-0.07,33.1797,11.968
0,-0.125,-0.07,33.7046,11.952
0,-0.1225,-0.07,36.1827,11.952
0,-0.12,-0.07,37.257,11.952
0,-0.1175,-0.07,37.3852,11.952
0,-0.115,-0.07,39.1308,11.952
0,-0.1125,-0.07,40.8399,11.952
0,-0.11,-0.07,41.4014,11.936
0,-0.1075,-0.07,41.0352,11.952
0,-0.105,-0.07,43.0738,11.936
0,-0.1025,-0.07,44.0565,11.936
0,-0.1,-0.07,46.0158,11.936
0,-0.0975,-0.07,47.6211,11.952
0,-0.095,-0.07,46.9619,11.952
0,-0.0925,-0.07,48.9761,11.952
0,-0.09,-0.07,51.088,11.952
0,-0.0875,-0.07,51.5885,11.952
0,-0.085,-0.07,52.9008,11.936
0,-0.0825,-0.07,53.2609,11.936
0,-0.08,-0.07,55.6047,11.936
0,-0.0775,-0.07,56.8621,11.968
0,-0.075,-0.07,59.0533,11.952
0,-0.0725,-0.07,59.4684,11.968
0,-0.07,-0.07,60.7013,11.952
0,-0.0675,-0.07,63.2832,11.952
0,-0.065,-0.07,63.271,11.952
0,-0.0625,-0.07,64.8946,11.952
0,-0.06,-0.07,66.097,11.968
0,-0.0575,-0.07,69.1122,11.968
0,-0.055,-0.07,68.6666,11.968
0,-0.0525,-0.07,68.6361,11.968
0,-0.05,-0.07,71.2912,11.952
0,-0.0475,-0.07,72.1763,11.968
0,-0.045,-0.07,73.0979,11.968
0,-0.0425,-0.07,73.6778,11.952
0,-0.04,-0.07,76.5893,11.968
0,-0.0375,-0.07,75.6188,11.952
0,-0.035,-0.07,79.1101,11.952
0,-0.0325,-0.07,79.0307,11.968
0,-0.03,-0.07,78.8903,11.952
0,-0.0275,-0.07,80.2942,11.968
0,-0.025,-0.07,80.7398,11.968
0,-0.0225,-0.07,81.6309,11.968
0,-0.02,-0.07,82.2901,11.968
0,-0.0175,-0.07,83.0103,11.984
0,-0.015,-0.07,83.0714,11.984
0,-0.0125,-0.07,83.6451,11.952
0,-0.01,-0.07,83.7184,11.952
0,-0.0075,-0.07,83.5108,11.968
0,-0.005,-0.07,85.6594,11.952
0,-0.0025,-0.07,84.1578,11.968
0,0,-0.07,84.4386,11.984
0,0.0025,-0.07,84.4142,11.984
0,0.005,-0.07,83.9503,11.968
0,0.0075,-0.07,84.4447,11.984
0,0.01,-0.07,83.4803,11.984
0,0.0125,-0.07,83.6024,11.984
0,0.015,-0.07,82.461,11.984
0,0.0175,-0.07,82.6991,11.984
0,0.02,-0.07,81.1182,11.984
0,0.0225,-0.07,80.8496,11.984
0,0.025,-0.07,79.2261,11.984
0,0.0275,-0.07,78.4997,12
0,0.03,-0.07,79.4397,12
0,0.0325,-0.07,77.6391,12
0,0.035,-0.07,78.0602,12
0,0.0375,-0.07,76.2658,12
0,0.04,-0.07,75.3014,12
0,0.0425,-0.07,74.6117,11.984
0,0.045,-0.07,73.4947,11.984
0,0.0475,-0.07,71.2241,11.984
0,0.05,-0.07,71.0471,12
0,0.0525,-0.07,69.6615,12
0,0.055,-0.07,68.0929,12
0,0.0575,-0.07,68.1661,12
0,0.06,-0.07,66.3472,12
0,0.0625,-0.07,64.1865,12
0,0.065,-0.07,62.5629,12.016
0,0.0675,-0.07,62.0197,12.016
0,0.07,-0.07,59.1082,12
0,0.0725,-0.07,58.8885,12.016
0,0.075,-0.07,58.2659,12.016
0,0.0775,-0.07,56.7827,12.016
0,0.08,-0.07,54.9821,12
0,0.0825,-0.07,55.3362,12.016
0,0.085,-0.07,53.8835,12.016
0,0.0875,-0.07,51.3382,12.016
0,0.09,-0.07,51.558,12.016
0,0.0925,-0.07,50.0687,12.016
0,0.095,-0.07,48.5488,12.032
0,0.0975,-0.07,47.9263,12.032
0,0.1,-0.07,46.0219,12.032
0,0.1025,-0.07,45.143,12.032
0,0.105,-0.07,43.3363,12.032
0,0.1075,-0.07,42.0545,12.048
0,0.11,-0.07,42.3841,12.048
0,0.1125,-0.07,41.5784,12.032
0,0.115,-0.07,39.3811,12.048
0,0.1175,-0.07,39.32,12.08
0,0.12,-0.07,36.9823,12.08
0,0.1225,-0.07,37.672,12.064
0,0.125,-0.07,35.6944,12.08
0,0.1275,-0.07,33.8878,12.096
0,0.13,-0.07,33.6741,12.064
0,0.1325,-0.07,33.0027,12.08
0,0.135,-0.07,32.0505,12.08
0,0.1375,-0.07,30.6467,12.096
0,0.14,-0.07,30.6162,12.096
0,0.1425,-0.07,30.0851,12.112
0,0.145,-0.07,27.8756,12.096
0,0.1475,-0.07,27.0394,12.112
0,0.15,-0.07,26.7464,12.112
0,0.1525,-0.07,26.1971,12.112
0,0.155,-0.07,24.9275,12.144
0,0.1575,-0.07,24.1523,12.128
0,0.16,-0.07,24.3233,12.112
0,0.1625,-0.07,22.4067,12.128
0,0.165,-0.07,23.3711,12.128
0,0.1675,-0.07,21.9916,12.144
0,0.17,-0.07,22.0344,12.16
0,0.1725,-0.07,21.7292,12.144
0,0.175,-0.07,19.8431,12.16
0,0.1775,-0.07,20.7038,12.192
0,0.18,-0.07,19.3854,12.16
0,0.1825,-0.07,18.5797,12.192
0,0.185,-0.07,17.2308,12.16
0,0.1875,-0.07,16.2847,12.192
0,0.19,-0.07,17.5298,12.192
0,0.1925,-0.07,17.7435,12.192
0,0.195,-0.07,16.6997,12.208
0,0.1975,-0.07,14.9419,12.208
0,0.2,-0.07,15.009,12.224
0,-0.2,-0.0675,15.4424,12.016
0,-0.1975,-0.0675,15.5217,12.016
0,-0.195,-0.0675,15.9917,12
0,-0.1925,-0.0675,17.2857,12.016
0,-0.19,-0.0675,16.6387,11.984
0,-0.1875,-0.0675,17.2063,12.016
0,-0.185,-0.0675,18.2989,12.016
0,-0.1825,-0.0675,17.8228,12.016
0,-0.18,-0.0675,18.6041,12.016
0,-0.1775,-0.0675,19.3854,12
0,-0.175,-0.0675,19.7638,12.016
0,-0.1725,-0.0675,20.9479,12.016
0,-0.17,-0.0675,21.4362,12
0,-0.1675,-0.0675,21.1921,12.016
0,-0.165,-0.0675,22.309,12.016
0,-0.1625,-0.0675,23.1025,12
0,-0.16,-0.0675,23.4443,11.984
0,-0.1575,-0.0675,23.2978,11.968
0,-0.155,-0.0675,25.2388,12
0,-0.1525,-0.0675,25.2144,11.968
0,-0.15,-0.0675,26.5145,12
0,-0.1475,-0.0675,27.1432,11.968
0,-0.145,-0.0675,29.2489,11.968
0,-0.1425,-0.0675,28.0343,11.968
0,-0.14,-0.0675,28.9377,11.968
0,-0.1375,-0.0675,30.842,11.984
0,-0.135,-0.0675,31.5378,11.968
0,-0.1325,-0.0675,32.8196,11.968
0,-0.13,-0.0675,33.3445,11.968
0,-0.1275,-0.0675,34.1502,11.968
0,-0.125,-0.0675,36.6527,11.952
0,-0.1225,-0.0675,35.2184,11.936
0,-0.12,-0.0675,37.4401,11.952
0,-0.1175,-0.0675,37.5988,11.936
0,-0.115,-0.0675,39.0271,11.952
0,-0.1125,-0.0675,40.1379,11.968
0,-0.11,-0.0675,41.3953,11.968
0,-0.1075,-0.0675,42.9273,11.936
0,-0.105,-0.0675,43.9039,11.952
0,-0.1025,-0.0675,45.8205,11.952
0,-0.1,-0.0675,46.791,11.936
0,-0.0975,-0.0675,47.7371,11.952
0,-0.095,-0.0675,49.44,11.936
0,-0.0925,-0.0675,50.4471,11.952
0,-0.09,-0.0675,51.4115,11.936
0,-0.0875,-0.0675,52.6078,11.952
0,-0.085,-0.0675,53.7248,11.952
0,-0.0825,-0.0675,54.9944,11.952
0,-0.08,-0.0675,55.6597,11.952
0,-0.0775,-0.0675,57.4602,11.952
0,-0.075,-0.0675,59.3524,11.952
0,-0.0725,-0.0675,61.0858,11.952
0,-0.07,-0.0675,61.6718,11.952
0,-0.0675,-0.0675,63.5517,11.952
0,-0.065,-0.0675,65.0533,11.952
0,-0.0625,-0.0675,66.4083,11.952
0,-0.06,-0.0675,66.8172,11.952
0,-0.0575,-0.0675,68.5995,11.968
0,-0.055,-0.0675,69.6982,11.952
0,-0.0525,-0.0675,71.7856,11.952
0,-0.05,-0.0675,73.5496,11.952
0,-0.0475,-0.0675,74.3309,11.952
0,-0.045,-0.0675,75.4845,11.952
0,-0.0425,-0.0675,75.2281,11.952
0,-0.04,-0.0675,75.9545,11.952
0,-0.0375,-0.0675,79.6472,11.968
0,-0.035,-0.0675,79.3603,11.968
0,-0.0325,-0.0675,80.0623,11.952
0,-0.03,-0.0675,82.6258,11.968
0,-0.0275,-0.0675,81.344,11.952
0,-0.025,-0.0675,83.4254,11.968
0,-0.0225,-0.0675,84.0907,11.968
0,-0.02,-0.0675,84.7133,11.952
0,-0.0175,-0.0675,84.2189,11.952
0,-0.015,-0.0675,85.8791,11.968
0,-0.0125,-0.0675,86.6237,11.952
0,-0.01,-0.0675,87.3257,11.968
0,-0.0075,-0.0675,87.1487,11.952
0,-0.005,-0.0675,86.7336,11.968
0,-0.0025,-0.0675,86.5871,11.968
0,0,-0.0675,87.7224,11.968
0,0.0025,-0.0675,86.3063,11.968
0,0.005,-0.0675,86.1843,11.968
0,0.0075,-0.0675,86.6543,11.984
0,0.01,-0.0675,85.6044,11.968
0,0.0125,-0.0675,84.9879,11.984
0,0.015,-0.0675,85.3725,11.984
0,0.0175,-0.0675,84.9147,11.984
0,0.02,-0.0675,84.4203,11.984
0,0.0225,-0.0675,83.8404,11.984
0,0.025,-0.0675,82.5282,12
0,0.0275,-0.0675,82.107,12
0,0.03,-0.0675,80.7215,11.984
0,0.0325,-0.0675,80.0317,12
0,0.035,-0.0675,79.0429,12
0,0.0375,-0.0675,77.8771,12
0,0.04,-0.0675,77.1325,11.984
0,0.0425,-0.0675,75.8751,11.984
0,0.045,-0.0675,75.9667,12
0,0.0475,-0.0675,72.7927,11.984
0,0.05,-0.0675,72.1519,12.016
0,0.0525,-0.0675,69.1244,11.984
0,0.055,-0.0675,70.0461,12
0,0.0575,-0.0675,68.5263,12
0,0.06,-0.0675,67.5802,12
0,0.0625,-0.0675,66.3961,12
0,0.065,-0.0675,64.9129,12
0,0.0675,-0.0675,63.1672,12
0,0.07,-0.0675,62.4104,12.016
0,0.0725,-0.0675,61.4704,12
0,0.075,-0.0675,60.4511,12
0,0.0775,-0.0675,57.5396,12
0,0.08,-0.0675,56.27,12
0,0.0825,-0.0675,54.8723,12.016
0,0.085,-0.0675,54.268,12.032
0,0.0875,-0.0675,54.8173,12
0,0.09,-0.0675,51.619,12.032
0,0.0925,-0.0675,50.4837,12.016
0,0.095,-0.0675,49.6292,12.016
0,0.0975,-0.0675,49.3423,12.032
0,0.1,-0.0675,45.5458,12.016
0,0.1025,-0.0675,48.2498,12.048
0,0.105,-0.0675,44.3129,12.032
0,0.1075,-0.0675,43.7513,12.048
0,0.11,-0.0675,42.4696,12.064
0,0.1125,-0.0675,42.8419,12.048
0,0.115,-0.0675,40.5347,12.048
0,0.1175,-0.0675,40.4065,12.064
0,0.12,-0.0675,38.1542,12.064
0,0.1225,-0.0675,36.8236,12.064
0,0.125,-0.0675,35.8592,12.064
0,0.1275,-0.0675,34.5714,12.064
0,0.13,-0.0675,34.7301,12.064
0,0.1325,-0.0675,32.8135,12.08
0,0.135,-0.0675,32.2214,12.08
0,0.1375,-0.0675,31.2815,12.096
0,0.14,-0.0675,29.8776,12.112
0,0.1425,-0.0675,31.0801,12.096
0,0.145,-0.0675,28.7545,12.096
0,0.1475,-0.0675,29.2978,12.096
0,0.15,-0.0675,27.1432,12.128
0,0.1525,-0.0675,27.0638,12.112
0,0.155,-0.0675,25.898,12.128
0,0.1575,-0.0675,25.1289,12.128
0,0.16,-0.0675,24.6345,12.144
0,0.1625,-0.0675,23.6335,12.112
0,0.165,-0.0675,22.8889,12.144
0,0.1675,-0.0675,22.3518,12.144
0,0.17,-0.0675,21.5278,12.16
0,0.1725,-0.0675,20.6122,12.144
0,0.175,-0.0675,19.7943,12.144
0,0.1775,-0.0675,20.3497,12.176
0,0.18,-0.0675,19.1412,12.16
0,0.1825,-0.0675,18.9337,12.16
0,0.185,-0.0675,18.0914,12.192
0,0.1875,-0.0675,17.0721,12.192
0,0.19,-0.0675,17.2735,12.16
0,0.1925,-0.0675,16.5166,12.192
0,0.195,-0.0675,16.2481,12.176
0,0.1975,-0.0675,16.3762,12.192
0,0.2,-0.0675,15.9307,12.208
0,-0.2,-0.065,15.1067,12.016
0,-0.1975,-0.065,16.0405,12.016
0,-0.195,-0.065,17.5542,12.016
0,-0.1925,-0.065,17.6397,12.016
0,-0.19,-0.065,16.9561,12
0,-0.1875,-0.065,17.9266,12
0,-0.185,-0.065,18.2623,12
0,-0.1825,-0.065,18.0059,12
0,-0.18,-0.065,18.7078,11.984
0,-0.1775,-0.065,19.5868,12.016
0,-0.175,-0.065,20.5084,12.016
0,-0.1725,-0.065,20.2094,11.984
0,-0.17,-0.065,21.308,12
0,-0.1675,-0.065,21.5766,12.016
0,-0.165,-0.065,23.0049,11.984
0,-0.1625,-0.065,22.5898,11.968
0,-0.16,-0.065,23.4504,11.984
0,-0.1575,-0.065,24.4209,12
0,-0.155,-0.065,25.1289,12
0,-0.1525,-0.065,27.1676,11.968
0,-0.15,-0.065,28.8888,11.984
0,-0.1475,-0.065,27.2347,12
0,-0.145,-0.065,28.3212,11.968
0,-0.1425,-0.065,28.5775,11.968
0,-0.14,-0.065,30.5979,11.968
0,-0.1375,-0.065,30.4209,11.968
0,-0.135,-0.065,31.8979,11.968
0,-0.1325,-0.065,32.6609,11.952
0,-0.13,-0.065,33.8816,11.968
0,-0.1275,-0.065,34.6324,11.968
0,-0.125,-0.065,35.2428,11.952
0,-0.1225,-0.065,37.1654,11.936
0,-0.12,-0.065,37.8979,11.952
0,-0.1175,-0.065,38.4533,11.936
0,-0.115,-0.065,39.2895,11.952
0,-0.1125,-0.065,41.7676,11.952
0,-0.11,-0.065,41.4014,11.952
0,-0.1075,-0.065,42.732,11.952
0,-0.105,-0.065,44.9904,11.952
0,-0.1025,-0.065,47.6516,11.952
0,-0.1,-0.065,46.7605,11.936
0,-0.0975,-0.065,49.3912,11.952
0,-0.095,-0.065,50.4837,11.952
0,-0.0925,-0.065,50.8805,11.952
0,-0.09,-0.065,52.2965,11.936
0,-0.0875,-0.065,52.3942,11.936
0,-0.085,-0.065,55.0615,11.936
0,-0.0825,-0.065,56.8133,11.952
0,-0.08,-0.065,58.2598,11.952
0,-0.0775,-0.065,61.684,11.952
0,-0.075,-0.065,60.0787,11.936
0,-0.0725,-0.065,62.3371,11.936
0,-0.07,-0.065,64.8579,11.952
0,-0.0675,-0.065,65.1265,11.952
0,-0.065,-0.065,66.1824,11.952
0,-0.0625,-0.065,67.2079,11.952
0,-0.06,-0.065,68.5934,11.936
0,-0.0575,-0.065,70.2902,11.936
0,-0.055,-0.065,72.3899,11.936
0,-0.0525,-0.065,73.0369,11.952
0,-0.05,-0.065,73.6473,11.968
0,-0.0475,-0.065,75.4234,11.936
0,-0.045,-0.065,76.6869,11.952
0,-0.0425,-0.065,78.7561,11.968
0,-0.04,-0.065,78.927,11.952
0,-0.0375,-0.065,80.8069,11.952
0,-0.035,-0.065,81.2464,11.968
0,-0.0325,-0.065,83.0103,11.968
0,-0.03,-0.065,83.3277,11.952
0,-0.0275,-0.065,83.6756,11.968
0,-0.025,-0.065,85.5434,11.968
0,-0.0225,-0.065,85.58,11.968
0,-0.02,-0.065,85.7387,11.952
0,-0.0175,-0.065,87.0449,11.968
0,-0.015,-0.065,88.3816,11.952
0,-0.0125,-0.065,89.8831,11.968
0,-0.01,-0.065,89.3277,11.968
0,-0.0075,-0.065,89.8953,11.968
0,-0.005,-0.065,88.8638,11.984
0,-0.0025,-0.065,88.8638,11.984
0,0,-0.065,88.2412,11.984
0,0.0025,-0.065,89.9869,11.984
0,0.005,-0.065,89.23,11.984
0,0.0075,-0.065,89.9075,11.968
0,0.01,-0.065,88.7722,11.968
0,0.0125,-0.065,88.3023,11.968
0,0.015,-0.065,87.1853,11.984
0,0.0175,-0.065,87.4966,11.984
0,0.02,-0.065,85.9218,11.984
0,0.0225,-0.065,85.8364,12
0,0.025,-0.065,85.1833,11.984
0,0.0275,-0.065,84.1945,11.984
0,0.03,-0.065,83.4986,11.984
0,0.0325,-0.065,81.3135,11.984
0,0.035,-0.065,80.7703,12
0,0.0375,-0.065,80.5689,12.016
0,0.04,-0.065,78.1152,12
0,0.0425,-0.065,77.3095,12.016
0,0.045,-0.065,76.8212,12
0,0.0475,-0.065,76.0033,12
0,0.05,-0.065,74.1295,12
0,0.0525,-0.065,72.7256,12.016
0,0.055,-0.065,71.2485,12.016
0,0.0575,-0.065,70.1987,12
0,0.06,-0.065,69.0512,12
0,0.0625,-0.065,67.2018,12.016
0,0.065,-0.065,66.4022,12.016
0,0.0675,-0.065,65.157,12
0,0.07,-0.065,63.2038,12.016
0,0.0725,-0.065,62.0808,12
0,0.075,-0.065,61.6047,12
0,0.0775,-0.065,57.9791,12.016
0,0.08,-0.065,58.4857,12
0,0.0825,-0.065,56.3738,12
0,0.085,-0.065,55.2507,12
0,0.0875,-0.065,54.091,12.016
0,0.09,-0.065,53.8896,12
0,0.0925,-0.065,50.5142,12.032
0,0.095,-0.065,52.2904,12.016
0,0.0975,-0.065,50.087,12.016
0,0.1,-0.065,47.56,12.032
0,0.1025,-0.065,46.3576,12.032
0,0.105,-0.065,45.8449,12.048
0,0.1075,-0.065,43.788,12.048
0,0.11,-0.065,44.9049,12.048
0,0.1125,-0.065,43.1227,12.032
0,0.115,-0.065,40.5347,12.08
0,0.1175,-0.065,40.3882,12.064
0,0.12,-0.065,40.4614,12.064
0,0.1225,-0.065,37.3852,12.064
0,0.125,-0.065,37.2692,12.064
0,0.1275,-0.065,36.0851,12.08
0,0.13,-0.065,35.0291,12.08
0,0.1325,-0.065,33.375,12.08
0,0.135,-0.065,31.7759,12.096
0,0.1375,-0.065,32.374,12.112
0,0.14,-0.065,31.5012,12.096
0,0.1425,-0.065,30.5124,12.112
0,0.145,-0.065,30.0424,12.112
0,0.1475,-0.065,27.3934,12.096
0,0.15,-0.065,28.6996,12.096
0,0.1525,-0.065,27.0211,12.096
0,0.155,-0.065,26.0567,12.128
0,0.1575,-0.065,25.7393,12.112
0,0.16,-0.065,24.8054,12.128
0,0.1625,-0.065,23.7861,12.112
0,0.165,-0.065,23.8289,12.144
0,0.1675,-0.065,22.2236,12.128
0,0.17,-0.065,23.5908,12.16
0,0.1725,-0.065,21.5705,12.16
0,0.175,-0.065,21.1554,12.16
0,0.1775,-0.065,20.0995,12.16
0,0.18,-0.065,19.483,12.176
0,0.1825,-0.065,19.2755,12.144
0,0.185,-0.065,18.8971,12.16
0,0.1875,-0.065,18.1768,12.192
0,0.19,-0.065,17.304,12.208
0,0.1925,-0.065,16.9622,12.192
0,0.195,-0.065,16.6692,12.208
0,0.1975,-0.065,15.4729,12.224
0,0.2,-0.065,14.9785,12.192
0,-0.2,-0.0625,14.8503,11.984
0,-0.1975,-0.0625,16.0283,11.984
0,-0.195,-0.0625,16.0527,12.016
0,-0.1925,-0.0625,17.0843,12
0,-0.19,-0.0625,17.4078,12.032
0,-0.1875,-0.0625,17.7068,12.016
0,-0.185,-0.0625,18.4576,12.016
0,-0.1825,-0.0625,21.1554,11.984
0,-0.18,-0.0625,20.2887,12.016
0,-0.1775,-0.0625,19.4952,12.016
0,-0.175,-0.0625,20.8808,12.016
0,-0.1725,-0.0625,20.777,12.016
0,-0.17,-0.0625,21.4667,11.984
0,-0.1675,-0.0625,22.8156,12
0,-0.165,-0.0625,22.9987,11.968
0,-0.1625,-0.0625,23.6152,11.984
0,-0.16,-0.0625,24.6162,11.968
0,-0.1575,-0.0625,25.3304,12
0,-0.155,-0.0625,26.899,11.984
0,-0.1525,-0.0625,26.3741,11.984
0,-0.15,-0.0625,27.8329,11.968
0,-0.1475,-0.0625,28.2846,11.984
0,-0.145,-0.0625,29.1147,11.968
0,-0.1425,-0.0625,28.9193,11.952
0,-0.14,-0.0625,29.5907,11.968
0,-0.1375,-0.0625,31.5378,11.984
0,-0.135,-0.0625,32.4961,11.952
0,-0.1325,-0.0625,33.9427,11.968
0,-0.13,-0.0625,34.4432,11.968
0,-0.1275,-0.0625,34.6934,11.968
0,-0.125,-0.0625,35.7738,11.952
0,-0.1225,-0.0625,37.6171,11.952
0,-0.12,-0.0625,38.9477,11.968
0,-0.1175,-0.0625,39.2041,11.968
0,-0.115,-0.0625,40.0952,11.952
0,-0.1125,-0.0625,43.7941,11.968
0,-0.11,-0.0625,42.3048,11.936
0,-0.1075,-0.0625,43.5072,11.92
0,-0.105,-0.0625,44.4227,11.952
0,-0.1025,-0.0625,46.8032,11.936
0,-0.1,-0.0625,47.9629,11.936
0,-0.0975,-0.0625,49.9771,11.936
0,-0.095,-0.0625,50.1358,11.936
0,-0.0925,-0.0625,52.4125,11.952
0,-0.09,-0.0625,53.4379,11.936
0,-0.0875,-0.0625,54.2314,11.952
0,-0.085,-0.0625,56.9048,11.952
0,-0.0825,-0.0625,57.9424,11.952
0,-0.08,-0.0625,59.6393,11.952
0,-0.0775,-0.0625,60.8661,11.952
0,-0.075,-0.0625,61.4582,11.936
0,-0.0725,-0.0625,62.3493,11.952
0,-0.07,-0.0625,65.2974,11.936
0,-0.0675,-0.0625,66.4632,11.968
0,-0.065,-0.0625,67.5314,11.952
0,-0.0625,-0.0625,70.0095,11.952
0,-0.06,-0.0625,71.4072,11.936
0,-0.0575,-0.0625,71.0715,11.952
0,-0.055,-0.0625,73.2688,11.952
0,-0.0525,-0.0625,74.7887,11.952
0,-0.05,-0.0625,76.7052,11.952
0,-0.0475,-0.0625,78.5607,11.952
0,-0.045,-0.0625,77.9992,11.952
0,-0.0425,-0.0625,78.9148,11.952
0,-0.04,-0.0625,80.0562,11.952
0,-0.0375,-0.0625,81.9971,11.952
0,-0.035,-0.0625,82.9005,11.952
0,-0.0325,-0.0625,84.5546,11.968
0,-0.03,-0.0625,84.5668,11.968
0,-0.0275,-0.0625,87.051,11.968
0,-0.025,-0.0625,87.0937,11.952
0,-0.0225,-0.0625,88.0703,11.952
0,-0.02,-0.0625,88.6196,11.952
0,-0.0175,-0.0625,90.0113,11.968
0,-0.015,-0.0625,91.2015,11.952
0,-0.0125,-0.0625,90.2188,11.968
0,-0.01,-0.0625,91.4396,11.968
0,-0.0075,-0.0625,90.347,11.968
0,-0.005,-0.0625,91.9034,11.984
0,-0.0025,-0.0625,92.0133,11.968
0,0,-0.0625,91.4212,11.968
0,0.0025,-0.0625,92.1293,11.984
0,0.005,-0.0625,90.8109,11.984
0,0.0075,-0.0625,90.7254,11.984
0,0.01,-0.0625,91.4029,11.984
0,0.0125,-0.0625,90.8841,11.984
0,0.015,-0.0625,89.462,11.968
0,0.0175,-0.0625,87.6186,11.984
0,0.02,-0.0625,88.1497,11.984
0,0.0225,-0.0625,87.0022,11.984
0,0.025,-0.0625,86.874,11.984
0,0.0275,-0.0625,86.1843,12
0,0.03,-0.0625,84.6828,12
0,0.0325,-0.0625,82.1619,11.984
0,0.035,-0.0625,82.2291,11.984
0,0.0375,-0.0625,83.3522,12
0,0.04,-0.0625,80.8069,12
0,0.0425,-0.0625,79.4275,12
0,0.045,-0.0625,79.3298,11.984
0,0.0475,-0.0625,78.8415,12
0,0.05,-0.0625,76.0338,12
0,0.0525,-0.0625,74.6361,11.984
0,0.055,-0.0625,73.0674,12
0,0.0575,-0.0625,71.5903,12
0,0.06,-0.0625,71.2973,12
0,0.0625,-0.0625,69.1,12
0,0.065,-0.0625,67.4337,12.016
0,0.0675,-0.0625,66.0726,12.016
0,0.07,-0.0625,63.5701,12.016
0,0.0725,-0.0625,64.3574,12
0,0.075,-0.0625,61.6291,12
0,0.0775,-0.0625,60.7685,12
0,0.08,-0.0625,60.1459,12.016
0,0.0825,-0.0625,57.9241,12.016
0,0.085,-0.0625,56.1602,12.016
0,0.0875,-0.0625,54.4206,12.032
0,0.09,-0.0625,53.4806,12.016
0,0.0925,-0.0625,53.2243,12.016
0,0.095,-0.0625,52.1012,12.016
0,0.0975,-0.0625,50.5387,12.032
0,0.1,-0.0625,47.9751,12.048
0,0.1025,-0.0625,48.2437,12.032
0,0.105,-0.0625,46.5896,12.032
0,0.1075,-0.0625,45.4543,12.032
0,0.11,-0.0625,44.9049,12.048
0,0.1125,-0.0625,43.2386,12.048
0,0.115,-0.0625,42.1827,12.048
0,0.1175,-0.0625,41.1267,12.048
0,0.12,-0.0625,39.6558,12.064
0,0.1225,-0.0625,38.6853,12.064
0,0.125,-0.0625,37.4828,12.08
0,0.1275,-0.0625,37.0617,12.064
0,0.13,-0.0625,35.3893,12.08
0,0.1325,-0.0625,34.6141,12.096
0,0.135,-0.0625,34.4005,12.096
0,0.1375,-0.0625,33.6375,12.08
0,0.14,-0.0625,31.9224,12.096
0,0.1425,-0.0625,31.2571,12.08
0,0.145,-0.0625,29.9631,12.096
0,0.1475,-0.0625,29.0048,12.096
0,0.15,-0.0625,28.6081,12.096
0,0.1525,-0.0625,27.9794,12.112
0,0.155,-0.0625,25.8248,12.112
0,0.1575,-0.0625,25.6172,12.112
0,0.16,-0.0625,24.9031,12.112
0,0.1625,-0.0625,23.9021,12.112
0,0.165,-0.0625,23.3283,12.16
0,0.1675,-0.0625,22.9377,12.144
0,0.17,-0.0625,21.955,12.128
0,0.1725,-0.0625,21.4423,12.16
0,0.175,-0.0625,21.8085,12.16
0,0.1775,-0.0625,20.5939,12.16
0,0.18,-0.0625,18.3844,12.128
0,0.1825,-0.0625,19.3304,12.176
0,0.185,-0.0625,17.8472,12.16
0,0.1875,-0.0625,17.6214,12.192
0,0.19,-0.0625,17.2246,12.192
0,0.1925,-0.0625,17.4688,12.224
0,0.195,-0.0625,17.5237,12.176
0,0.1975,-0.0625,15.949,12.192
0,0.2,-0.0625,17.066,12.208
0,-0.2,-0.06,16.419,11.968
0,-0.1975,-0.06,16.4373,11.968
0,-0.195,-0.06,16.1138,12.016
0,-0.1925,-0.06,17.5298,11.984
0,-0.19,-0.06,18.6529,12.016
0,-0.1875,-0.06,17.9205,11.984
0,-0.185,-0.06,18.5797,12
0,-0.1825,-0.06,19.483,12.016
0,-0.18,-0.06,19.9164,11.984
0,-0.1775,-0.06,20.7221,12
0,-0.175,-0.06,20.8258,12
0,-0.1725,-0.06,20.7404,11.984
0,-0.17,-0.06,21.9916,12.016
0,-0.1675,-0.06,22.7302,11.984
0,-0.165,-0.06,22.8584,12
0,-0.1625,-0.06,25.0008,11.984
0,-0.16,-0.06,24.6162,12
0,-0.1575,-0.06,24.9825,11.968
0,-0.155,-0.06,26.1727,12
0,-0.1525,-0.06,26.661,11.984
0,-0.15,-0.06,27.0028,11.984
0,-0.1475,-0.06,28.016,11.968
0,-0.145,-0.06,29.1818,11.968
0,-0.1425,-0.06,29.3649,11.984
0,-0.14,-0.06,31.0984,11.968
0,-0.1375,-0.06,31.7515,11.952
0,-0.135,-0.06,32.4168,11.952
0,-0.1325,-0.06,32.7891,11.936
0,-0.13,-0.06,34.0953,11.952
0,-0.1275,-0.06,35.5358,11.936
0,-0.125,-0.06,35.9752,11.968
0,-0.1225,-0.06,37.4462,11.936
0,-0.12,-0.06,39.5581,11.952
0,-0.1175,-0.06,40.1929,11.936
0,-0.115,-0.06,41.1084,11.952
0,-0.1125,-0.06,42.5123,11.92
0,-0.11,-0.06,43.0738,11.936
0,-0.1075,-0.06,45.1186,11.952
0,-0.105,-0.06,46.4064,11.952
0,-0.1025,-0.06,48.3352,11.952
0,-0.1,-0.06,47.5417,11.952
0,-0.0975,-0.06,49.6963,11.936
0,-0.095,-0.06,51.0453,11.952
0,-0.0925,-0.06,52.6811,11.936
0,-0.09,-0.06,54.1948,11.936
0,-0.0875,-0.06,55.1286,11.936
0,-0.085,-0.06,57.796,11.952
0,-0.0825,-0.06,58.2293,11.952
0,-0.08,-0.06,59.7369,11.952
0,-0.0775,-0.06,61.5436,11.952
0,-0.075,-0.06,63.2344,11.936
0,-0.0725,-0.06,64.3574,11.952
0,-0.07,-0.06,66.2496,11.952
0,-0.0675,-0.06,67.7938,11.952
0,-0.065,-0.06,68.4835,11.952
0,-0.0625,-0.06,69.5517,11.952
0,-0.06,-0.06,73.2078,11.952
0,-0.0575,-0.06,73.2383,11.968
0,-0.055,-0.06,75.7775,11.968
0,-0.0525,-0.06,77.3461,11.952
0,-0.05,-0.06,78.1701,11.952
0,-0.0475,-0.06,79.9036,11.952
0,-0.045,-0.06,80.6787,11.952
0,-0.0425,-0.06,82.1986,11.952
0,-0.04,-0.06,83.346,11.936
0,-0.0375,-0.06,84.4813,11.952
0,-0.035,-0.06,85.2382,11.952
0,-0.0325,-0.06,87.1975,11.952
0,-0.03,-0.06,86.6604,11.952
0,-0.0275,-0.06,87.1426,11.952
0,-0.025,-0.06,89.3277,11.952
0,-0.0225,-0.06,90.4324,11.968
0,-0.02,-0.06,90.1639,11.952
0,-0.0175,-0.06,92.4711,11.968
0,-0.015,-0.06,92.5199,11.952
0,-0.0125,-0.06,92.3673,11.968
0,-0.01,-0.06,92.7458,11.952
0,-0.0075,-0.06,94.7233,11.968
0,-0.005,-0.06,93.5636,11.968
0,-0.0025,-0.06,94.0397,11.984
0,0,-0.06,94.058,11.984
0,0.0025,-0.06,94.8027,11.968
0,0.005,-0.06,94.1313,11.984
0,0.0075,-0.06,93.0082,11.968
0,0.01,-0.06,94.2473,11.984
0,0.0125,-0.06,92.8251,12
0,0.015,-0.06,92.9289,11.968
0,0.0175,-0.06,91.6715,12
0,0.02,-0.06,91.3968,11.984
0,0.0225,-0.06,89.1934,11.984
0,0.025,-0.06,89.3948,12
0,0.0275,-0.06,87.8445,12
0,0.03,-0.06,86.99,12
0,0.0325,-0.06,86.7031,12.016
0,0.035,-0.06,84.5973,12
0,0.0375,-0.06,84.5241,12
0,0.04,-0.06,83.7916,12.016
0,0.0425,-0.06,82.7418,12
0,0.045,-0.06,79.4946,12
0,0.0475,-0.06,78.0541,12
0,0.05,-0.06,78.6645,11.984
0,0.0525,-0.06,75.9301,12
0,0.055,-0.06,74.6117,12
0,0.0575,-0.06,72.9881,12
0,0.06,-0.06,71.218,12
0,0.0625,-0.06,71.0471,12
0,0.065,-0.06,70.3513,12
0,0.0675,-0.06,66.0787,12
0,0.07,-0.06,66.8966,12
0,0.0725,-0.06,65.7308,12
0,0.075,-0.06,63.9973,12
0,0.0775,-0.06,61.5009,12
0,0.08,-0.06,59.1815,12.032
0,0.0825,-0.06,60.1154,12.016
0,0.085,-0.06,58.6871,12
0,0.0875,-0.06,56.7095,12
0,0.09,-0.06,54.1276,12
0,0.0925,-0.06,53.3952,12.048
0,0.095,-0.06,53.3097,12.016
0,0.0975,-0.06,51.3871,12.016
0,0.1,-0.06,50.3067,12.032
0,0.1025,-0.06,48.384,12.032
0,0.105,-0.06,48.0056,12.048
0,0.1075,-0.06,45.9548,12.032
0,0.11,-0.06,44.8317,12.048
0,0.1125,-0.06,43.8917,12.048
0,0.115,-0.06,42.3719,12.048
0,0.1175,-0.06,41.0352,12.048
0,0.12,-0.06,40.7178,12.064
0,0.1225,-0.06,39.7595,12.064
0,0.125,-0.06,39.0088,12.064
0,0.1275,-0.06,37.2082,12.048
0,0.13,-0.06,34.8338,12.08
0,0.1325,-0.06,34.6934,12.096
0,0.135,-0.06,34.7423,12.08
0,0.1375,-0.06,32.0322,12.08
0,0.14,-0.06,31.5683,12.096
0,0.1425,-0.06,29.9692,12.08
0,0.145,-0.06,31.1594,12.112
0,0.1475,-0.06,29.78,12.08
0,0.15,-0.06,27.308,12.112
0,0.1525,-0.06,27.4178,12.128
0,0.155,-0.06,26.9601,12.112
0,0.1575,-0.06,26.5084,12.128
0,0.16,-0.06,25.0374,12.144
0,0.1625,-0.06,24.8848,12.128
0,0.165,-0.06,23.9998,12.112
0,0.1675,-0.06,23.1147,12.144
0,0.17,-0.06,23.249,12.128
0,0.1725,-0.06,21.8513,12.144
0,0.175,-0.06,20.5084,12.16
0,0.1775,-0.06,20.6305,12.144
0,0.18,-0.06,19.8675,12.16
0,0.1825,-0.06,18.9947,12.16
0,0.185,-0.06,18.4637,12.176
0,0.1875,-0.06,18.1707,12.192
0,0.19,-0.06,16.6753,12.192
0,0.1925,-0.06,17.3223,12.192
0,0.195,-0.06,17.2124,12.192
0,0.1975,-0.06,16.2175,12.224
0,0.2,-0.06,15.8147,12.208
0,-0.2,-0.0575,16.2908,12
0,-0.1975,-0.0575,16.1992,12
0,-0.195,-0.0575,16.2053,12.016
0,-0.1925,-0.0575,17.5542,12
0,-0.19,-0.0575,17.4078,11.984
0,-0.1875,-0.0575,17.127,12
0,-0.185,-0.0575,18.952,12
0,-0.1825,-0.0575,19.6234,12
0,-0.18,-0.0575,19.837,12
0,-0.1775,-0.0575,19.9103,12
0,-0.175,-0.0575,20.661,12.016
0,-0.1725,-0.0575,20.6305,12.016
0,-0.17,-0.0575,21.4362,12.016
0,-0.1675,-0.0575,21.9184,11.984
0,-0.165,-0.0575,23.3711,11.984
0,-0.1625,-0.0575,24.5125,12
0,-0.16,-0.0575,23.8533,12
0,-0.1575,-0.0575,24.4514,11.984
0,-0.155,-0.0575,26.4473,12
0,-0.1525,-0.0575,26.0567,11.984
0,-0.15,-0.0575,27.723,11.968
0,-0.1475,-0.0575,28.4616,12
0,-0.145,-0.0575,28.8339,11.968
0,-0.1425,-0.0575,30.0974,11.936
0,-0.14,-0.0575,31.1106,11.968
0,-0.1375,-0.0575,32.5205,11.984
0,-0.135,-0.0575,33.6436,11.936
0,-0.1325,-0.0575,34.2418,11.952
0,-0.13,-0.0575,34.199,11.936
0,-0.1275,-0.0575,36.8175,11.952
0,-0.125,-0.0575,36.3903,11.968
0,-0.1225,-0.0575,36.5917,11.936
0,-0.12,-0.0575,39.6191,11.952
0,-0.1175,-0.0575,39.3262,11.936
0,-0.115,-0.0575,41.377,11.936
0,-0.1125,-0.0575,43.3912,11.936
0,-0.11,-0.0575,43.4462,11.936
0,-0.1075,-0.0575,45.3688,11.952
0,-0.105,-0.0575,47.4746,11.952
0,-0.1025,-0.0575,47.6943,11.936
0,-0.1,-0.0575,50.4959,11.936
0,-0.0975,-0.0575,51.0331,11.952
0,-0.095,-0.0575,52.7604,11.952
0,-0.0925,-0.0575,53.9079,11.936
0,-0.09,-0.0575,54.8235,11.936
0,-0.0875,-0.0575,56.8621,11.952
0,-0.085,-0.0575,58.1011,11.968
0,-0.0825,-0.0575,59.8285,11.936
0,-0.08,-0.0575,61.4154,11.952
0,-0.0775,-0.0575,63.6921,11.936
0,-0.075,-0.0575,63.5456,11.952
0,-0.0725,-0.0575,66.3778,11.952
0,-0.07,-0.0575,68.1173,11.952
0,-0.0675,-0.0575,68.8864,11.952
0,-0.065,-0.0575,69.9484,11.952
0,-0.0625,-0.0575,71.9993,11.952
0,-0.06,-0.0575,72.4754,11.968
0,-0.0575,-0.0575,74.5506,11.952
0,-0.055,-0.0575,77.0592,11.968
0,-0.0525,-0.0575,77.2179,11.968
0,-0.05,-0.0575,78.4143,11.952
0,-0.0475,-0.0575,80.4651,11.952
0,-0.045,-0.0575,81.6126,11.968
0,-0.0425,-0.0575,82.638,11.968
0,-0.04,-0.0575,82.638,11.968
0,-0.0375,-0.0575,85.989,11.968
0,-0.035,-0.0575,87.3562,11.968
0,-0.0325,-0.0575,88.0825,11.952
0,-0.03,-0.0575,89.5474,11.968
0,-0.0275,-0.0575,91.2198,11.968
0,-0.025,-0.0575,91.8607,11.968
0,-0.0225,-0.0575,92.5993,11.952
0,-0.02,-0.0575,94.3754,11.968
0,-0.0175,-0.0575,93.3683,11.968
0,-0.015,-0.0575,95.0224,11.968
0,-0.0125,-0.0575,94.7111,11.968
0,-0.01,-0.0575,96.4995,11.952
0,-0.0075,-0.0575,96.7254,11.968
0,-0.005,-0.0575,97.3479,11.968
0,-0.0025,-0.0575,96.646,11.984
0,0,-0.0575,96.6399,11.968
0,0.0025,-0.0575,96.5484,11.968
0,0.005,-0.0575,95.6816,11.968
0,0.0075,-0.0575,97.0916,11.968
0,0.01,-0.0575,95.6938,11.984
0,0.0125,-0.0575,95.7976,12
0,0.015,-0.0575,93.8505,11.984
0,0.0175,-0.0575,94.2839,12
0,0.02,-0.0575,92.8312,11.984
0,0.0225,-0.0575,92.6908,11.984
0,0.025,-0.0575,91.2259,12
0,0.0275,-0.0575,90.6278,12
0,0.03,-0.0575,89.1202,12
0,0.0325,-0.0575,89.4375,12.016
0,0.035,-0.0575,87.2524,12
0,0.0375,-0.0575,85.9157,12
0,0.04,-0.0575,84.5363,12
0,0.0425,-0.0575,84.6767,12
0,0.045,-0.0575,82.461,12
0,0.0475,-0.0575,81.3318,12
0,0.05,-0.0575,79.1772,12
0,0.0525,-0.0575,78.4997,12
0,0.055,-0.0575,77.2912,12
0,0.0575,-0.0575,75.338,12
0,0.06,-0.0575,73.7632,12
0,0.0625,-0.0575,71.5171,12
0,0.065,-0.0575,70.04,12.016
0,0.0675,-0.0575,70.1621,12
0,0.07,-0.0575,67.336,12
0,0.0725,-0.0575,66.3289,12.016
0,0.075,-0.0575,66.1092,12
0,0.0775,-0.0575,64.7542,12
0,0.08,-0.0575,62.0258,12
0,0.0825,-0.0575,60.5182,12.016
0,0.085,-0.0575,60.5304,12.016
0,0.0875,-0.0575,58.6993,12
0,0.09,-0.0575,56.7034,12
0,0.0925,-0.0575,55.1714,12.016
0,0.095,-0.0575,54.7929,12.016
0,0.0975,-0.0575,52.4247,12.032
0,0.1,-0.0575,51.8876,12.032
0,0.1025,-0.0575,50.5203,12.032
0,0.105,-0.0575,48.4817,12.032
0,0.1075,-0.0575,46.6079,12.048
0,0.11,-0.0575,45.9609,12.032
0,0.1125,-0.0575,44.7401,12.048
0,0.115,-0.0575,43.8978,12.048
0,0.1175,-0.0575,43.4034,12.048
0,0.12,-0.0575,40.8643,12.048
0,0.1225,-0.0575,39.5825,12.048
0,0.125,-0.0575,38.5388,12.064
0,0.1275,-0.0575,37.2631,12.096
0,0.13,-0.0575,37.3119,12.064
0,0.1325,-0.0575,35.9203,12.08
0,0.135,-0.0575,34.9315,12.096
0,0.1375,-0.0575,33.3201,12.08
0,0.14,-0.0575,32.3374,12.096
0,0.1425,-0.0575,31.5256,12.096
0,0.145,-0.0575,31.0801,12.112
0,0.1475,-0.0575,30.2561,12.112
0,0.15,-0.0575,28.016,12.112
0,0.1525,-0.0575,27.4606,12.096
0,0.155,-0.0575,27.6376,12.112
0,0.1575,-0.0575,26.1727,12.096
0,0.16,-0.0575,25.0618,12.128
0,0.1625,-0.0575,25.135,12.112
0,0.165,-0.0575,23.5664,12.112
0,0.1675,-0.0575,23.2734,12.112
0,0.17,-0.0575,22.1381,12.128
0,0.1725,-0.0575,21.7292,12.128
0,0.175,-0.0575,21.2104,12.16
0,0.1775,-0.0575,20.9723,12.16
0,0.18,-0.0575,19.6905,12.176
0,0.1825,-0.0575,19.7516,12.176
0,0.185,-0.0575,19.3182,12.192
0,0.1875,-0.0575,18.3416,12.176
0,0.19,-0.0575,18.6773,12.176
0,0.1925,-0.0575,17.1697,12.208
0,0.195,-0.0575,16.5044,12.176
0,0.1975,-0.0575,17.2613,12.208
0,0.2,-0.0575,16.5716,12.24
0,-0.2,-0.055,16.4983,11.968
0,-0.1975,-0.055,16.4129,11.984
0,-0.195,-0.055,16.2603,11.968
0,-0.1925,-0.055,17.6153,12.016
0,-0.19,-0.055,19.5257,11.984
0,-0.1875,-0.055,18.5369,12.016
0,-0.185,-0.055,18.8177,12.016
0,-0.1825,-0.055,19.4159,12.016
0,-0.18,-0.055,19.422,11.984
0,-0.1775,-0.055,21.0456,12.016
0,-0.175,-0.055,20.6183,11.984
0,-0.1725,-0.055,21.54,12.016
0,-0.17,-0.055,22.8645,12
0,-0.1675,-0.055,22.1015,11.984
0,-0.165,-0.055,24.0547,11.984
0,-0.1625,-0.055,24.5308,11.984
0,-0.16,-0.055,25.5623,11.984
0,-0.1575,-0.055,25.9285,11.984
0,-0.155,-0.055,25.4952,12
0,-0.1525,-0.055,27.2652,11.984
0,-0.15,-0.055,29.0475,11.984
0,-0.1475,-0.055,28.2052,11.968
0,-0.145,-0.055,30.0058,11.952
0,-0.1425,-0.055,30.7627,11.984
0,-0.14,-0.055,32.1787,11.952
0,-0.1375,-0.055,33.0821,11.968
0,-0.135,-0.055,33.3628,11.968
0,-0.1325,-0.055,34.1624,11.984
0,-0.13,-0.055,35.548,11.968
0,-0.1275,-0.055,37.2753,11.936
0,-0.125,-0.055,38.5022,11.952
0,-0.1225,-0.055,38.8928,11.952
0,-0.12,-0.055,40.8582,11.936
0,-0.1175,-0.055,40.7117,11.968
0,-0.115,-0.055,42.1644,11.968
0,-0.1125,-0.055,43.5499,11.952
0,-0.11,-0.055,46.5102,11.952
0,-0.1075,-0.055,45.5947,11.952
0,-0.105,-0.055,47.5234,11.936
0,-0.1025,-0.055,48.9639,11.936
0,-0.1,-0.055,50.0076,11.936
0,-0.0975,-0.055,51.3382,11.952
0,-0.095,-0.055,53.0595,11.936
0,-0.0925,-0.055,54.3046,11.952
0,-0.09,-0.055,56.0076,11.952
0,-0.0875,-0.055,58.4735,11.952
0,-0.085,-0.055,58.7359,11.936
0,-0.0825,-0.055,60.8722,11.936
0,-0.08,-0.055,62.7705,11.952
0,-0.0775,-0.055,64.5833,11.952
0,-0.075,-0.055,65.688,11.952
0,-0.0725,-0.055,67.9525,11.968
0,-0.07,-0.055,67.5192,11.968
0,-0.0675,-0.055,71.4438,11.952
0,-0.065,-0.055,71.395,11.952
0,-0.0625,-0.055,72.8843,11.952
0,-0.06,-0.055,74.6055,11.952
0,-0.0575,-0.055,75.2098,11.952
0,-0.055,-0.055,78.5363,11.968
0,-0.0525,-0.055,78.9209,11.952
0,-0.05,-0.055,80.6116,11.968
0,-0.0475,-0.055,82.815,11.968
0,-0.045,-0.055,83.7855,11.968
0,-0.0425,-0.055,84.7194,11.968
0,-0.04,-0.055,86.6482,11.968
0,-0.0375,-0.055,87.9482,11.968
0,-0.035,-0.055,89.1568,11.968
0,-0.0325,-0.055,90.7437,11.968
0,-0.03,-0.055,89.2972,11.968
0,-0.0275,-0.055,92.6542,11.968
0,-0.025,-0.055,95.1079,11.984
0,-0.0225,-0.055,93.5148,11.952
0,-0.02,-0.055,95.529,11.968
0,-0.0175,-0.055,96.2127,11.968
0,-0.015,-0.055,96.2615,11.968
0,-0.0125,-0.055,98.3734,11.968
0,-0.01,-0.055,98.3856,11.984
0,-0.0075,-0.055,97.7752,11.968
0,-0.005,-0.055,100.064,11.984
0,-0.0025,-0.055,98.3428,11.984
0,0,-0.055,99.6368,11.984
0,0.0025,-0.055,98.8189,12
0,0.005,-0.055,99.0875,11.984
0,0.0075,-0.055,99.2584,11.968
0,0.01,-0.055,99.3255,12
0,0.0125,-0.055,98.9044,11.984
0,0.015,-0.055,97.5982,12
0,0.0175,-0.055,96.7498,11.984
0,0.02,-0.055,96.4507,12.016
0,0.0225,-0.055,95.2788,12
0,0.025,-0.055,94.8332,11.984
0,0.0275,-0.055,93.4172,11.984
0,0.03,-0.055,91.7264,12
0,0.0325,-0.055,90.6461,12
0,0.035,-0.055,89.8404,12
0,0.0375,-0.055,88.2412,12
0,0.04,-0.055,88.3633,12
0,0.0425,-0.055,86.8374,11.984
0,0.045,-0.055,84.9574,12
0,0.0475,-0.055,84.0541,12
0,0.05,-0.055,82.0887,12
0,0.0525,-0.055,80.99,12
0,0.055,-0.055,77.5964,12.016
0,0.0575,-0.055,76.8883,12
0,0.06,-0.055,75.3929,12.016
0,0.0625,-0.055,73.7327,12
0,0.065,-0.055,73.0918,12
0,0.0675,-0.055,71.4316,12.016
0,0.07,-0.055,69.6005,12
0,0.0725,-0.055,68.038,12
0,0.075,-0.055,66.8905,12
0,0.0775,-0.055,64.1072,12
0,0.08,-0.055,63.979,12.016
0,0.0825,-0.055,62.1418,12
0,0.085,-0.055,60.6647,12
0,0.0875,-0.055,59.035,12.016
0,0.09,-0.055,57.6495,12.016
0,0.0925,-0.055,54.9028,12.032
0,0.095,-0.055,54.4877,12.048
0,0.0975,-0.055,53.6576,12.016
0,0.1,-0.055,51.1307,12.032
0,0.1025,-0.055,51.7716,12.032
0,0.105,-0.055,48.8784,12.032
0,0.1075,-0.055,48.909,12.032
0,0.11,-0.055,47.3159,12.048
0,0.1125,-0.055,44.7157,12.048
0,0.115,-0.055,44.0443,12.048
0,0.1175,-0.055,42.8846,12.064
0,0.12,-0.055,40.9131,12.064
0,0.1225,-0.055,40.2478,12.048
0,0.125,-0.055,38.0688,12.08
0,0.1275,-0.055,38.7158,12.064
0,0.13,-0.055,36.8053,12.08
0,0.1325,-0.055,35.9325,12.096
0,0.135,-0.055,35.316,12.064
0,0.1375,-0.055,34.8888,12.08
0,0.14,-0.055,33.4422,12.096
0,0.1425,-0.055,32.7403,12.096
0,0.145,-0.055,30.1462,12.096
0,0.1475,-0.055,30.5857,12.08
0,0.15,-0.055,29.8044,12.112
0,0.1525,-0.055,28.6264,12.112
0,0.155,-0.055,27.546,12.096
0,0.1575,-0.055,26.838,12.112
0,0.16,-0.055,26.3375,12.128
0,0.1625,-0.055,25.1778,12.128
0,0.165,-0.055,24.2988,12.096
0,0.1675,-0.055,23.6335,12.144
0,0.17,-0.055,23.3711,12.144
0,0.1725,-0.055,21.7292,12.144
0,0.175,-0.055,21.8757,12.144
0,0.1775,-0.055,20.5756,12.16
0,0.18,-0.055,20.3619,12.128
0,0.1825,-0.055,19.1412,12.16
0,0.185,-0.055,19.1473,12.16
0,0.1875,-0.055,19.1412,12.16
0,0.19,-0.055,18.0364,12.176
0,0.1925,-0.055,17.7618,12.192
0,0.195,-0.055,17.7313,12.192
0,0.1975,-0.055,16.2908,12.208
0,0.2,-0.055,16.9561,12.224
0,-0.2,-0.0525,16.4251,12.016
0,-0.1975,-0.0525,16.8401,12.016
0,-0.195,-0.0525,16.9317,12
0,-0.1925,-0.0525,17.2308,12
0,-0.19,-0.0525,16.895,11.984
0,-0.1875,-0.0525,17.9571,12
0,-0.185,-0.0525,19.9652,12
0,-0.1825,-0.0525,20.0385,12
0,-0.18,-0.0525,19.9774,12.016
0,-0.1775,-0.0525,19.7943,12.016
0,-0.175,-0.0525,21.015,12.016
0,-0.1725,-0.0525,21.9123,12.016
0,-0.17,-0.0525,22.8034,12
0,-0.1675,-0.0525,23.4016,11.984
0,-0.165,-0.0525,23.8655,12
0,-0.1625,-0.0525,24.7139,11.984
0,-0.16,-0.0525,25.3792,12
0,-0.1575,-0.0525,26.4657,11.968
0,-0.155,-0.0525,28.1869,11.984
0,-0.1525,-0.0525,27.2042,11.968
0,-0.15,-0.0525,28.3944,11.968
0,-0.1475,-0.0525,28.5897,11.968
0,-0.145,-0.0525,30.0668,11.984
0,-0.1425,-0.0525,30.6223,11.984
0,-0.14,-0.0525,33.1919,11.968
0,-0.1375,-0.0525,32.1421,11.968
0,-0.135,-0.0525,33.6741,11.952
0,-0.1325,-0.0525,34.6019,11.968
0,-0.13,-0.0525,37.0373,11.968
0,-0.1275,-0.0525,37.4828,11.952
0,-0.125,-0.0525,38.0566,11.952
0,-0.1225,-0.0525,40.1685,11.952
0,-0.12,-0.0525,39.9304,11.952
0,-0.1175,-0.0525,42.0484,11.952
0,-0.115,-0.0525,42.085,11.936
0,-0.1125,-0.0525,44.0565,11.952
0,-0.11,-0.0525,45.5947,11.952
0,-0.1075,-0.0525,47.5845,11.952
0,-0.105,-0.0525,48.6892,11.952
0,-0.1025,-0.0525,51.0636,11.952
0,-0.1,-0.0525,50.8072,11.952
0,-0.0975,-0.0525,51.8143,11.936
0,-0.095,-0.0525,55.8733,11.952
0,-0.0925,-0.0525,55.8367,11.936
0,-0.09,-0.0525,56.5386,11.952
0,-0.0875,-0.0525,57.033,11.936
0,-0.085,-0.0525,60.5121,11.936
0,-0.0825,-0.0525,61.6718,11.968
0,-0.08,-0.0525,63.448,11.952
0,-0.0775,-0.0525,65.6575,11.936
0,-0.075,-0.0525,66.2984,11.952
0,-0.0725,-0.0525,67.5314,11.936
0,-0.07,-0.0525,69.8141,11.968
0,-0.0675,-0.0525,71.2668,11.936
0,-0.065,-0.0525,72.5852,11.952
0,-0.0625,-0.0525,75.1244,11.952
0,-0.06,-0.0525,75.9423,11.952
0,-0.0575,-0.0525,77.1081,11.952
0,-0.055,-0.0525,79.4641,11.968
0,-0.0525,-0.0525,82.9981,11.952
0,-0.05,-0.0525,84.5058,11.968
0,-0.0475,-0.0525,84.518,11.952
0,-0.045,-0.0525,85.1711,11.952
0,-0.0425,-0.0525,86.5505,11.968
0,-0.04,-0.0525,88.345,11.952
0,-0.0375,-0.0525,91.171,11.968
0,-0.035,-0.0525,91.0123,11.968
0,-0.0325,-0.0525,92.1171,11.968
0,-0.03,-0.0525,93.0998,11.968
0,-0.0275,-0.0525,94.8332,11.968
0,-0.025,-0.0525,96.3408,11.968
0,-0.0225,-0.0525,96.6277,11.968
0,-0.02,-0.0525,98.4405,11.968
0,-0.0175,-0.0525,98.703,11.968
0,-0.015,-0.0525,98.4588,11.968
0,-0.0125,-0.0525,100.998,11.968
0,-0.01,-0.0525,101.022,11.968
0,-0.0075,-0.0525,101.859,11.968
0,-0.005,-0.0525,101.199,11.984
0,-0.0025,-0.0525,101.071,11.984
0,0,-0.0525,101.364,11.968
0,0.0025,-0.0525,102.438,12
0,0.005,-0.0525,100.626,11.984
0,0.0075,-0.0525,100.62,11.968
0,0.01,-0.0525,101.651,12
0,0.0125,-0.0525,100.143,11.984
0,0.015,-0.0525,100.04,11.984
0,0.0175,-0.0525,100.339,11.984
0,0.02,-0.0525,97.9827,11.984
0,0.0225,-0.0525,98.4222,12
0,0.025,-0.0525,96.4202,12
0,0.0275,-0.0525,95.8464,12
0,0.03,-0.0525,94.4792,12
0,0.0325,-0.0525,93.4599,12
0,0.035,-0.0525,91.7386,12
0,0.0375,-0.0525,89.7366,11.984
0,0.04,-0.0525,88.9737,12.016
0,0.0425,-0.0525,86.8374,12.016
0,0.045,-0.0525,85.8852,12.016
0,0.0475,-0.0525,85.0124,12
0,0.05,-0.0525,84.7011,12
0,0.0525,-0.0525,81.637,12.016
0,0.055,-0.0525,79.5068,12.016
0,0.0575,-0.0525,78.0725,12
0,0.06,-0.0525,77.3827,12
0,0.0625,-0.0525,74.8253,12
0,0.065,-0.0525,73.3543,12
0,0.0675,-0.0525,72.805,12
0,0.07,-0.0525,72.8721,12
0,0.0725,-0.0525,68.6544,12
0,0.075,-0.0525,66.4876,12.016
0,0.0775,-0.0525,66.8172,12.016
0,0.08,-0.0525,63.8997,12
0,0.0825,-0.0525,63.0757,12.016
0,0.085,-0.0525,60.2374,12.016
0,0.0875,-0.0525,60.6525,12
0,0.09,-0.0525,59.6332,12.016
0,0.0925,-0.0525,57.8204,12.016
0,0.095,-0.0525,54.9577,12.016
0,0.0975,-0.0525,54.8112,12.016
0,0.1,-0.0525,51.7594,12.032
0,0.1025,-0.0525,51.1734,12.048
0,0.105,-0.0525,49.6719,12.032
0,0.1075,-0.0525,49.9771,12.032
0,0.11,-0.0525,47.1023,12.032
0,0.1125,-0.0525,47.5234,12.048
0,0.115,-0.0525,45.3322,12.048
0,0.1175,-0.0525,43.2875,12.064
0,0.12,-0.0525,42.6649,12.064
0,0.1225,-0.0525,40.3821,12.064
0,0.125,-0.0525,39.8389,12.08
0,0.1275,-0.0525,38.7646,12.064
0,0.13,-0.0525,38.6181,12.064
0,0.1325,-0.0525,37.2631,12.08
0,0.135,-0.0525,35.6578,12.096
0,0.1375,-0.0525,35.9813,12.096
0,0.14,-0.0525,33.2652,12.096
0,0.1425,-0.0525,32.3557,12.096
0,0.145,-0.0525,31.9224,12.096
0,0.1475,-0.0525,30.6955,12.128
0,0.15,-0.0525,30.9091,12.112
0,0.1525,-0.0525,28.1259,12.128
0,0.155,-0.0525,28.0526,12.112
0,0.1575,-0.0525,27.1859,12.112
0,0.16,-0.0525,26.5755,12.112
0,0.1625,-0.0525,25.074,12.128
0,0.165,-0.0525,24.1585,12.128
0,0.1675,-0.0525,24.2134,12.128
0,0.17,-0.0525,23.1147,12.128
0,0.1725,-0.0525,21.9977,12.144
0,0.175,-0.0525,21.8268,12.16
0,0.1775,-0.0525,21.5155,12.144
0,0.18,-0.0525,20.1727,12.16
0,0.1825,-0.0525,19.953,12.144
0,0.185,-0.0525,19.5563,12.144
0,0.1875,-0.0525,18.9886,12.176
0,0.19,-0.0525,17.9815,12.192
0,0.1925,-0.0525,18.1585,12.16
0,0.195,-0.0525,16.541,12.176
0,0.1975,-0.0525,17.0049,12.176
0,0.2,-0.0525,16.0161,12.208
0,-0.2,-0.05,16.1321,12.016
0,-0.1975,-0.05,17.7068,12
0,-0.195,-0.05,17.5115,12
0,-0.1925,-0.05,17.9571,11.984
0,-0.19,-0.05,18.9825,11.984
0,-0.1875,-0.05,18.3538,12.032
0,-0.185,-0.05,18.7078,12
0,-0.1825,-0.05,18.5308,12.016
0,-0.18,-0.05,19.8737,12.016
0,-0.1775,-0.05,21.8513,12.016
0,-0.175,-0.05,21.0761,12
0,-0.1725,-0.05,21.6987,12
0,-0.17,-0.05,22.1992,11.968
0,-0.1675,-0.05,22.718,11.984
0,-0.165,-0.05,24.0547,12
0,-0.1625,-0.05,24.4209,12
0,-0.16,-0.05,25.8431,11.984
0,-0.1575,-0.05,26.1116,12
0,-0.155,-0.05,27.0882,12
0,-0.1525,-0.05,27.7047,12
0,-0.15,-0.05,29.7433,11.984
0,-0.1475,-0.05,28.9438,11.984
0,-0.145,-0.05,30.5368,11.952
0,-0.1425,-0.05,31.9285,11.984
0,-0.14,-0.05,33.253,11.968
0,-0.1375,-0.05,32.6182,11.968
0,-0.135,-0.05,34.0098,11.968
0,-0.1325,-0.05,34.1746,11.968
0,-0.13,-0.05,36.7809,11.952
0,-0.1275,-0.05,37.727,11.952
0,-0.125,-0.05,38.9966,11.952
0,-0.1225,-0.05,40.3211,11.968
0,-0.12,-0.05,39.8511,11.952
0,-0.1175,-0.05,41.6517,11.936
0,-0.115,-0.05,42.8175,11.952
0,-0.1125,-0.05,45.4115,11.968
0,-0.11,-0.05,46.3698,11.952
0,-0.1075,-0.05,49.0799,11.968
0,-0.105,-0.05,48.9151,11.952
0,-0.1025,-0.05,50.911,11.952
0,-0.1,-0.05,51.1185,11.936
0,-0.0975,-0.05,52.9435,11.952
0,-0.095,-0.05,54.7014,11.936
0,-0.0925,-0.05,56.7888,11.952
0,-0.09,-0.05,57.5579,11.952
0,-0.0875,-0.05,59.4867,11.952
0,-0.085,-0.05,60.3473,11.936
0,-0.0825,-0.05,61.4826,11.952
0,-0.08,-0.05,63.0085,11.952
0,-0.0775,-0.05,66.3289,11.952
0,-0.075,-0.05,66.3289,11.952
0,-0.0725,-0.05,68.1478,11.952
0,-0.07,-0.05,71.1386,11.968
0,-0.0675,-0.05,73.7327,11.968
0,-0.065,-0.05,74.7948,11.968
0,-0.0625,-0.05,76.0216,11.968
0,-0.06,-0.05,79.3176,11.968
0,-0.0575,-0.05,79.9036,11.968
0,-0.055,-0.05,82.6746,11.952
0,-0.0525,-0.05,82.8761,11.952
0,-0.05,-0.05,82.3756,11.952
0,-0.0475,-0.05,84.8598,11.984
0,-0.045,-0.05,87.4172,11.952
0,-0.0425,-0.05,88.4365,11.984
0,-0.04,-0.05,90.9268,11.968
0,-0.0375,-0.05,91.1161,11.968
0,-0.035,-0.05,92.8068,11.968
0,-0.0325,-0.05,93.7223,11.984
0,-0.03,-0.05,95.6694,11.968
0,-0.0275,-0.05,96.9451,11.984
0,-0.025,-0.05,97.2198,11.984
0,-0.0225,-0.05,98.6236,11.968
0,-0.02,-0.05,99.0448,11.968
0,-0.0175,-0.05,101.785,11.984
0,-0.015,-0.05,101.7,11.952
0,-0.0125,-0.05,102.658,11.984
0,-0.01,-0.05,103.623,11.968
0,-0.0075,-0.05,103.024,11.968
0,-0.005,-0.05,103.848,12
0,-0.0025,-0.05,104.77,11.984
0,0,-0.05,105.918,12
0,0.0025,-0.05,104.788,11.984
0,0.005,-0.05,104.514,11.984
0,0.0075,-0.05,105.069,12
0,0.01,-0.05,104.813,11.984
0,0.0125,-0.05,103.665,11.984
0,0.015,-0.05,102.463,11.984
0,0.0175,-0.05,102.249,11.984
0,0.02,-0.05,102.078,12
0,0.0225,-0.05,101.016,12
0,0.025,-0.05,98.8067,12
0,0.0275,-0.05,98.4283,12.016
0,0.03,-0.05,96.1943,12.016
0,0.0325,-0.05,95.7366,12.016
0,0.035,-0.05,93.8627,12
0,0.0375,-0.05,93.1974,12
0,0.04,-0.05,90.4935,12.016
0,0.0425,-0.05,89.639,12
0,0.045,-0.05,88.6929,12.016
0,0.0475,-0.05,87.7468,12
0,0.05,-0.05,85.2565,12
0,0.0525,-0.05,84.225,12.016
0,0.055,-0.05,81.8934,12.016
0,0.0575,-0.05,79.9585,12.016
0,0.06,-0.05,79.8669,12.016
0,0.0625,-0.05,77.0531,12.016
0,0.065,-0.05,75.1244,12.016
0,0.0675,-0.05,73.4214,12.016
0,0.07,-0.05,73.2994,12.016
0,0.0725,-0.05,70.0461,11.984
0,0.075,-0.05,68.5141,12.016
0,0.0775,-0.05,68.1478,12.016
0,0.08,-0.05,66.2008,12
0,0.0825,-0.05,64.5344,12
0,0.085,-0.05,63.8203,12.016
0,0.0875,-0.05,61.0675,12
0,0.09,-0.05,59.7797,12.016
0,0.0925,-0.05,57.1123,12.032
0,0.095,-0.05,56.5203,12.016
0,0.0975,-0.05,53.8408,12.032
0,0.1,-0.05,53.853,12.032
0,0.1025,-0.05,52.7238,12.032
0,0.105,-0.05,51.0147,12.032
0,0.1075,-0.05,50.2213,12.048
0,0.11,-0.05,48.4573,12.048
0,0.1125,-0.05,46.2905,12.032
0,0.115,-0.05,44.7279,12.048
0,0.1175,-0.05,44.9416,12.048
0,0.12,-0.05,42.6283,12.064
0,0.1225,-0.05,41.8409,12.064
0,0.125,-0.05,40.3638,12.08
0,0.1275,-0.05,40.1502,12.08
0,0.13,-0.05,37.3913,12.08
0,0.1325,-0.05,38.4533,12.08
0,0.135,-0.05,36.0607,12.08
0,0.1375,-0.05,35.3404,12.08
0,0.14,-0.05,33.3995,12.08
0,0.1425,-0.05,32.6243,12.096
0,0.145,-0.05,31.5195,12.112
0,0.1475,-0.05,31.2632,12.112
0,0.15,-0.05,29.5724,12.112
0,0.1525,-0.05,28.9682,12.096
0,0.155,-0.05,29.8959,12.096
0,0.1575,-0.05,27.308,12.128
0,0.16,-0.05,26.6243,12.144
0,0.1625,-0.05,24.4697,12.16
0,0.165,-0.05,24.7322,12.144
0,0.1675,-0.05,24.7078,12.144
0,0.17,-0.05,23.4687,12.144
0,0.1725,-0.05,22.5654,12.128
0,0.175,-0.05,22.7363,12.144
0,0.1775,-0.05,21.3935,12.144
0,0.18,-0.05,19.9164,12.176
0,0.1825,-0.05,21.0944,12.16
0,0.185,-0.05,19.9347,12.176
0,0.1875,-0.05,19.3182,12.176
0,0.19,-0.05,19.3915,12.176
0,0.1925,-0.05,18.3416,12.176
0,0.195,-0.05,17.719,12.208
0,0.1975,-0.05,16.7425,12.208
0,0.2,-0.05,16.3396,12.176
0,-0.2,-0.0475,16.4495,11.952
0,-0.1975,-0.0475,16.8462,12.016
0,-0.195,-0.0475,17.951,12
0,-0.1925,-0.0475,17.2796,12.032
0,-0.19,-0.0475,17.9449,11.984
0,-0.1875,-0.0475,18.4027,12
0,-0.185,-0.0475,19.7394,12
0,-0.1825,-0.0475,19.8431,12.016
0,-0.18,-0.0475,20.2399,12.016
0,-0.1775,-0.0475,21.601,12
0,-0.175,-0.0475,20.8625,12
0,-0.1725,-0.0475,21.485,12
0,-0.17,-0.0475,22.6081,12
0,-0.1675,-0.0475,23.8044,11.984
0,-0.165,-0.0475,24.3355,12
0,-0.1625,-0.0475,25.19,12.016
0,-0.16,-0.0475,26.4168,11.984
0,-0.1575,-0.0475,25.9102,11.984
0,-0.155,-0.0475,26.9662,11.984
0,-0.1525,-0.0475,28.2662,11.984
0,-0.15,-0.0475,28.9315,11.968
0,-0.1475,-0.0475,29.255,11.968
0,-0.145,-0.0475,30.7382,11.984
0,-0.1425,-0.0475,31.7392,11.968
0,-0.14,-0.0475,32.7952,11.968
0,-0.1375,-0.0475,33.5582,11.968
0,-0.135,-0.0475,33.9549,11.968
0,-0.1325,-0.0475,35.4747,11.968
0,-0.13,-0.0475,37.5011,11.968
0,-0.1275,-0.0475,38.6608,11.952
0,-0.125,-0.0475,39.6069,11.968
0,-0.1225,-0.0475,41.1451,11.952
0,-0.12,-0.0475,40.492,11.952
0,-0.1175,-0.0475,41.7615,11.936
0,-0.115,-0.0475,43.3485,11.952
0,-0.1125,-0.0475,46.1745,11.968
0,-0.11,-0.0475,45.7961,11.936
0,-0.1075,-0.0475,49.263,11.936
0,-0.105,-0.0475,48.9517,11.936
0,-0.1025,-0.0475,49.7085,11.936
0,-0.1,-0.0475,53.2731,11.936
0,-0.0975,-0.0475,54.1887,11.952
0,-0.095,-0.0475,55.5864,11.952
0,-0.0925,-0.0475,56.6179,11.952
0,-0.09,-0.0475,59.3463,11.952
0,-0.0875,-0.0475,59.7736,11.936
0,-0.085,-0.0475,61.9037,11.952
0,-0.0825,-0.0475,62.8803,11.952
0,-0.08,-0.0475,64.8701,11.952
0,-0.0775,-0.0475,67.0064,11.968
0,-0.075,-0.0475,68.5202,11.968
0,-0.0725,-0.0475,69.5517,11.952
0,-0.07,-0.0475,71.2546,11.936
0,-0.0675,-0.0475,73.3787,11.952
0,-0.065,-0.0475,75.7958,11.968
0,-0.0625,-0.0475,77.163,11.952
0,-0.06,-0.0475,79.4702,11.968
0,-0.0575,-0.0475,81.3807,11.968
0,-0.055,-0.0475,81.8201,11.968
0,-0.0525,-0.0475,83.7611,11.984
0,-0.05,-0.0475,86.0988,11.968
0,-0.0475,-0.0475,87.8567,11.968
0,-0.045,-0.0475,87.8567,11.984
0,-0.0425,-0.0475,90.3226,11.984
0,-0.04,-0.0475,92.6481,11.968
0,-0.0375,-0.0475,93.6674,11.968
0,-0.035,-0.0475,94.8088,11.968
0,-0.0325,-0.0475,96.0295,11.984
0,-0.03,-0.0475,99.1913,11.968
0,-0.0275,-0.0475,98.8556,11.968
0,-0.025,-0.0475,101.193,11.984
0,-0.0225,-0.0475,101.022,11.984
0,-0.02,-0.0475,101.602,11.968
0,-0.0175,-0.0475,102.316,11.968
0,-0.015,-0.0475,103.519,11.984
0,-0.0125,-0.0475,103.787,11.984
0,-0.01,-0.0475,106.143,12
0,-0.0075,-0.0475,107.95,11.984
0,-0.005,-0.0475,106.992,11.968
0,-0.0025,-0.0475,107.315,11.968
0,0,-0.0475,107.462,11.984
0,0.0025,-0.0475,107.517,11.984
0,0.005,-0.0475,105.49,11.968
0,0.0075,-0.0475,107.505,12
0,0.01,-0.0475,106.888,12
0,0.0125,-0.0475,106.595,11.984
0,0.015,-0.0475,105.954,12
0,0.0175,-0.0475,103.867,12
0,0.02,-0.0475,102.707,11.984
0,0.0225,-0.0475,103.549,12.016
0,0.025,-0.0475,101.688,12.016
0,0.0275,-0.0475,100.436,12
0,0.03,-0.0475,100.381,12
0,0.0325,-0.0475,96.6704,12
0,0.035,-0.0475,95.645,12
0,0.0375,-0.0475,95.1506,12.016
0,0.04,-0.0475,93.9238,12.016
0,0.0425,-0.0475,91.2137,12.016
0,0.045,-0.0475,90.3409,12.016
0,0.0475,-0.0475,88.937,12.016
0,0.05,-0.0475,86.8313,12.016
0,0.0525,-0.0475,85.0673,12.016
0,0.055,-0.0475,83.9442,12.016
0,0.0575,-0.0475,82.931,12.016
0,0.06,-0.0475,81.814,12
0,0.0625,-0.0475,78.9758,12
0,0.065,-0.0475,76.5587,12
0,0.0675,-0.0475,76.4,12
0,0.07,-0.0475,74.2454,12.016
0,0.0725,-0.0475,73.0613,12
0,0.075,-0.0475,70.0278,12
0,0.0775,-0.0475,69.8141,12.016
0,0.08,-0.0475,68.0319,12.016
0,0.0825,-0.0475,66.7318,12
0,0.085,-0.0475,63.1794,12.016
0,0.0875,-0.0475,64.4368,12.032
0,0.09,-0.0475,60.4633,12.016
0,0.0925,-0.0475,58.681,12.032
0,0.095,-0.0475,57.1245,12.016
0,0.0975,-0.0475,56.4531,12.032
0,0.1,-0.0475,55.3056,12.032
0,0.1025,-0.0475,53.7126,12.048
0,0.105,-0.0475,51.7289,12.032
0,0.1075,-0.0475,50.1297,12.032
0,0.11,-0.0475,49.3057,12.048
0,0.1125,-0.0475,45.2406,12.064
0,0.115,-0.0475,46.4736,12.048
0,0.1175,-0.0475,43.5926,12.048
0,0.12,-0.0475,43.9344,12.048
0,0.1225,-0.0475,41.9752,12.064
0,0.125,-0.0475,41.9446,12.08
0,0.1275,-0.0475,39.4055,12.064
0,0.13,-0.0475,37.9528,12.064
0,0.1325,-0.0475,37.6598,12.08
0,0.135,-0.0475,36.7016,12.096
0,0.1375,-0.0475,35.1329,12.08
0,0.14,-0.0475,34.3638,12.08
0,0.1425,-0.0475,33.1492,12.096
0,0.145,-0.0475,31.4219,12.096
0,0.1475,-0.0475,30.079,12.112
0,0.15,-0.0475,30.372,12.128
0,0.1525,-0.0475,28.3883,12.112
0,0.155,-0.0475,28.1625,12.112
0,0.1575,-0.0475,26.6182,12.112
0,0.16,-0.0475,27.192,12.096
0,0.1625,-0.0475,25.9468,12.128
0,0.165,-0.0475,24.7261,12.128
0,0.1675,-0.0475,25.6966,12.144
0,0.17,-0.0475,24.0364,12.128
0,0.1725,-0.0475,22.541,12.144
0,0.175,-0.0475,22.1442,12.128
0,0.1775,-0.0475,21.7048,12.144
0,0.18,-0.0475,20.9113,12.16
0,0.1825,-0.0475,20.5939,12.144
0,0.185,-0.0475,19.4281,12.16
0,0.1875,-0.0475,19.013,12.16
0,0.19,-0.0475,19.0985,12.192
0,0.1925,-0.0475,19.2572,12.176
0,0.195,-0.0475,18.3782,12.16
0,0.1975,-0.0475,16.718,12.192
0,0.2,-0.0475,16.6265,12.192
0,-0.2,-0.045,16.6326,12
0,-0.1975,-0.045,17.9205,12.016
0,-0.195,-0.045,17.9998,11.984
0,-0.1925,-0.045,18.3477,12
0,-0.19,-0.045,17.7435,12.016
0,-0.1875,-0.045,18.421,12.032
0,-0.185,-0.045,19.1717,12.016
0,-0.1825,-0.045,20.0201,12.016
0,-0.18,-0.045,19.3365,12.032
0,-0.1775,-0.045,20.9235,12.016
0,-0.175,-0.045,22.1931,12.016
0,-0.1725,-0.045,22.1381,12
0,-0.17,-0.045,23.5603,12.016
0,-0.1675,-0.045,23.072,12
0,-0.165,-0.045,23.8777,11.984
0,-0.1625,-0.045,25.7637,12
0,-0.16,-0.045,25.6539,11.984
0,-0.1575,-0.045,28.4677,12
0,-0.155,-0.045,28.0343,11.984
0,-0.1525,-0.045,27.9061,11.984
0,-0.15,-0.045,29.7617,11.984
0,-0.1475,-0.045,29.5358,11.968
0,-0.145,-0.045,30.9275,11.968
0,-0.1425,-0.045,30.8237,11.984
0,-0.14,-0.045,33.3323,11.968
0,-0.1375,-0.045,34.0648,11.968
0,-0.135,-0.045,34.5592,11.952
0,-0.1325,-0.045,36.7016,11.968
0,-0.13,-0.045,36.8664,11.952
0,-0.1275,-0.045,38.5571,11.968
0,-0.125,-0.045,39.5276,11.968
0,-0.1225,-0.045,40.4309,11.952
0,-0.12,-0.045,41.4991,11.968
0,-0.1175,-0.045,43.9955,11.952
0,-0.115,-0.045,43.6415,11.968
0,-0.1125,-0.045,47.0595,11.936
0,-0.11,-0.045,47.8896,11.936
0,-0.1075,-0.045,49.1836,11.936
0,-0.105,-0.045,49.501,11.936
0,-0.1025,-0.045,51.6556,11.952
0,-0.1,-0.045,50.9049,11.952
0,-0.0975,-0.045,54.3168,11.952
0,-0.095,-0.045,56.8194,11.952
0,-0.0925,-0.045,58.1805,11.952
0,-0.09,-0.045,59.2059,11.952
0,-0.0875,-0.045,60.5182,11.936
0,-0.085,-0.045,61.7817,11.968
0,-0.0825,-0.045,66.2557,11.952
0,-0.08,-0.045,66.3717,11.952
0,-0.0775,-0.045,69.9362,11.968
0,-0.075,-0.045,69.6249,11.968
0,-0.0725,-0.045,72.0786,11.952
0,-0.07,-0.045,72.9759,11.952
0,-0.0675,-0.045,75.1915,11.952
0,-0.065,-0.045,76.0277,11.952
0,-0.0625,-0.045,77.871,11.968
0,-0.06,-0.045,81.1731,11.968
0,-0.0575,-0.045,81.93,11.968
0,-0.055,-0.045,83.1202,11.968
0,-0.0525,-0.045,86.4772,11.984
0,-0.05,-0.045,85.8242,11.952
0,-0.0475,-0.045,88.5464,11.984
0,-0.045,-0.045,90.7743,11.968
0,-0.0425,-0.045,93.1425,11.984
0,-0.04,-0.045,92.9655,11.968
0,-0.0375,-0.045,94.9126,11.984
0,-0.035,-0.045,96.6521,11.968
0,-0.0325,-0.045,97.8362,11.968
0,-0.03,-0.045,98.8922,11.968
0,-0.0275,-0.045,100.955,11.984
0,-0.025,-0.045,103.476,11.984
0,-0.0225,-0.045,103.464,11.984
0,-0.02,-0.045,103.83,11.968
0,-0.0175,-0.045,106.79,11.984
0,-0.015,-0.045,107.016,11.984
0,-0.0125,-0.045,107.559,11.984
0,-0.01,-0.045,109.568,11.984
0,-0.0075,-0.045,110.056,12
0,-0.005,-0.045,109.897,12
0,-0.0025,-0.045,110.16,11.984
0,0,-0.045,111.209,11.984
0,0.0025,-0.045,111.112,12
0,0.005,-0.045,111.222,12
0,0.0075,-0.045,110.215,12
0,0.01,-0.045,110.63,12
0,0.0125,-0.045,109.378,11.984
0,0.015,-0.045,108.267,12
0,0.0175,-0.045,107.999,12.016
0,0.02,-0.045,106.815,12
0,0.0225,-0.045,105.753,12.016
0,0.025,-0.045,103.122,12.016
0,0.0275,-0.045,101.981,12.016
0,0.03,-0.045,101.779,12.016
0,0.0325,-0.045,100.827,12
0,0.035,-0.045,98.1719,12.016
0,0.0375,-0.045,96.8841,12.016
0,0.04,-0.045,97.5921,12.016
0,0.0425,-0.045,94.7539,12.016
0,0.045,-0.045,92.4223,12
0,0.0475,-0.045,90.8902,12.016
0,0.05,-0.045,88.461,12
0,0.0525,-0.045,86.9839,12.016
0,0.055,-0.045,85.4701,12.016
0,0.0575,-0.045,82.6441,12.016
0,0.06,-0.045,82.1253,12
0,0.0625,-0.045,79.9341,12.016
0,0.065,-0.045,78.8842,12.016
0,0.0675,-0.045,77.2851,12.016
0,0.07,-0.045,75.4723,12.016
0,0.0725,-0.045,73.2078,12.016
0,0.075,-0.045,70.0217,12.016
0,0.0775,-0.045,70.7236,12.016
0,0.08,-0.045,67.3544,12.016
0,0.0825,-0.045,68.2333,12.016
0,0.085,-0.045,64.7542,12.016
0,0.0875,-0.045,64.388,12.032
0,0.09,-0.045,61.5131,12.016
0,0.0925,-0.045,59.6881,12.032
0,0.095,-0.045,58.2171,12.032
0,0.0975,-0.045,56.6607,12.032
0,0.1,-0.045,53.9506,12.032
0,0.1025,-0.045,54.2131,12.032
0,0.105,-0.045,52.7726,12.032
0,0.1075,-0.045,51.2894,12.048
0,0.11,-0.045,50.1114,12.064
0,0.1125,-0.045,48.0911,12.048
0,0.115,-0.045,46.9131,12.064
0,0.1175,-0.045,46.1379,12.064
0,0.12,-0.045,44.4777,12.048
0,0.1225,-0.045,42.9273,12.048
0,0.125,-0.045,42.3048,12.048
0,0.1275,-0.045,40.6079,12.08
0,0.13,-0.045,39.4177,12.08
0,0.1325,-0.045,38.1542,12.096
0,0.135,-0.045,37.9528,12.096
0,0.1375,-0.045,36.0973,12.096
0,0.14,-0.045,34.7423,12.096
0,0.1425,-0.045,34.2418,12.096
0,0.145,-0.045,31.8979,12.096
0,0.1475,-0.045,31.2265,12.096
0,0.15,-0.045,30.1462,12.128
0,0.1525,-0.045,29.4259,12.128
0,0.155,-0.045,28.6569,12.112
0,0.1575,-0.045,28.5409,12.128
0,0.16,-0.045,26.7098,12.112
0,0.1625,-0.045,25.7576,12.112
0,0.165,-0.045,25.0496,12.128
0,0.1675,-0.045,24.3416,12.128
0,0.17,-0.045,23.133,12.16
0,0.1725,-0.045,22.364,12.144
0,0.175,-0.045,22.7912,12.16
0,0.1775,-0.045,21.601,12.128
0,0.18,-0.045,20.7221,12.16
0,0.1825,-0.045,20.8869,12.144
0,0.185,-0.045,19.8553,12.16
0,0.1875,-0.045,20.1361,12.16
0,0.19,-0.045,18.6041,12.176
0,0.1925,-0.045,17.8045,12.176
0,0.195,-0.045,18.5736,12.192
0,0.1975,-0.045,17.066,12.192
0,0.2,-0.045,16.7913,12.224
0,-0.2,-0.0425,16.7058,12.032
0,-0.1975,-0.0425,16.5044,12
0,-0.195,-0.0425,17.1575,12.016
0,-0.1925,-0.0425,18.6651,12
0,-0.19,-0.0425,18.7078,12.016
0,-0.1875,-0.0425,18.7445,12.032
0,-0.185,-0.0425,19.5257,11.984
0,-0.1825,-0.0425,20.5145,12.032
0,-0.18,-0.0425,20.5023,12.016
0,-0.1775,-0.0425,21.1249,12.032
0,-0.175,-0.0425,21.8635,12
0,-0.1725,-0.0425,22.3701,12.016
0,-0.17,-0.0425,22.2114,12
0,-0.1675,-0.0425,23.1452,11.984
0,-0.165,-0.0425,24.4575,12.032
0,-0.1625,-0.0425,25.2937,11.984
0,-0.16,-0.0425,27.4056,12
0,-0.1575,-0.0425,26.606,12
0,-0.155,-0.0425,27.4483,11.984
0,-0.1525,-0.0425,27.3873,12
0,-0.15,-0.0425,29.4992,12
0,-0.1475,-0.0425,30.3293,11.968
0,-0.145,-0.0425,32.2153,11.984
0,-0.1425,-0.0425,32.9966,11.984
0,-0.14,-0.0425,34.7301,11.984
0,-0.1375,-0.0425,35.3221,11.968
0,-0.135,-0.0425,36.2926,11.952
0,-0.1325,-0.0425,35.8837,11.968
0,-0.13,-0.0425,37.672,11.968
0,-0.1275,-0.0425,38.9843,11.968
0,-0.125,-0.0425,41.0352,11.968
0,-0.1225,-0.0425,40.8948,11.952
0,-0.12,-0.0425,42.1949,11.952
0,-0.1175,-0.0425,43.5438,11.952
0,-0.115,-0.0425,45.6496,11.952
0,-0.1125,-0.0425,46.9558,11.952
0,-0.11,-0.0425,47.8469,11.952
0,-0.1075,-0.0425,49.5743,11.952
0,-0.105,-0.0425,51.558,11.952
0,-0.1025,-0.0425,50.7889,11.952
0,-0.1,-0.0425,53.1083,11.952
0,-0.0975,-0.0425,55.2202,11.952
0,-0.095,-0.0425,57.149,11.952
0,-0.0925,-0.0425,60.1764,11.952
0,-0.09,-0.0425,60.5792,11.952
0,-0.0875,-0.0425,62.1723,11.952
0,-0.085,-0.0425,64.687,11.968
0,-0.0825,-0.0425,64.6626,11.968
0,-0.08,-0.0425,66.39,11.952
0,-0.0775,-0.0425,70.6015,11.952
0,-0.075,-0.0425,71.6208,11.968
0,-0.0725,-0.0425,72.4754,11.984
0,-0.07,-0.0425,75.0267,11.968
0,-0.0675,-0.0425,76.1925,11.984
0,-0.065,-0.0425,78.0908,11.968
0,-0.0625,-0.0425,80.9107,11.968
0,-0.06,-0.0425,80.7642,11.968
0,-0.0575,-0.0425,82.0154,11.968
0,-0.055,-0.0425,85.1405,11.984
0,-0.0525,-0.0425,87.2768,11.984
0,-0.05,-0.0425,88.8821,11.968
0,-0.0475,-0.0425,90.7559,11.968
0,-0.045,-0.0425,93.0754,11.984
0,-0.0425,-0.0425,93.6796,11.968
0,-0.04,-0.0425,96.8963,11.968
0,-0.0375,-0.0425,96.9207,11.968
0,-0.035,-0.0425,98.3978,11.968
0,-0.0325,-0.0425,100.394,11.968
0,-0.03,-0.0425,102.829,11.984
0,-0.0275,-0.0425,103.757,11.984
0,-0.025,-0.0425,104.282,11.984
0,-0.0225,-0.0425,106.973,11.984
0,-0.02,-0.0425,108.792,12
0,-0.0175,-0.0425,108.182,11.984
0,-0.015,-0.0425,110.196,11.984
0,-0.0125,-0.0425,110.294,11.984
0,-0.01,-0.0425,111.167,11.984
0,-0.0075,-0.0425,111.295,12
0,-0.005,-0.0425,113.895,12
0,-0.0025,-0.0425,113.45,11.984
0,0,-0.0425,112.406,12
0,0.0025,-0.0425,113.834,12
0,0.005,-0.0425,114.597,12
0,0.0075,-0.0425,112.387,12
0,0.01,-0.0425,112.204,12.016
0,0.0125,-0.0425,113.309,12.016
0,0.015,-0.0425,111.771,12
0,0.0175,-0.0425,111.46,12.016
0,0.02,-0.0425,110.349,12
0,0.0225,-0.0425,108.658,12.016
0,0.025,-0.0425,108.408,12.016
0,0.0275,-0.0425,106.259,12.016
0,0.03,-0.0425,104.617,12.016
0,0.0325,-0.0425,102.091,12
0,0.035,-0.0425,100.772,12.016
0,0.0375,-0.0425,98.471,12.016
0,0.04,-0.0425,97.8545,12.016
0,0.0425,-0.0425,95.999,12.032
0,0.045,-0.0425,95.2239,12.016
0,0.0475,-0.0425,92.3429,12.016
0,0.05,-0.0425,90.4141,12.032
0,0.0525,-0.0425,89.7427,12.016
0,0.055,-0.0425,87.9604,12.016
0,0.0575,-0.0425,85.4701,12.032
0,0.06,-0.0425,84.1334,12.016
0,0.0625,-0.0425,81.3562,12.016
0,0.065,-0.0425,80.1782,12.016
0,0.0675,-0.0425,75.8629,12.016
0,0.07,-0.0425,77.5231,12.016
0,0.0725,-0.0425,74.5628,12.016
0,0.075,-0.0425,71.7124,12.032
0,0.0775,-0.0425,72.0603,12.016
0,0.08,-0.0425,69.8569,12
0,0.0825,-0.0425,68.1722,12.016
0,0.085,-0.0425,65.4195,12.016
0,0.0875,-0.0425,64.04,12.016
0,0.09,-0.0425,62.2028,12.032
0,0.0925,-0.0425,62.5874,12.016
0,0.095,-0.0425,59.7125,12.032
0,0.0975,-0.0425,56.8987,12.032
0,0.1,-0.0425,55.2934,12.032
0,0.1025,-0.0425,54.4939,12.048
0,0.105,-0.0425,53.0045,12.048
0,0.1075,-0.0425,52.4979,12.048
0,0.11,-0.0425,50.8499,12.032
0,0.1125,-0.0425,50.2701,12.064
0,0.115,-0.0425,47.969,12.048
0,0.1175,-0.0425,44.8134,12.08
0,0.12,-0.0425,45.4665,12.08
0,0.1225,-0.0425,44.3983,12.064
0,0.125,-0.0425,42.5855,12.064
0,0.1275,-0.0425,42.0423,12.096
0,0.13,-0.0425,39.8022,12.096
0,0.1325,-0.0425,38.5937,12.08
0,0.135,-0.0425,38.0383,12.08
0,0.1375,-0.0425,35.6517,12.112
0,0.14,-0.0425,35.1268,12.08
0,0.1425,-0.0425,33.6985,12.096
0,0.145,-0.0425,33.3628,12.112
0,0.1475,-0.0425,30.903,12.112
0,0.15,-0.0425,31.5317,12.128
0,0.1525,-0.0425,30.5857,12.128
0,0.155,-0.0425,28.8339,12.112
0,0.1575,-0.0425,28.7179,12.128
0,0.16,-0.0425,27.7291,12.112
0,0.1625,-0.0425,26.661,12.128
0,0.165,-0.0425,24.6956,12.144
0,0.1675,-0.0425,26.0811,12.128
0,0.17,-0.0425,23.0842,12.144
0,0.1725,-0.0425,23.2612,12.128
0,0.175,-0.0425,22.6875,12.144
0,0.1775,-0.0425,22.5837,12.16
0,0.18,-0.0425,21.3569,12.16
0,0.1825,-0.0425,21.0639,12.16
0,0.185,-0.0425,19.6539,12.176
0,0.1875,-0.0425,20.3253,12.192
0,0.19,-0.0425,20.2704,12.16
0,0.1925,-0.0425,18.3355,12.176
0,0.195,-0.0425,18.012,12.176
0,0.1975,-0.0425,17.6641,12.192
0,0.2,-0.0425,17.4505,12.192
0,-0.2,-0.04,17.42,12
0,-0.1975,-0.04,16.9805,12.016
0,-0.195,-0.04,17.4322,11.984
0,-0.1925,-0.04,17.658,12
0,-0.19,-0.04,18.8726,12
0,-0.1875,-0.04,18.6407,12.016
0,-0.185,-0.04,19.4464,12.016
0,-0.1825,-0.04,20.2826,12
0,-0.18,-0.04,20.5817,12.032
0,-0.1775,-0.04,20.2704,12.032
0,-0.175,-0.04,22.309,12
0,-0.1725,-0.04,22.8645,12.032
0,-0.17,-0.04,22.7912,12
0,-0.1675,-0.04,24.0913,12.016
0,-0.165,-0.04,25.5013,12
0,-0.1625,-0.04,25.9346,12
0,-0.16,-0.04,26.2276,12
0,-0.1575,-0.04,28.1075,12
0,-0.155,-0.04,27.723,12.016
0,-0.1525,-0.04,28.8339,12
0,-0.15,-0.04,30.1523,11.968
0,-0.1475,-0.04,30.6772,11.968
0,-0.145,-0.04,31.1899,11.968
0,-0.1425,-0.04,32.9783,12
0,-0.14,-0.04,33.0882,11.968
0,-0.1375,-0.04,35.2184,12
0,-0.135,-0.04,36.3048,11.984
0,-0.1325,-0.04,36.5673,11.984
0,-0.13,-0.04,37.7636,11.968
0,-0.1275,-0.04,38.5815,11.968
0,-0.125,-0.04,39.6863,11.968
0,-0.1225,-0.04,41.377,11.968
0,-0.12,-0.04,43.3668,11.968
0,-0.1175,-0.04,45.674,11.968
0,-0.115,-0.04,44.5509,11.952
0,-0.1125,-0.04,47.0717,11.952
0,-0.11,-0.04,48.1399,11.952
0,-0.1075,-0.04,50.7584,11.952
0,-0.105,-0.04,50.7096,11.968
0,-0.1025,-0.04,52.2721,11.952
0,-0.1,-0.04,52.9862,11.952
0,-0.0975,-0.04,55.4033,11.968
0,-0.095,-0.04,58.8336,11.968
0,-0.0925,-0.04,58.6016,11.968
0,-0.09,-0.04,59.3707,11.952
0,-0.0875,-0.04,62.0258,11.968
0,-0.085,-0.04,63.7226,11.968
0,-0.0825,-0.04,66.2862,11.968
0,-0.08,-0.04,68.2577,11.968
0,-0.0775,-0.04,69.9545,11.968
0,-0.075,-0.04,71.9687,11.968
0,-0.0725,-0.04,74.2759,11.968
0,-0.07,-0.04,75.6188,11.968
0,-0.0675,-0.04,77.5964,11.968
0,-0.065,-0.04,79.0918,11.968
0,-0.0625,-0.04,82.5648,11.984
0,-0.06,-0.04,83.108,11.968
0,-0.0575,-0.04,84.7377,11.968
0,-0.055,-0.04,86.8435,11.968
0,-0.0525,-0.04,88.0154,11.984
0,-0.05,-0.04,91.0367,11.984
0,-0.0475,-0.04,92.1415,11.984
0,-0.045,-0.04,95.529,11.984
0,-0.0425,-0.04,94.8637,11.984
0,-0.04,-0.04,97.5921,11.984
0,-0.0375,-0.04,100.546,11.968
0,-0.035,-0.04,102.072,11.984
0,-0.0325,-0.04,103.61,12
0,-0.03,-0.04,104.63,11.984
0,-0.0275,-0.04,106.095,12
0,-0.025,-0.04,107.053,12
0,-0.0225,-0.04,109.037,12
0,-0.02,-0.04,110.038,11.984
0,-0.0175,-0.04,110.892,11.984
0,-0.015,-0.04,112.418,12
0,-0.0125,-0.04,112.613,12
0,-0.01,-0.04,114.78,12
0,-0.0075,-0.04,115.024,12.016
0,-0.005,-0.04,115.317,12
0,-0.0025,-0.04,115.513,12
0,0,-0.04,117.063,12
0,0.0025,-0.04,116.544,12
0,0.005,-0.04,116.257,12
0,0.0075,-0.04,117.124,12
0,0.01,-0.04,115.458,12
0,0.0125,-0.04,114.951,12.016
0,0.015,-0.04,113.59,12.016
0,0.0175,-0.04,112.931,12.016
0,0.02,-0.04,111.777,12.032
0,0.0225,-0.04,111.814,12.032
0,0.025,-0.04,108.963,12.032
0,0.0275,-0.04,108.591,12.032
0,0.03,-0.04,105.875,12.032
0,0.0325,-0.04,105.338,12.016
0,0.035,-0.04,104.392,12.016
0,0.0375,-0.04,101.749,12.032
0,0.04,-0.04,100.272,12.016
0,0.0425,-0.04,97.1526,12.016
0,0.045,-0.04,96.4507,12.016
0,0.0475,-0.04,92.9472,12.032
0,0.05,-0.04,91.6166,12.016
0,0.0525,-0.04,90.5118,12.016
0,0.055,-0.04,87.405,12.032
0,0.0575,-0.04,86.3796,12.032
0,0.06,-0.04,85.0978,12.032
0,0.0625,-0.04,83.2972,12.016
0,0.065,-0.04,81.0999,12.016
0,0.0675,-0.04,79.2138,12.016
0,0.07,-0.04,77.3583,12.016
0,0.0725,-0.04,75.8934,12.016
0,0.075,-0.04,75.1793,12.016
0,0.0775,-0.04,71.7917,12.032
0,0.08,-0.04,71.3889,12.016
0,0.0825,-0.04,69.509,12.032
0,0.085,-0.04,67.9464,12.016
0,0.0875,-0.04,66.7013,12.032
0,0.09,-0.04,63.4785,12.016
0,0.0925,-0.04,61.0065,12.032
0,0.095,-0.04,60.7257,12.032
0,0.0975,-0.04,59.0899,12.032
0,0.1,-0.04,57.8875,12.032
0,0.1025,-0.04,56.1846,12.032
0,0.105,-0.04,53.383,12.048
0,0.1075,-0.04,51.0025,12.064
0,0.11,-0.04,52.4857,12.064
0,0.1125,-0.04,49.1409,12.064
0,0.115,-0.04,48.4085,12.064
0,0.1175,-0.04,47.1084,12.064
0,0.12,-0.04,44.7157,12.064
0,0.1225,-0.04,43.4462,12.08
0,0.125,-0.04,43.6781,12.08
0,0.1275,-0.04,41.8958,12.08
0,0.13,-0.04,40.3211,12.064
0,0.1325,-0.04,38.612,12.064
0,0.135,-0.04,38.0261,12.08
0,0.1375,-0.04,37.1044,12.08
0,0.14,-0.04,35.7006,12.08
0,0.1425,-0.04,34.3333,12.096
0,0.145,-0.04,33.9244,12.096
0,0.1475,-0.04,33.076,12.112
0,0.15,-0.04,30.9885,12.096
0,0.1525,-0.04,31.3852,12.144
0,0.155,-0.04,29.4321,12.096
0,0.1575,-0.04,28.9621,12.112
0,0.16,-0.04,27.839,12.112
0,0.1625,-0.04,26.9478,12.144
0,0.165,-0.04,24.9092,12.144
0,0.1675,-0.04,25.2022,12.144
0,0.17,-0.04,25.0557,12.128
0,0.1725,-0.04,23.4138,12.128
0,0.175,-0.04,23.5237,12.16
0,0.1775,-0.04,22.0954,12.144
0,0.18,-0.04,21.6132,12.144
0,0.1825,-0.04,20.9601,12.16
0,0.185,-0.04,20.9052,12.176
0,0.1875,-0.04,19.6173,12.176
0,0.19,-0.04,18.4759,12.176
0,0.1925,-0.04,18.8421,12.176
0,0.195,-0.04,17.9754,12.224
0,0.1975,-0.04,18.4515,12.224
0,0.2,-0.04,16.7608,12.208
0,-0.2,-0.0375,17.1453,11.984
0,-0.1975,-0.0375,16.4617,12
0,-0.195,-0.0375,17.1636,12.016
0,-0.1925,-0.0375,17.9327,12
0,-0.19,-0.0375,19.4952,12.016
0,-0.1875,-0.0375,19.367,12.032
0,-0.185,-0.0375,19.6966,12.016
0,-0.1825,-0.0375,20.4474,12
0,-0.18,-0.0375,20.8502,12.032
0,-0.1775,-0.0375,21.5033,12.016
0,-0.175,-0.0375,22.1198,12.032
0,-0.1725,-0.0375,22.6508,12.016
0,-0.17,-0.0375,23.9814,12.016
0,-0.1675,-0.0375,25.1106,12.032
0,-0.165,-0.0375,24.7871,12
0,-0.1625,-0.0375,25.3365,12.016
0,-0.16,-0.0375,28.2418,12
0,-0.1575,-0.0375,27.1859,12.016
0,-0.155,-0.0375,28.3212,11.984
0,-0.1525,-0.0375,29.4504,11.984
0,-0.15,-0.0375,30.7382,11.984
0,-0.1475,-0.0375,31.6355,12
0,-0.145,-0.0375,31.7331,11.984
0,-0.1425,-0.0375,32.7036,12
0,-0.14,-0.0375,33.5459,11.984
0,-0.1375,-0.0375,35.078,11.984
0,-0.135,-0.0375,36.3292,11.984
0,-0.1325,-0.0375,36.6649,11.952
0,-0.13,-0.0375,38.7951,11.968
0,-0.1275,-0.0375,40.3027,11.968
0,-0.125,-0.0375,40.437,11.952
0,-0.1225,-0.0375,42.1278,11.968
0,-0.12,-0.0375,42.5306,11.968
0,-0.1175,-0.0375,44.1053,11.968
0,-0.115,-0.0375,45.497,11.968
0,-0.1125,-0.0375,47.6821,11.968
0,-0.11,-0.0375,49.4156,11.968
0,-0.1075,-0.0375,49.8123,11.952
0,-0.105,-0.0375,52.1073,11.968
0,-0.1025,-0.0375,53.7126,11.984
0,-0.1,-0.0375,54.0971,11.968
0,-0.0975,-0.0375,56.0808,11.952
0,-0.095,-0.0375,58.0584,11.968
0,-0.0925,-0.0375,58.6444,11.968
0,-0.09,-0.0375,62.7827,11.968
0,-0.0875,-0.0375,63.4175,11.968
0,-0.085,-0.0375,64.7664,11.968
0,-0.0825,-0.0375,68.4896,11.984
0,-0.08,-0.0375,69.3747,11.984
0,-0.0775,-0.0375,72.042,11.984
0,-0.075,-0.0375,73.1651,11.984
0,-0.0725,-0.0375,75.1305,11.984
0,-0.07,-0.0375,78.6218,11.984
0,-0.0675,-0.0375,77.5475,11.984
0,-0.065,-0.0375,81.6187,11.984
0,-0.0625,-0.0375,82.223,11.984
0,-0.06,-0.0375,86.2331,11.984
0,-0.0575,-0.0375,86.8313,11.984
0,-0.055,-0.0375,87.7712,11.984
0,-0.0525,-0.0375,89.9014,11.984
0,-0.05,-0.0375,93.5942,11.984
0,-0.0475,-0.0375,93.8383,11.984
0,-0.045,-0.0375,97.0122,11.984
0,-0.0425,-0.0375,97.3479,11.984
0,-0.04,-0.0375,99.8932,11.984
0,-0.0375,-0.0375,100.748,11.984
0,-0.035,-0.0375,103.427,12
0,-0.0325,-0.0375,105.405,11.984
0,-0.03,-0.0375,106.992,11.984
0,-0.0275,-0.0375,107.645,11.984
0,-0.025,-0.0375,109.598,12
0,-0.0225,-0.0375,111.698,12
0,-0.02,-0.0375,112.729,12
0,-0.0175,-0.0375,113.492,12
0,-0.015,-0.0375,115.122,11.984
0,-0.0125,-0.0375,115.641,12
0,-0.01,-0.0375,117.118,11.984
0,-0.0075,-0.0375,118.955,11.984
0,-0.005,-0.0375,118.625,12
0,-0.0025,-0.0375,119.163,12.016
0,0,-0.0375,120.719,12.016
0,0.0025,-0.0375,118.888,12
0,0.005,-0.0375,119.651,12.016
0,0.0075,-0.0375,119.291,12.016
0,0.01,-0.0375,118.918,12.016
0,0.0125,-0.0375,118.717,12.016
0,0.015,-0.0375,116.672,12.032
0,0.0175,-0.0375,116.721,12.016
0,0.02,-0.0375,114.481,12.032
0,0.0225,-0.0375,113.578,12.032
0,0.025,-0.0375,113.144,12.032
0,0.0275,-0.0375,111.301,12.016
0,0.03,-0.0375,109.61,12.032
0,0.0325,-0.0375,108.078,12.032
0,0.035,-0.0375,106.003,12.032
0,0.0375,-0.0375,103.085,12.032
0,0.04,-0.0375,102.029,12.032
0,0.0425,-0.0375,102.487,12.032
0,0.045,-0.0375,98.9715,12.032
0,0.0475,-0.0375,96.5789,12.032
0,0.05,-0.0375,93.9482,12.032
0,0.0525,-0.0375,93.234,12.032
0,0.055,-0.0375,90.6644,12.032
0,0.0575,-0.0375,88.9492,12.032
0,0.06,-0.0375,87.3318,12.016
0,0.0625,-0.0375,85.5556,12.016
0,0.065,-0.0375,82.1558,12.032
0,0.0675,-0.0375,81.283,12.032
0,0.07,-0.0375,78.3532,12.032
0,0.0725,-0.0375,76.2047,12.032
0,0.075,-0.0375,75.5943,12.016
0,0.0775,-0.0375,73.7327,12.048
0,0.08,-0.0375,70.9006,12.048
0,0.0825,-0.0375,70.4184,12.032
0,0.085,-0.0375,69.1122,12.032
0,0.0875,-0.0375,65.45,12.032
0,0.09,-0.0375,62.9658,12.048
0,0.0925,-0.0375,63.0024,12.048
0,0.095,-0.0375,62.4104,12.048
0,0.0975,-0.0375,59.6332,12.048
0,0.1,-0.0375,59.1205,12.048
0,0.1025,-0.0375,54.6587,12.048
0,0.105,-0.0375,55.6841,12.048
0,0.1075,-0.0375,52.6017,12.048
0,0.11,-0.0375,52.4674,12.064
0,0.1125,-0.0375,50.4593,12.064
0,0.115,-0.0375,48.0422,12.064
0,0.1175,-0.0375,47.8774,12.08
0,0.12,-0.0375,45.6557,12.08
0,0.1225,-0.0375,43.8429,12.08
0,0.125,-0.0375,42.7442,12.096
0,0.1275,-0.0375,41.7249,12.112
0,0.13,-0.0375,40.315,12.08
0,0.1325,-0.0375,38.9233,12.096
0,0.135,-0.0375,37.2814,12.112
0,0.1375,-0.0375,35.8165,12.128
0,0.14,-0.0375,36.3231,12.112
0,0.1425,-0.0375,34.1319,12.112
0,0.145,-0.0375,33.5032,12.128
0,0.1475,-0.0375,31.6721,12.096
0,0.15,-0.0375,31.312,12.112
0,0.1525,-0.0375,31.6599,12.128
0,0.155,-0.0375,31.1777,12.128
0,0.1575,-0.0375,28.8888,12.128
0,0.16,-0.0375,27.1371,12.144
0,0.1625,-0.0375,26.783,12.128
0,0.165,-0.0375,26.7525,12.144
0,0.1675,-0.0375,25.5257,12.128
0,0.17,-0.0375,24.7505,12.144
0,0.1725,-0.0375,24.4453,12.144
0,0.175,-0.0375,22.5349,12.128
0,0.1775,-0.0375,22.1015,12.176
0,0.18,-0.0375,21.8574,12.176
0,0.1825,-0.0375,21.54,12.144
0,0.185,-0.0375,20.9052,12.16
0,0.1875,-0.0375,19.5807,12.176
0,0.19,-0.0375,19.6966,12.176
0,0.1925,-0.0375,18.0059,12.224
0,0.195,-0.0375,18.8116,12.208
0,0.1975,-0.0375,17.3772,12.176
0,0.2,-0.0375,18.0548,12.208
0,-0.2,-0.035,18.3966,12.016
0,-0.1975,-0.035,17.4627,12.032
0,-0.195,-0.035,18.6651,12
0,-0.1925,-0.035,18.2989,12.032
0,-0.19,-0.035,18.366,12
0,-0.1875,-0.035,19.2389,12.032
0,-0.185,-0.035,20.5939,12
0,-0.1825,-0.035,19.9652,12
0,-0.18,-0.035,20.8197,12.032
0,-0.1775,-0.035,21.3019,12.016
0,-0.175,-0.035,22.6142,12.032
0,-0.1725,-0.035,21.9672,12.016
0,-0.17,-0.035,23.7129,12.016
0,-0.1675,-0.035,25.6355,12.016
0,-0.165,-0.035,24.4942,12
0,-0.1625,-0.035,25.5257,12.016
0,-0.16,-0.035,26.8075,12
0,-0.1575,-0.035,27.7596,12.016
0,-0.155,-0.035,28.4249,12.032
0,-0.1525,-0.035,28.6996,12
0,-0.15,-0.035,29.0902,11.984
0,-0.1475,-0.035,32.0078,12
0,-0.145,-0.035,31.4829,11.968
0,-0.1425,-0.035,33.5398,12
0,-0.14,-0.035,35.1878,12
0,-0.1375,-0.035,35.8715,11.984
0,-0.135,-0.035,35.7433,11.968
0,-0.1325,-0.035,38.2153,11.984
0,-0.13,-0.035,38.1603,11.968
0,-0.1275,-0.035,39.967,11.952
0,-0.125,-0.035,42.2803,11.968
0,-0.1225,-0.035,41.2488,11.968
0,-0.12,-0.035,43.2203,11.968
0,-0.1175,-0.035,44.7523,11.968
0,-0.115,-0.035,47.084,11.968
0,-0.1125,-0.035,49.0249,11.968
0,-0.11,-0.035,48.1338,11.952
0,-0.1075,-0.035,49.8611,11.968
0,-0.105,-0.035,51.7411,11.968
0,-0.1025,-0.035,53.5417,11.968
0,-0.1,-0.035,55.0554,11.968
0,-0.0975,-0.035,56.5142,11.968
0,-0.095,-0.035,57.9852,11.952
0,-0.0925,-0.035,59.5477,11.984
0,-0.09,-0.035,61.9648,11.968
0,-0.0875,-0.035,63.039,11.968
0,-0.085,-0.035,65.45,11.968
0,-0.0825,-0.035,67.7328,11.968
0,-0.08,-0.035,70.5954,11.984
0,-0.0775,-0.035,72.7378,11.968
0,-0.075,-0.035,72.6279,11.984
0,-0.0725,-0.035,76.5526,11.984
0,-0.07,-0.035,78.6767,11.984
0,-0.0675,-0.035,80.2881,11.984
0,-0.065,-0.035,81.3135,11.984
0,-0.0625,-0.035,82.87,11.984
0,-0.06,-0.035,85.2504,11.984
0,-0.0575,-0.035,87.8262,11.984
0,-0.055,-0.035,89.9319,11.984
0,-0.0525,-0.035,91.1954,11.984
0,-0.05,-0.035,93.527,11.984
0,-0.0475,-0.035,97.5311,12
0,-0.045,-0.035,97.5127,12
0,-0.0425,-0.035,98.0926,11.984
0,-0.04,-0.035,100.406,11.984
0,-0.0375,-0.035,102.805,11.984
0,-0.035,-0.035,105.277,11.984
0,-0.0325,-0.035,106.681,11.984
0,-0.03,-0.035,108.005,12
0,-0.0275,-0.035,110.66,12
0,-0.025,-0.035,112.546,12
0,-0.0225,-0.035,113.437,12
0,-0.02,-0.035,115.336,12
0,-0.0175,-0.035,115.818,12
0,-0.015,-0.035,118.076,12
0,-0.0125,-0.035,118.21,12
0,-0.01,-0.035,118.363,12.016
0,-0.0075,-0.035,120.408,12.016
0,-0.005,-0.035,121.647,12.016
0,-0.0025,-0.035,123.093,12.016
0,0,-0.035,122.306,12.016
0,0.0025,-0.035,123.075,12.016
0,0.005,-0.035,122.184,12.032
0,0.0075,-0.035,121.262,12.032
0,0.01,-0.035,120.316,12.032
0,0.0125,-0.035,122.08,12.032
0,0.015,-0.035,120.212,12.032
0,0.0175,-0.035,120.573,12.032
0,0.02,-0.035,118.076,12.032
0,0.0225,-0.035,117.594,12.032
0,0.025,-0.035,115.195,12.032
0,0.0275,-0.035,114.371,12.032
0,0.03,-0.035,113.73,12.032
0,0.0325,-0.035,110.007,12.032
0,0.035,-0.035,108.841,12.032
0,0.0375,-0.035,106.467,12.032
0,0.04,-0.035,104.3,12.016
0,0.0425,-0.035,102.078,12.032
0,0.045,-0.035,101.737,12.032
0,0.0475,-0.035,99.1607,12.032
0,0.05,-0.035,94.8149,12.048
0,0.0525,-0.035,94.4853,12.048
0,0.055,-0.035,91.232,12.048
0,0.0575,-0.035,88.0764,12.032
0,0.06,-0.035,86.5627,12.032
0,0.0625,-0.035,85.5739,12.048
0,0.065,-0.035,82.8089,12.032
0,0.0675,-0.035,81.9117,12.048
0,0.07,-0.035,79.6655,12.032
0,0.0725,-0.035,78.3105,12.032
0,0.075,-0.035,76.4977,12.032
0,0.0775,-0.035,75.277,12.048
0,0.08,-0.035,71.1936,12.048
0,0.0825,-0.035,70.3513,12.048
0,0.085,-0.035,68.8559,12.048
0,0.0875,-0.035,66.9393,12.048
0,0.09,-0.035,65.7674,12.048
0,0.0925,-0.035,64.3208,12.048
0,0.095,-0.035,62.331,12.048
0,0.0975,-0.035,61.1347,12.048
0,0.1,-0.035,58.4857,12.032
0,0.1025,-0.035,57.6128,12.064
0,0.105,-0.035,54.561,12.064
0,0.1075,-0.035,54.6892,12.048
0,0.11,-0.035,53.1022,12.048
0,0.1125,-0.035,51.1917,12.048
0,0.115,-0.035,49.1653,12.064
0,0.1175,-0.035,47.6089,12.064
0,0.12,-0.035,46.8398,12.08
0,0.1225,-0.035,45.088,12.064
0,0.125,-0.035,43.2814,12.08
0,0.1275,-0.035,43.6903,12.096
0,0.13,-0.035,40.7666,12.08
0,0.1325,-0.035,40.083,12.096
0,0.135,-0.035,39.7778,12.096
0,0.1375,-0.035,36.9823,12.096
0,0.14,-0.035,36.1827,12.128
0,0.1425,-0.035,35.2306,12.112
0,0.145,-0.035,35.1634,12.112
0,0.1475,-0.035,32.606,12.096
0,0.15,-0.035,32.9356,12.128
0,0.1525,-0.035,30.6467,12.128
0,0.155,-0.035,30.8481,12.144
0,0.1575,-0.035,29.3466,12.112
0,0.16,-0.035,27.308,12.144
0,0.1625,-0.035,26.8685,12.144
0,0.165,-0.035,26.2764,12.176
0,0.1675,-0.035,25.9529,12.144
0,0.17,-0.035,24.7078,12.16
0,0.1725,-0.035,23.6518,12.192
0,0.175,-0.035,24.5613,12.144
0,0.1775,-0.035,22.4128,12.176
0,0.18,-0.035,22.2724,12.176
0,0.1825,-0.035,20.7953,12.192
0,0.185,-0.035,20.0201,12.208
0,0.1875,-0.035,20.0873,12.208
0,0.19,-0.035,19.0313,12.176
0,0.1925,-0.035,19.1839,12.192
0,0.195,-0.035,18.9093,12.192
0,0.1975,-0.035,17.6519,12.208
0,0.2,-0.035,17.2491,12.224
0,-0.2,-0.0325,17.066,12
0,-0.1975,-0.0325,17.3162,12
0,-0.195,-0.0325,18.6956,12
0,-0.1925,-0.0325,18.3477,12.016
0,-0.19,-0.0325,18.9703,12.032
0,-0.1875,-0.0325,19.5379,12.016
0,-0.185,-0.0325,20.4474,12.032
0,-0.1825,-0.0325,20.6732,12.032
0,-0.18,-0.0325,20.7343,12.016
0,-0.1775,-0.0325,20.9357,12.048
0,-0.175,-0.0325,22.1747,12.032
0,-0.1725,-0.0325,23.3528,12.016
0,-0.17,-0.0325,23.0537,12
0,-0.1675,-0.0325,25.2937,12.016
0,-0.165,-0.0325,24.6956,12
0,-0.1625,-0.0325,26.0933,12.016
0,-0.16,-0.0325,26.4779,12.016
0,-0.1575,-0.0325,28.7545,12.016
0,-0.155,-0.0325,30.4636,12.016
0,-0.1525,-0.0325,29.957,12
0,-0.15,-0.0325,30.0913,12.016
0,-0.1475,-0.0325,30.8847,11.984
0,-0.145,-0.0325,32.5266,12
0,-0.1425,-0.0325,33.5276,12
0,-0.14,-0.0325,33.3689,11.968
0,-0.1375,-0.0325,34.8277,12
0,-0.135,-0.0325,34.9559,11.984
0,-0.1325,-0.0325,37.9894,11.968
0,-0.13,-0.0325,39.0149,11.968
0,-0.1275,-0.0325,39.2285,11.968
0,-0.125,-0.0325,41.8348,11.968
0,-0.1225,-0.0325,41.4686,11.952
0,-0.12,-0.0325,42.4207,11.984
0,-0.1175,-0.0325,44.6425,11.968
0,-0.115,-0.0325,47.1023,11.952
0,-0.1125,-0.0325,48.6892,11.968
0,-0.11,-0.0325,48.9334,11.968
0,-0.1075,-0.0325,49.8245,11.984
0,-0.105,-0.0325,53.8408,11.968
0,-0.1025,-0.0325,54.3535,11.984
0,-0.1,-0.0325,58.1927,11.984
0,-0.0975,-0.0325,58.504,11.968
0,-0.095,-0.0325,60.3229,11.968
0,-0.0925,-0.0325,62.1723,11.984
0,-0.09,-0.0325,64.0584,11.968
0,-0.0875,-0.0325,66.5181,11.984
0,-0.085,-0.0325,68.1967,11.968
0,-0.0825,-0.0325,67.8793,11.968
0,-0.08,-0.0325,70.9067,11.984
0,-0.0775,-0.0325,70.8151,11.984
0,-0.075,-0.0325,75.399,11.968
0,-0.0725,-0.0325,76.5831,11.984
0,-0.07,-0.0325,79.5679,11.984
0,-0.0675,-0.0325,80.6787,11.984
0,-0.065,-0.0325,82.107,11.984
0,-0.0625,-0.0325,84.6583,11.984
0,-0.06,-0.0325,85.519,11.984
0,-0.0575,-0.0325,87.7773,11.984
0,-0.055,-0.0325,91.0428,11.984
0,-0.0525,-0.0325,92.4467,11.984
0,-0.05,-0.0325,93.6125,12
0,-0.0475,-0.0325,95.9014,11.984
0,-0.045,-0.0325,98.3673,12
0,-0.0425,-0.0325,100.089,12
0,-0.04,-0.0325,102.438,11.984
0,-0.0375,-0.0325,104.123,11.984
0,-0.035,-0.0325,105.893,12.016
0,-0.0325,-0.0325,110.349,12.016
0,-0.03,-0.0325,111.27,12
0,-0.0275,-0.0325,113.266,12.016
0,-0.025,-0.0325,113.852,12
0,-0.0225,-0.0325,116.306,12.016
0,-0.02,-0.0325,116.672,12.016
0,-0.0175,-0.0325,118.857,12.016
0,-0.015,-0.0325,120.841,12.032
0,-0.0125,-0.0325,121.244,12
0,-0.01,-0.0325,123.081,12.016
0,-0.0075,-0.0325,123.228,12.016
0,-0.005,-0.0325,124.784,12
0,-0.0025,-0.0325,125.48,12.016
0,0,-0.0325,126.157,12.032
0,0.0025,-0.0325,125.62,12.016
0,0.005,-0.0325,125.956,12.032
0,0.0075,-0.0325,123.984,12.032
0,0.01,-0.0325,125.138,12.032
0,0.0125,-0.0325,123.801,12.032
0,0.015,-0.0325,123.484,12.016
0,0.0175,-0.0325,122.227,12.032
0,0.02,-0.0325,120.53,12.032
0,0.0225,-0.0325,119.651,12.032
0,0.025,-0.0325,118.192,12.032
0,0.0275,-0.0325,117.228,12.032
0,0.03,-0.0325,114.811,12.032
0,0.0325,-0.0325,112.662,12.032
0,0.035,-0.0325,111.716,12.048
0,0.0375,-0.0325,108.774,12.032
0,0.04,-0.0325,105.869,12.032
0,0.0425,-0.0325,104.514,12.048
0,0.045,-0.0325,101.871,12.048
0,0.0475,-0.0325,101.193,12.048
0,0.05,-0.0325,97.0061,12.032
0,0.0525,-0.0325,95.1018,12.048
0,0.055,-0.0325,94.0031,12.032
0,0.0575,-0.0325,91.7081,12.048
0,0.06,-0.0325,90.6705,12.048
0,0.0625,-0.0325,87.759,12.032
0,0.065,-0.0325,84.5119,12.048
0,0.0675,-0.0325,81.8567,12.048
0,0.07,-0.0325,79.5679,12.032
0,0.0725,-0.0325,78.9819,12.048
0,0.075,-0.0325,77.0165,12.032
0,0.0775,-0.0325,75.0572,12.032
0,0.08,-0.0325,74.0867,12.048
0,0.0825,-0.0325,72.158,12.048
0,0.085,-0.0325,71.9932,12.064
0,0.0875,-0.0325,67.3544,12.048
0,0.09,-0.0325,67.4398,12.032
0,0.0925,-0.0325,66.0482,12.048
0,0.095,-0.0325,63.6433,12.048
0,0.0975,-0.0325,61.0248,12.048
0,0.1,-0.0325,59.4073,12.064
0,0.1025,-0.0325,56.8499,12.064
0,0.105,-0.0325,55.6475,12.064
0,0.1075,-0.0325,54.8723,12.064
0,0.11,-0.0325,53.9689,12.08
0,0.1125,-0.0325,52.3759,12.064
0,0.115,-0.0325,50.2579,12.08
0,0.1175,-0.0325,48.909,12.08
0,0.12,-0.0325,47.7676,12.064
0,0.1225,-0.0325,45.8937,12.096
0,0.125,-0.0325,44.3861,12.096
0,0.1275,-0.0325,42.6283,12.08
0,0.13,-0.0325,40.5896,12.096
0,0.1325,-0.0325,40.6995,12.096
0,0.135,-0.0325,39.0393,12.112
0,0.1375,-0.0325,38.1298,12.112
0,0.14,-0.0325,36.7138,12.112
0,0.1425,-0.0325,35.8531,12.128
0,0.145,-0.0325,34.9254,12.112
0,0.1475,-0.0325,33.4605,12.112
0,0.15,-0.0325,32.9966,12.112
0,0.1525,-0.0325,30.5246,12.128
0,0.155,-0.0325,30.9946,12.128
0,0.1575,-0.0325,29.2489,12.128
0,0.16,-0.0325,28.5836,12.144
0,0.1625,-0.0325,28.0526,12.16
0,0.165,-0.0325,26.9539,12.144
0,0.1675,-0.0325,25.6661,12.16
0,0.17,-0.0325,24.8909,12.16
0,0.1725,-0.0325,24.8482,12.144
0,0.175,-0.0325,24.2805,12.16
0,0.1775,-0.0325,22.5532,12.16
0,0.18,-0.0325,22.2968,12.192
0,0.1825,-0.0325,21.8879,12.176
0,0.185,-0.0325,20.8502,12.192
0,0.1875,-0.0325,21.0517,12.208
0,0.19,-0.0325,20.1971,12.192
0,0.1925,-0.0325,19.3548,12.176
0,0.195,-0.0325,19.0558,12.224
0,0.1975,-0.0325,18.3782,12.208
0,0.2,-0.0325,17.3467,12.24
0,-0.2,-0.03,17.8045,12
0,-0.1975,-0.03,17.6275,12
0,-0.195,-0.03,17.7862,12
0,-0.1925,-0.03,18.4759,12.016
0,-0.19,-0.03,18.7262,12.048
0,-0.1875,-0.03,19.7211,12.016
0,-0.185,-0.03,21.1005,12.016
0,-0.1825,-0.03,20.8258,12.016
0,-0.18,-0.03,21.4789,12.016
0,-0.1775,-0.03,21.6193,12.016
0,-0.175,-0.03,22.9255,12.032
0,-0.1725,-0.03,23.6396,12.032
0,-0.17,-0.03,25.2449,12.032
0,-0.1675,-0.03,25.0801,12.032
0,-0.165,-0.03,25.1167,12.016
0,-0.1625,-0.03,26.4229,12.016
0,-0.16,-0.03,27.2347,12.016
0,-0.1575,-0.03,27.8573,12.016
0,-0.155,-0.03,28.8888,12
0,-0.1525,-0.03,28.7484,12.016
0,-0.15,-0.03,30.9275,12
0,-0.1475,-0.03,31.0862,12
0,-0.145,-0.03,32.7036,12
0,-0.1425,-0.03,33.7535,11.984
0,-0.14,-0.03,33.8755,12
0,-0.1375,-0.03,36.1156,11.984
0,-0.135,-0.03,37.1471,11.968
0,-0.1325,-0.03,37.8063,11.984
0,-0.13,-0.03,38.6792,11.984
0,-0.1275,-0.03,39.2712,11.968
0,-0.125,-0.03,40.0891,11.984
0,-0.1225,-0.03,42.3475,11.968
0,-0.12,-0.03,43.9711,11.968
0,-0.1175,-0.03,44.1053,11.968
0,-0.115,-0.03,47.7187,11.984
0,-0.1125,-0.03,48.4085,11.968
0,-0.11,-0.03,50.1968,11.968
0,-0.1075,-0.03,50.2457,11.968
0,-0.105,-0.03,52.5712,11.952
0,-0.1025,-0.03,54.8784,11.984
0,-0.1,-0.03,55.8061,11.968
0,-0.0975,-0.03,57.4419,11.952
0,-0.095,-0.03,59.8102,11.968
0,-0.0925,-0.03,62.2517,11.968
0,-0.09,-0.03,63.6982,11.968
0,-0.0875,-0.03,65.5782,11.968
0,-0.085,-0.03,66.5365,12
0,-0.0825,-0.03,68.7948,11.984
0,-0.08,-0.03,69.393,11.968
0,-0.0775,-0.03,74.2088,11.984
0,-0.075,-0.03,75.8202,12
0,-0.0725,-0.03,76.5404,12
0,-0.07,-0.03,80.99,12
0,-0.0675,-0.03,81.6309,12
0,-0.065,-0.03,82.8272,12
0,-0.0625,-0.03,85.0124,11.984
0,-0.06,-0.03,86.6482,11.984
0,-0.0575,-0.03,89.3887,12
0,-0.055,-0.03,91.5372,11.984
0,-0.0525,-0.03,94.1435,12.016
0,-0.05,-0.03,94.882,12
0,-0.0475,-0.03,98.4771,12
0,-0.045,-0.03,100.662,12.016
0,-0.0425,-0.03,104.575,12
0,-0.04,-0.03,104.666,12
0,-0.0375,-0.03,106.174,12
0,-0.035,-0.03,109.952,12
0,-0.0325,-0.03,109.977,12
0,-0.03,-0.03,111.795,12
0,-0.0275,-0.03,113.907,12.016
0,-0.025,-0.03,116.446,12
0,-0.0225,-0.03,118.088,12
0,-0.02,-0.03,119.419,12.016
0,-0.0175,-0.03,121.824,12.016
0,-0.015,-0.03,122.459,12
0,-0.0125,-0.03,124.546,12.016
0,-0.01,-0.03,125.895,12.016
0,-0.0075,-0.03,126.493,12.016
0,-0.005,-0.03,125.443,12
0,-0.0025,-0.03,127.543,12.032
0,0,-0.03,128.965,12.032
0,0.0025,-0.03,127.799,12.032
0,0.005,-0.03,128.471,12.032
0,0.0075,-0.03,127.238,12.016
0,0.01,-0.03,128.214,12.032
0,0.0125,-0.03,126.701,12.032
0,0.015,-0.03,124.613,12.016
0,0.0175,-0.03,124.265,12.048
0,0.02,-0.03,122.41,12.032
0,0.0225,-0.03,121.726,12.032
0,0.025,-0.03,119.889,12.048
0,0.0275,-0.03,117.344,12.032
0,0.03,-0.03,115.427,12.048
0,0.0325,-0.03,114.554,12.032
0,0.035,-0.03,112.18,12.032
0,0.0375,-0.03,110.385,12.032
0,0.04,-0.03,109.622,12.032
0,0.0425,-0.03,106.687,12.064
0,0.045,-0.03,104.392,12.048
0,0.0475,-0.03,100.699,12.048
0,0.05,-0.03,98.5076,12.048
0,0.0525,-0.03,98.7152,12.032
0,0.055,-0.03,95.0346,12.032
0,0.0575,-0.03,92.8983,12.048
0,0.06,-0.03,89.0408,12.032
0,0.0625,-0.03,86.05,12.032
0,0.065,-0.03,87.3379,12.032
0,0.0675,-0.03,85.226,12.048
0,0.07,-0.03,83.0226,12.032
0,0.0725,-0.03,81.2281,12.048
0,0.075,-0.03,79.9585,12.048
0,0.0775,-0.03,77.9809,12.048
0,0.08,-0.03,74.0318,12.032
0,0.0825,-0.03,72.8477,12.048
0,0.085,-0.03,71.9626,12.048
0,0.0875,-0.03,69.3686,12.048
0,0.09,-0.03,67.0858,12.048
0,0.0925,-0.03,66.213,12.048
0,0.095,-0.03,64.6687,12.048
0,0.0975,-0.03,61.2506,12.064
0,0.1,-0.03,61.4521,12.064
0,0.1025,-0.03,58.388,12.064
0,0.105,-0.03,57.973,12.08
0,0.1075,-0.03,54.3901,12.08
0,0.11,-0.03,53.1632,12.064
0,0.1125,-0.03,53.1877,12.08
0,0.115,-0.03,49.794,12.08
0,0.1175,-0.03,48.6099,12.08
0,0.12,-0.03,47.4136,12.064
0,0.1225,-0.03,46.144,12.08
0,0.125,-0.03,44.673,12.08
0,0.1275,-0.03,43.0677,12.08
0,0.13,-0.03,41.5052,12.096
0,0.1325,-0.03,40.4798,12.112
0,0.135,-0.03,39.0149,12.112
0,0.1375,-0.03,37.1593,12.128
0,0.14,-0.03,36.0118,12.128
0,0.1425,-0.03,34.9498,12.112
0,0.145,-0.03,34.7972,12.128
0,0.1475,-0.03,34.4798,12.128
0,0.15,-0.03,32.8745,12.128
0,0.1525,-0.03,31.8186,12.112
0,0.155,-0.03,30.665,12.112
0,0.1575,-0.03,29.5724,12.128
0,0.16,-0.03,27.6681,12.176
0,0.1625,-0.03,28.0282,12.16
0,0.165,-0.03,27.5338,12.128
0,0.1675,-0.03,26.1299,12.16
0,0.17,-0.03,25.0496,12.16
0,0.1725,-0.03,24.0547,12.16
0,0.175,-0.03,24.5674,12.176
0,0.1775,-0.03,23.5298,12.176
0,0.18,-0.03,22.0283,12.176
0,0.1825,-0.03,22.7302,12.176
0,0.185,-0.03,21.9489,12.176
0,0.1875,-0.03,20.7526,12.176
0,0.19,-0.03,21.5644,12.192
0,0.1925,-0.03,18.2989,12.176
0,0.195,-0.03,19.1534,12.192
0,0.1975,-0.03,18.9764,12.208
0,0.2,-0.03,17.6214,12.208
0,-0.2,-0.0275,16.773,12.016
0,-0.1975,-0.0275,17.4444,12.048
0,-0.195,-0.0275,17.8472,12.016
0,-0.1925,-0.0275,18.6956,12.016
0,-0.19,-0.0275,18.7078,12.016
0,-0.1875,-0.0275,19.068,12.032
0,-0.185,-0.0275,20.1727,12.032
0,-0.1825,-0.0275,20.2399,12.048
0,-0.18,-0.0275,21.2226,12.016
0,-0.1775,-0.0275,22.1809,12.016
0,-0.175,-0.0275,22.187,12.032
0,-0.1725,-0.0275,22.956,12.048
0,-0.17,-0.0275,23.3222,12.048
0,-0.1675,-0.0275,24.8726,12.032
0,-0.165,-0.0275,25.0252,12.032
0,-0.1625,-0.0275,26.014,12.016
0,-0.16,-0.0275,26.0018,12
0,-0.1575,-0.0275,27.4545,12
0,-0.155,-0.0275,28.3334,12
0,-0.1525,-0.0275,29.6457,12.016
0,-0.15,-0.0275,29.9875,12
0,-0.1475,-0.0275,32.197,12
0,-0.145,-0.0275,32.0444,12.016
0,-0.1425,-0.0275,32.9417,11.984
0,-0.14,-0.0275,34.5286,12
0,-0.1375,-0.0275,35.1939,12
0,-0.135,-0.0275,37.3363,12
0,-0.1325,-0.0275,38.7524,11.984
0,-0.13,-0.0275,38.8012,11.968
0,-0.1275,-0.0275,39.7656,11.984
0,-0.125,-0.0275,40.8277,11.984
0,-0.1225,-0.0275,42.1888,12
0,-0.12,-0.0275,43.9222,11.968
0,-0.1175,-0.0275,45.3017,11.984
0,-0.115,-0.0275,48.677,11.984
0,-0.1125,-0.0275,48.9334,11.968
0,-0.11,-0.0275,51.6434,11.984
0,-0.1075,-0.0275,50.8866,11.968
0,-0.105,-0.0275,53.6454,11.984
0,-0.1025,-0.0275,55.1042,11.968
0,-0.1,-0.0275,56.6118,11.968
0,-0.0975,-0.0275,57.7654,11.984
0,-0.095,-0.0275,60.8417,11.968
0,-0.0925,-0.0275,62.3981,11.984
0,-0.09,-0.0275,63.2405,11.968
0,-0.0875,-0.0275,67.0431,11.968
0,-0.085,-0.0275,66.744,11.984
0,-0.0825,-0.0275,70.333,11.984
0,-0.08,-0.0275,72.2007,11.984
0,-0.0775,-0.0275,74.8802,12
0,-0.075,-0.0275,74.691,11.984
0,-0.0725,-0.0275,76.6686,11.984
0,-0.07,-0.0275,79.3481,11.984
0,-0.0675,-0.0275,82.3878,12
0,-0.065,-0.0275,83.1263,12
0,-0.0625,-0.0275,87.2524,12
0,-0.06,-0.0275,87.7895,11.984
0,-0.0575,-0.0275,91.6776,12.016
0,-0.055,-0.0275,93.0937,12
0,-0.0525,-0.0275,96.4568,12
0,-0.05,-0.0275,96.9207,12.016
0,-0.0475,-0.0275,97.8545,12
0,-0.045,-0.0275,100.418,12
0,-0.0425,-0.0275,103.775,12
0,-0.04,-0.0275,106.381,12
0,-0.0375,-0.0275,108.554,12.016
0,-0.035,-0.0275,111.344,12.016
0,-0.0325,-0.0275,111.82,12.016
0,-0.03,-0.0275,113.578,12
0,-0.0275,-0.0275,115.543,12
0,-0.025,-0.0275,118.284,12.016
0,-0.0225,-0.0275,122.874,12.016
0,-0.02,-0.0275,122.8,12
0,-0.0175,-0.0275,125.84,12.032
0,-0.015,-0.0275,124.894,12.016
0,-0.0125,-0.0275,126.536,12.016
0,-0.01,-0.0275,128.904,12.016
0,-0.0075,-0.0275,129.588,12.032
0,-0.005,-0.0275,131.065,12.032
0,-0.0025,-0.0275,129.868,12.016
0,0,-0.0275,129.948,12.032
0,0.0025,-0.0275,132.554,12.032
0,0.005,-0.0275,131.266,12.016
0,0.0075,-0.0275,129.484,12.016
0,0.01,-0.0275,130.088,12.032
0,0.0125,-0.0275,129.38,12.032
0,0.015,-0.0275,128.428,12.032
0,0.0175,-0.0275,125.828,12.032
0,0.02,-0.0275,127.476,12.048
0,0.0225,-0.0275,124.827,12.048
0,0.025,-0.0275,121.458,12.048
0,0.0275,-0.0275,120.365,12.048
0,0.03,-0.0275,118.693,12.048
0,0.0325,-0.0275,117.344,12.048
0,0.035,-0.0275,113.999,12.048
0,0.0375,-0.0275,112.491,12.048
0,0.04,-0.0275,109.983,12.048
0,0.0425,-0.0275,106.479,12.048
0,0.045,-0.0275,105.655,12.048
0,0.0475,-0.0275,103.775,12.048
0,0.05,-0.0275,99.3927,12.048
0,0.0525,-0.0275,98.8067,12.048
0,0.055,-0.0275,96.176,12.048
0,0.0575,-0.0275,96.2737,12.048
0,0.06,-0.0275,91.818,12.048
0,0.0625,-0.0275,91.2381,12.048
0,0.065,-0.0275,87.2097,12.032
0,0.0675,-0.0275,86.6054,12.048
0,0.07,-0.0275,85.6166,12.032
0,0.0725,-0.0275,82.5892,12.048
0,0.075,-0.0275,79.3725,12.032
0,0.0775,-0.0275,76.5587,12.048
0,0.08,-0.0275,76.1376,12.048
0,0.0825,-0.0275,73.1285,12.032
0,0.085,-0.0275,71.5049,12.048
0,0.0875,-0.0275,70.4123,12.064
0,0.09,-0.0275,66.982,12.064
0,0.0925,-0.0275,66.3656,12.064
0,0.095,-0.0275,64.4856,12.048
0,0.0975,-0.0275,62.154,12.064
0,0.1,-0.0275,60.39,12.064
0,0.1025,-0.0275,59.1571,12.064
0,0.105,-0.0275,58.5833,12.064
0,0.1075,-0.0275,54.9699,12.064
0,0.11,-0.0275,54.1276,12.08
0,0.1125,-0.0275,52.1439,12.096
0,0.115,-0.0275,51.5091,12.08
0,0.1175,-0.0275,49.1165,12.08
0,0.12,-0.0275,48.2437,12.096
0,0.1225,-0.0275,46.5346,12.08
0,0.125,-0.0275,44.85,12.096
0,0.1275,-0.0275,43.5804,12.096
0,0.13,-0.0275,43.2875,12.096
0,0.1325,-0.0275,40.614,12.112
0,0.135,-0.0275,39.259,12.112
0,0.1375,-0.0275,38.1481,12.112
0,0.14,-0.0275,37.08,12.128
0,0.1425,-0.0275,35.7921,12.128
0,0.145,-0.0275,35.4625,12.144
0,0.1475,-0.0275,34.4127,12.128
0,0.15,-0.0275,33.5337,12.128
0,0.1525,-0.0275,32.5083,12.144
0,0.155,-0.0275,30.5979,12.128
0,0.1575,-0.0275,31.2204,12.128
0,0.16,-0.0275,29.0719,12.144
0,0.1625,-0.0275,28.5043,12.144
0,0.165,-0.0275,27.4789,12.16
0,0.1675,-0.0275,26.7159,12.176
0,0.17,-0.0275,25.1717,12.16
0,0.1725,-0.0275,24.9031,12.176
0,0.175,-0.0275,23.7373,12.16
0,0.1775,-0.0275,23.9814,12.176
0,0.18,-0.0275,23.2185,12.16
0,0.1825,-0.0275,21.717,12.176
0,0.185,-0.0275,20.8563,12.16
0,0.1875,-0.0275,21.131,12.192
0,0.19,-0.0275,20.2948,12.176
0,0.1925,-0.0275,19.7455,12.192
0,0.195,-0.0275,19.2206,12.208
0,0.1975,-0.0275,18.0548,12.208
0,0.2,-0.0275,17.3894,12.256
0,-0.2,-0.025,18.6102,12
0,-0.1975,-0.025,18.5369,12.032
0,-0.195,-0.025,18.2257,12.016
0,-0.1925,-0.025,18.2012,12.064
0,-0.19,-0.025,19.1473,12.032
0,-0.1875,-0.025,18.5369,12.032
0,-0.185,-0.025,20.7648,12.032
0,-0.1825,-0.025,21.6742,12.032
0,-0.18,-0.025,22.9316,12.032
0,-0.1775,-0.025,21.9001,12.048
0,-0.175,-0.025,21.955,12.032
0,-0.1725,-0.025,22.9072,12.016
0,-0.17,-0.025,24.2622,12.032
0,-0.1675,-0.025,24.2866,12.048
0,-0.165,-0.025,25.4585,12.016
0,-0.1625,-0.025,25.7332,12.032
0,-0.16,-0.025,26.9601,12.032
0,-0.1575,-0.025,27.9366,12.032
0,-0.155,-0.025,28.0282,12
0,-0.1525,-0.025,30.5002,12.016
0,-0.15,-0.025,30.2133,12.032
0,-0.1475,-0.025,31.5744,12.016
0,-0.145,-0.025,31.5622,12.016
0,-0.1425,-0.025,33.0882,11.968
0,-0.14,-0.025,34.1807,12
0,-0.1375,-0.025,34.6934,12
0,-0.135,-0.025,36.4391,11.968
0,-0.1325,-0.025,37.1105,12.016
0,-0.13,-0.025,40.0586,11.984
0,-0.1275,-0.025,39.2956,12
0,-0.125,-0.025,41.3892,11.984
0,-0.1225,-0.025,42.6283,11.984
0,-0.12,-0.025,44.1664,11.984
0,-0.1175,-0.025,46.1318,11.984
0,-0.115,-0.025,46.6933,11.984
0,-0.1125,-0.025,49.1043,11.984
0,-0.11,-0.025,50.9049,11.984
0,-0.1075,-0.025,51.2162,11.968
0,-0.105,-0.025,52.9496,11.984
0,-0.1025,-0.025,54.9211,11.984
0,-0.1,-0.025,56.502,11.968
0,-0.0975,-0.025,58.9923,11.984
0,-0.095,-0.025,61.0553,11.968
0,-0.0925,-0.025,63.4419,12
0,-0.09,-0.025,65.0777,11.984
0,-0.0875,-0.025,65.7064,11.984
0,-0.085,-0.025,68.1112,11.984
0,-0.0825,-0.025,69.7287,11.984
0,-0.08,-0.025,73.0918,12
0,-0.0775,-0.025,72.7989,11.984
0,-0.075,-0.025,75.9239,11.984
0,-0.0725,-0.025,77.1264,11.984
0,-0.07,-0.025,79.9036,12
0,-0.0675,-0.025,82.4122,12
0,-0.065,-0.025,84.2311,11.984
0,-0.0625,-0.025,86.0561,12
0,-0.06,-0.025,88.6868,11.984
0,-0.0575,-0.025,90.9635,12
0,-0.055,-0.025,92.8373,12
0,-0.0525,-0.025,94.6684,12
0,-0.05,-0.025,97.1587,12
0,-0.0475,-0.025,102.084,12
0,-0.045,-0.025,101.914,12.016
0,-0.0425,-0.025,103.824,12
0,-0.04,-0.025,107.157,12.016
0,-0.0375,-0.025,109.507,12
0,-0.035,-0.025,111.74,12.016
0,-0.0325,-0.025,114.011,12.016
0,-0.03,-0.025,116.941,12.016
0,-0.0275,-0.025,118.162,12.016
0,-0.025,-0.025,121.738,12.032
0,-0.0225,-0.025,122.965,12.016
0,-0.02,-0.025,122.941,12
0,-0.0175,-0.025,126.066,12.016
0,-0.015,-0.025,127.549,12.016
0,-0.0125,-0.025,129.453,12.016
0,-0.01,-0.025,130.375,12.016
0,-0.0075,-0.025,132.182,12.032
0,-0.005,-0.025,132.316,12.032
0,-0.0025,-0.025,132.737,12.032
0,0,-0.025,132.212,12.016
0,0.0025,-0.025,133.61,12.032
0,0.005,-0.025,133.421,12.032
0,0.0075,-0.025,134.349,12.048
0,0.01,-0.025,134.532,12.032
0,0.0125,-0.025,132.957,12.048
0,0.015,-0.025,130.503,12.048
0,0.0175,-0.025,130.442,12.048
0,0.02,-0.025,127.28,12.048
0,0.0225,-0.025,127.677,12.048
0,0.025,-0.025,125.358,12.048
0,0.0275,-0.025,123.002,12.048
0,0.03,-0.025,121.885,12.048
0,0.0325,-0.025,119.749,12.048
0,0.035,-0.025,117.972,12.032
0,0.0375,-0.025,114.719,12.048
0,0.04,-0.025,112.503,12.064
0,0.0425,-0.025,111.875,12.064
0,0.045,-0.025,107.254,12.048
0,0.0475,-0.025,103.207,12.048
0,0.05,-0.025,101.865,12.048
0,0.0525,-0.025,100.803,12.064
0,0.055,-0.025,98.5382,12.064
0,0.0575,-0.025,96.5789,12.048
0,0.06,-0.025,93.8383,12.048
0,0.0625,-0.025,92.7702,12.048
0,0.065,-0.025,90.0723,12.048
0,0.0675,-0.025,87.6919,12.048
0,0.07,-0.025,85.4274,12.032
0,0.0725,-0.025,83.9808,12.048
0,0.075,-0.025,82.3206,12.048
0,0.0775,-0.025,79.397,12.048
0,0.08,-0.025,77.0775,12.048
0,0.0825,-0.025,76.5893,12.048
0,0.085,-0.025,74.2515,12.048
0,0.0875,-0.025,70.2048,12.064
0,0.09,-0.025,68.1784,12.064
0,0.0925,-0.025,66.0054,12.064
0,0.095,-0.025,64.6199,12.048
0,0.0975,-0.025,62.3127,12.064
0,0.1,-0.025,62.4836,12.048
0,0.1025,-0.025,58.8031,12.064
0,0.105,-0.025,58.211,12.08
0,0.1075,-0.025,57.7044,12.096
0,0.11,-0.025,56.3372,12.08
0,0.1125,-0.025,53.2853,12.08
0,0.115,-0.025,51.8387,12.08
0,0.1175,-0.025,50.1236,12.096
0,0.12,-0.025,49.0738,12.08
0,0.1225,-0.025,47.4075,12.08
0,0.125,-0.025,44.9049,12.08
0,0.1275,-0.025,44.0382,12.112
0,0.13,-0.025,43.0738,12.096
0,0.1325,-0.025,41.9568,12.096
0,0.135,-0.025,40.8582,12.112
0,0.1375,-0.025,39.1125,12.112
0,0.14,-0.025,38.1603,12.128
0,0.1425,-0.025,36.7687,12.128
0,0.145,-0.025,35.7067,12.128
0,0.1475,-0.025,34.669,12.128
0,0.15,-0.025,32.6243,12.128
0,0.1525,-0.025,31.4768,12.128
0,0.155,-0.025,30.6223,12.16
0,0.1575,-0.025,30.958,12.144
0,0.16,-0.025,30.1523,12.128
0,0.1625,-0.025,27.2408,12.16
0,0.165,-0.025,27.9122,12.144
0,0.1675,-0.025,25.8126,12.176
0,0.17,-0.025,25.2449,12.16
0,0.1725,-0.025,24.2378,12.16
0,0.175,-0.025,24.6101,12.176
0,0.1775,-0.025,23.6091,12.192
0,0.18,-0.025,23.5542,12.176
0,0.1825,-0.025,21.6071,12.192
0,0.185,-0.025,21.5094,12.176
0,0.1875,-0.025,20.7282,12.176
0,0.19,-0.025,20.1666,12.192
0,0.1925,-0.025,19.5746,12.208
0,0.195,-0.025,19.5441,12.224
0,0.1975,-0.025,17.835,12.208
0,0.2,-0.025,18.1341,12.224
0,-0.2,-0.0225,16.95,12
0,-0.1975,-0.0225,17.3956,12.016
0,-0.195,-0.0225,19.2633,12.016
0,-0.1925,-0.0225,18.775,12.064
0,-0.19,-0.0225,19.9042,12.032
0,-0.1875,-0.0225,20.0934,12.032
0,-0.185,-0.0225,19.7943,12.016
0,-0.1825,-0.0225,20.8258,12.032
0,-0.18,-0.0225,21.9123,12.032
0,-0.1775,-0.0225,22.2602,12.032
0,-0.175,-0.0225,22.8462,12.032
0,-0.1725,-0.0225,22.8889,12.032
0,-0.17,-0.0225,25.1106,12
0,-0.1675,-0.0225,24.7017,12.048
0,-0.165,-0.0225,25.9224,12.016
0,-0.1625,-0.0225,26.252,12.048
0,-0.16,-0.0225,26.838,12.048
0,-0.1575,-0.0225,27.5643,12
0,-0.155,-0.0225,29.8532,12.032
0,-0.1525,-0.0225,29.9081,12.032
0,-0.15,-0.0225,31.8369,12.016
0,-0.1475,-0.0225,30.8481,12
0,-0.145,-0.0225,31.8796,12
0,-0.1425,-0.0225,33.0454,12
0,-0.14,-0.0225,35.0169,12
0,-0.1375,-0.0225,35.9203,12.016
0,-0.135,-0.0225,35.902,11.984
0,-0.1325,-0.0225,39.2224,11.984
0,-0.13,-0.0225,38.612,11.984
0,-0.1275,-0.0225,40.5286,11.984
0,-0.125,-0.0225,42.3414,12
0,-0.1225,-0.0225,44.1664,11.984
0,-0.12,-0.0225,44.026,11.984
0,-0.1175,-0.0225,45.6862,11.984
0,-0.115,-0.0225,46.9436,11.984
0,-0.1125,-0.0225,48.5488,12
0,-0.11,-0.0225,50.3433,11.968
0,-0.1075,-0.0225,52.6017,11.984
0,-0.105,-0.0225,53.8957,11.968
0,-0.1025,-0.0225,56.2822,12
0,-0.1,-0.0225,57.4175,11.984
0,-0.0975,-0.0225,61.4154,11.984
0,-0.095,-0.0225,60.567,11.984
0,-0.0925,-0.0225,62.1784,11.968
0,-0.09,-0.0225,65.0655,11.984
0,-0.0875,-0.0225,67.1346,11.984
0,-0.085,-0.0225,67.8549,11.984
0,-0.0825,-0.0225,71.3584,12.016
0,-0.08,-0.0225,74.8131,11.984
0,-0.0775,-0.0225,74.3492,12.016
0,-0.075,-0.0225,77.0653,12
0,-0.0725,-0.0225,79.5923,11.984
0,-0.07,-0.0225,82.3939,12.016
0,-0.0675,-0.0225,83.3094,12
0,-0.065,-0.0225,85.0673,12
0,-0.0625,-0.0225,86.8801,12
0,-0.06,-0.0225,89.7794,12.016
0,-0.0575,-0.0225,92.1354,12
0,-0.055,-0.0225,92.5932,12.016
0,-0.0525,-0.0225,96.2554,12.016
0,-0.05,-0.0225,99.942,12.016
0,-0.0475,-0.0225,103.098,12.016
0,-0.045,-0.0225,103.739,12.016
0,-0.0425,-0.0225,107.169,12.016
0,-0.04,-0.0225,107.279,12.016
0,-0.0375,-0.0225,111.002,12.016
0,-0.035,-0.0225,113.956,12.016
0,-0.0325,-0.0225,115.818,12.032
0,-0.03,-0.0225,116.874,12.016
0,-0.0275,-0.0225,121.305,12
0,-0.025,-0.0225,121.647,12
0,-0.0225,-0.0225,123.685,12.016
0,-0.02,-0.0225,125.48,12.016
0,-0.0175,-0.0225,127.378,12.016
0,-0.015,-0.0225,129.02,12.032
0,-0.0125,-0.0225,130.992,12.016
0,-0.01,-0.0225,132.194,12.016
0,-0.0075,-0.0225,134.672,12.032
0,-0.005,-0.0225,135.496,12.032
0,-0.0025,-0.0225,136.113,12.032
0,0,-0.0225,136.747,12.048
0,0.0025,-0.0225,137.614,12.048
0,0.005,-0.0225,136.625,12.032
0,0.0075,-0.0225,136.851,12.048
0,0.01,-0.0225,136.686,12.048
0,0.0125,-0.0225,134.581,12.048
0,0.015,-0.0225,133.427,12.032
0,0.0175,-0.0225,133.177,12.048
0,0.02,-0.0225,130.754,12.048
0,0.0225,-0.0225,129.667,12.048
0,0.025,-0.0225,128.117,12.032
0,0.0275,-0.0225,126.054,12.048
0,0.03,-0.0225,123.673,12.048
0,0.0325,-0.0225,121.751,12.048
0,0.035,-0.0225,120.023,12.048
0,0.0375,-0.0225,117.515,12.048
0,0.04,-0.0225,115.159,12.048
0,0.0425,-0.0225,111.368,12.048
0,0.045,-0.0225,108.872,12.048
0,0.0475,-0.0225,107.627,12.048
0,0.05,-0.0225,103.391,12.064
0,0.0525,-0.0225,102.103,12.064
0,0.055,-0.0225,99.1302,12.048
0,0.0575,-0.0225,98.1109,12.048
0,0.06,-0.0225,94.7295,12.064
0,0.0625,-0.0225,91.2442,12.064
0,0.065,-0.0225,90.1151,12.048
0,0.0675,-0.0225,85.8608,12.064
0,0.07,-0.0225,85.9462,12.064
0,0.0725,-0.0225,85.0612,12.048
0,0.075,-0.0225,82.3634,12.032
0,0.0775,-0.0225,80.636,12.064
0,0.08,-0.0225,78.3959,12.048
0,0.0825,-0.0225,74.8436,12.048
0,0.085,-0.0225,74.5323,12.048
0,0.0875,-0.0225,72.6707,12.064
0,0.09,-0.0225,69.924,12.048
0,0.0925,-0.0225,67.3421,12.048
0,0.095,-0.0225,66.1214,12.064
0,0.0975,-0.0225,62.3188,12.08
0,0.1,-0.0225,62.3005,12.064
0,0.1025,-0.0225,61.3544,12.08
0,0.105,-0.0225,57.9791,12.08
0,0.1075,-0.0225,56.1602,12.08
0,0.11,-0.0225,54.9516,12.08
0,0.1125,-0.0225,54.1826,12.08
0,0.115,-0.0225,51.9608,12.08
0,0.1175,-0.0225,50.1724,12.08
0,0.12,-0.0225,49.3912,12.08
0,0.1225,-0.0225,48.2376,12.08
0,0.125,-0.0225,45.9914,12.112
0,0.1275,-0.0225,45.3688,12.096
0,0.13,-0.0225,43.1715,12.096
0,0.1325,-0.0225,40.2417,12.112
0,0.135,-0.0225,41.0535,12.096
0,0.1375,-0.0225,38.3862,12.112
0,0.14,-0.0225,38.8501,12.112
0,0.1425,-0.0225,37.1105,12.112
0,0.145,-0.0225,35.1329,12.112
0,0.1475,-0.0225,34.5775,12.16
0,0.15,-0.0225,33.43,12.128
0,0.1525,-0.0225,32.8745,12.144
0,0.155,-0.0225,31.5012,12.144
0,0.1575,-0.0225,30.488,12.144
0,0.16,-0.0225,29.4809,12.144
0,0.1625,-0.0225,28.2418,12.144
0,0.165,-0.0225,29.4382,12.16
0,0.1675,-0.0225,26.9845,12.16
0,0.17,-0.0225,24.1707,12.16
0,0.1725,-0.0225,25.66,12.176
0,0.175,-0.0225,24.0059,12.16
0,0.1775,-0.0225,23.6518,12.176
0,0.18,-0.0225,22.9072,12.176
0,0.1825,-0.0225,21.7475,12.16
0,0.185,-0.0225,21.5094,12.208
0,0.1875,-0.0225,21.0456,12.208
0,0.19,-0.0225,20.423,12.208
0,0.1925,-0.0225,19.7882,12.208
0,0.195,-0.0225,18.9764,12.208
0,0.1975,-0.0225,18.5858,12.24
0,0.2,-0.0225,17.7618,12.224
0,-0.2,-0.02,17.3467,12.032
0,-0.1975,-0.02,17.2063,12.032
0,-0.195,-0.02,17.011,12.032
0,-0.1925,-0.02,19.068,12.048
0,-0.19,-0.02,19.1778,12.048
0,-0.1875,-0.02,20.0873,12.048
0,-0.185,-0.02,20.0934,12.064
0,-0.1825,-0.02,20.1666,12.048
0,-0.18,-0.02,22.2724,12.064
0,-0.1775,-0.02,22.8706,12.048
0,-0.175,-0.02,22.8645,12.048
0,-0.1725,-0.02,22.663,12.032
0,-0.17,-0.02,22.718,12.016
0,-0.1675,-0.02,24.781,12.032
0,-0.165,-0.02,25.3914,12.032
0,-0.1625,-0.02,25.8065,12.048
0,-0.16,-0.02,26.6182,12.016
0,-0.1575,-0.02,27.6315,12.016
0,-0.155,-0.02,28.6508,12.016
0,-0.1525,-0.02,29.4015,12
0,-0.15,-0.02,29.9142,12.016
0,-0.1475,-0.02,33.1065,12.016
0,-0.145,-0.02,33.1919,12.016
0,-0.1425,-0.02,33.0027,12.016
0,-0.14,-0.02,34.8399,12
0,-0.1375,-0.02,35.4381,11.984
0,-0.135,-0.02,36.7016,11.968
0,-0.1325,-0.02,37.5011,11.984
0,-0.13,-0.02,39.7046,11.984
0,-0.1275,-0.02,40.3272,12
0,-0.125,-0.02,43.0555,11.984
0,-0.1225,-0.02,43.025,12
0,-0.12,-0.02,44.4411,11.968
0,-0.1175,-0.02,45.735,12
0,-0.115,-0.02,48.1582,11.984
0,-0.1125,-0.02,49.3789,11.984
0,-0.11,-0.02,51.2711,12
0,-0.1075,-0.02,52.266,11.984
0,-0.105,-0.02,55.0981,11.968
0,-0.1025,-0.02,55.5803,11.984
0,-0.1,-0.02,57.1062,12
0,-0.0975,-0.02,59.212,12
0,-0.095,-0.02,60.7074,12
0,-0.0925,-0.02,62.7705,11.984
0,-0.09,-0.02,63.9302,11.984
0,-0.0875,-0.02,67.2079,12
0,-0.085,-0.02,68.5751,11.984
0,-0.0825,-0.02,70.7663,12
0,-0.08,-0.02,73.6839,12
0,-0.0775,-0.02,75.3258,12
0,-0.075,-0.02,76.9433,11.984
0,-0.0725,-0.02,79.6777,12.016
0,-0.07,-0.02,81.2769,12
0,-0.0675,-0.02,84.6583,12
0,-0.065,-0.02,87.5393,12.016
0,-0.0625,-0.02,86.7702,12.016
0,-0.06,-0.02,90.2249,12
0,-0.0575,-0.02,92.8739,12
0,-0.055,-0.02,95.2361,12
0,-0.0525,-0.02,96.5972,12
0,-0.05,-0.02,99.6246,12.016
0,-0.0475,-0.02,104.001,12.016
0,-0.045,-0.02,104.477,12.016
0,-0.0425,-0.02,107.877,12.016
0,-0.04,-0.02,108.615,12
0,-0.0375,-0.02,112.058,12.032
0,-0.035,-0.02,114.206,12.016
0,-0.0325,-0.02,117.179,12.016
0,-0.03,-0.02,118.967,12.016
0,-0.0275,-0.02,120.023,12.016
0,-0.025,-0.02,124.21,12.032
0,-0.0225,-0.02,126.524,12.016
0,-0.02,-0.02,129.185,12.016
0,-0.0175,-0.02,130.479,12.032
0,-0.015,-0.02,131.394,12.032
0,-0.0125,-0.02,132.646,12.016
0,-0.01,-0.02,135.49,12.016
0,-0.0075,-0.02,136.833,12.032
0,-0.005,-0.02,137.919,12.048
0,-0.0025,-0.02,137.748,12.032
0,0,-0.02,140.013,12.032
0,0.0025,-0.02,139.47,12.032
0,0.005,-0.02,139.555,12.032
0,0.0075,-0.02,140.098,12.032
0,0.01,-0.02,138.255,12.048
0,0.0125,-0.02,137.907,12.048
0,0.015,-0.02,136.552,12.048
0,0.0175,-0.02,135.954,12.048
0,0.02,-0.02,133.232,12.048
0,0.0225,-0.02,132.072,12.048
0,0.025,-0.02,128.465,12.064
0,0.0275,-0.02,127.036,12.064
0,0.03,-0.02,124.766,12.064
0,0.0325,-0.02,122.19,12.048
0,0.035,-0.02,121.952,12.048
0,0.0375,-0.02,119.114,12.064
0,0.04,-0.02,116.129,12.048
0,0.0425,-0.02,113.157,12.064
0,0.045,-0.02,108.78,12.064
0,0.0475,-0.02,106.375,12.064
0,0.05,-0.02,106.412,12.048
0,0.0525,-0.02,103.317,12.048
0,0.055,-0.02,100.815,12.032
0,0.0575,-0.02,96.2249,12.064
0,0.06,-0.02,94.2961,12.048
0,0.0625,-0.02,92.2575,12.064
0,0.065,-0.02,92.5687,12.048
0,0.0675,-0.02,89.3704,12.064
0,0.07,-0.02,86.2697,12.048
0,0.0725,-0.02,85.5739,12.048
0,0.075,-0.02,81.5394,12.048
0,0.0775,-0.02,78.9941,12.08
0,0.08,-0.02,77.2668,12.048
0,0.0825,-0.02,76.5465,12.048
0,0.085,-0.02,75.0938,12.048
0,0.0875,-0.02,72.103,12.048
0,0.09,-0.02,71.5049,12.064
0,0.0925,-0.02,68.0685,12.08
0,0.095,-0.02,65.8834,12.064
0,0.0975,-0.02,64.1072,12.064
0,0.1,-0.02,63.918,12.08
0,0.1025,-0.02,62.3127,12.064
0,0.105,-0.02,58.9129,12.048
0,0.1075,-0.02,57.8326,12.096
0,0.11,-0.02,55.4521,12.096
0,0.1125,-0.02,53.1999,12.08
0,0.115,-0.02,52.2294,12.096
0,0.1175,-0.02,49.8733,12.096
0,0.12,-0.02,48.6343,12.08
0,0.1225,-0.02,46.2844,12.096
0,0.125,-0.02,44.8195,12.112
0,0.1275,-0.02,44.2946,12.112
0,0.13,-0.02,43.4767,12.112
0,0.1325,-0.02,41.7737,12.096
0,0.135,-0.02,40.6934,12.112
0,0.1375,-0.02,39.668,12.128
0,0.14,-0.02,37.6537,12.144
0,0.1425,-0.02,37.1227,12.128
0,0.145,-0.02,36.14,12.144
0,0.1475,-0.02,35.255,12.144
0,0.15,-0.02,33.6619,12.128
0,0.1525,-0.02,32.2275,12.144
0,0.155,-0.02,30.8725,12.16
0,0.1575,-0.02,29.9997,12.144
0,0.16,-0.02,29.6335,12.144
0,0.1625,-0.02,29.5236,12.16
0,0.165,-0.02,27.9489,12.144
0,0.1675,-0.02,28.6264,12.176
0,0.17,-0.02,25.66,12.176
0,0.1725,-0.02,25.0069,12.16
0,0.175,-0.02,24.9886,12.16
0,0.1775,-0.02,23.9875,12.192
0,0.18,-0.02,23.7495,12.176
0,0.1825,-0.02,22.541,12.176
0,0.185,-0.02,22.6386,12.192
0,0.1875,-0.02,21.1432,12.192
0,0.19,-0.02,21.1249,12.208
0,0.1925,-0.02,18.9337,12.224
0,0.195,-0.02,18.891,12.192
0,0.1975,-0.02,19.4098,12.224
0,0.2,-0.02,18.6285,12.224
0,-0.2,-0.0175,17.4993,12.016
0,-0.1975,-0.0175,18.2257,12.048
0,-0.195,-0.0175,19.0374,12.048
0,-0.1925,-0.0175,18.8116,12.048
0,-0.19,-0.0175,19.4647,12.032
0,-0.1875,-0.0175,19.9896,12.048
0,-0.185,-0.0175,21.7109,12.048
0,-0.1825,-0.0175,20.8197,12.032
0,-0.18,-0.0175,22.2358,12.048
0,-0.1775,-0.0175,22.1625,12.032
0,-0.175,-0.0175,22.7729,12.048
0,-0.1725,-0.0175,23.6091,12.032
0,-0.17,-0.0175,24.9275,12.048
0,-0.1675,-0.0175,24.2317,12.032
0,-0.165,-0.0175,25.959,12.032
0,-0.1625,-0.0175,25.2571,12.032
0,-0.16,-0.0175,26.3558,12.032
0,-0.1575,-0.0175,27.8817,12.032
0,-0.155,-0.0175,29.9203,12.016
0,-0.1525,-0.0175,29.2489,12.048
0,-0.15,-0.0175,30.9824,12.032
0,-0.1475,-0.0175,32.2275,12.016
0,-0.145,-0.0175,33.0332,12
0,-0.1425,-0.0175,34.2723,12.032
0,-0.14,-0.0175,33.7779,12
0,-0.1375,-0.0175,35.9752,11.984
0,-0.135,-0.0175,37.4706,12.016
0,-0.1325,-0.0175,38.3007,12
0,-0.13,-0.0175,39.1858,11.984
0,-0.1275,-0.0175,40.8643,12
0,-0.125,-0.0175,42.8663,11.984
0,-0.1225,-0.0175,42.6038,12.016
0,-0.12,-0.0175,44.7035,11.984
0,-0.1175,-0.0175,44.6852,12
0,-0.115,-0.0175,46.9314,11.984
0,-0.1125,-0.0175,49.3179,11.984
0,-0.11,-0.0175,52.5163,12.016
0,-0.1075,-0.0175,53.0595,12
0,-0.105,-0.0175,55.739,11.984
0,-0.1025,-0.0175,57.2222,12
0,-0.1,-0.0175,57.8875,11.984
0,-0.0975,-0.0175,59.5538,11.984
0,-0.095,-0.0175,60.9149,12
0,-0.0925,-0.0175,65.0227,11.984
0,-0.09,-0.0175,66.4327,12
0,-0.0875,-0.0175,67.8182,12
0,-0.085,-0.0175,69.0695,11.984
0,-0.0825,-0.0175,72.9209,11.984
0,-0.08,-0.0175,74.984,12.016
0,-0.0775,-0.0175,76.0338,12
0,-0.075,-0.0175,78.4936,12
0,-0.0725,-0.0175,81.0938,12
0,-0.07,-0.0175,82.6502,12
0,-0.0675,-0.0175,83.3338,12
0,-0.065,-0.0175,86.7153,12.016
0,-0.0625,-0.0175,90.5667,12.016
0,-0.06,-0.0175,90.17,12
0,-0.0575,-0.0175,94.2534,12.016
0,-0.055,-0.0175,93.9726,12.016
0,-0.0525,-0.0175,98.5565,12.016
0,-0.05,-0.0175,101.761,12.016
0,-0.0475,-0.0175,103.861,12.016
0,-0.045,-0.0175,104.709,12.032
0,-0.0425,-0.0175,108.225,12
0,-0.04,-0.0175,112.107,12.032
0,-0.0375,-0.0175,112.815,12.016
0,-0.035,-0.0175,116.135,12.016
0,-0.0325,-0.0175,119.291,12.016
0,-0.03,-0.0175,121.653,12.032
0,-0.0275,-0.0175,123.167,12.016
0,-0.025,-0.0175,123.893,12.032
0,-0.0225,-0.0175,127.769,12.016
0,-0.02,-0.0175,130.876,12.032
0,-0.0175,-0.0175,133.183,12.016
0,-0.015,-0.0175,135.295,12.048
0,-0.0125,-0.0175,135.258,12.048
0,-0.01,-0.0175,137.004,12.032
0,-0.0075,-0.0175,140.745,12.032
0,-0.005,-0.0175,140.745,12.032
0,-0.0025,-0.0175,142.442,12.032
0,0,-0.0175,142.247,12.032
0,0.0025,-0.0175,142.796,12.032
0,0.005,-0.0175,142.79,12.032
0,0.0075,-0.0175,142.247,12.048
0,0.01,-0.0175,141.917,12.064
0,0.0125,-0.0175,141.746,12.048
0,0.015,-0.0175,138.694,12.048
0,0.0175,-0.0175,138.743,12.048
0,0.02,-0.0175,137.053,12.032
0,0.0225,-0.0175,134.324,12.064
0,0.025,-0.0175,132.359,12.048
0,0.0275,-0.0175,127.72,12.08
0,0.03,-0.0175,126.463,12.064
0,0.0325,-0.0175,127.049,12.064
0,0.035,-0.0175,122.257,12.064
0,0.0375,-0.0175,119.309,12.064
0,0.04,-0.0175,116.874,12.048
0,0.0425,-0.0175,114.359,12.048
0,0.045,-0.0175,109.842,12.064
0,0.0475,-0.0175,107.425,12.064
0,0.05,-0.0175,106.79,12.064
0,0.0525,-0.0175,104.868,12.064
0,0.055,-0.0175,101.389,12.064
0,0.0575,-0.0175,99.8688,12.064
0,0.06,-0.0175,96.8535,12.048
0,0.0625,-0.0175,94.1191,12.064
0,0.065,-0.0175,91.0245,12.048
0,0.0675,-0.0175,87.4966,12.048
0,0.07,-0.0175,86.3857,12.064
0,0.0725,-0.0175,84.4142,12.048
0,0.075,-0.0175,84.0541,12.064
0,0.0775,-0.0175,80.1233,12.064
0,0.08,-0.0175,77.7978,12.048
0,0.0825,-0.0175,75.5943,12.064
0,0.085,-0.0175,74.3614,12.048
0,0.0875,-0.0175,74.6361,12.08
0,0.09,-0.0175,71.7063,12.064
0,0.0925,-0.0175,69.6615,12.048
0,0.095,-0.0175,67.7084,12.064
0,0.0975,-0.0175,64.7847,12.096
0,0.1,-0.0175,62.7705,12.064
0,0.1025,-0.0175,59.8651,12.08
0,0.105,-0.0175,59.2059,12.08
0,0.1075,-0.0175,58.6505,12.08
0,0.11,-0.0175,56.7461,12.096
0,0.1125,-0.0175,54.0056,12.064
0,0.115,-0.0175,51.3749,12.096
0,0.1175,-0.0175,50.4715,12.096
0,0.12,-0.0175,49.7391,12.112
0,0.1225,-0.0175,48.3047,12.096
0,0.125,-0.0175,47.206,12.096
0,0.1275,-0.0175,45.0453,12.096
0,0.13,-0.0175,44.6059,12.112
0,0.1325,-0.0175,42.2132,12.128
0,0.135,-0.0175,39.967,12.128
0,0.1375,-0.0175,39.8938,12.128
0,0.14,-0.0175,37.8185,12.112
0,0.1425,-0.0175,37.495,12.128
0,0.145,-0.0175,35.371,12.128
0,0.1475,-0.0175,35.6578,12.144
0,0.15,-0.0175,33.0882,12.144
0,0.1525,-0.0175,33.1309,12.128
0,0.155,-0.0175,31.2632,12.176
0,0.1575,-0.0175,31.196,12.144
0,0.16,-0.0175,29.8227,12.16
0,0.1625,-0.0175,29.0536,12.144
0,0.165,-0.0175,27.0821,12.16
0,0.1675,-0.0175,27.2774,12.176
0,0.17,-0.0175,26.1238,12.176
0,0.1725,-0.0175,25.9896,12.176
0,0.175,-0.0175,26.3741,12.16
0,0.1775,-0.0175,23.7861,12.16
0,0.18,-0.0175,23.3161,12.192
0,0.1825,-0.0175,22.5349,12.192
0,0.185,-0.0175,21.9306,12.192
0,0.1875,-0.0175,21.2531,12.192
0,0.19,-0.0175,20.9906,12.208
0,0.1925,-0.0175,20.777,12.208
0,0.195,-0.0175,19.2145,12.224
0,0.1975,-0.0175,18.7017,12.256
0,0.2,-0.0175,18.9764,12.24
0,-0.2,-0.015,16.9378,12.032
0,-0.1975,-0.015,17.6153,12.048
0,-0.195,-0.015,19.1656,12.032
0,-0.1925,-0.015,19.0863,12.064
0,-0.19,-0.015,18.8116,12.064
0,-0.1875,-0.015,19.6417,12.064
0,-0.185,-0.015,21.0639,12.032
0,-0.1825,-0.015,21.3202,12.032
0,-0.18,-0.015,21.2409,12.064
0,-0.1775,-0.015,22.2175,12.048
0,-0.175,-0.015,23.4443,12.032
0,-0.1725,-0.015,23.4993,12.032
0,-0.17,-0.015,23.835,12.048
0,-0.1675,-0.015,24.0669,12.016
0,-0.165,-0.015,25.2876,12.032
0,-0.1625,-0.015,28.8339,12.032
0,-0.16,-0.015,28.0038,12.032
0,-0.1575,-0.015,27.8268,12.016
0,-0.155,-0.015,28.9438,12.016
0,-0.1525,-0.015,29.9081,12.032
0,-0.15,-0.015,30.8298,12.032
0,-0.1475,-0.015,32.1299,12.032
0,-0.145,-0.015,32.9478,12.016
0,-0.1425,-0.015,34.4188,12
0,-0.14,-0.015,35.4076,12
0,-0.1375,-0.015,36.494,12
0,-0.135,-0.015,37.6782,12
0,-0.1325,-0.015,38.6364,12
0,-0.13,-0.015,38.6242,11.984
0,-0.1275,-0.015,41.0474,11.984
0,-0.125,-0.015,44.3495,11.984
0,-0.1225,-0.015,43.5621,12
0,-0.12,-0.015,45.0819,12
0,-0.1175,-0.015,47.8042,11.984
0,-0.115,-0.015,50.0565,12
0,-0.1125,-0.015,49.3545,12
0,-0.11,-0.015,52.4613,11.984
0,-0.1075,-0.015,52.7177,11.984
0,-0.105,-0.015,55.1775,12
0,-0.1025,-0.015,57.625,11.984
0,-0.1,-0.015,57.9424,11.984
0,-0.0975,-0.015,60.976,12
0,-0.095,-0.015,61.6352,11.984
0,-0.0925,-0.015,64.5466,12
0,-0.09,-0.015,66.1702,11.984
0,-0.0875,-0.015,66.9271,11.984
0,-0.085,-0.015,68.7948,12
0,-0.0825,-0.015,72.2312,12
0,-0.08,-0.015,74.0257,12
0,-0.0775,-0.015,74.8985,12
0,-0.075,-0.015,78.634,12
0,-0.0725,-0.015,81.9178,12
0,-0.07,-0.015,82.8639,12.016
0,-0.0675,-0.015,86.1965,12.016
0,-0.065,-0.015,87.759,12.016
0,-0.0625,-0.015,90.6766,12.032
0,-0.06,-0.015,91.5372,12.016
0,-0.0575,-0.015,95.7427,12
0,-0.055,-0.015,97.2625,12.016
0,-0.0525,-0.015,99.118,12.016
0,-0.05,-0.015,101.999,12.032
0,-0.0475,-0.015,103.256,12.032
0,-0.045,-0.015,105.124,12.016
0,-0.0425,-0.015,109.073,12.016
0,-0.04,-0.015,115.452,12.032
0,-0.0375,-0.015,113.791,12.016
0,-0.035,-0.015,117.331,12.016
0,-0.0325,-0.015,119.932,12.016
0,-0.03,-0.015,123.24,12.032
0,-0.0275,-0.015,123.423,12.032
0,-0.025,-0.015,126.023,12.032
0,-0.0225,-0.015,130.137,12.032
0,-0.02,-0.015,132.871,12.016
0,-0.0175,-0.015,135.075,12.032
0,-0.015,-0.015,136.839,12.016
0,-0.0125,-0.015,138.023,12.032
0,-0.01,-0.015,139.817,12.032
0,-0.0075,-0.015,141.923,12.032
0,-0.005,-0.015,142.985,12.032
0,-0.0025,-0.015,144.517,12.032
0,0,-0.015,144.414,12.032
0,0.0025,-0.015,145.384,12.048
0,0.005,-0.015,145.018,12.048
0,0.0075,-0.015,145.451,12.048
0,0.01,-0.015,144.853,12.048
0,0.0125,-0.015,143.217,12.048
0,0.015,-0.015,142.668,12.032
0,0.0175,-0.015,138.365,12.064
0,0.02,-0.015,138.108,12.048
0,0.0225,-0.015,136.814,12.048
0,0.025,-0.015,132.762,12.064
0,0.0275,-0.015,133.164,12.064
0,0.03,-0.015,129.472,12.064
0,0.0325,-0.015,126.45,12.064
0,0.035,-0.015,122.849,12.048
0,0.0375,-0.015,121.671,12.064
0,0.04,-0.015,118.65,12.064
0,0.0425,-0.015,116.343,12.064
0,0.045,-0.015,111.594,12.064
0,0.0475,-0.015,108.621,12.064
0,0.05,-0.015,104.74,12.064
0,0.0525,-0.015,102.988,12.08
0,0.055,-0.015,104.587,12.064
0,0.0575,-0.015,99.8016,12.064
0,0.06,-0.015,98.294,12.064
0,0.0625,-0.015,96.6338,12.064
0,0.065,-0.015,92.1476,12.064
0,0.0675,-0.015,91.3236,12.048
0,0.07,-0.015,86.1965,12.064
0,0.0725,-0.015,86.8679,12.064
0,0.075,-0.015,84.2067,12.064
0,0.0775,-0.015,80.1294,12.064
0,0.08,-0.015,78.7439,12.064
0,0.0825,-0.015,77.047,12.064
0,0.085,-0.015,77.8466,12.048
0,0.0875,-0.015,71.2241,12.08
0,0.09,-0.015,70.4855,12.064
0,0.0925,-0.015,70.1254,12.064
0,0.095,-0.015,68.2638,12.064
0,0.0975,-0.015,65.9566,12.08
0,0.1,-0.015,64.0522,12.08
0,0.1025,-0.015,62.5874,12.08
0,0.105,-0.015,59.505,12.08
0,0.1075,-0.015,57.3748,12.096
0,0.11,-0.015,56.1663,12.08
0,0.1125,-0.015,55.7268,12.096
0,0.115,-0.015,52.2721,12.08
0,0.1175,-0.015,50.1053,12.112
0,0.12,-0.015,50.4471,12.08
0,0.1225,-0.015,48.085,12.08
0,0.125,-0.015,46.2722,12.096
0,0.1275,-0.015,46.4919,12.112
0,0.13,-0.015,42.5062,12.128
0,0.1325,-0.015,42.3353,12.128
0,0.135,-0.015,41.7249,12.112
0,0.1375,-0.015,40.6446,12.128
0,0.14,-0.015,39.5642,12.144
0,0.1425,-0.015,36.5673,12.128
0,0.145,-0.015,35.7311,12.144
0,0.1475,-0.015,34.8521,12.144
0,0.15,-0.015,34.7545,12.144
0,0.1525,-0.015,34.0159,12.144
0,0.155,-0.015,32.8135,12.144
0,0.1575,-0.015,30.3049,12.176
0,0.16,-0.015,30.6711,12.144
0,0.1625,-0.015,28.7484,12.16
0,0.165,-0.015,28.3151,12.16
0,0.1675,-0.015,27.3507,12.176
0,0.17,-0.015,25.3243,12.176
0,0.1725,-0.015,24.8848,12.192
0,0.175,-0.015,25.9774,12.192
0,0.1775,-0.015,25.1961,12.192
0,0.18,-0.015,23.365,12.192
0,0.1825,-0.015,22.7241,12.176
0,0.185,-0.015,21.7231,12.208
0,0.1875,-0.015,22.5898,12.192
0,0.19,-0.015,20.1422,12.224
0,0.1925,-0.015,20.0873,12.192
0,0.195,-0.015,19.3121,12.224
0,0.1975,-0.015,18.5919,12.224
0,0.2,-0.015,17.9693,12.208
0,-0.2,-0.0125,17.3956,12.032
0,-0.1975,-0.0125,18.2134,12.016
0,-0.195,-0.0125,18.3355,12.032
0,-0.1925,-0.0125,19.2755,12.048
0,-0.19,-0.0125,19.0741,12.048
0,-0.1875,-0.0125,21.3813,12.048
0,-0.185,-0.0125,20.9052,12.032
0,-0.1825,-0.0125,21.3507,12.064
0,-0.18,-0.0125,21.247,12.032
0,-0.1775,-0.0125,21.8085,12.032
0,-0.175,-0.0125,22.9194,12.032
0,-0.1725,-0.0125,23.3406,12.048
0,-0.17,-0.0125,24.3904,12.016
0,-0.1675,-0.0125,24.8177,12.032
0,-0.165,-0.0125,25.5562,12.032
0,-0.1625,-0.0125,26.6488,12.032
0,-0.16,-0.0125,26.783,12.016
0,-0.1575,-0.0125,27.8451,12.016
0,-0.155,-0.0125,28.9193,12.016
0,-0.1525,-0.0125,29.7983,12.032
0,-0.15,-0.0125,31.0312,12.016
0,-0.1475,-0.0125,32.0872,12
0,-0.145,-0.0125,32.7891,12
0,-0.1425,-0.0125,35.6212,12
0,-0.14,-0.0125,36.317,12.016
0,-0.1375,-0.0125,37.6171,12
0,-0.135,-0.0125,37.7209,11.984
0,-0.1325,-0.0125,38.3374,11.984
0,-0.13,-0.0125,40.2539,12
0,-0.1275,-0.0125,43.2997,12
0,-0.125,-0.0125,42.378,11.968
0,-0.1225,-0.0125,43.611,12
0,-0.12,-0.0125,44.9965,11.984
0,-0.1175,-0.0125,46.9131,11.968
0,-0.115,-0.0125,48.2681,11.968
0,-0.1125,-0.0125,49.9039,11.984
0,-0.11,-0.0125,52.2782,11.984
0,-0.1075,-0.0125,54.1032,11.984
0,-0.105,-0.0125,56.148,11.984
0,-0.1025,-0.0125,57.5518,11.984
0,-0.1,-0.0125,59.8895,12
0,-0.0975,-0.0125,60.4572,11.984
0,-0.095,-0.0125,62.1479,11.984
0,-0.0925,-0.0125,65.2364,12
0,-0.09,-0.0125,65.6819,11.984
0,-0.0875,-0.0125,68.4164,11.984
0,-0.085,-0.0125,70.571,11.984
0,-0.0825,-0.0125,71.4133,12
0,-0.08,-0.0125,74.5384,12
0,-0.0775,-0.0125,76.0216,12
0,-0.075,-0.0125,79.3237,11.984
0,-0.0725,-0.0125,81.9666,12
0,-0.07,-0.0125,84.5546,12.016
0,-0.0675,-0.0125,85.873,11.984
0,-0.065,-0.0125,88.2656,12
0,-0.0625,-0.0125,90.5545,12
0,-0.06,-0.0125,92.9838,12
0,-0.0575,-0.0125,95.0835,12.016
0,-0.055,-0.0125,97.8362,12.016
0,-0.0525,-0.0125,98.9105,12.016
0,-0.05,-0.0125,102.304,12.032
0,-0.0475,-0.0125,104.129,12.016
0,-0.045,-0.0125,110.685,12.032
0,-0.0425,-0.0125,113.266,12.016
0,-0.04,-0.0125,113.425,12
0,-0.0375,-0.0125,115.445,12.032
0,-0.035,-0.0125,117.051,12.016
0,-0.0325,-0.0125,120.682,12.016
0,-0.03,-0.0125,122.013,12.016
0,-0.0275,-0.0125,126.072,12.016
0,-0.025,-0.0125,127.824,12.032
0,-0.0225,-0.0125,132.64,12.032
0,-0.02,-0.0125,132.109,12.016
0,-0.0175,-0.0125,135.942,12.032
0,-0.015,-0.0125,139.97,12.016
0,-0.0125,-0.0125,140.263,12.016
0,-0.01,-0.0125,143.272,12.048
0,-0.0075,-0.0125,144.432,12.032
0,-0.005,-0.0125,146.312,12.032
0,-0.0025,-0.0125,146.892,12.048
0,0,-0.0125,145.86,12.016
0,0.0025,-0.0125,148.668,12.048
0,0.005,-0.0125,148.46,12.032
0,0.0075,-0.0125,146.971,12.048
0,0.01,-0.0125,146.379,12.048
0,0.0125,-0.0125,146.141,12.032
0,0.015,-0.0125,145.622,12.048
0,0.0175,-0.0125,141.673,12.032
0,0.02,-0.0125,138.108,12.048
0,0.0225,-0.0125,136.656,12.048
0,0.025,-0.0125,134.989,12.064
0,0.0275,-0.0125,135.301,12.048
0,0.03,-0.0125,130.229,12.048
0,0.0325,-0.0125,126.884,12.032
0,0.035,-0.0125,123.838,12.064
0,0.0375,-0.0125,121.128,12.064
0,0.04,-0.0125,118.308,12.064
0,0.0425,-0.0125,117.454,12.048
0,0.045,-0.0125,114.682,12.048
0,0.0475,-0.0125,109.647,12.064
0,0.05,-0.0125,109.519,12.048
0,0.0525,-0.0125,106.717,12.064
0,0.055,-0.0125,101.199,12.064
0,0.0575,-0.0125,101.865,12.064
0,0.06,-0.0125,98.0926,12.064
0,0.0625,-0.0125,92.9594,12.064
0,0.065,-0.0125,91.2137,12.064
0,0.0675,-0.0125,91.8058,12.048
0,0.07,-0.0125,88.2412,12.048
0,0.0725,-0.0125,85.7021,12.064
0,0.075,-0.0125,82.345,12.048
0,0.0775,-0.0125,82.6868,12.064
0,0.08,-0.0125,79.8303,12.048
0,0.0825,-0.0125,77.4133,12.048
0,0.085,-0.0125,77.34,12.048
0,0.0875,-0.0125,74.8985,12.064
0,0.09,-0.0125,73.2627,12.048
0,0.0925,-0.0125,69.2831,12.064
0,0.095,-0.0125,67.8732,12.064
0,0.0975,-0.0125,65.1326,12.064
0,0.1,-0.0125,63.1672,12.08
0,0.1025,-0.0125,61.6108,12.08
0,0.105,-0.0125,60.0238,12.064
0,0.1075,-0.0125,58.3087,12.08
0,0.11,-0.0125,56.4592,12.08
0,0.1125,-0.0125,55.6658,12.08
0,0.115,-0.0125,51.204,12.08
0,0.1175,-0.0125,50.9903,12.096
0,0.12,-0.0125,48.2681,12.096
0,0.1225,-0.0125,48.1277,12.096
0,0.125,-0.0125,45.5153,12.096
0,0.1275,-0.0125,43.611,12.128
0,0.13,-0.0125,45.5641,12.096
0,0.1325,-0.0125,42.7686,12.128
0,0.135,-0.0125,40.3333,12.128
0,0.1375,-0.0125,39.7473,12.128
0,0.14,-0.0125,39.1858,12.128
0,0.1425,-0.0125,37.6232,12.144
0,0.145,-0.0125,36.5062,12.128
0,0.1475,-0.0125,35.2184,12.128
0,0.15,-0.0125,34.6263,12.128
0,0.1525,-0.0125,33.0576,12.144
0,0.155,-0.0125,32.1482,12.144
0,0.1575,-0.0125,31.3486,12.16
0,0.16,-0.0125,30.4636,12.144
0,0.1625,-0.0125,28.6264,12.176
0,0.165,-0.0125,28.0282,12.16
0,0.1675,-0.0125,26.1849,12.176
0,0.17,-0.0125,25.7637,12.16
0,0.1725,-0.0125,25.2876,12.16
0,0.175,-0.0125,25.074,12.192
0,0.1775,-0.0125,23.9692,12.192
0,0.18,-0.0125,23.835,12.176
0,0.1825,-0.0125,22.4433,12.208
0,0.185,-0.0125,21.1921,12.192
0,0.1875,-0.0125,21.1982,12.192
0,0.19,-0.0125,19.6661,12.208
0,0.1925,-0.0125,19.2938,12.208
0,0.195,-0.0125,19.5563,12.224
0,0.1975,-0.0125,19.1473,12.24
0,0.2,-0.0125,18.305,12.24
0,-0.2,-0.01,16.9134,12.048
0,-0.1975,-0.01,18.7445,12.032
0,-0.195,-0.01,17.951,12.032
0,-0.1925,-0.01,18.2257,12.016
0,-0.19,-0.01,18.598,12.064
0,-0.1875,-0.01,20.3192,12.032
0,-0.185,-0.01,20.3986,12.032
0,-0.1825,-0.01,21.5278,12.032
0,-0.18,-0.01,21.5827,12.048
0,-0.1775,-0.01,22.2297,12.064
0,-0.175,-0.01,23.4809,12.032
0,-0.1725,-0.01,23.5725,12.048
0,-0.17,-0.01,24.7322,12.032
0,-0.1675,-0.01,25.9957,12.016
0,-0.165,-0.01,25.3304,12.032
0,-0.1625,-0.01,26.6915,12.016
0,-0.16,-0.01,27.8268,12.016
0,-0.1575,-0.01,29.0231,12.016
0,-0.155,-0.01,29.255,12
0,-0.1525,-0.01,30.488,12
0,-0.15,-0.01,30.6101,12.016
0,-0.1475,-0.01,31.6843,12
0,-0.145,-0.01,33.1248,12
0,-0.1425,-0.01,35.4747,12.016
0,-0.14,-0.01,35.4442,12
0,-0.1375,-0.01,37.2326,11.984
0,-0.135,-0.01,38.2885,11.984
0,-0.1325,-0.01,39.8572,11.984
0,-0.13,-0.01,39.9731,11.984
0,-0.1275,-0.01,43.2691,11.984
0,-0.125,-0.01,42.5733,12
0,-0.1225,-0.01,45.4482,11.984
0,-0.12,-0.01,45.7595,11.984
0,-0.1175,-0.01,47.5051,11.984
0,-0.115,-0.01,50.1419,11.984
0,-0.1125,-0.01,50.1785,11.984
0,-0.11,-0.01,51.912,11.968
0,-0.1075,-0.01,54.1704,11.984
0,-0.105,-0.01,55.3301,11.968
0,-0.1025,-0.01,57.5579,11.968
0,-0.1,-0.01,58.8458,11.984
0,-0.0975,-0.01,60.8295,11.968
0,-0.095,-0.01,62.685,11.984
0,-0.0925,-0.01,64.1987,12
0,-0.09,-0.01,67.3666,11.984
0,-0.0875,-0.01,69.6921,11.984
0,-0.085,-0.01,70.6076,11.984
0,-0.0825,-0.01,72.6157,12
0,-0.08,-0.01,75.4112,11.984
0,-0.0775,-0.01,77.6574,12
0,-0.075,-0.01,78.7744,12
0,-0.0725,-0.01,80.6238,11.984
0,-0.07,-0.01,84.518,12
0,-0.0675,-0.01,84.9513,12
0,-0.065,-0.01,88.76,12
0,-0.0625,-0.01,91.757,11.984
0,-0.06,-0.01,93.9909,12
0,-0.0575,-0.01,96.4995,12
0,-0.055,-0.01,98.471,12.016
0,-0.0525,-0.01,101.505,12.016
0,-0.05,-0.01,104.929,12.016
0,-0.0475,-0.01,105.283,12.016
0,-0.045,-0.01,109.171,12.016
0,-0.0425,-0.01,110.111,12.016
0,-0.04,-0.01,112.479,12.016
0,-0.0375,-0.01,116.147,12.032
0,-0.035,-0.01,119.095,12.016
0,-0.0325,-0.01,122.959,12.032
0,-0.03,-0.01,125.095,12.032
0,-0.0275,-0.01,126.048,12.032
0,-0.025,-0.01,130.149,12.016
0,-0.0225,-0.01,135.691,12.016
0,-0.02,-0.01,135.209,12.016
0,-0.0175,-0.01,141.99,12.032
0,-0.015,-0.01,139.47,12.016
0,-0.0125,-0.01,142.528,12.032
0,-0.01,-0.01,145.14,12.032
0,-0.0075,-0.01,147.514,12.048
0,-0.005,-0.01,150.31,12.032
0,-0.0025,-0.01,149.266,12.048
0,0,-0.01,149.931,12.048
0,0.0025,-0.01,148.875,12.032
0,0.005,-0.01,149.693,12.032
0,0.0075,-0.01,149.455,12.064
0,0.01,-0.01,147.887,12.048
0,0.0125,-0.01,144.804,12.048
0,0.015,-0.01,145,12.048
0,0.0175,-0.01,144.414,12.048
0,0.02,-0.01,140.44,12.048
0,0.0225,-0.01,140.287,12.048
0,0.025,-0.01,137.455,12.048
0,0.0275,-0.01,134.8,12.048
0,0.03,-0.01,130.949,12.048
0,0.0325,-0.01,129.71,12.048
0,0.035,-0.01,125.407,12.048
0,0.0375,-0.01,123.826,12.048
0,0.04,-0.01,120.853,12.048
0,0.0425,-0.01,115.506,12.048
0,0.045,-0.01,114.756,12.048
0,0.0475,-0.01,112.632,12.048
0,0.05,-0.01,108.652,12.048
0,0.0525,-0.01,106.845,12.064
0,0.055,-0.01,104.532,12.048
0,0.0575,-0.01,101.755,12.048
0,0.06,-0.01,98.3612,12.048
0,0.0625,-0.01,96.2981,12.048
0,0.065,-0.01,94.1923,12.048
0,0.0675,-0.01,92.1842,12.064
0,0.07,-0.01,88.2107,12.032
0,0.0725,-0.01,87.1487,12.048
0,0.075,-0.01,84.402,12.048
0,0.0775,-0.01,81.4173,12.064
0,0.08,-0.01,80.1843,12.048
0,0.0825,-0.01,77.1874,12.064
0,0.085,-0.01,74.929,12.064
0,0.0875,-0.01,72.5669,12.064
0,0.09,-0.01,72.3167,12.064
0,0.0925,-0.01,67.3421,12.08
0,0.095,-0.01,67.806,12.064
0,0.0975,-0.01,64.4002,12.064
0,0.1,-0.01,63.686,12.08
0,0.1025,-0.01,60.8539,12.096
0,0.105,-0.01,60.5426,12.064
0,0.1075,-0.01,58.0645,12.096
0,0.11,-0.01,57.9058,12.08
0,0.1125,-0.01,56.1174,12.096
0,0.115,-0.01,54.4572,12.08
0,0.1175,-0.01,52.1195,12.08
0,0.12,-0.01,48.5611,12.096
0,0.1225,-0.01,48.5977,12.096
0,0.125,-0.01,46.7177,12.096
0,0.1275,-0.01,46.1135,12.08
0,0.13,-0.01,44.1237,12.112
0,0.1325,-0.01,41.7066,12.128
0,0.135,-0.01,41.8714,12.112
0,0.1375,-0.01,40.8216,12.112
0,0.14,-0.01,39.1369,12.128
0,0.1425,-0.01,38.2824,12.128
0,0.145,-0.01,37.1838,12.128
0,0.1475,-0.01,35.5358,12.144
0,0.15,-0.01,34.7606,12.144
0,0.1525,-0.01,34.1929,12.144
0,0.155,-0.01,31.8186,12.144
0,0.1575,-0.01,30.9336,12.144
0,0.16,-0.01,30.3354,12.144
0,0.1625,-0.01,28.7545,12.128
0,0.165,-0.01,28.7118,12.144
0,0.1675,-0.01,26.6732,12.16
0,0.17,-0.01,26.0811,12.16
0,0.1725,-0.01,26.4962,12.176
0,0.175,-0.01,24.9397,12.192
0,0.1775,-0.01,23.5847,12.192
0,0.18,-0.01,23.5786,12.192
0,0.1825,-0.01,22.4433,12.208
0,0.185,-0.01,20.716,12.192
0,0.1875,-0.01,20.7343,12.224
0,0.19,-0.01,20.5451,12.224
0,0.1925,-0.01,19.4769,12.208
0,0.195,-0.01,19.5379,12.24
0,0.1975,-0.01,19.7943,12.224
0,0.2,-0.01,19.0924,12.224
0,-0.2,-0.0075,17.42,12.032
0,-0.1975,-0.0075,18.7933,12.08
0,-0.195,-0.0075,18.9825,12.032
0,-0.1925,-0.0075,19.0802,12.016
0,-0.19,-0.0075,20.4962,12.048
0,-0.1875,-0.0075,19.367,12.032
0,-0.185,-0.0075,20.4718,12.048
0,-0.1825,-0.0075,21.2775,12.032
0,-0.18,-0.0075,21.5339,12.032
0,-0.1775,-0.0075,23.2917,12.032
0,-0.175,-0.0075,23.9875,12.048
0,-0.1725,-0.0075,23.7678,12.048
0,-0.17,-0.0075,25.0496,12.016
0,-0.1675,-0.0075,26.0018,12.032
0,-0.165,-0.0075,26.0872,12.016
0,-0.1625,-0.0075,26.191,12.048
0,-0.16,-0.0075,27.0333,12.016
0,-0.1575,-0.0075,28.4738,12.016
0,-0.155,-0.0075,29.4137,12
0,-0.1525,-0.0075,29.7861,12.016
0,-0.15,-0.0075,30.9641,12
0,-0.1475,-0.0075,32.6548,11.984
0,-0.145,-0.0075,32.3496,11.984
0,-0.1425,-0.0075,33.5154,12
0,-0.14,-0.0075,35.4442,11.984
0,-0.1375,-0.0075,35.8409,11.984
0,-0.135,-0.0075,38.7768,11.984
0,-0.1325,-0.0075,38.7585,11.984
0,-0.13,-0.0075,40.5286,12
0,-0.1275,-0.0075,41.3282,11.984
0,-0.125,-0.0075,44.8378,11.984
0,-0.1225,-0.0075,44.1664,11.984
0,-0.12,-0.0075,47.615,11.984
0,-0.1175,-0.0075,47.0595,11.984
0,-0.115,-0.0075,48.7381,11.984
0,-0.1125,-0.0075,51.2284,11.984
0,-0.11,-0.0075,52.3637,11.968
0,-0.1075,-0.0075,54.4145,11.984
0,-0.105,-0.0075,56.1296,11.968
0,-0.1025,-0.0075,57.3382,11.984
0,-0.1,-0.0075,59.5843,11.984
0,-0.0975,-0.0075,61.2079,11.984
0,-0.095,-0.0075,64.626,11.984
0,-0.0925,-0.0075,63.6067,11.984
0,-0.09,-0.0075,66.2618,11.968
0,-0.0875,-0.0075,69.8752,11.984
0,-0.085,-0.0075,72.7012,11.984
0,-0.0825,-0.0075,73.9891,12.016
0,-0.08,-0.0075,75.1732,11.984
0,-0.0775,-0.0075,76.6747,12
0,-0.075,-0.0075,82.2779,12
0,-0.0725,-0.0075,81.7042,12.016
0,-0.07,-0.0075,84.6522,12
0,-0.0675,-0.0075,88.8028,12
0,-0.065,-0.0075,90.1761,12.016
0,-0.0625,-0.0075,90.9757,12
0,-0.06,-0.0075,95.529,12.016
0,-0.0575,-0.0075,95.2116,12
0,-0.055,-0.0075,96.353,12
0,-0.0525,-0.0075,101.437,12.032
0,-0.05,-0.0075,104.031,12
0,-0.0475,-0.0075,106.687,12.016
0,-0.045,-0.0075,109.317,12.016
0,-0.0425,-0.0075,110.147,12
0,-0.04,-0.0075,113.523,12.016
0,-0.0375,-0.0075,117.832,12.032
0,-0.035,-0.0075,119.37,12.016
0,-0.0325,-0.0075,123.197,12.016
0,-0.03,-0.0075,124.223,12.016
0,-0.0275,-0.0075,127.287,12.032
0,-0.025,-0.0075,132.047,12.016
0,-0.0225,-0.0075,133.61,12.032
0,-0.02,-0.0075,137.498,12.032
0,-0.0175,-0.0075,138.047,12.016
0,-0.015,-0.0075,141.551,12.032
0,-0.0125,-0.0075,143.626,12.032
0,-0.01,-0.0075,146.538,12.032
0,-0.0075,-0.0075,147.588,12.032
0,-0.005,-0.0075,150.127,12.032
0,-0.0025,-0.0075,150.035,12.048
0,0,-0.0075,150.261,12.032
0,0.0025,-0.0075,152.751,12.032
0,0.005,-0.0075,150.664,12.048
0,0.0075,-0.0075,150.645,12.048
0,0.01,-0.0075,149.651,12.048
0,0.0125,-0.0075,149.052,12.048
0,0.015,-0.0075,147.172,12.048
0,0.0175,-0.0075,145.921,12.064
0,0.02,-0.0075,141.081,12.048
0,0.0225,-0.0075,138.328,12.064
0,0.025,-0.0075,138.243,12.048
0,0.0275,-0.0075,134.922,12.032
0,0.03,-0.0075,130.979,12.048
0,0.0325,-0.0075,130.149,12.064
0,0.035,-0.0075,126.456,12.048
0,0.0375,-0.0075,124.595,12.048
0,0.04,-0.0075,120.902,12.048
0,0.0425,-0.0075,119.816,12.064
0,0.045,-0.0075,115.427,12.064
0,0.0475,-0.0075,113.272,12.048
0,0.05,-0.0075,108.768,12.048
0,0.0525,-0.0075,106.388,12.064
0,0.055,-0.0075,104.123,12.048
0,0.0575,-0.0075,99.8749,12.064
0,0.06,-0.0075,99.7772,12.048
0,0.0625,-0.0075,98.3734,12.048
0,0.065,-0.0075,94.1313,12.048
0,0.0675,-0.0075,92.2391,12.048
0,0.07,-0.0075,89.2117,12.064
0,0.0725,-0.0075,89.5474,12.048
0,0.075,-0.0075,86.7336,12.064
0,0.0775,-0.0075,82.9188,12.048
0,0.08,-0.0075,80.8374,12.032
0,0.0825,-0.0075,78.9331,12.064
0,0.085,-0.0075,76.4061,12.048
0,0.0875,-0.0075,74.0928,12.064
0,0.09,-0.0075,71.5537,12.064
0,0.0925,-0.0075,70.394,12.064
0,0.095,-0.0075,67.745,12.08
0,0.0975,-0.0075,65.2364,12.064
0,0.1,-0.0075,63.3686,12.064
0,0.1025,-0.0075,61.7512,12.064
0,0.105,-0.0075,60.6952,12.08
0,0.1075,-0.0075,59.0045,12.064
0,0.11,-0.0075,56.6546,12.08
0,0.1125,-0.0075,56.3921,12.08
0,0.115,-0.0075,53.7431,12.096
0,0.1175,-0.0075,50.679,12.096
0,0.12,-0.0075,50.0626,12.112
0,0.1225,-0.0075,48.7259,12.096
0,0.125,-0.0075,47.2304,12.112
0,0.1275,-0.0075,44.2213,12.112
0,0.13,-0.0075,43.9711,12.112
0,0.1325,-0.0075,42.8968,12.128
0,0.135,-0.0075,40.846,12.128
0,0.1375,-0.0075,40.5286,12.112
0,0.14,-0.0075,38.0261,12.128
0,0.1425,-0.0075,36.7199,12.112
0,0.145,-0.0075,36.7809,12.128
0,0.1475,-0.0075,35.9447,12.144
0,0.15,-0.0075,33.0149,12.128
0,0.1525,-0.0075,33.1431,12.144
0,0.155,-0.0075,32.4778,12.16
0,0.1575,-0.0075,30.4697,12.144
0,0.16,-0.0075,30.018,12.144
0,0.1625,-0.0075,29.2062,12.144
0,0.165,-0.0075,28.6386,12.144
0,0.1675,-0.0075,26.8868,12.176
0,0.17,-0.0075,26.4962,12.16
0,0.1725,-0.0075,25.8675,12.16
0,0.175,-0.0075,25.1839,12.144
0,0.1775,-0.0075,23.8777,12.16
0,0.18,-0.0075,22.9804,12.16
0,0.1825,-0.0075,23.3161,12.192
0,0.185,-0.0075,22.2907,12.176
0,0.1875,-0.0075,23.5176,12.176
0,0.19,-0.0075,20.0812,12.208
0,0.1925,-0.0075,20.4413,12.208
0,0.195,-0.0075,18.7017,12.192
0,0.1975,-0.0075,18.8238,12.224
0,0.2,-0.0075,18.9276,12.224
0,-0.2,-0.005,18.128,12.016
0,-0.1975,-0.005,18.2867,12.032
0,-0.195,-0.005,18.0486,12.032
0,-0.1925,-0.005,18.8177,12.048
0,-0.19,-0.005,19.8798,12.016
0,-0.1875,-0.005,19.4159,12.048
0,-0.185,-0.005,20.0751,12.032
0,-0.1825,-0.005,22.2663,12.048
0,-0.18,-0.005,22.6875,12.048
0,-0.1775,-0.005,22.8645,12.016
0,-0.175,-0.005,23.1758,12.016
0,-0.1725,-0.005,23.7495,12.048
0,-0.17,-0.005,24.427,12.032
0,-0.1675,-0.005,25.5379,12.016
0,-0.165,-0.005,27.0821,12.032
0,-0.1625,-0.005,27.0943,12
0,-0.16,-0.005,27.0028,12.016
0,-0.1575,-0.005,29.255,12.016
0,-0.155,-0.005,29.9203,12
0,-0.1525,-0.005,30.604,12
0,-0.15,-0.005,31.3974,11.984
0,-0.1475,-0.005,32.1848,12
0,-0.145,-0.005,32.8196,12.016
0,-0.1425,-0.005,34.9681,12.016
0,-0.14,-0.005,37.0128,11.984
0,-0.1375,-0.005,36.6161,12
0,-0.135,-0.005,37.7209,11.984
0,-0.1325,-0.005,38.6731,11.984
0,-0.13,-0.005,40.2844,12
0,-0.1275,-0.005,41.493,12
0,-0.125,-0.005,44.0321,11.968
0,-0.1225,-0.005,45.3017,11.968
0,-0.12,-0.005,45.6008,11.984
0,-0.1175,-0.005,47.4197,11.968
0,-0.115,-0.005,50.4959,11.984
0,-0.1125,-0.005,51.7167,11.984
0,-0.11,-0.005,53.7004,11.968
0,-0.1075,-0.005,54.9455,11.984
0,-0.105,-0.005,56.3738,11.968
0,-0.1025,-0.005,57.5396,11.968
0,-0.1,-0.005,58.9373,11.984
0,-0.0975,-0.005,62.1601,11.984
0,-0.095,-0.005,63.8325,11.984
0,-0.0925,-0.005,64.8213,11.984
0,-0.09,-0.005,67.7511,11.984
0,-0.0875,-0.005,68.9779,11.984
0,-0.085,-0.005,71.5354,11.984
0,-0.0825,-0.005,73.5435,11.984
0,-0.08,-0.005,75.1854,11.984
0,-0.0775,-0.005,78.4448,12
0,-0.075,-0.005,80.4102,11.984
0,-0.0725,-0.005,82.522,12
0,-0.07,-0.005,84.4508,12
0,-0.0675,-0.005,87.6431,12
0,-0.065,-0.005,89.0042,12
0,-0.0625,-0.005,92.3978,12
0,-0.06,-0.005,93.9848,12.016
0,-0.0575,-0.005,99.3683,12
0,-0.055,-0.005,99.5087,12
0,-0.0525,-0.005,100.937,12.016
0,-0.05,-0.005,104.141,12.016
0,-0.0475,-0.005,105.649,12.016
0,-0.045,-0.005,109.183,12
0,-0.0425,-0.005,111.014,12
0,-0.04,-0.005,114.286,12.016
0,-0.0375,-0.005,116.471,12
0,-0.035,-0.005,120.823,12
0,-0.0325,-0.005,122.831,12
0,-0.03,-0.005,124.815,12.016
0,-0.0275,-0.005,128.367,12.016
0,-0.025,-0.005,131.59,12.016
0,-0.0225,-0.005,136.161,12.016
0,-0.02,-0.005,136.589,12.032
0,-0.0175,-0.005,141.966,12.016
0,-0.015,-0.005,142.314,12.016
0,-0.0125,-0.005,145.305,12.016
0,-0.01,-0.005,147.227,12.032
0,-0.0075,-0.005,149.583,12.032
0,-0.005,-0.005,150.707,12.032
0,-0.0025,-0.005,153.502,12.032
0,0,-0.005,152.782,12.032
0,0.0025,-0.005,153.221,12.032
0,0.005,-0.005,152.403,12.016
0,0.0075,-0.005,152.049,12.048
0,0.01,-0.005,150.804,12.032
0,0.0125,-0.005,150.426,12.048
0,0.015,-0.005,148.808,12.032
0,0.0175,-0.005,146.013,12.032
0,0.02,-0.005,143.889,12.032
0,0.0225,-0.005,139.677,12.048
0,0.025,-0.005,137.657,12.032
0,0.0275,-0.005,135.368,12.048
0,0.03,-0.005,134.172,12.048
0,0.0325,-0.005,129.539,12.064
0,0.035,-0.005,125.901,12.048
0,0.0375,-0.005,124.039,12.064
0,0.04,-0.005,119.474,12.064
0,0.0425,-0.005,119.645,12.048
0,0.045,-0.005,115.696,12.032
0,0.0475,-0.005,114.249,12.048
0,0.05,-0.005,110.215,12.048
0,0.0525,-0.005,108.176,12.048
0,0.055,-0.005,105.85,12.048
0,0.0575,-0.005,102.048,12.048
0,0.06,-0.005,97.1648,12.048
0,0.0625,-0.005,96.4995,12.048
0,0.065,-0.005,93.7834,12.048
0,0.0675,-0.005,90.3165,12.048
0,0.07,-0.005,88.7173,12.048
0,0.0725,-0.005,86.2209,12.048
0,0.075,-0.005,83.1935,12.048
0,0.0775,-0.005,82.0276,12.048
0,0.08,-0.005,79.9158,12.048
0,0.0825,-0.005,78.7317,12.064
0,0.085,-0.005,76.4733,12.048
0,0.0875,-0.005,71.6636,12.048
0,0.09,-0.005,72.75,12.048
0,0.0925,-0.005,69.5334,12.048
0,0.095,-0.005,68.6483,12.048
0,0.0975,-0.005,65.9261,12.064
0,0.1,-0.005,64.1377,12.064
0,0.1025,-0.005,63.332,12.08
0,0.105,-0.005,59.8712,12.064
0,0.1075,-0.005,58.6138,12.096
0,0.11,-0.005,57.6678,12.08
0,0.1125,-0.005,54.5183,12.08
0,0.115,-0.005,52.8764,12.08
0,0.1175,-0.005,51.9303,12.096
0,0.12,-0.005,50.9903,12.08
0,0.1225,-0.005,47.8591,12.064
0,0.125,-0.005,46.968,12.112
0,0.1275,-0.005,44.8622,12.08
0,0.13,-0.005,44.0199,12.112
0,0.1325,-0.005,40.7117,12.096
0,0.135,-0.005,40.9619,12.112
0,0.1375,-0.005,38.5266,12.112
0,0.14,-0.005,40.1685,12.128
0,0.1425,-0.005,38.0932,12.128
0,0.145,-0.005,36.4635,12.128
0,0.1475,-0.005,35.4625,12.112
0,0.15,-0.005,34.5592,12.112
0,0.1525,-0.005,33.4971,12.128
0,0.155,-0.005,32.0139,12.144
0,0.1575,-0.005,30.1889,12.128
0,0.16,-0.005,29.9081,12.128
0,0.1625,-0.005,28.9071,12.16
0,0.165,-0.005,28.3151,12.144
0,0.1675,-0.005,27.1432,12.144
0,0.17,-0.005,26.4779,12.16
0,0.1725,-0.005,25.2388,12.16
0,0.175,-0.005,25.1656,12.16
0,0.1775,-0.005,24.0059,12.176
0,0.18,-0.005,22.9987,12.16
0,0.1825,-0.005,23.7373,12.176
0,0.185,-0.005,22.0344,12.176
0,0.1875,-0.005,20.661,12.208
0,0.19,-0.005,21.363,12.192
0,0.1925,-0.005,18.952,12.208
0,0.195,-0.005,19.2877,12.208
0,0.1975,-0.005,19.19,12.208
0,0.2,-0.005,17.9998,12.24
0,-0.2,-0.0025,18.0059,12.032
0,-0.1975,-0.0025,17.6519,12.032
0,-0.195,-0.0025,18.2073,12.032
0,-0.1925,-0.0025,19.7455,12.048
0,-0.19,-0.0025,19.7638,12.016
0,-0.1875,-0.0025,19.6783,12.016
0,-0.185,-0.0025,20.8991,12.016
0,-0.1825,-0.0025,21.4484,12.016
0,-0.18,-0.0025,21.308,12.032
0,-0.1775,-0.0025,22.1809,12.016
0,-0.175,-0.0025,24.0852,12.032
0,-0.1725,-0.0025,24.8543,12.032
0,-0.17,-0.0025,23.5786,12.016
0,-0.1675,-0.0025,25.4463,12
0,-0.165,-0.0025,25.3548,12
0,-0.1625,-0.0025,26.2276,12
0,-0.16,-0.0025,27.7902,12.032
0,-0.1575,-0.0025,29.1086,12
0,-0.155,-0.0025,29.6579,12.016
0,-0.1525,-0.0025,30.9702,12
0,-0.15,-0.0025,31.727,12
0,-0.1475,-0.0025,33.1248,11.984
0,-0.145,-0.0025,34.1929,12
0,-0.1425,-0.0025,34.431,11.984
0,-0.14,-0.0025,36.0851,12
0,-0.1375,-0.0025,37.0067,11.984
0,-0.135,-0.0025,38.6425,11.984
0,-0.1325,-0.0025,39.729,11.984
0,-0.13,-0.0025,41.377,12
0,-0.1275,-0.0025,43.3912,11.968
0,-0.125,-0.0025,44.3617,11.984
0,-0.1225,-0.0025,45.2101,11.984
0,-0.12,-0.0025,47.4868,11.968
0,-0.1175,-0.0025,48.5855,11.968
0,-0.115,-0.0025,49.1775,11.952
0,-0.1125,-0.0025,51.7899,11.984
0,-0.11,-0.0025,52.7482,11.952
0,-0.1075,-0.0025,53.1388,11.984
0,-0.105,-0.0025,56.2578,11.984
0,-0.1025,-0.0025,57.4847,11.968
0,-0.1,-0.0025,60.1581,11.968
0,-0.0975,-0.0025,60.9455,11.952
0,-0.095,-0.0025,63.2405,11.968
0,-0.0925,-0.0025,65.7369,11.984
0,-0.09,-0.0025,67.4337,11.968
0,-0.0875,-0.0025,71.218,11.984
0,-0.085,-0.0025,71.4866,11.984
0,-0.0825,-0.0025,74.1905,11.984
0,-0.08,-0.0025,75.7653,11.984
0,-0.0775,-0.0025,77.8527,11.984
0,-0.075,-0.0025,79.6655,11.984
0,-0.0725,-0.0025,81.0633,11.984
0,-0.07,-0.0025,86.9045,11.984
0,-0.0675,-0.0025,86.5017,11.984
0,-0.065,-0.0025,90.1944,12
0,-0.0625,-0.0025,92.3124,11.984
0,-0.06,-0.0025,94.7233,11.984
0,-0.0575,-0.0025,98.1841,11.984
0,-0.055,-0.0025,98.764,12
0,-0.0525,-0.0025,102.701,12
0,-0.05,-0.0025,103.525,12
0,-0.0475,-0.0025,108.036,12
0,-0.045,-0.0025,109.47,12
0,-0.0425,-0.0025,113.01,12.016
0,-0.04,-0.0025,116.208,12
0,-0.0375,-0.0025,117.576,12
0,-0.035,-0.0025,121.091,12
0,-0.0325,-0.0025,123.93,12.016
0,-0.03,-0.0025,127.763,12.016
0,-0.0275,-0.0025,130.515,12.016
0,-0.025,-0.0025,132.713,12
0,-0.0225,-0.0025,135.423,12.016
0,-0.02,-0.0025,140.092,12.032
0,-0.0175,-0.0025,143.113,12.016
0,-0.015,-0.0025,143.901,12.016
0,-0.0125,-0.0025,148.259,12.016
0,-0.01,-0.0025,149.065,12.016
0,-0.0075,-0.0025,149.956,12.016
0,-0.005,-0.0025,152.025,12.016
0,-0.0025,-0.0025,153.148,12.032
0,0,-0.0025,153.783,12.032
0,0.0025,-0.0025,153.832,12.016
0,0.005,-0.0025,154.759,12.016
0,0.0075,-0.0025,153.063,12.032
0,0.01,-0.0025,152.196,12.032
0,0.0125,-0.0025,149.077,12.032
0,0.015,-0.0025,148.003,12.032
0,0.0175,-0.0025,146.879,12.048
0,0.02,-0.0025,144.871,12.032
0,0.0225,-0.0025,142.296,12.032
0,0.025,-0.0025,138.926,12.032
0,0.0275,-0.0025,135.887,12.048
0,0.03,-0.0025,134.245,12.048
0,0.0325,-0.0025,129.191,12.048
0,0.035,-0.0025,127.97,12.048
0,0.0375,-0.0025,124.931,12.048
0,0.04,-0.0025,121.189,12.064
0,0.0425,-0.0025,118.552,12.048
0,0.045,-0.0025,115.842,12.048
0,0.0475,-0.0025,112.571,12.048
0,0.05,-0.0025,110.233,12.048
0,0.0525,-0.0025,106.162,12.048
0,0.055,-0.0025,102.744,12.064
0,0.0575,-0.0025,102.066,12.048
0,0.06,-0.0025,100.9,12.064
0,0.0625,-0.0025,96.6826,12.048
0,0.065,-0.0025,95.4497,12.032
0,0.0675,-0.0025,93.7162,12.048
0,0.07,-0.0025,90.17,12.048
0,0.0725,-0.0025,87.5149,12.048
0,0.075,-0.0025,84.579,12.048
0,0.0775,-0.0025,84.463,12.048
0,0.08,-0.0025,78.9514,12.048
0,0.0825,-0.0025,79.3603,12.048
0,0.085,-0.0025,75.1793,12.064
0,0.0875,-0.0025,74.4774,12.048
0,0.09,-0.0025,71.6697,12.048
0,0.0925,-0.0025,70.9189,12.048
0,0.095,-0.0025,68.0563,12.048
0,0.0975,-0.0025,66.1336,12.064
0,0.1,-0.0025,64.6565,12.064
0,0.1025,-0.0025,61.5558,12.064
0,0.105,-0.0025,61.4765,12.064
0,0.1075,-0.0025,57.4908,12.064
0,0.11,-0.0025,55.1531,12.064
0,0.1125,-0.0025,55.5803,12.08
0,0.115,-0.0025,53.1632,12.08
0,0.1175,-0.0025,51.2528,12.08
0,0.12,-0.0025,51.4237,12.08
0,0.1225,-0.0025,50.1663,12.064
0,0.125,-0.0025,47.9568,12.08
0,0.1275,-0.0025,46.2783,12.08
0,0.13,-0.0025,44.5936,12.032
0,0.1325,-0.0025,45.5214,12.128
0,0.135,-0.0025,41.7615,12.08
0,0.1375,-0.0025,39.8755,12.144
0,0.14,-0.0025,40.0586,12.096
0,0.1425,-0.0025,36.6771,12.112
0,0.145,-0.0025,37.6659,12.128
0,0.1475,-0.0025,36.5123,12.144
0,0.15,-0.0025,33.7535,12.128
0,0.1525,-0.0025,32.783,12.144
0,0.155,-0.0025,32.5144,12.128
0,0.1575,-0.0025,30.9763,12.128
0,0.16,-0.0025,29.6945,12.144
0,0.1625,-0.0025,28.7973,12.144
0,0.165,-0.0025,29.548,12.144
0,0.1675,-0.0025,27.1676,12.144
0,0.17,-0.0025,25.9407,12.144
0,0.1725,-0.0025,26.783,12.16
0,0.175,-0.0025,25.0374,12.192
0,0.1775,-0.0025,23.719,12.192
0,0.18,-0.0025,22.9621,12.176
0,0.1825,-0.0025,23.0171,12.192
0,0.185,-0.0025,21.7597,12.176
0,0.1875,-0.0025,22.1442,12.176
0,0.19,-0.0025,21.5339,12.176
0,0.1925,-0.0025,20.4962,12.192
0,0.195,-0.0025,20.9235,12.224
0,0.1975,-0.0025,20.069,12.224
0,0.2,-0.0025,18.6773,12.24
0,-0.2,0,18.4393,12.032
0,-0.1975,0,18.2501,12.048
0,-0.195,0,18.6651,12.032
0,-0.1925,0,18.3172,12.048
0,-0.19,0,19.7638,12.048
0,-0.1875,0,20.1056,12.032
0,-0.185,0,20.0812,12.016
0,-0.1825,0,21.9672,12.032
0,-0.18,0,22.3151,12.032
0,-0.1775,0,22.4372,12.016
0,-0.175,0,23.5115,12.016
0,-0.1725,0,23.365,12.016
0,-0.17,0,24.8787,12.032
0,-0.1675,0,25.5074,12
0,-0.165,0,25.66,12.016
0,-0.1625,0,27.4606,12
0,-0.16,0,27.9916,12
0,-0.1575,0,28.2907,12.032
0,-0.155,0,29.0719,12.016
0,-0.1525,0,29.4992,12
0,-0.15,0,31.4158,12
0,-0.1475,0,31.9773,12.016
0,-0.145,0,33.198,12
0,-0.1425,0,33.6436,12
0,-0.14,0,35.9508,11.984
0,-0.1375,0,37.7697,12.016
0,-0.135,0,39.3567,11.984
0,-0.1325,0,38.9172,11.984
0,-0.13,0,40.2966,11.968
0,-0.1275,0,41.847,11.984
0,-0.125,0,44.8134,11.984
0,-0.1225,0,44.2213,11.968
0,-0.12,0,45.8449,11.984
0,-0.1175,0,47.383,12
0,-0.115,0,50.8011,11.968
0,-0.1125,0,49.91,11.984
0,-0.11,0,54.7136,11.984
0,-0.1075,0,55.4521,11.968
0,-0.105,0,57.3687,11.968
0,-0.1025,0,57.4786,11.968
0,-0.1,0,59.2669,11.968
0,-0.0975,0,61.6779,11.968
0,-0.095,0,62.8986,11.984
0,-0.0925,0,65.7064,11.968
0,-0.09,0,68.6972,11.984
0,-0.0875,0,69.6066,11.984
0,-0.085,0,71.926,11.984
0,-0.0825,0,75.7958,12
0,-0.08,0,77.5597,12
0,-0.0775,0,78.9636,12
0,-0.075,0,81.3196,11.984
0,-0.0725,0,82.046,12
0,-0.07,0,84.695,11.984
0,-0.0675,0,86.3308,12
0,-0.065,0,89.5352,11.984
0,-0.0625,0,92.3612,11.984
0,-0.06,0,93.9543,12
0,-0.0575,0,96.4873,12
0,-0.055,0,98.117,12
0,-0.0525,0,104.038,12
0,-0.05,0,105.008,12
0,-0.0475,0,108.652,12.016
0,-0.045,0,108.536,12.016
0,-0.0425,0,112.9,12
0,-0.04,0,116.221,12
0,-0.0375,0,116.965,12
0,-0.035,0,121.25,12.016
0,-0.0325,0,122.599,12.016
0,-0.03,0,125.889,12.016
0,-0.0275,0,129.606,12
0,-0.025,0,133.305,12.016
0,-0.0225,0,137.126,12.016
0,-0.02,0,138.121,12
0,-0.0175,0,141.173,12.016
0,-0.015,0,144.676,12.016
0,-0.0125,0,145.738,12.032
0,-0.01,0,149.248,12.016
0,-0.0075,0,151.256,12.032
0,-0.005,0,152.507,12.032
0,-0.0025,0,152.788,12.016
0,0,0,155.028,12.032
0,0.0025,0,154.997,12.032
0,0.005,0,155.303,12.032
0,0.0075,0,152.794,12.032
0,0.01,0,152.379,12.048
0,0.0125,0,149.309,12.032
0,0.015,0,149.699,12.032
0,0.0175,0,146.556,12.048
0,0.02,0,145.335,12.048
0,0.0225,0,141.026,12.032
0,0.025,0,139.622,12.048
0,0.0275,0,135.923,12.064
0,0.03,0,133.995,12.032
0,0.0325,0,130.338,12.048
0,0.035,0,125.98,12.064
0,0.0375,0,125.059,12.048
0,0.04,0,121.11,12.048
0,0.0425,0,119.559,12.048
0,0.045,0,115.171,12.064
0,0.0475,0,113.272,12.032
0,0.05,0,111.46,12.048
0,0.0525,0,107.523,12.064
0,0.055,0,106.192,12.048
0,0.0575,0,103.464,12.048
0,0.06,0,100.381,12.048
0,0.0625,0,97.586,12.048
0,0.065,0,93.3927,12.048
0,0.0675,0,92.4223,12.048
0,0.07,0,90.2493,12.032
0,0.0725,0,88.4793,12.048
0,0.075,0,85.049,12.032
0,0.0775,0,82.4976,12.048
0,0.08,0,82.1986,12.032
0,0.0825,0,79.2383,12.048
0,0.085,0,76.4916,12.064
0,0.0875,0,74.5445,12.064
0,0.09,0,72.4876,12.048
0,0.0925,0,69.3869,12.048
0,0.095,0,68.5324,12.064
0,0.0975,0,66.6402,12.064
0,0.1,0,64.4002,12.048
0,0.1025,0,61.6291,12.08
0,0.105,0,61.0309,12.08
0,0.1075,0,57.4114,12.08
0,0.11,0,58.1133,12.08
0,0.1125,0,55.7634,12.064
0,0.115,0,53.9445,12.096
0,0.1175,0,52.736,12.08
0,0.12,0,50.2457,12.08
0,0.1225,0,49.1836,12.096
0,0.125,0,47.0534,12.096
0,0.1275,0,45.4237,12.112
0,0.13,0,42.8846,12.112
0,0.1325,0,44.7096,12.128
0,0.135,0,40.8155,12.112
0,0.1375,0,40.4004,12.096
0,0.14,0,38.4594,12.112
0,0.1425,0,38.5266,12.128
0,0.145,0,37.4767,12.112
0,0.1475,0,35.9142,12.144
0,0.15,0,34.1258,12.128
0,0.1525,0,32.5999,12.128
0,0.155,0,31.8003,12.144
0,0.1575,0,31.9956,12.144
0,0.16,0,30.2194,12.144
0,0.1625,0,28.8766,12.128
0,0.165,0,28.9071,12.144
0,0.1675,0,27.7902,12.16
0,0.17,0,26.9051,12.144
0,0.1725,0,25.8919,12.16
0,0.175,0,24.3416,12.16
0,0.1775,0,24.781,12.16
0,0.18,0,24.1951,12.16
0,0.1825,0,22.8523,12.208
0,0.185,0,22.4616,12.176
0,0.1875,0,21.8207,12.176
0,0.19,0,21.1615,12.192
0,0.1925,0,20.5634,12.208
0,0.195,0,19.8187,12.24
0,0.1975,0,19.245,12.224
0,0.2,0,17.8228,12.224
0,-0.2,0.0025,17.2063,12.032
0,-0.1975,0.0025,18.7201,12.032
0,-0.195,0.0025,18.9093,12.032
0,-0.1925,0.0025,19.7577,12.016
0,-0.19,0.0025,19.6844,12.048
0,-0.1875,0.0025,20.2521,12.032
0,-0.185,0.0025,21.0944,12
0,-0.1825,0.0025,20.3619,12.016
0,-0.18,0.0025,22.5654,12.016
0,-0.1775,0.0025,21.7231,12.032
0,-0.175,0.0025,23.5054,12.032
0,-0.1725,0.0025,24.5918,12
0,-0.17,0.0025,24.1279,12
0,-0.1675,0.0025,25.5135,12.032
0,-0.165,0.0025,25.2449,12
0,-0.1625,0.0025,25.7027,12.032
0,-0.16,0.0025,28.4677,12.016
0,-0.1575,0.0025,28.547,12
0,-0.155,0.0025,29.0475,12
0,-0.1525,0.0025,30.4636,12
0,-0.15,0.0025,31.1167,12
0,-0.1475,0.0025,32.3496,12.032
0,-0.145,0.0025,33.253,11.968
0,-0.1425,0.0025,33.8023,12
0,-0.14,0.0025,35.7067,11.984
0,-0.1375,0.0025,37.5195,12
0,-0.135,0.0025,38.3679,12
0,-0.1325,0.0025,39.4665,11.968
0,-0.13,0.0025,41.0413,11.968
0,-0.1275,0.0025,42.787,11.984
0,-0.125,0.0025,43.5133,11.984
0,-0.1225,0.0025,44.3922,11.968
0,-0.12,0.0025,45.8754,11.968
0,-0.1175,0.0025,48.793,11.984
0,-0.115,0.0025,50.2335,11.952
0,-0.1125,0.0025,51.7167,11.984
0,-0.11,0.0025,53.1632,11.968
0,-0.1075,0.0025,53.6393,11.984
0,-0.105,0.0025,56.0015,11.968
0,-0.1025,0.0025,58.2476,11.952
0,-0.1,0.0025,59.5416,11.968
0,-0.0975,0.0025,61.8488,11.968
0,-0.095,0.0025,64.156,11.984
0,-0.0925,0.0025,65.7735,11.984
0,-0.09,0.0025,68.8559,11.984
0,-0.0875,0.0025,69.8935,11.968
0,-0.085,0.0025,70.5893,11.984
0,-0.0825,0.0025,74.3248,11.984
0,-0.08,0.0025,75.9178,11.968
0,-0.0775,0.0025,79.4336,11.984
0,-0.075,0.0025,79.1589,11.984
0,-0.0725,0.0025,81.9483,11.984
0,-0.07,0.0025,85.7387,12
0,-0.0675,0.0025,85.8486,11.984
0,-0.065,0.0025,89.4131,11.984
0,-0.0625,0.0025,91.5799,12
0,-0.06,0.0025,95.529,12.016
0,-0.0575,0.0025,98.0316,12
0,-0.055,0.0025,98.5687,12
0,-0.0525,0.0025,103.623,12.016
0,-0.05,0.0025,105.338,12
0,-0.0475,0.0025,107.718,12
0,-0.045,0.0025,108.713,12.016
0,-0.0425,0.0025,111.625,12
0,-0.04,0.0025,118.07,12.016
0,-0.0375,0.0025,117.277,12.016
0,-0.035,0.0025,120.103,12.016
0,-0.0325,0.0025,123.588,12.016
0,-0.03,0.0025,128.08,12.016
0,-0.0275,0.0025,132.047,12
0,-0.025,0.0025,132.237,12.016
0,-0.0225,0.0025,138.041,12.032
0,-0.02,0.0025,138.78,12.016
0,-0.0175,0.0025,141.276,12.016
0,-0.015,0.0025,145.47,12.016
0,-0.0125,0.0025,145.494,12.016
0,-0.01,0.0025,150.218,12.016
0,-0.0075,0.0025,150.182,12.016
0,-0.005,0.0025,152.586,12.032
0,-0.0025,0.0025,153.832,12.032
0,0,0.0025,154.076,12.032
0,0.0025,0.0025,154.125,12.016
0,0.005,0.0025,154.729,12.032
0,0.0075,0.0025,153.96,12.032
0,0.01,0.0025,152.965,12.048
0,0.0125,0.0025,151.421,12.048
0,0.015,0.0025,149.968,12.048
0,0.0175,0.0025,148.222,12.032
0,0.02,0.0025,144.505,12.048
0,0.0225,0.0025,142.808,12.048
0,0.025,0.0025,140.336,12.048
0,0.0275,0.0025,133.988,12.048
0,0.03,0.0025,132.054,12.064
0,0.0325,0.0025,131.211,12.048
0,0.035,0.0025,125.901,12.048
0,0.0375,0.0025,126.029,12.064
0,0.04,0.0025,122.001,12.032
0,0.0425,0.0025,119.047,12.048
0,0.045,0.0025,118.442,12.064
0,0.0475,0.0025,113.858,12.048
0,0.05,0.0025,110.862,12.032
0,0.0525,0.0025,108.09,12.064
0,0.055,0.0025,105.612,12.048
0,0.0575,0.0025,103.848,12.064
0,0.06,0.0025,99.9237,12.048
0,0.0625,0.0025,96.8047,12.032
0,0.065,0.0025,95.5779,12.048
0,0.0675,0.0025,90.878,12.048
0,0.07,0.0025,91.2076,12.048
0,0.0725,0.0025,88.7661,12.032
0,0.075,0.0025,84.9391,12.032
0,0.0775,0.0025,81.7896,12.048
0,0.08,0.0025,80.3308,12.048
0,0.0825,0.0025,78.4448,12.032
0,0.085,0.0025,77.4804,12.032
0,0.0875,0.0025,74.6544,12.064
0,0.09,0.0025,73.0552,12.048
0,0.0925,0.0025,70.0949,12.048
0,0.095,0.0025,67.214,12.048
0,0.0975,0.0025,66.097,12.048
0,0.1,0.0025,63.1306,12.048
0,0.1025,0.0025,61.6108,12.064
0,0.105,0.0025,61.2812,12.064
0,0.1075,0.0025,59.1937,12.064
0,0.11,0.0025,57.6189,12.064
0,0.1125,0.0025,55.4827,12.048
0,0.115,0.0025,52.7848,12.08
0,0.1175,0.0025,52.5224,12.096
0,0.12,0.0025,51.6556,12.08
0,0.1225,0.0025,49.4034,12.096
0,0.125,0.0025,46.0891,12.08
0,0.1275,0.0025,46.6445,12.08
0,0.13,0.0025,43.8246,12.096
0,0.1325,0.0025,42.2132,12.096
0,0.135,0.0025,41.8287,12.112
0,0.1375,0.0025,41.0718,12.112
0,0.14,0.0025,39.7778,12.112
0,0.1425,0.0025,36.494,12.112
0,0.145,0.0025,36.3781,12.128
0,0.1475,0.0025,35.1756,12.16
0,0.15,0.0025,34.3394,12.128
0,0.1525,0.0025,32.6487,12.128
0,0.155,0.0025,31.7637,12.144
0,0.1575,0.0025,31.9102,12.128
0,0.16,0.0025,29.7433,12.128
0,0.1625,0.0025,28.7973,12.128
0,0.165,0.0025,28.077,12.144
0,0.1675,0.0025,27.8024,12.16
0,0.17,0.0025,26.1177,12.16
0,0.1725,0.0025,26.0079,12.16
0,0.175,0.0025,24.2805,12.16
0,0.1775,0.0025,23.4687,12.176
0,0.18,0.0025,24.7139,12.176
0,0.1825,0.0025,23.78,12.176
0,0.185,0.0025,21.4911,12.192
0,0.1875,0.0025,20.6244,12.208
0,0.19,0.0025,21.0395,12.192
0,0.1925,0.0025,19.8798,12.16
0,0.195,0.0025,19.7027,12.192
0,0.1975,0.0025,19.1412,12.208
0,0.2,0.0025,19.3976,12.208
0,-0.2,0.005,17.597,12.048
0,-0.1975,0.005,17.9022,12.016
0,-0.195,0.005,18.8849,12.016
0,-0.1925,0.005,19.129,12.016
0,-0.19,0.005,20.3803,12.032
0,-0.1875,0.005,20.2277,12.048
0,-0.185,0.005,20.9662,12.032
0,-0.1825,0.005,20.9174,12.016
0,-0.18,0.005,21.7902,12.032
0,-0.1775,0.005,21.3996,12.048
0,-0.175,0.005,23.3711,12.016
0,-0.1725,0.005,23.4931,12
0,-0.17,0.005,24.9825,12.016
0,-0.1675,0.005,25.8675,12
0,-0.165,0.005,26.2093,12
0,-0.1625,0.005,27.4545,12.032
0,-0.16,0.005,28.6691,12.016
0,-0.1575,0.005,27.9061,11.984
0,-0.155,0.005,29.0109,12
0,-0.1525,0.005,31.3425,11.984
0,-0.15,0.005,31.2204,11.984
0,-0.1475,0.005,32.4656,12
0,-0.145,0.005,33.253,12
0,-0.1425,0.005,34.608,11.984
0,-0.14,0.005,35.9386,11.984
0,-0.1375,0.005,36.7504,11.968
0,-0.135,0.005,38.789,11.984
0,-0.1325,0.005,38.8073,11.968
0,-0.13,0.005,40.315,11.984
0,-0.1275,0.005,42.3048,11.968
0,-0.125,0.005,43.8063,11.952
0,-0.1225,0.005,46.1928,11.968
0,-0.12,0.005,47.615,11.984
0,-0.1175,0.005,48.439,11.968
0,-0.115,0.005,49.4705,11.968
0,-0.1125,0.005,51.2894,11.968
0,-0.11,0.005,53.5661,11.968
0,-0.1075,0.005,54.6709,11.952
0,-0.105,0.005,56.0137,11.968
0,-0.1025,0.005,59.4501,11.968
0,-0.1,0.005,61.3117,11.968
0,-0.0975,0.005,61.7573,11.968
0,-0.095,0.005,63.3259,11.968
0,-0.0925,0.005,65.2791,11.968
0,-0.09,0.005,68.7948,11.968
0,-0.0875,0.005,67.7023,11.984
0,-0.085,0.005,72.0481,11.984
0,-0.0825,0.005,73.983,11.968
0,-0.08,0.005,77.8222,12
0,-0.0775,0.005,78.2556,11.984
0,-0.075,0.005,81.3623,11.968
0,-0.0725,0.005,83.2057,11.984
0,-0.07,0.005,84.6461,11.984
0,-0.0675,0.005,86.4772,11.984
0,-0.065,0.005,90.2432,11.984
0,-0.0625,0.005,92.526,11.968
0,-0.06,0.005,94.5097,11.984
0,-0.0575,0.005,95.2422,11.984
0,-0.055,0.005,100.027,12
0,-0.0525,0.005,100.211,12
0,-0.05,0.005,104.904,12.016
0,-0.0475,0.005,107.01,12
0,-0.045,0.005,112.241,12.016
0,-0.0425,0.005,111.429,12
0,-0.04,0.005,114.786,12
0,-0.0375,0.005,117.997,12
0,-0.035,0.005,121.567,12
0,-0.0325,0.005,122.141,12.016
0,-0.03,0.005,126.371,12.016
0,-0.0275,0.005,128.782,12
0,-0.025,0.005,133.28,12
0,-0.0225,0.005,135.569,12
0,-0.02,0.005,138.231,12.016
0,-0.0175,0.005,141.52,12.016
0,-0.015,0.005,143.51,12.016
0,-0.0125,0.005,146.141,12
0,-0.01,0.005,147.233,12.016
0,-0.0075,0.005,150.877,12.016
0,-0.005,0.005,152.367,12.032
0,-0.0025,0.005,153.124,12.032
0,0,0.005,154.405,12.016
0,0.0025,0.005,155.699,12.032
0,0.005,0.005,153.935,12.016
0,0.0075,0.005,153.813,12.032
0,0.01,0.005,152.489,12.032
0,0.0125,0.005,151.677,12.032
0,0.015,0.005,149.449,12.016
0,0.0175,0.005,147.264,12.032
0,0.02,0.005,145.189,12.032
0,0.0225,0.005,143.974,12.032
0,0.025,0.005,140.062,12.032
0,0.0275,0.005,136.729,12.048
0,0.03,0.005,133.879,12.048
0,0.0325,0.005,130.485,12.048
0,0.035,0.005,126.06,12.032
0,0.0375,0.005,125.26,12.048
0,0.04,0.005,121.964,12.032
0,0.0425,0.005,117.777,12.048
0,0.045,0.005,115.781,12.048
0,0.0475,0.005,114.573,12.032
0,0.05,0.005,110.99,12.048
0,0.0525,0.005,108.036,12.048
0,0.055,0.005,106.302,12.048
0,0.0575,0.005,102.689,12.032
0,0.06,0.005,101.144,12.048
0,0.0625,0.005,97.4517,12.032
0,0.065,0.005,93.7956,12.048
0,0.0675,0.005,89.9503,12.048
0,0.07,0.005,90.701,12.048
0,0.0725,0.005,88.0215,12.032
0,0.075,0.005,85.8547,12.048
0,0.0775,0.005,83.0897,12.048
0,0.08,0.005,81.5516,12.032
0,0.0825,0.005,78.7927,12.048
0,0.085,0.005,77.3522,12.032
0,0.0875,0.005,74.8192,12.048
0,0.09,0.005,74.0318,12.048
0,0.0925,0.005,69.8569,12.048
0,0.095,0.005,68.7704,12.048
0,0.0975,0.005,66.5609,12.064
0,0.1,0.005,64.9312,12.048
0,0.1025,0.005,62.1662,12.064
0,0.105,0.005,61.3971,12.048
0,0.1075,0.005,59.0777,12.048
0,0.11,0.005,57.7166,12.064
0,0.1125,0.005,55.623,12.08
0,0.115,0.005,53.4806,12.064
0,0.1175,0.005,52.4979,12.08
0,0.12,0.005,49.7208,12.08
0,0.1225,0.005,47.9324,12.08
0,0.125,0.005,48.3901,12.08
0,0.1275,0.005,46.4125,12.08
0,0.13,0.005,45.5153,12.08
0,0.1325,0.005,42.4635,12.112
0,0.135,0.005,41.3221,12.08
0,0.1375,0.005,39.0759,12.096
0,0.14,0.005,39.4665,12.128
0,0.1425,0.005,38.7036,12.112
0,0.145,0.005,36.7382,12.112
0,0.1475,0.005,36.2072,12.128
0,0.15,0.005,35.1878,12.096
0,0.1525,0.005,34.5103,12.128
0,0.155,0.005,32.5877,12.128
0,0.1575,0.005,32.0627,12.128
0,0.16,0.005,29.9692,12.112
0,0.1625,0.005,29.6213,12.16
0,0.165,0.005,28.7057,12.128
0,0.1675,0.005,28.6081,12.144
0,0.17,0.005,27.2774,12.128
0,0.1725,0.005,26.3863,12.16
0,0.175,0.005,25.6722,12.144
0,0.1775,0.005,25.2327,12.16
0,0.18,0.005,23.2917,12.176
0,0.1825,0.005,22.6264,12.176
0,0.185,0.005,22.132,12.16
0,0.1875,0.005,22.1809,12.176
0,0.19,0.005,21.4362,12.208
0,0.1925,0.005,20.5206,12.192
0,0.195,0.005,19.7699,12.208
0,0.1975,0.005,18.2012,12.224
0,0.2,0.005,18.8482,12.224
0,-0.2,0.0075,18.0242,12.048
0,-0.1975,0.0075,17.3223,12.048
0,-0.195,0.0075,19.129,12
0,-0.1925,0.0075,19.3365,12.016
0,-0.19,0.0075,18.7628,12.016
0,-0.1875,0.0075,20.2948,12.016
0,-0.185,0.0075,20.9113,12.016
0,-0.1825,0.0075,21.6987,12.016
0,-0.18,0.0075,22.0588,12
0,-0.1775,0.0075,22.2053,12.016
0,-0.175,0.0075,23.6763,12.016
0,-0.1725,0.0075,23.9631,12
0,-0.17,0.0075,24.427,12.016
0,-0.1675,0.0075,25.721,12.032
0,-0.165,0.0075,25.8858,12
0,-0.1625,0.0075,27.5033,12.016
0,-0.16,0.0075,27.5277,11.984
0,-0.1575,0.0075,28.5531,12
0,-0.155,0.0075,29.3466,11.984
0,-0.1525,0.0075,30.1523,12
0,-0.15,0.0075,31.251,11.984
0,-0.1475,0.0075,33.4117,12
0,-0.145,0.0075,33.4056,11.968
0,-0.1425,0.0075,35.0719,11.968
0,-0.14,0.0075,36.3475,11.968
0,-0.1375,0.0075,36.3659,11.968
0,-0.135,0.0075,37.9528,11.984
0,-0.1325,0.0075,40.5652,11.984
0,-0.13,0.0075,40.5347,11.968
0,-0.1275,0.0075,43.0006,11.968
0,-0.125,0.0075,44.7584,11.968
0,-0.1225,0.0075,44.6791,11.968
0,-0.12,0.0075,46.1318,11.968
0,-0.1175,0.0075,47.7615,11.952
0,-0.115,0.0075,49.556,11.952
0,-0.1125,0.0075,52.1012,11.968
0,-0.11,0.0075,51.4115,11.968
0,-0.1075,0.0075,54.1948,11.968
0,-0.105,0.0075,56.5142,11.952
0,-0.1025,0.0075,57.3443,11.952
0,-0.1,0.0075,60.3107,11.968
0,-0.0975,0.0075,61.0614,11.968
0,-0.095,0.0075,63.5578,11.968
0,-0.0925,0.0075,65.8956,11.968
0,-0.09,0.0075,69.5456,11.984
0,-0.0875,0.0075,70.278,11.968
0,-0.085,0.0075,72.1702,11.968
0,-0.0825,0.0075,72.1519,11.952
0,-0.08,0.0075,76.4,11.968
0,-0.0775,0.0075,78.1823,11.984
0,-0.075,0.0075,79.5557,11.984
0,-0.0725,0.0075,82.6746,11.984
0,-0.07,0.0075,84.5729,11.968
0,-0.0675,0.0075,87.4599,11.984
0,-0.065,0.0075,88.76,11.984
0,-0.0625,0.0075,90.3592,11.984
0,-0.06,0.0075,93.1181,11.984
0,-0.0575,0.0075,96.7193,11.984
0,-0.055,0.0075,97.7691,12
0,-0.0525,0.0075,102.64,12
0,-0.05,0.0075,103.153,12
0,-0.0475,0.0075,106.473,11.984
0,-0.045,0.0075,108.658,12
0,-0.0425,0.0075,111.38,12
0,-0.04,0.0075,114.054,12
0,-0.0375,0.0075,117.869,12
0,-0.035,0.0075,122.117,12
0,-0.0325,0.0075,122.764,11.984
0,-0.03,0.0075,125.694,11.984
0,-0.0275,0.0075,127.75,11.984
0,-0.025,0.0075,134.397,12
0,-0.0225,0.0075,134.532,12
0,-0.02,0.0075,137.077,12
0,-0.0175,0.0075,139.561,12
0,-0.015,0.0075,142.894,12
0,-0.0125,0.0075,145.787,12.016
0,-0.01,0.0075,146.44,12.016
0,-0.0075,0.0075,149.486,12
0,-0.005,0.0075,152.037,12.032
0,-0.0025,0.0075,152.458,12.032
0,0,0.0075,152.068,12.016
0,0.0025,0.0075,153.191,12.032
0,0.005,0.0075,152.037,12.048
0,0.0075,0.0075,152.434,12.032
0,0.01,0.0075,150.969,12.016
0,0.0125,0.0075,150.011,12.048
0,0.015,0.0075,148.039,12.032
0,0.0175,0.0075,146.471,12.032
0,0.02,0.0075,142.863,12.032
0,0.0225,0.0075,140.434,12.032
0,0.025,0.0075,139.396,12.032
0,0.0275,0.0075,135.844,12.032
0,0.03,0.0075,132.298,12.032
0,0.0325,0.0075,129.868,12.016
0,0.035,0.0075,126.975,12.032
0,0.0375,0.0075,124.949,12.032
0,0.04,0.0075,122.385,12.048
0,0.0425,0.0075,116.739,12.048
0,0.045,0.0075,115.085,12.048
0,0.0475,0.0075,112.656,12.032
0,0.05,0.0075,110.733,12.048
0,0.0525,0.0075,107.749,12.032
0,0.055,0.0075,106.107,12.048
0,0.0575,0.0075,101.657,12.032
0,0.06,0.0075,99.6063,12.032
0,0.0625,0.0075,97.3052,12.032
0,0.065,0.0075,94.1008,12.032
0,0.0675,0.0075,92.4528,12.032
0,0.07,0.0075,91.171,12.048
0,0.0725,0.0075,86.7275,12.016
0,0.075,0.0075,83.3216,12.048
0,0.0775,0.0075,83.0897,12.048
0,0.08,0.0075,81.2525,12.048
0,0.0825,0.0075,79.3725,12.048
0,0.085,0.0075,76.4245,12.032
0,0.0875,0.0075,74.4774,12.032
0,0.09,0.0075,72.3228,12.048
0,0.0925,0.0075,71.5842,12.048
0,0.095,0.0075,68.7582,12.048
0,0.0975,0.0075,67.4459,12.048
0,0.1,0.0075,64.8946,12.048
0,0.1025,0.0075,62.5996,12.048
0,0.105,0.0075,61.4704,12.048
0,0.1075,0.0075,60.1093,12.08
0,0.11,0.0075,57.0269,12.064
0,0.1125,0.0075,54.6831,12.064
0,0.115,0.0075,54.1581,12.064
0,0.1175,0.0075,54.677,12.08
0,0.12,0.0075,48.8662,12.08
0,0.1225,0.0075,48.1033,12.08
0,0.125,0.0075,47.1267,12.08
0,0.1275,0.0075,46.1196,12.08
0,0.13,0.0075,44.9965,12.096
0,0.1325,0.0075,42.5489,12.096
0,0.135,0.0075,41.5418,12.096
0,0.1375,0.0075,39.4116,12.112
0,0.14,0.0075,40.1074,12.096
0,0.1425,0.0075,38.0627,12.112
0,0.145,0.0075,36.6039,12.128
0,0.1475,0.0075,35.5846,12.112
0,0.15,0.0075,33.5093,12.128
0,0.1525,0.0075,34.3211,12.112
0,0.155,0.0075,31.251,12.128
0,0.1575,0.0075,30.2988,12.144
0,0.16,0.0075,29.9753,12.128
0,0.1625,0.0075,29.6823,12.128
0,0.165,0.0075,29.4137,12.144
0,0.1675,0.0075,26.545,12.16
0,0.17,0.0075,26.8319,12.16
0,0.1725,0.0075,25.9346,12.16
0,0.175,0.0075,25.2327,12.16
0,0.1775,0.0075,24.6712,12.176
0,0.18,0.0075,24.659,12.176
0,0.1825,0.0075,22.8156,12.176
0,0.185,0.0075,22.0099,12.192
0,0.1875,0.0075,21.9184,12.176
0,0.19,0.0075,20.777,12.176
0,0.1925,0.0075,20.191,12.224
0,0.195,0.0075,19.4647,12.224
0,0.1975,0.0075,18.8971,12.224
0,0.2,0.0075,19.2999,12.208
0,-0.2,0.01,18.0059,12.016
0,-0.1975,0.01,18.2379,12
0,-0.195,0.01,18.6102,12
0,-0.1925,0.01,19.0924,12.016
0,-0.19,0.01,20.1849,12
0,-0.1875,0.01,21.1737,12.016
0,-0.185,0.01,20.4596,12.016
0,-0.1825,0.01,20.893,12.016
0,-0.18,0.01,22.9499,12
0,-0.1775,0.01,22.4189,12
0,-0.175,0.01,23.9753,12
0,-0.1725,0.01,24.6162,11.984
0,-0.17,0.01,24.5552,12.016
0,-0.1675,0.01,25.3548,12
0,-0.165,0.01,26.8075,11.984
0,-0.1625,0.01,27.546,12
0,-0.16,0.01,27.7657,12
0,-0.1575,0.01,29.9203,12
0,-0.155,0.01,29.3405,11.984
0,-0.1525,0.01,30.3537,11.984
0,-0.15,0.01,31.843,11.984
0,-0.1475,0.01,32.6731,11.968
0,-0.145,0.01,34.1502,11.984
0,-0.1425,0.01,35.3954,11.952
0,-0.14,0.01,37.2997,11.968
0,-0.1375,0.01,37.4157,11.968
0,-0.135,0.01,39.491,11.984
0,-0.1325,0.01,40.6079,11.968
0,-0.13,0.01,40.3455,11.952
0,-0.1275,0.01,42.1033,11.952
0,-0.125,0.01,42.7808,11.968
0,-0.1225,0.01,44.5265,11.984
0,-0.12,0.01,47.2793,11.952
0,-0.1175,0.01,47.4868,11.952
0,-0.115,0.01,50.2518,11.952
0,-0.1125,0.01,51.6556,11.952
0,-0.11,0.01,53.6271,11.952
0,-0.1075,0.01,54.4084,11.968
0,-0.105,0.01,57.4664,11.968
0,-0.1025,0.01,57.8936,11.952
0,-0.1,0.01,59.3463,11.952
0,-0.0975,0.01,61.3666,11.952
0,-0.095,0.01,63.0329,11.952
0,-0.0925,0.01,66.9759,11.952
0,-0.09,0.01,67.3971,11.952
0,-0.0875,0.01,70.2292,11.968
0,-0.085,0.01,72.9637,11.952
0,-0.0825,0.01,74.3675,11.984
0,-0.08,0.01,75.7897,11.968
0,-0.0775,0.01,77.4926,11.968
0,-0.075,0.01,80.3369,11.968
0,-0.0725,0.01,83.8099,11.968
0,-0.07,0.01,84.8109,11.984
0,-0.0675,0.01,86.0134,11.984
0,-0.065,0.01,89.2239,11.968
0,-0.0625,0.01,90.9207,11.968
0,-0.06,0.01,93.643,11.984
0,-0.0575,0.01,96.2432,11.984
0,-0.055,0.01,99.6124,11.984
0,-0.0525,0.01,98.88,11.984
0,-0.05,0.01,103.409,11.984
0,-0.0475,0.01,107.45,11.984
0,-0.045,0.01,107.779,12
0,-0.0425,0.01,113.669,12
0,-0.04,0.01,116.605,12
0,-0.0375,0.01,115.421,12
0,-0.035,0.01,121,12
0,-0.0325,0.01,121.891,12.016
0,-0.03,0.01,126.408,12
0,-0.0275,0.01,128.251,11.984
0,-0.025,0.01,130.949,12
0,-0.0225,0.01,135.728,12
0,-0.02,0.01,138.639,12
0,-0.0175,0.01,141.313,12.016
0,-0.015,0.01,142.796,12
0,-0.0125,0.01,145.506,12
0,-0.01,0.01,147.02,12
0,-0.0075,0.01,149.278,12
0,-0.005,0.01,149.736,12.016
0,-0.0025,0.01,151.378,12.016
0,0,0.01,152.306,12.016
0,0.0025,0.01,151.708,12.016
0,0.005,0.01,153.172,12.016
0,0.0075,0.01,151.353,12.016
0,0.01,0.01,150.255,12.016
0,0.0125,0.01,148.357,12.016
0,0.015,0.01,147.642,12.032
0,0.0175,0.01,144.304,12.032
0,0.02,0.01,141.96,12.032
0,0.0225,0.01,141.234,12.016
0,0.025,0.01,138.707,12.032
0,0.0275,0.01,135.466,12.032
0,0.03,0.01,132.078,12.048
0,0.0325,0.01,130.43,12.032
0,0.035,0.01,126.603,12.016
0,0.0375,0.01,124.155,12.016
0,0.04,0.01,119.376,12.032
0,0.0425,0.01,118.955,12.032
0,0.045,0.01,116.483,12.032
0,0.0475,0.01,110.923,12.048
0,0.05,0.01,110.373,12.032
0,0.0525,0.01,106.668,12.032
0,0.055,0.01,105.344,12.032
0,0.0575,0.01,100.809,12.032
0,0.06,0.01,98.0193,12.032
0,0.0625,0.01,96.878,12.032
0,0.065,0.01,96.4568,12.032
0,0.0675,0.01,91.7997,12.032
0,0.07,0.01,89.816,12.032
0,0.0725,0.01,86.9106,12.032
0,0.075,0.01,85.1588,12.032
0,0.0775,0.01,84.0541,12.032
0,0.08,0.01,80.3064,12.032
0,0.0825,0.01,79.0429,12.032
0,0.085,0.01,76.4,12.032
0,0.0875,0.01,73.159,12.048
0,0.09,0.01,70.8457,12.048
0,0.0925,0.01,69.7409,12.048
0,0.095,0.01,68.8253,12.032
0,0.0975,0.01,65.8406,12.048
0,0.1,0.01,63.7471,12.048
0,0.1025,0.01,62.7155,12.032
0,0.105,0.01,60.3229,12.032
0,0.1075,0.01,58.15,12.032
0,0.11,0.01,57.8021,12.048
0,0.1125,0.01,53.676,12.08
0,0.115,0.01,53.9018,12.064
0,0.1175,0.01,52.15,12.064
0,0.12,0.01,50.6851,12.064
0,0.1225,0.01,49.6536,12.08
0,0.125,0.01,46.2416,12.096
0,0.1275,0.01,45.735,12.08
0,0.13,0.01,43.8673,12.096
0,0.1325,0.01,43.6293,12.096
0,0.135,0.01,41.0474,12.096
0,0.1375,0.01,39.552,12.08
0,0.14,0.01,38.4411,12.112
0,0.1425,0.01,38.3496,12.112
0,0.145,0.01,37.2082,12.096
0,0.1475,0.01,34.6995,12.112
0,0.15,0.01,34.4981,12.096
0,0.1525,0.01,32.7891,12.112
0,0.155,0.01,31.9895,12.112
0,0.1575,0.01,31.5378,12.112
0,0.16,0.01,30.2927,12.128
0,0.1625,0.01,29.4992,12.128
0,0.165,0.01,28.5043,12.144
0,0.1675,0.01,27.7535,12.144
0,0.17,0.01,26.4779,12.128
0,0.1725,0.01,25.8675,12.144
0,0.175,0.01,23.896,12.144
0,0.1775,0.01,24.7322,12.144
0,0.18,0.01,23.7129,12.16
0,0.1825,0.01,23.6274,12.16
0,0.185,0.01,22.1442,12.16
0,0.1875,0.01,22.4494,12.176
0,0.19,0.01,20.8197,12.192
0,0.1925,0.01,20.0934,12.192
0,0.195,0.01,19.9042,12.176
0,0.1975,0.01,19.6173,12.208
0,0.2,0.01,19.245,12.192
0,-0.2,0.0125,18.4698,12
0,-0.1975,0.0125,18.1829,12.032
0,-0.195,0.0125,18.5003,12
0,-0.1925,0.0125,19.4769,12
0,-0.19,0.0125,19.6966,11.984
0,-0.1875,0.0125,19.7516,12
0,-0.185,0.0125,21.0334,12
0,-0.1825,0.0125,21.6071,12.016
0,-0.18,0.0125,21.9611,11.984
0,-0.1775,0.0125,21.9062,12.016
0,-0.175,0.0125,22.4311,12
0,-0.1725,0.0125,24.0974,12
0,-0.17,0.0125,24.781,11.984
0,-0.1675,0.0125,25.6294,11.984
0,-0.165,0.0125,25.0435,12.016
0,-0.1625,0.0125,29.5602,12
0,-0.16,0.0125,27.9,11.984
0,-0.1575,0.0125,30.3415,12
0,-0.155,0.0125,30.2805,11.984
0,-0.1525,0.0125,30.9091,11.984
0,-0.15,0.0125,31.489,11.968
0,-0.1475,0.0125,33.4056,11.968
0,-0.145,0.0125,33.9183,11.968
0,-0.1425,0.0125,34.0464,11.984
0,-0.14,0.0125,36.2621,11.968
0,-0.1375,0.0125,37.257,11.968
0,-0.135,0.0125,38.9172,11.984
0,-0.1325,0.0125,39.1186,11.952
0,-0.13,0.0125,42.317,11.968
0,-0.1275,0.0125,41.6883,11.952
0,-0.125,0.0125,43.5255,11.952
0,-0.1225,0.0125,45.851,11.952
0,-0.12,0.0125,46.0402,11.936
0,-0.1175,0.0125,50.0687,11.952
0,-0.115,0.0125,50.9232,11.952
0,-0.1125,0.0125,52.1134,11.952
0,-0.11,0.0125,52.6872,11.952
0,-0.1075,0.0125,54.1093,11.952
0,-0.105,0.0125,56.209,11.952
0,-0.1025,0.0125,58.2415,11.952
0,-0.1,0.0125,59.4745,11.952
0,-0.0975,0.0125,61.3483,11.968
0,-0.095,0.0125,63.6921,11.952
0,-0.0925,0.0125,66.451,11.968
0,-0.09,0.0125,68.1356,11.952
0,-0.0875,0.0125,70.0034,11.952
0,-0.085,0.0125,71.7246,11.952
0,-0.0825,0.0125,73.2566,11.968
0,-0.08,0.0125,75.6432,11.968
0,-0.0775,0.0125,80.0745,11.968
0,-0.075,0.0125,79.7205,11.968
0,-0.0725,0.0125,82.6807,11.968
0,-0.07,0.0125,84.0663,11.984
0,-0.0675,0.0125,86.8007,11.968
0,-0.065,0.0125,88.6624,11.984
0,-0.0625,0.0125,91.6532,11.968
0,-0.06,0.0125,94.1313,11.968
0,-0.0575,0.0125,97.7325,11.984
0,-0.055,0.0125,99.7345,11.984
0,-0.0525,0.0125,99.942,11.968
0,-0.05,0.0125,103.854,11.984
0,-0.0475,0.0125,106.705,11.984
0,-0.045,0.0125,106.717,12
0,-0.0425,0.0125,110.978,11.984
0,-0.04,0.0125,113.822,11.984
0,-0.0375,0.0125,117.295,11.984
0,-0.035,0.0125,120.255,12
0,-0.0325,0.0125,121.995,11.984
0,-0.03,0.0125,123.435,11.984
0,-0.0275,0.0125,128.068,12
0,-0.025,0.0125,130.766,11.984
0,-0.0225,0.0125,132.621,12
0,-0.02,0.0125,135.02,12
0,-0.0175,0.0125,139.848,12
0,-0.015,0.0125,142.198,11.984
0,-0.0125,0.0125,146.251,12
0,-0.01,0.0125,146.037,12
0,-0.0075,0.0125,147.874,12
0,-0.005,0.0125,148.619,12.016
0,-0.0025,0.0125,150.298,12.016
0,0,0.0125,150.572,12.016
0,0.0025,0.0125,150.499,12.016
0,0.005,0.0125,149.846,12.016
0,0.0075,0.0125,150.505,12.016
0,0.01,0.0125,150.23,12.016
0,0.0125,0.0125,147.765,12.016
0,0.015,0.0125,146.409,12.016
0,0.0175,0.0125,143.577,12.016
0,0.02,0.0125,142.106,12.016
0,0.0225,0.0125,139.799,12.016
0,0.025,0.0125,137.297,12.016
0,0.0275,0.0125,134.581,12.016
0,0.03,0.0125,129.148,12.032
0,0.0325,0.0125,128.44,12.032
0,0.035,0.0125,126.444,12.032
0,0.0375,0.0125,122.514,12.016
0,0.04,0.0125,120.371,12.032
0,0.0425,0.0125,118.107,12.032
0,0.045,0.0125,115.873,12.032
0,0.0475,0.0125,112.699,12.016
0,0.05,0.0125,109.403,12.032
0,0.0525,0.0125,106.095,12.032
0,0.055,0.0125,105.435,12.032
0,0.0575,0.0125,101.761,12.032
0,0.06,0.0125,97.2503,12.032
0,0.0625,0.0125,96.1394,12.032
0,0.065,0.0125,94.6379,12.016
0,0.0675,0.0125,92.4467,12.032
0,0.07,0.0125,90.0601,12.016
0,0.0725,0.0125,87.4416,12.032
0,0.075,0.0125,84.5729,12.032
0,0.0775,0.0125,82.577,12.016
0,0.08,0.0125,80.3125,12.032
0,0.0825,0.0125,75.6493,12.048
0,0.085,0.0125,76.0826,12.032
0,0.0875,0.0125,74.0501,12.032
0,0.09,0.0125,70.2475,12.048
0,0.0925,0.0125,69.7897,12.032
0,0.095,0.0125,68.0807,12.032
0,0.0975,0.0125,66.4693,12.048
0,0.1,0.0125,62.0441,12.048
0,0.1025,0.0125,62.4531,12.032
0,0.105,0.0125,60.3961,12.032
0,0.1075,0.0125,57.8509,12.048
0,0.11,0.0125,54.8784,12.048
0,0.1125,0.0125,55.0188,12.064
0,0.115,0.0125,52.8581,12.048
0,0.1175,0.0125,50.4959,12.08
0,0.12,0.0125,51.1551,12.064
0,0.1225,0.0125,48.6587,12.064
0,0.125,0.0125,46.3698,12.064
0,0.1275,0.0125,47.7126,12.064
0,0.13,0.0125,45.0331,12.08
0,0.1325,0.0125,42.2071,12.096
0,0.135,0.0125,40.968,12.096
0,0.1375,0.0125,39.9365,12.08
0,0.14,0.0125,39.0698,12.08
0,0.1425,0.0125,38.0261,12.096
0,0.145,0.0125,36.9091,12.112
0,0.1475,0.0125,34.4127,12.128
0,0.15,0.0125,33.5337,12.096
0,0.1525,0.0125,32.551,12.112
0,0.155,0.0125,31.5073,12.112
0,0.1575,0.0125,30.4025,12.128
0,0.16,0.0125,29.4198,12.112
0,0.1625,0.0125,28.8644,12.128
0,0.165,0.0125,28.5836,12.128
0,0.1675,0.0125,26.9478,12.128
0,0.17,0.0125,26.7464,12.144
0,0.1725,0.0125,25.5379,12.144
0,0.175,0.0125,26.1727,12.144
0,0.1775,0.0125,23.0842,12.16
0,0.18,0.0125,23.0171,12.176
0,0.1825,0.0125,23.2734,12.16
0,0.185,0.0125,21.2348,12.192
0,0.1875,0.0125,21.2958,12.192
0,0.19,0.0125,20.8686,12.16
0,0.1925,0.0125,21.2165,12.192
0,0.195,0.0125,19.3609,12.192
0,0.1975,0.0125,19.5624,12.192
0,0.2,0.0125,18.6102,12.208
0,-0.2,0.015,17.835,12
0,-0.1975,0.015,18.1524,12
0,-0.195,0.015,17.8411,12
0,-0.1925,0.015,18.9398,12
0,-0.19,0.015,20.3558,11.984
0,-0.1875,0.015,20.3375,12
0,-0.185,0.015,21.1005,12
0,-0.1825,0.015,21.9794,11.984
0,-0.18,0.015,21.9672,11.984
0,-0.1775,0.015,22.4677,12.016
0,-0.175,0.015,23.1208,12
0,-0.1725,0.015,23.6457,11.984
0,-0.17,0.015,23.1269,12.048
0,-0.1675,0.015,25.8309,11.968
0,-0.165,0.015,26.075,12
0,-0.1625,0.015,27.0455,11.984
0,-0.16,0.015,29.371,11.984
0,-0.1575,0.015,28.7667,11.984
0,-0.155,0.015,29.5053,11.984
0,-0.1525,0.015,31.6477,11.968
0,-0.15,0.015,31.3486,11.984
0,-0.1475,0.015,32.9783,12
0,-0.145,0.015,33.4788,11.952
0,-0.1425,0.015,34.8521,11.952
0,-0.14,0.015,36.2865,11.968
0,-0.1375,0.015,37.3424,11.952
0,-0.135,0.015,38.5754,11.952
0,-0.1325,0.015,40.4187,11.952
0,-0.13,0.015,42.7442,11.968
0,-0.1275,0.015,42.262,11.952
0,-0.125,0.015,43.7147,11.952
0,-0.1225,0.015,45.3566,11.952
0,-0.12,0.015,47.2427,11.936
0,-0.1175,0.015,47.4807,11.952
0,-0.115,0.015,49.5499,11.952
0,-0.1125,0.015,52.8275,11.952
0,-0.11,0.015,51.8571,11.952
0,-0.1075,0.015,54.1826,11.952
0,-0.105,0.015,56.2273,11.936
0,-0.1025,0.015,62.0685,11.968
0,-0.1,0.015,59.3585,11.952
0,-0.0975,0.015,61.5802,11.952
0,-0.095,0.015,62.8437,11.936
0,-0.0925,0.015,65.212,11.952
0,-0.09,0.015,67.037,11.968
0,-0.0875,0.015,69.0146,11.952
0,-0.085,0.015,70.632,11.952
0,-0.0825,0.015,73.281,11.968
0,-0.08,0.015,77.7612,11.968
0,-0.0775,0.015,78.1823,11.968
0,-0.075,0.015,81.399,11.952
0,-0.0725,0.015,80.4834,11.968
0,-0.07,0.015,82.9371,11.952
0,-0.0675,0.015,86.758,11.968
0,-0.065,0.015,89.0225,11.968
0,-0.0625,0.015,90.1761,11.968
0,-0.06,0.015,93.0692,11.984
0,-0.0575,0.015,96.1821,11.968
0,-0.055,0.015,97.6165,11.984
0,-0.0525,0.015,99.8932,11.984
0,-0.05,0.015,102.078,11.968
0,-0.0475,0.015,105.795,11.968
0,-0.045,0.015,107.248,11.984
0,-0.0425,0.015,110.154,11.984
0,-0.04,0.015,114.585,11.984
0,-0.0375,0.015,115.433,11.984
0,-0.035,0.015,117.679,11.968
0,-0.0325,0.015,121.097,11.984
0,-0.03,0.015,123.771,11.984
0,-0.0275,0.015,129.612,12
0,-0.025,0.015,130.149,12
0,-0.0225,0.015,131.651,11.984
0,-0.02,0.015,136.302,12
0,-0.0175,0.015,137.437,12
0,-0.015,0.015,139.702,12
0,-0.0125,0.015,144.108,12
0,-0.01,0.015,144.053,12
0,-0.0075,0.015,146.66,12.016
0,-0.005,0.015,146.727,11.984
0,-0.0025,0.015,148.057,12
0,0,0.015,148.613,12
0,0.0025,0.015,149.742,12.016
0,0.005,0.015,147.893,12
0,0.0075,0.015,149.413,12.016
0,0.01,0.015,145.201,12.016
0,0.0125,0.015,144.56,12.016
0,0.015,0.015,144.884,12.032
0,0.0175,0.015,142.546,12.016
0,0.02,0.015,138.725,12.032
0,0.0225,0.015,138.438,12.032
0,0.025,0.015,132.719,12.032
0,0.0275,0.015,133.067,12.032
0,0.03,0.015,130.082,12.016
0,0.0325,0.015,126.988,12.032
0,0.035,0.015,124.961,12.032
0,0.0375,0.015,124.479,12.032
0,0.04,0.015,118.766,12.032
0,0.0425,0.015,117.197,12.016
0,0.045,0.015,114.188,12.032
0,0.0475,0.015,109.732,12.032
0,0.05,0.015,106.577,12.032
0,0.0525,0.015,104.862,12.032
0,0.055,0.015,103.708,12.016
0,0.0575,0.015,101.84,12.016
0,0.06,0.015,98.2513,12.016
0,0.0625,0.015,95.1933,12.016
0,0.065,0.015,93.7712,12.016
0,0.0675,0.015,90.2738,12.016
0,0.07,0.015,89.8099,12.016
0,0.0725,0.015,85.9279,12.016
0,0.075,0.015,84.3776,12.016
0,0.0775,0.015,83.0653,12.016
0,0.08,0.015,80.1172,12.032
0,0.0825,0.015,79.0429,12.032
0,0.085,0.015,74.5262,12.032
0,0.0875,0.015,72.8172,12.032
0,0.09,0.015,71.4743,12.032
0,0.0925,0.015,70.04,12.032
0,0.095,0.015,67.1224,12.048
0,0.0975,0.015,65.7796,12.032
0,0.1,0.015,63.7837,12.032
0,0.1025,0.015,59.6454,12.048
0,0.105,0.015,60.1642,12.032
0,0.1075,0.015,57.0269,12.048
0,0.11,0.015,55.8184,12.048
0,0.1125,0.015,54.9333,12.048
0,0.115,0.015,52.5285,12.048
0,0.1175,0.015,50.8194,12.064
0,0.12,0.015,49.7574,12.08
0,0.1225,0.015,48.4329,12.08
0,0.125,0.015,47.5784,12.08
0,0.1275,0.015,46.3088,12.064
0,0.13,0.015,43.5194,12.08
0,0.1325,0.015,42.848,12.08
0,0.135,0.015,39.906,12.064
0,0.1375,0.015,40.1746,12.096
0,0.14,0.015,38.5144,12.08
0,0.1425,0.015,37.1654,12.112
0,0.145,0.015,35.8592,12.096
0,0.1475,0.015,34.7423,12.096
0,0.15,0.015,34.5836,12.112
0,0.1525,0.015,34.2479,12.128
0,0.155,0.015,31.7148,12.112
0,0.1575,0.015,31.2021,12.112
0,0.16,0.015,29.9081,12.112
0,0.1625,0.015,29.078,12.144
0,0.165,0.015,27.955,12.128
0,0.1675,0.015,28.193,12.128
0,0.17,0.015,25.7759,12.16
0,0.1725,0.015,25.9957,12.144
0,0.175,0.015,24.5308,12.144
0,0.1775,0.015,23.9143,12.144
0,0.18,0.015,22.5288,12.16
0,0.1825,0.015,22.9743,12.16
0,0.185,0.015,21.9672,12.176
0,0.1875,0.015,22.0038,12.16
0,0.19,0.015,19.7089,12.192
0,0.1925,0.015,21.247,12.208
0,0.195,0.015,20.1483,12.192
0,0.1975,0.015,18.952,12.192
0,0.2,0.015,18.4332,12.192
0,-0.2,0.0175,18.7506,12
0,-0.1975,0.0175,17.8411,11.984
0,-0.195,0.0175,18.6163,12.016
0,-0.1925,0.0175,18.8482,12
0,-0.19,0.0175,20.6793,12.016
0,-0.1875,0.0175,20.0385,12
0,-0.185,0.0175,20.8502,12
0,-0.1825,0.0175,21.0639,12
0,-0.18,0.0175,21.601,11.984
0,-0.1775,0.0175,24.3416,11.984
0,-0.175,0.0175,23.3955,11.984
0,-0.1725,0.0175,25.1045,11.984
0,-0.17,0.0175,24.3843,11.984
0,-0.1675,0.0175,24.8665,11.968
0,-0.165,0.0175,26.0994,12
0,-0.1625,0.0175,26.7159,11.984
0,-0.16,0.0175,27.2835,12.016
0,-0.1575,0.0175,30.3659,12
0,-0.155,0.0175,30.0546,11.984
0,-0.1525,0.0175,31.2693,11.968
0,-0.15,0.0175,31.0068,11.968
0,-0.1475,0.0175,33.4544,11.968
0,-0.145,0.0175,34.3822,11.968
0,-0.1425,0.0175,34.7972,11.968
0,-0.14,0.0175,37.7453,11.968
0,-0.1375,0.0175,37.1654,11.968
0,-0.135,0.0175,39.1369,11.952
0,-0.1325,0.0175,40.3882,11.952
0,-0.13,0.0175,41.1817,11.952
0,-0.1275,0.0175,41.6822,11.952
0,-0.125,0.0175,43.849,11.952
0,-0.1225,0.0175,44.9232,11.952
0,-0.12,0.0175,46.5102,11.936
0,-0.1175,0.0175,48.1582,11.952
0,-0.115,0.0175,49.556,11.936
0,-0.1125,0.0175,51.6495,11.952
0,-0.11,0.0175,52.15,11.952
0,-0.1075,0.0175,55.8977,11.936
0,-0.105,0.0175,56.093,11.936
0,-0.1025,0.0175,57.7776,11.936
0,-0.1,0.0175,59.9628,11.952
0,-0.0975,0.0175,60.9333,11.952
0,-0.095,0.0175,63.3076,11.968
0,-0.0925,0.0175,64.8701,11.936
0,-0.09,0.0175,66.7806,11.952
0,-0.0875,0.0175,68.8192,11.952
0,-0.085,0.0175,72.6646,11.952
0,-0.0825,0.0175,73.2688,11.968
0,-0.08,0.0175,75.2403,11.952
0,-0.0775,0.0175,77.401,11.952
0,-0.075,0.0175,80.1904,11.952
0,-0.0725,0.0175,80.7154,11.968
0,-0.07,0.0175,84.4874,11.952
0,-0.0675,0.0175,86.4345,11.984
0,-0.065,0.0175,88.2595,11.952
0,-0.0625,0.0175,90.5362,11.968
0,-0.06,0.0175,94.644,11.984
0,-0.0575,0.0175,94.7722,11.968
0,-0.055,0.0175,97.7264,11.968
0,-0.0525,0.0175,100.314,11.968
0,-0.05,0.0175,101.425,11.968
0,-0.0475,0.0175,105.136,11.968
0,-0.045,0.0175,105.985,11.984
0,-0.0425,0.0175,110.105,11.984
0,-0.04,0.0175,114.139,11.984
0,-0.0375,0.0175,114.316,11.984
0,-0.035,0.0175,120.304,12
0,-0.0325,0.0175,118.973,11.984
0,-0.03,0.0175,124.229,11.984
0,-0.0275,0.0175,125.163,11.984
0,-0.025,0.0175,128.068,11.984
0,-0.0225,0.0175,130.625,11.984
0,-0.02,0.0175,133.5,11.984
0,-0.0175,0.0175,138.121,12
0,-0.015,0.0175,137.651,11.984
0,-0.0125,0.0175,139.39,12
0,-0.01,0.0175,141.588,12
0,-0.0075,0.0175,143.98,12
0,-0.005,0.0175,144.786,12
0,-0.0025,0.0175,147.203,12
0,0,0.0175,146.916,12
0,0.0025,0.0175,146.886,12
0,0.005,0.0175,146.806,12
0,0.0075,0.0175,146.519,12
0,0.01,0.0175,144.951,12
0,0.0125,0.0175,143.59,12.016
0,0.015,0.0175,141.905,12
0,0.0175,0.0175,140.458,12.016
0,0.02,0.0175,136.65,12.032
0,0.0225,0.0175,135.868,12.032
0,0.025,0.0175,133.872,12.016
0,0.0275,0.0175,131.217,12
0,0.03,0.0175,128.404,12.016
0,0.0325,0.0175,126.463,12.016
0,0.035,0.0175,124.503,12.016
0,0.0375,0.0175,120.389,12.016
0,0.04,0.0175,117.502,12.016
0,0.0425,0.0175,115.354,12.032
0,0.045,0.0175,111.576,12.016
0,0.0475,0.0175,110.623,12.032
0,0.05,0.0175,106.43,12.032
0,0.0525,0.0175,106.174,12.016
0,0.055,0.0175,103.122,12.016
0,0.0575,0.0175,101.242,12.016
0,0.06,0.0175,95.4924,12.032
0,0.0625,0.0175,96.1089,12.032
0,0.065,0.0175,92.3917,12.016
0,0.0675,0.0175,89.9869,12.032
0,0.07,0.0175,87.6919,12.016
0,0.0725,0.0175,86.2392,12.016
0,0.075,0.0175,84.6339,12.016
0,0.0775,0.0175,81.2769,12.016
0,0.08,0.0175,78.9148,12.016
0,0.0825,0.0175,76.8944,12.016
0,0.085,0.0175,76.1681,12.016
0,0.0875,0.0175,72.9942,12.032
0,0.09,0.0175,69.1244,12.032
0,0.0925,0.0175,69.3625,12.016
0,0.095,0.0175,67.6168,12.016
0,0.0975,0.0175,63.7898,12.032
0,0.1,0.0175,63.8813,12.032
0,0.1025,0.0175,60.921,12.048
0,0.105,0.0175,59.3158,12.032
0,0.1075,0.0175,58.1805,12.032
0,0.11,0.0175,56.7034,12.048
0,0.1125,0.0175,54.677,12.048
0,0.115,0.0175,53.3036,12.064
0,0.1175,0.0175,51.2833,12.064
0,0.12,0.0175,52.0524,12.064
0,0.1225,0.0175,48.3535,12.064
0,0.125,0.0175,46.4125,12.064
0,0.1275,0.0175,46.0158,12.064
0,0.13,0.0175,44.4716,12.064
0,0.1325,0.0175,42.1705,12.064
0,0.135,0.0175,41.1512,12.08
0,0.1375,0.0175,39.4299,12.096
0,0.14,0.0175,38.4899,12.096
0,0.1425,0.0175,37.141,12.064
0,0.145,0.0175,35.7189,12.08
0,0.1475,0.0175,34.6751,12.112
0,0.15,0.0175,32.4595,12.112
0,0.1525,0.0175,32.6426,12.096
0,0.155,0.0175,31.4035,12.112
0,0.1575,0.0175,31.3913,12.096
0,0.16,0.0175,30.7016,12.128
0,0.1625,0.0175,29.9387,12.112
0,0.165,0.0175,27.7963,12.128
0,0.1675,0.0175,25.898,12.144
0,0.17,0.0175,26.8258,12.128
0,0.1725,0.0175,24.9947,12.128
0,0.175,0.0175,23.8655,12.16
0,0.1775,0.0175,23.6518,12.144
0,0.18,0.0175,25.1656,12.144
0,0.1825,0.0175,22.7302,12.16
0,0.185,0.0175,22.3151,12.16
0,0.1875,0.0175,20.8686,12.192
0,0.19,0.0175,21.1676,12.176
0,0.1925,0.0175,19.7577,12.16
0,0.195,0.0175,19.8981,12.208
0,0.1975,0.0175,19.1839,12.208
0,0.2,0.0175,18.0425,12.192
0,-0.2,0.02,17.542,11.968
0,-0.1975,0.02,19.2511,12
0,-0.195,0.02,18.5675,11.984
0,-0.1925,0.02,19.0497,11.984
0,-0.19,0.02,20.3986,11.984
0,-0.1875,0.02,20.9174,11.984
0,-0.185,0.02,21.0334,12.016
0,-0.1825,0.02,20.5512,12
0,-0.18,0.02,22.2846,11.984
0,-0.1775,0.02,22.7058,12
0,-0.175,0.02,23.8411,12
0,-0.1725,0.02,24.5247,11.984
0,-0.17,0.02,25.0984,11.984
0,-0.1675,0.02,25.3121,12.016
0,-0.165,0.02,26.5938,11.984
0,-0.1625,0.02,26.4595,11.984
0,-0.16,0.02,28.3151,11.968
0,-0.1575,0.02,29.8654,11.952
0,-0.155,0.02,29.0841,11.952
0,-0.1525,0.02,30.4147,11.968
0,-0.15,0.02,32.3435,11.968
0,-0.1475,0.02,32.313,11.968
0,-0.145,0.02,35.0902,11.984
0,-0.1425,0.02,34.8704,11.952
0,-0.14,0.02,35.7189,11.952
0,-0.1375,0.02,37.1471,11.936
0,-0.135,0.02,39.0942,11.936
0,-0.1325,0.02,39.143,11.968
0,-0.13,0.02,40.022,11.968
0,-0.1275,0.02,42.4818,11.936
0,-0.125,0.02,44.3007,11.952
0,-0.1225,0.02,45.1918,11.936
0,-0.12,0.02,47.8042,11.936
0,-0.1175,0.02,48.3352,11.952
0,-0.115,0.02,49.4644,11.936
0,-0.1125,0.02,51.381,11.936
0,-0.11,0.02,52.8092,11.936
0,-0.1075,0.02,54.7746,11.936
0,-0.105,0.02,55.8245,11.936
0,-0.1025,0.02,57.5457,11.952
0,-0.1,0.02,59.6515,11.936
0,-0.0975,0.02,61.6596,11.952
0,-0.095,0.02,62.5813,11.952
0,-0.0925,0.02,64.7664,11.952
0,-0.09,0.02,65.4134,11.936
0,-0.0875,0.02,68.099,11.952
0,-0.085,0.02,70.9861,11.952
0,-0.0825,0.02,72.6341,11.952
0,-0.08,0.02,76.339,11.968
0,-0.0775,0.02,77.3583,11.952
0,-0.075,0.02,78.5119,11.952
0,-0.0725,0.02,81.9544,11.968
0,-0.07,0.02,84.0175,11.968
0,-0.0675,0.02,84.5241,11.968
0,-0.065,0.02,89.1263,11.968
0,-0.0625,0.02,90.9757,11.968
0,-0.06,0.02,91.464,11.968
0,-0.0575,0.02,94.0703,11.968
0,-0.055,0.02,98.6175,11.984
0,-0.0525,0.02,99.2584,11.968
0,-0.05,0.02,101.95,11.968
0,-0.0475,0.02,104.038,11.968
0,-0.045,0.02,105.197,11.984
0,-0.0425,0.02,108.011,11.968
0,-0.04,0.02,111.228,11.968
0,-0.0375,0.02,114.072,11.968
0,-0.035,0.02,118.473,11.984
0,-0.0325,0.02,120.927,11.984
0,-0.03,0.02,122.904,11.968
0,-0.0275,0.02,125.193,11.984
0,-0.025,0.02,127.403,11.984
0,-0.0225,0.02,129.691,11.984
0,-0.02,0.02,131.364,11.984
0,-0.0175,0.02,134.165,11.984
0,-0.015,0.02,135.82,11.984
0,-0.0125,0.02,138.475,11.984
0,-0.01,0.02,140.092,11.984
0,-0.0075,0.02,142.821,12
0,-0.005,0.02,142.21,11.984
0,-0.0025,0.02,143.925,12
0,0,0.02,144.432,12
0,0.0025,0.02,143.718,12
0,0.005,0.02,144.78,12.016
0,0.0075,0.02,143.693,12
0,0.01,0.02,142.308,12
0,0.0125,0.02,142.753,12
0,0.015,0.02,140.88,12
0,0.0175,0.02,137.358,12.016
0,0.02,0.02,136.106,12
0,0.0225,0.02,134.043,12.016
0,0.025,0.02,132.713,12
0,0.0275,0.02,129.789,12.016
0,0.03,0.02,127.677,12.016
0,0.0325,0.02,125.37,12.016
0,0.035,0.02,122.416,12
0,0.0375,0.02,121.177,12.032
0,0.04,0.02,117.582,12.032
0,0.0425,0.02,113.926,12.016
0,0.045,0.02,112.827,12
0,0.0475,0.02,110.099,12.016
0,0.05,0.02,107.474,12.016
0,0.0525,0.02,104.77,12.016
0,0.055,0.02,102.457,12.016
0,0.0575,0.02,99.527,12.032
0,0.06,0.02,96.2188,12.016
0,0.0625,0.02,95.0835,12.016
0,0.065,0.02,92.7885,12
0,0.0675,0.02,89.7488,12.016
0,0.07,0.02,87.405,12.016
0,0.0725,0.02,82.6319,12.016
0,0.075,0.02,83.7123,12.016
0,0.0775,0.02,81.0877,12
0,0.08,0.02,77.3461,12.016
0,0.0825,0.02,77.5781,12.016
0,0.085,0.02,75.4051,12
0,0.0875,0.02,73.0613,12.016
0,0.09,0.02,71.4743,12.016
0,0.0925,0.02,68.16,12.016
0,0.095,0.02,67.4886,12.032
0,0.0975,0.02,63.8386,12.032
0,0.1,0.02,63.039,12.032
0,0.1025,0.02,61.7206,12.032
0,0.105,0.02,59.9567,12.032
0,0.1075,0.02,58.8702,12.048
0,0.11,0.02,54.7319,12.048
0,0.1125,0.02,55.092,12.048
0,0.115,0.02,52.3453,12.064
0,0.1175,0.02,49.7696,12.064
0,0.12,0.02,49.7574,12.048
0,0.1225,0.02,47.3952,12.048
0,0.125,0.02,46.6445,12.048
0,0.1275,0.02,45.0819,12.064
0,0.13,0.02,43.7513,12.064
0,0.1325,0.02,42.3353,12.08
0,0.135,0.02,39.3872,12.08
0,0.1375,0.02,39.2224,12.096
0,0.14,0.02,38.6364,12.064
0,0.1425,0.02,38.142,12.096
0,0.145,0.02,36.6405,12.096
0,0.1475,0.02,35.1146,12.096
0,0.15,0.02,33.6009,12.08
0,0.1525,0.02,32.6914,12.096
0,0.155,0.02,32.4717,12.096
0,0.1575,0.02,31.2021,12.112
0,0.16,0.02,29.7617,12.112
0,0.1625,0.02,28.0648,12.112
0,0.165,0.02,28.4249,12.112
0,0.1675,0.02,27.076,12.128
0,0.17,0.02,26.9478,12.144
0,0.1725,0.02,26.2337,12.128
0,0.175,0.02,24.7871,12.128
0,0.1775,0.02,24.5857,12.144
0,0.18,0.02,23.4016,12.144
0,0.1825,0.02,23.5298,12.16
0,0.185,0.02,22.0771,12.16
0,0.1875,0.02,21.3935,12.176
0,0.19,0.02,21.1615,12.176
0,0.1925,0.02,20.5695,12.176
0,0.195,0.02,19.7272,12.192
0,0.1975,0.02,18.9825,12.192
0,0.2,0.02,18.714,12.208
0,-0.2,0.0225,17.7862,11.984
0,-0.1975,0.0225,17.7923,12
0,-0.195,0.0225,18.6102,11.984
0,-0.1925,0.0225,19.3976,11.984
0,-0.19,0.0225,19.9408,12
0,-0.1875,0.0225,19.4952,11.968
0,-0.185,0.0225,21.2043,11.984
0,-0.1825,0.0225,20.838,11.984
0,-0.18,0.0225,22.5166,11.984
0,-0.1775,0.0225,22.4677,11.968
0,-0.175,0.0225,23.2124,11.984
0,-0.1725,0.0225,23.7861,11.984
0,-0.17,0.0225,24.4942,11.968
0,-0.1675,0.0225,25.66,12
0,-0.165,0.0225,26.1238,11.968
0,-0.1625,0.0225,26.7281,11.952
0,-0.16,0.0225,28.1747,11.968
0,-0.1575,0.0225,28.6569,11.968
0,-0.155,0.0225,29.8044,11.968
0,-0.1525,0.0225,30.8908,11.952
0,-0.15,0.0225,31.1472,11.968
0,-0.1475,0.0225,32.0933,11.968
0,-0.145,0.0225,34.9254,11.952
0,-0.1425,0.0225,35.963,11.952
0,-0.14,0.0225,36.0118,11.952
0,-0.1375,0.0225,37.2814,11.968
0,-0.135,0.0225,38.9721,11.952
0,-0.1325,0.0225,40.1929,11.936
0,-0.13,0.0225,41.4502,11.952
0,-0.1275,0.0225,42.2864,11.952
0,-0.125,0.0225,43.318,11.952
0,-0.1225,0.0225,44.9416,11.936
0,-0.12,0.0225,46.26,11.936
0,-0.1175,0.0225,47.383,11.92
0,-0.115,0.0225,48.1155,11.952
0,-0.1125,0.0225,51.9547,11.952
0,-0.11,0.0225,52.4979,11.936
0,-0.1075,0.0225,54.03,11.936
0,-0.105,0.0225,55.8123,11.936
0,-0.1025,0.0225,57.5396,11.936
0,-0.1,0.0225,58.7725,11.936
0,-0.0975,0.0225,60.4633,11.936
0,-0.095,0.0225,63.9119,11.952
0,-0.0925,0.0225,63.6921,11.936
0,-0.09,0.0225,67.8488,11.952
0,-0.0875,0.0225,67.4215,11.952
0,-0.085,0.0225,72.2739,11.952
0,-0.0825,0.0225,72.042,11.936
0,-0.08,0.0225,74.5689,11.968
0,-0.0775,0.0225,76.1254,11.936
0,-0.075,0.0225,79.8975,11.952
0,-0.0725,0.0225,81.3013,11.952
0,-0.07,0.0225,82.5159,11.952
0,-0.0675,0.0225,86.2209,11.968
0,-0.065,0.0225,86.813,11.968
0,-0.0625,0.0225,90.3653,11.952
0,-0.06,0.0225,91.2809,11.952
0,-0.0575,0.0225,94.3083,11.952
0,-0.055,0.0225,95.5046,11.968
0,-0.0525,0.0225,100.406,11.984
0,-0.05,0.0225,99.9786,11.968
0,-0.0475,0.0225,103.085,11.968
0,-0.045,0.0225,105.222,11.968
0,-0.0425,0.0225,106.473,11.968
0,-0.04,0.0225,112.485,11.984
0,-0.0375,0.0225,112.284,11.968
0,-0.035,0.0225,115.39,11.984
0,-0.0325,0.0225,118.699,11.984
0,-0.03,0.0225,121.226,11.984
0,-0.0275,0.0225,122.965,11.984
0,-0.025,0.0225,127.836,11.984
0,-0.0225,0.0225,127.622,11.984
0,-0.02,0.0225,130.931,11.984
0,-0.0175,0.0225,132.06,11.984
0,-0.015,0.0225,134.336,11.984
0,-0.0125,0.0225,136.088,12
0,-0.01,0.0225,137.394,11.984
0,-0.0075,0.0225,139.634,11.984
0,-0.005,0.0225,141.563,11.984
0,-0.0025,0.0225,140.294,12
0,0,0.0225,141.527,12
0,0.0025,0.0225,142.698,12
0,0.005,0.0225,141.789,12
0,0.0075,0.0225,140.916,12
0,0.01,0.0225,140.129,12
0,0.0125,0.0225,138.707,12.016
0,0.015,0.0225,137.895,12
0,0.0175,0.0225,136.747,12.016
0,0.02,0.0225,134.196,12
0,0.0225,0.0225,132.939,12.016
0,0.025,0.0225,128.031,12
0,0.0275,0.0225,128.831,12.016
0,0.03,0.0225,124.424,12.016
0,0.0325,0.0225,120.835,12.016
0,0.035,0.0225,121.708,12
0,0.0375,0.0225,117.679,12.016
0,0.04,0.0225,115.287,12.016
0,0.0425,0.0225,110.825,12.016
0,0.045,0.0225,111.393,12.016
0,0.0475,0.0225,108.078,12.016
0,0.05,0.0225,106.772,12.016
0,0.0525,0.0225,103.659,12.016
0,0.055,0.0225,100.485,12.016
0,0.0575,0.0225,100.07,12.016
0,0.06,0.0225,96.0601,12.016
0,0.0625,0.0225,94.2961,12.016
0,0.065,0.0225,91.7753,12.016
0,0.0675,0.0225,90.1028,12
0,0.07,0.0225,86.6665,12
0,0.0725,0.0225,85.5251,12.016
0,0.075,0.0225,81.9178,12
0,0.0775,0.0225,81.2708,12.016
0,0.08,0.0225,78.3654,12.016
0,0.0825,0.0225,76.8944,12
0,0.085,0.0225,74.9107,12
0,0.0875,0.0225,72.4509,12.016
0,0.09,0.0225,68.3554,12.016
0,0.0925,0.0225,68.8803,12.032
0,0.095,0.0225,66.8661,12.016
0,0.0975,0.0225,65.3523,12.016
0,0.1,0.0225,63.4114,12.016
0,0.1025,0.0225,61.6047,12.032
0,0.105,0.0225,57.1612,12.032
0,0.1075,0.0225,57.0025,12.048
0,0.11,0.0225,56.6057,12.032
0,0.1125,0.0225,54.8723,12.048
0,0.115,0.0225,51.6861,12.064
0,0.1175,0.0225,49.971,12.064
0,0.12,0.0225,47.8103,12.08
0,0.1225,0.0225,47.499,12.048
0,0.125,0.0225,44.557,12.08
0,0.1275,0.0225,44.4594,12.064
0,0.13,0.0225,44.5509,12.08
0,0.1325,0.0225,41.7127,12.08
0,0.135,0.0225,42.5672,12.08
0,0.1375,0.0225,40.022,12.08
0,0.14,0.0225,38.8134,12.096
0,0.1425,0.0225,37.6171,12.096
0,0.145,0.0225,35.1695,12.096
0,0.1475,0.0225,34.7789,12.096
0,0.15,0.0225,33.1431,12.112
0,0.1525,0.0225,32.7525,12.096
0,0.155,0.0225,31.904,12.112
0,0.1575,0.0225,30.6894,12.112
0,0.16,0.0225,30.2438,12.128
0,0.1625,0.0225,28.9132,12.112
0,0.165,0.0225,27.015,12.144
0,0.1675,0.0225,27.3385,12.128
0,0.17,0.0225,26.6427,12.128
0,0.1725,0.0225,25.0008,12.128
0,0.175,0.0225,24.9275,12.112
0,0.1775,0.0225,24.8421,12.144
0,0.18,0.0225,23.6274,12.128
0,0.1825,0.0225,22.5532,12.16
0,0.185,0.0225,22.4555,12.176
0,0.1875,0.0225,20.9479,12.16
0,0.19,0.0225,21.308,12.16
0,0.1925,0.0225,20.7831,12.192
0,0.195,0.0225,20.2338,12.176
0,0.1975,0.0225,18.714,12.176
0,0.2,0.0225,18.1097,12.224
0,-0.2,0.025,17.9144,11.968
0,-0.1975,0.025,17.8167,11.984
0,-0.195,0.025,18.3721,11.968
0,-0.1925,0.025,19.6112,11.984
0,-0.19,0.025,19.6417,11.968
0,-0.1875,0.025,19.7211,11.984
0,-0.185,0.025,20.6427,11.968
0,-0.1825,0.025,21.424,11.968
0,-0.18,0.025,21.3263,12
0,-0.1775,0.025,23.3589,11.968
0,-0.175,0.025,22.3151,11.968
0,-0.1725,0.025,23.8777,11.968
0,-0.17,0.025,24.4514,11.984
0,-0.1675,0.025,25.074,11.968
0,-0.165,0.025,26.722,11.968
0,-0.1625,0.025,26.8075,11.968
0,-0.16,0.025,27.5643,11.984
0,-0.1575,0.025,27.6864,11.968
0,-0.155,0.025,31.1899,11.984
0,-0.1525,0.025,30.8908,11.968
0,-0.15,0.025,32.1421,11.952
0,-0.1475,0.025,32.8562,11.952
0,-0.145,0.025,34.2845,11.952
0,-0.1425,0.025,35.0108,11.952
0,-0.14,0.025,36.317,11.952
0,-0.1375,0.025,38.3862,11.952
0,-0.135,0.025,38.3801,11.952
0,-0.1325,0.025,39.9182,11.952
0,-0.13,0.025,40.2478,11.936
0,-0.1275,0.025,44.1237,11.936
0,-0.125,0.025,42.3292,11.952
0,-0.1225,0.025,44.8317,11.936
0,-0.12,0.025,45.674,11.952
0,-0.1175,0.025,48.9151,11.952
0,-0.115,0.025,50.1968,11.936
0,-0.1125,0.025,51.442,11.936
0,-0.11,0.025,53.3769,11.952
0,-0.1075,0.025,52.8031,11.936
0,-0.105,0.025,55.3972,11.92
0,-0.1025,0.025,57.3809,11.952
0,-0.1,0.025,58.4552,11.936
0,-0.0975,0.025,60.9882,11.952
0,-0.095,0.025,62.7033,11.936
0,-0.0925,0.025,65.5354,11.968
0,-0.09,0.025,66.4693,11.936
0,-0.0875,0.025,69.216,11.952
0,-0.085,0.025,70.9799,11.952
0,-0.0825,0.025,72.805,11.952
0,-0.08,0.025,73.4947,11.952
0,-0.0775,0.025,75.7591,11.936
0,-0.075,0.025,78.4143,11.952
0,-0.0725,0.025,80.0562,11.968
0,-0.07,0.025,82.9737,11.968
0,-0.0675,0.025,84.6644,11.936
0,-0.065,0.025,85.9645,11.952
0,-0.0625,0.025,88.3877,11.968
0,-0.06,0.025,91.1588,11.952
0,-0.0575,0.025,93.527,11.968
0,-0.055,0.025,94.5524,11.968
0,-0.0525,0.025,98.001,11.968
0,-0.05,0.025,99.7833,11.968
0,-0.0475,0.025,103.72,11.984
0,-0.045,0.025,105.002,11.968
0,-0.0425,0.025,106.259,11.968
0,-0.04,0.025,109.171,11.968
0,-0.0375,0.025,110.697,11.968
0,-0.035,0.025,113.45,11.984
0,-0.0325,0.025,118.155,11.984
0,-0.03,0.025,119.199,11.968
0,-0.0275,0.025,120.444,11.968
0,-0.025,0.025,123.508,11.968
0,-0.0225,0.025,125.956,11.984
0,-0.02,0.025,128.275,11.984
0,-0.0175,0.025,130.18,11.984
0,-0.015,0.025,131.925,11.968
0,-0.0125,0.025,133.708,12
0,-0.01,0.025,135.099,11.984
0,-0.0075,0.025,137.12,12
0,-0.005,0.025,137.693,11.984
0,-0.0025,0.025,138.932,12
0,0,0.025,139.396,11.984
0,0.0025,0.025,139.055,12
0,0.005,0.025,138.035,12
0,0.0075,0.025,139.311,12
0,0.01,0.025,138.09,12
0,0.0125,0.025,138.005,12
0,0.015,0.025,135.276,12.016
0,0.0175,0.025,133.561,12.016
0,0.02,0.025,131.639,12
0,0.0225,0.025,130.357,12.016
0,0.025,0.025,127.555,12
0,0.0275,0.025,127.012,12
0,0.03,0.025,123.13,12
0,0.0325,0.025,122.483,12.016
0,0.035,0.025,119.535,12.016
0,0.0375,0.025,116.727,12.016
0,0.04,0.025,112.705,12.016
0,0.0425,0.025,113.846,12.016
0,0.045,0.025,110.526,12.016
0,0.0475,0.025,108.457,12.016
0,0.05,0.025,104.709,12
0,0.0525,0.025,103.537,12
0,0.055,0.025,100.717,12
0,0.0575,0.025,98.2025,12.016
0,0.06,0.025,95.6877,12.016
0,0.0625,0.025,93.4538,12.016
0,0.065,0.025,89.8526,12
0,0.0675,0.025,89.0774,12.016
0,0.07,0.025,87.0754,12
0,0.0725,0.025,83.285,12.016
0,0.075,0.025,82.3023,12
0,0.0775,0.025,80.398,12
0,0.08,0.025,79.0124,12
0,0.0825,0.025,74.9718,12.032
0,0.085,0.025,72.7256,12.032
0,0.0875,0.025,71.7307,12.016
0,0.09,0.025,70.1559,12.032
0,0.0925,0.025,67.1346,12.032
0,0.095,0.025,65.7002,12.032
0,0.0975,0.025,65.0288,12.032
0,0.1,0.025,62.7155,12.032
0,0.1025,0.025,61.1896,12.032
0,0.105,0.025,59.2425,12.032
0,0.1075,0.025,58.1317,12.032
0,0.11,0.025,55.8,12.064
0,0.1125,0.025,53.7431,12.048
0,0.115,0.025,51.2955,12.048
0,0.1175,0.025,50.6058,12.048
0,0.12,0.025,48.7808,12.064
0,0.1225,0.025,47.4685,12.064
0,0.125,0.025,46.4797,12.064
0,0.1275,0.025,45.1064,12.064
0,0.13,0.025,43.7757,12.08
0,0.1325,0.025,41.8104,12.064
0,0.135,0.025,40.2234,12.08
0,0.1375,0.025,38.6975,12.08
0,0.14,0.025,39.7473,12.096
0,0.1425,0.025,36.9762,12.096
0,0.145,0.025,35.8409,12.096
0,0.1475,0.025,35.1451,12.096
0,0.15,0.025,35.1146,12.096
0,0.1525,0.025,32.5205,12.096
0,0.155,0.025,30.6955,12.096
0,0.1575,0.025,29.9936,12.112
0,0.16,0.025,29.7311,12.112
0,0.1625,0.025,28.4371,12.112
0,0.165,0.025,28.3761,12.128
0,0.1675,0.025,26.7464,12.128
0,0.17,0.025,26.3619,12.112
0,0.1725,0.025,24.4819,12.128
0,0.175,0.025,25.3121,12.144
0,0.1775,0.025,24.5979,12.128
0,0.18,0.025,23.0354,12.16
0,0.1825,0.025,22.2724,12.144
0,0.185,0.025,21.6376,12.176
0,0.1875,0.025,21.2165,12.16
0,0.19,0.025,20.5939,12.144
0,0.1925,0.025,19.2633,12.16
0,0.195,0.025,19.6966,12.192
0,0.1975,0.025,20.0812,12.192
0,0.2,0.025,18.8177,12.208
0,-0.2,0.0275,18.8543,11.984
0,-0.1975,0.0275,18.6712,11.952
0,-0.195,0.0275,17.9876,11.952
0,-0.1925,0.0275,18.8543,11.968
0,-0.19,0.0275,19.7699,11.984
0,-0.1875,0.0275,20.2277,11.968
0,-0.185,0.0275,20.423,11.968
0,-0.1825,0.0275,21.3935,11.984
0,-0.18,0.0275,23.7861,12
0,-0.1775,0.0275,22.9682,11.984
0,-0.175,0.0275,23.0659,11.984
0,-0.1725,0.0275,23.4138,11.984
0,-0.17,0.0275,24.9275,11.984
0,-0.1675,0.0275,25.7881,11.968
0,-0.165,0.0275,25.5318,11.984
0,-0.1625,0.0275,27.9061,11.984
0,-0.16,0.0275,27.1371,11.968
0,-0.1575,0.0275,28.7729,11.984
0,-0.155,0.0275,29.2978,11.952
0,-0.1525,0.0275,30.7993,11.968
0,-0.15,0.0275,32.0078,11.968
0,-0.1475,0.0275,33.0882,11.952
0,-0.145,0.0275,32.7891,11.952
0,-0.1425,0.0275,34.5286,11.968
0,-0.14,0.0275,35.1207,11.968
0,-0.1375,0.0275,36.8969,11.952
0,-0.135,0.0275,38.3679,11.968
0,-0.1325,0.0275,40.1929,11.936
0,-0.13,0.0275,40.3821,11.952
0,-0.1275,0.0275,42.2437,11.936
0,-0.125,0.0275,43.6293,11.936
0,-0.1225,0.0275,45.1125,11.936
0,-0.12,0.0275,45.8815,11.936
0,-0.1175,0.0275,47.6943,11.936
0,-0.115,0.0275,49.1775,11.936
0,-0.1125,0.0275,50.0992,11.936
0,-0.11,0.0275,52.5468,11.936
0,-0.1075,0.0275,52.62,11.936
0,-0.105,0.0275,54.4389,11.936
0,-0.1025,0.0275,57.3748,11.952
0,-0.1,0.0275,58.9862,11.936
0,-0.0975,0.0275,60.4633,11.936
0,-0.095,0.0275,61.0797,11.936
0,-0.0925,0.0275,63.863,11.936
0,-0.09,0.0275,65.8406,11.936
0,-0.0875,0.0275,66.9271,11.952
0,-0.085,0.0275,69.8386,11.952
0,-0.0825,0.0275,70.2658,11.936
0,-0.08,0.0275,74.2882,11.936
0,-0.0775,0.0275,75.808,11.952
0,-0.075,0.0275,78.5363,11.952
0,-0.0725,0.0275,79.3359,11.952
0,-0.07,0.0275,80.8741,11.952
0,-0.0675,0.0275,83.7428,11.952
0,-0.065,0.0275,85.7021,11.952
0,-0.0625,0.0275,87.4477,11.952
0,-0.06,0.0275,89.0286,11.968
0,-0.0575,0.0275,91.586,11.968
0,-0.055,0.0275,93.3988,11.968
0,-0.0525,0.0275,98.3734,11.968
0,-0.05,0.0275,98.3428,11.968
0,-0.0475,0.0275,100.461,11.968
0,-0.045,0.0275,103.128,11.968
0,-0.0425,0.0275,104.715,11.968
0,-0.04,0.0275,108.274,11.984
0,-0.0375,0.0275,109.207,11.968
0,-0.035,0.0275,113.181,11.968
0,-0.0325,0.0275,115.946,11.984
0,-0.03,0.0275,116.697,11.968
0,-0.0275,0.0275,120.78,11.984
0,-0.025,0.0275,122.19,11.984
0,-0.0225,0.0275,125.48,11.984
0,-0.02,0.0275,127.354,11.984
0,-0.0175,0.0275,128.227,11.984
0,-0.015,0.0275,128.617,11.984
0,-0.0125,0.0275,131.822,11.984
0,-0.01,0.0275,132.365,11.984
0,-0.0075,0.0275,133.549,11.984
0,-0.005,0.0275,135.673,12
0,-0.0025,0.0275,136.631,11.984
0,0,0.0275,136.857,12
0,0.0025,0.0275,137.107,12
0,0.005,0.0275,136.314,11.984
0,0.0075,0.0275,135.99,12
0,0.01,0.0275,133.476,12.016
0,0.0125,0.0275,133.75,12
0,0.015,0.0275,133.708,12
0,0.0175,0.0275,132.133,12
0,0.02,0.0275,129.264,12
0,0.0225,0.0275,129.081,12
0,0.025,0.0275,126.188,12.016
0,0.0275,0.0275,124.601,12.016
0,0.03,0.0275,123.026,12.016
0,0.0325,0.0275,120.267,12
0,0.035,0.0275,118.082,12.016
0,0.0375,0.0275,116.172,12.016
0,0.04,0.0275,112.04,12.016
0,0.0425,0.0275,112.577,12.016
0,0.045,0.0275,109.195,12.016
0,0.0475,0.0275,106.815,12.016
0,0.05,0.0275,103.177,12.016
0,0.0525,0.0275,102.152,12.016
0,0.055,0.0275,97.7142,12.016
0,0.0575,0.0275,97.2991,12
0,0.06,0.0275,95.2788,12
0,0.0625,0.0275,91.8424,12
0,0.065,0.0275,89.7794,12
0,0.0675,0.0275,88.113,12
0,0.07,0.0275,86.1965,12.016
0,0.0725,0.0275,84.3776,12.016
0,0.075,0.0275,81.9239,12
0,0.0775,0.0275,77.047,12.016
0,0.08,0.0275,77.9565,12
0,0.0825,0.0275,73.3238,12.016
0,0.085,0.0275,75.0816,12
0,0.0875,0.0275,71.7795,12
0,0.09,0.0275,69.8691,12.016
0,0.0925,0.0275,65.096,12.032
0,0.095,0.0275,65.6819,12.032
0,0.0975,0.0275,62.8864,12.016
0,0.1,0.0275,62.5568,12.016
0,0.1025,0.0275,60.9455,12.032
0,0.105,0.0275,57.7837,12.032
0,0.1075,0.0275,57.1673,12.048
0,0.11,0.0275,54.8967,12.048
0,0.1125,0.0275,50.9476,12.064
0,0.115,0.0275,51.7899,12.032
0,0.1175,0.0275,50.856,12.048
0,0.12,0.0275,49.0432,12.064
0,0.1225,0.0275,47.1206,12.064
0,0.125,0.0275,46.4553,12.048
0,0.1275,0.0275,44.0443,12.064
0,0.13,0.0275,43.263,12.064
0,0.1325,0.0275,41.8958,12.08
0,0.135,0.0275,40.315,12.08
0,0.1375,0.0275,39.3689,12.08
0,0.14,0.0275,38.7097,12.08
0,0.1425,0.0275,37.9711,12.096
0,0.145,0.0275,35.1329,12.08
0,0.1475,0.0275,35.0047,12.096
0,0.15,0.0275,33.7718,12.096
0,0.1525,0.0275,33.0271,12.096
0,0.155,0.0275,31.0739,12.112
0,0.1575,0.0275,31.3608,12.112
0,0.16,0.0275,29.8532,12.112
0,0.1625,0.0275,28.4799,12.128
0,0.165,0.0275,28.0221,12.112
0,0.1675,0.0275,27.3568,12.128
0,0.17,0.0275,25.1411,12.144
0,0.1725,0.0275,25.3548,12.144
0,0.175,0.0275,25.2998,12.144
0,0.1775,0.0275,24.3049,12.128
0,0.18,0.0275,23.4626,12.144
0,0.1825,0.0275,22.3884,12.144
0,0.185,0.0275,21.8146,12.16
0,0.1875,0.0275,21.1066,12.144
0,0.19,0.0275,20.1422,12.176
0,0.1925,0.0275,19.8492,12.176
0,0.195,0.0275,19.2999,12.176
0,0.1975,0.0275,18.3966,12.176
0,0.2,0.0275,18.1524,12.192
0,-0.2,0.03,17.6092,11.968
0,-0.1975,0.03,18.3294,11.952
0,-0.195,0.03,18.2073,11.984
0,-0.1925,0.03,19.0374,11.968
0,-0.19,0.03,19.483,11.984
0,-0.1875,0.03,20.3925,11.984
0,-0.185,0.03,20.0568,11.984
0,-0.1825,0.03,20.9906,12
0,-0.18,0.03,21.8574,11.968
0,-0.1775,0.03,21.8207,11.984
0,-0.175,0.03,23.3283,11.984
0,-0.1725,0.03,24.0059,11.984
0,-0.17,0.03,23.603,11.984
0,-0.1675,0.03,23.9937,11.968
0,-0.165,0.03,26.5999,11.952
0,-0.1625,0.03,27.131,11.968
0,-0.16,0.03,27.5582,11.968
0,-0.1575,0.03,29.0048,11.968
0,-0.155,0.03,29.5236,11.968
0,-0.1525,0.03,30.488,11.952
0,-0.15,0.03,31.9407,11.968
0,-0.1475,0.03,32.4534,11.968
0,-0.145,0.03,35.1268,11.968
0,-0.1425,0.03,34.4798,11.968
0,-0.14,0.03,35.7067,11.952
0,-0.1375,0.03,37.9772,11.952
0,-0.135,0.03,37.2753,11.952
0,-0.1325,0.03,40.2783,11.936
0,-0.13,0.03,40.2478,11.936
0,-0.1275,0.03,43.2203,11.952
0,-0.125,0.03,42.0362,11.936
0,-0.1225,0.03,44.2091,11.936
0,-0.12,0.03,45.1186,11.936
0,-0.1175,0.03,47.7371,11.952
0,-0.115,0.03,48.6526,11.936
0,-0.1125,0.03,49.3423,11.952
0,-0.11,0.03,51.3993,11.936
0,-0.1075,0.03,52.8764,11.92
0,-0.105,0.03,54.8173,11.936
0,-0.1025,0.03,57.1429,11.936
0,-0.1,0.03,57.9974,11.936
0,-0.0975,0.03,56.7705,11.936
0,-0.095,0.03,62.3127,11.952
0,-0.0925,0.03,62.2089,11.936
0,-0.09,0.03,63.9241,11.952
0,-0.0875,0.03,69.0451,11.968
0,-0.085,0.03,69.5334,11.952
0,-0.0825,0.03,68.8253,11.936
0,-0.08,0.03,72.4204,11.952
0,-0.0775,0.03,75.9484,11.968
0,-0.075,0.03,76.1376,11.952
0,-0.0725,0.03,78.0786,11.952
0,-0.07,0.03,80.5383,11.952
0,-0.0675,0.03,84.2616,11.952
0,-0.065,0.03,84.463,11.952
0,-0.0625,0.03,86.4711,11.952
0,-0.06,0.03,88.5342,11.952
0,-0.0575,0.03,91.1283,11.968
0,-0.055,0.03,93.1486,11.968
0,-0.0525,0.03,96.0906,11.968
0,-0.05,0.03,97.879,11.968
0,-0.0475,0.03,101.218,11.968
0,-0.045,0.03,101.254,11.968
0,-0.0425,0.03,104.105,11.984
0,-0.04,0.03,105.173,11.968
0,-0.0375,0.03,108.902,11.984
0,-0.035,0.03,111.002,11.968
0,-0.0325,0.03,113.511,11.968
0,-0.03,0.03,117.319,11.984
0,-0.0275,0.03,116.721,11.984
0,-0.025,0.03,119.749,11.968
0,-0.0225,0.03,121.458,11.984
0,-0.02,0.03,123.484,11.984
0,-0.0175,0.03,124.827,11.984
0,-0.015,0.03,127.177,11.984
0,-0.0125,0.03,128.214,11.984
0,-0.01,0.03,129.514,11.984
0,-0.0075,0.03,131.089,11.984
0,-0.005,0.03,132.115,11.984
0,-0.0025,0.03,132.188,11.984
0,0,0.03,133.512,11.984
0,0.0025,0.03,133.97,11.984
0,0.005,0.03,134.147,12
0,0.0075,0.03,132.743,12
0,0.01,0.03,132.664,11.984
0,0.0125,0.03,131.797,12
0,0.015,0.03,130.32,11.984
0,0.0175,0.03,129.344,12.016
0,0.02,0.03,126.188,12
0,0.0225,0.03,126.048,12
0,0.025,0.03,124.766,12
0,0.0275,0.03,123.453,12.016
0,0.03,0.03,120.786,12
0,0.0325,0.03,117.502,12
0,0.035,0.03,117.1,12.016
0,0.0375,0.03,114.316,12
0,0.04,0.03,111.74,12.016
0,0.0425,0.03,110.398,12
0,0.045,0.03,105.325,12.016
0,0.0475,0.03,104.813,12.016
0,0.05,0.03,102.664,12
0,0.0525,0.03,100.211,12.016
0,0.055,0.03,97.6592,12.016
0,0.0575,0.03,95.1689,12.016
0,0.06,0.03,94.3999,12.016
0,0.0625,0.03,92.4528,12
0,0.065,0.03,90.5118,12.016
0,0.0675,0.03,87.0083,12
0,0.07,0.03,86.2209,12
0,0.0725,0.03,84.1823,12.016
0,0.075,0.03,80.5078,12
0,0.0775,0.03,79.1833,12.016
0,0.08,0.03,77.047,12.016
0,0.0825,0.03,75.8446,12
0,0.085,0.03,73.0125,12.016
0,0.0875,0.03,69.2221,12.032
0,0.09,0.03,69.2221,12.016
0,0.0925,0.03,66.8783,12.016
0,0.095,0.03,63.9607,12.016
0,0.0975,0.03,63.9119,12.032
0,0.1,0.03,61.8671,12.016
0,0.1025,0.03,61.5741,12.016
0,0.105,0.03,58.327,12.016
0,0.1075,0.03,56.8377,12.032
0,0.11,0.03,54.268,12.032
0,0.1125,0.03,52.9862,12.032
0,0.115,0.03,51.1124,12.048
0,0.1175,0.03,49.3484,12.048
0,0.12,0.03,47.7004,12.048
0,0.1225,0.03,47.1267,12.08
0,0.125,0.03,45.4848,12.064
0,0.1275,0.03,43.1349,12.064
0,0.13,0.03,43.4339,12.08
0,0.1325,0.03,41.1817,12.064
0,0.135,0.03,39.5703,12.08
0,0.1375,0.03,39.4482,12.096
0,0.14,0.03,37.5072,12.096
0,0.1425,0.03,36.2682,12.08
0,0.145,0.03,35.1146,12.08
0,0.1475,0.03,33.5459,12.096
0,0.15,0.03,33.5948,12.096
0,0.1525,0.03,32.844,12.112
0,0.155,0.03,31.5928,12.096
0,0.1575,0.03,30.6894,12.112
0,0.16,0.03,27.662,12.112
0,0.1625,0.03,28.5409,12.112
0,0.165,0.03,28.1381,12.112
0,0.1675,0.03,27.0516,12.096
0,0.17,0.03,27.2225,12.128
0,0.1725,0.03,25.8309,12.128
0,0.175,0.03,25.8675,12.144
0,0.1775,0.03,24.4209,12.144
0,0.18,0.03,23.2063,12.144
0,0.1825,0.03,22.4921,12.144
0,0.185,0.03,22.0527,12.16
0,0.1875,0.03,21.5705,12.16
0,0.19,0.03,20.6122,12.192
0,0.1925,0.03,20.8991,12.192
0,0.195,0.03,19.5502,12.192
0,0.1975,0.03,18.9337,12.176
0,0.2,0.03,18.3477,12.192
0,-0.2,0.0325,17.1331,11.984
0,-0.1975,0.0325,17.7435,12
0,-0.195,0.0325,18.8665,12.016
0,-0.1925,0.0325,19.9408,12
0,-0.19,0.0325,19.6661,11.984
0,-0.1875,0.0325,19.7272,11.984
0,-0.185,0.0325,20.2216,11.984
0,-0.1825,0.0325,21.7597,11.968
0,-0.18,0.0325,21.5827,12
0,-0.1775,0.0325,22.602,11.984
0,-0.175,0.0325,22.6691,11.984
0,-0.1725,0.0325,23.3528,11.968
0,-0.17,0.0325,24.4636,11.968
0,-0.1675,0.0325,25.9468,11.984
0,-0.165,0.0325,26.1666,11.984
0,-0.1625,0.0325,27.1554,11.984
0,-0.16,0.0325,27.1371,11.968
0,-0.1575,0.0325,28.5226,11.984
0,-0.155,0.0325,30.2927,11.968
0,-0.1525,0.0325,30.372,11.968
0,-0.15,0.0325,31.0495,11.952
0,-0.1475,0.0325,31.9102,11.968
0,-0.145,0.0325,34.3577,11.952
0,-0.1425,0.0325,33.0943,11.952
0,-0.14,0.0325,36.317,11.952
0,-0.1375,0.0325,37.1288,11.952
0,-0.135,0.0325,38.8134,11.952
0,-0.1325,0.0325,38.5937,11.968
0,-0.13,0.0325,39.7717,11.936
0,-0.1275,0.0325,42.0606,11.952
0,-0.125,0.0325,42.4696,11.952
0,-0.1225,0.0325,44.4411,11.936
0,-0.12,0.0325,45.3871,11.936
0,-0.1175,0.0325,46.9497,11.936
0,-0.115,0.0325,48.4024,11.936
0,-0.1125,0.0325,49.086,11.936
0,-0.11,0.0325,50.7035,11.92
0,-0.1075,0.0325,51.68,11.936
0,-0.105,0.0325,54.4572,11.936
0,-0.1025,0.0325,54.5366,11.936
0,-0.1,0.0325,57.7044,11.952
0,-0.0975,0.0325,58.5406,11.936
0,-0.095,0.0325,62.6423,11.936
0,-0.0925,0.0325,61.1652,11.952
0,-0.09,0.0325,64.9434,11.936
0,-0.0875,0.0325,66.4144,11.952
0,-0.085,0.0325,68.8314,11.952
0,-0.0825,0.0325,70.0095,11.952
0,-0.08,0.0325,71.4255,11.952
0,-0.0775,0.0325,72.8782,11.936
0,-0.075,0.0325,76.1559,11.952
0,-0.0725,0.0325,77.3461,11.952
0,-0.07,0.0325,79.3847,11.968
0,-0.0675,0.0325,80.0745,11.952
0,-0.065,0.0325,85.287,11.968
0,-0.0625,0.0325,84.9757,11.952
0,-0.06,0.0325,87.0449,11.968
0,-0.0575,0.0325,89.8587,11.952
0,-0.055,0.0325,91.6959,11.952
0,-0.0525,0.0325,95.0407,11.968
0,-0.05,0.0325,96.7071,11.968
0,-0.0475,0.0325,97.4944,11.968
0,-0.045,0.0325,102.261,11.968
0,-0.0425,0.0325,104.166,11.968
0,-0.04,0.0325,105.094,11.968
0,-0.0375,0.0325,108.2,11.968
0,-0.035,0.0325,109.519,11.984
0,-0.0325,0.0325,112.796,11.984
0,-0.03,0.0325,113.083,11.968
0,-0.0275,0.0325,118.265,11.984
0,-0.025,0.0325,117.911,11.984
0,-0.0225,0.0325,121.989,11.984
0,-0.02,0.0325,123.435,11.984
0,-0.0175,0.0325,123.435,11.968
0,-0.015,0.0325,124.192,11.984
0,-0.0125,0.0325,126.951,11.984
0,-0.01,0.0325,127.873,11.984
0,-0.0075,0.0325,128.214,11.984
0,-0.005,0.0325,129.997,11.984
0,-0.0025,0.0325,129.978,11.984
0,0,0.0325,130.943,12
0,0.0025,0.0325,130.43,11.984
0,0.005,0.0325,129.948,12
0,0.0075,0.0325,129.807,11.984
0,0.01,0.0325,129.142,12
0,0.0125,0.0325,128.214,11.984
0,0.015,0.0325,127.36,12
0,0.0175,0.0325,126.798,12
0,0.02,0.0325,124.43,12.016
0,0.0225,0.0325,123.899,12
0,0.025,0.0325,121.659,12
0,0.0275,0.0325,120.481,12
0,0.03,0.0325,117.679,12
0,0.0325,0.0325,116.471,12.016
0,0.035,0.0325,114.64,12.016
0,0.0375,0.0325,113.12,12
0,0.04,0.0325,110.324,12
0,0.0425,0.0325,107.651,12.016
0,0.045,0.0325,105.753,12.016
0,0.0475,0.0325,102.646,12
0,0.05,0.0325,101.755,12
0,0.0525,0.0325,99.0631,12
0,0.055,0.0325,97.293,12.016
0,0.0575,0.0325,95.8098,12
0,0.06,0.0325,91.8119,12.016
0,0.0625,0.0325,91.0489,12
0,0.065,0.0325,89.5962,12.016
0,0.0675,0.0325,86.6604,12
0,0.07,0.0325,84.109,12.016
0,0.0725,0.0325,82.2108,12.016
0,0.075,0.0325,80.2149,12.016
0,0.0775,0.0325,77.9077,12
0,0.08,0.0325,76.4977,12
0,0.0825,0.0325,72.335,12.016
0,0.085,0.0325,73.5679,12.016
0,0.0875,0.0325,70.9861,12.016
0,0.09,0.0325,68.3554,12
0,0.0925,0.0325,66.5914,12.032
0,0.095,0.0325,64.6321,12.016
0,0.0975,0.0325,62.5935,12.016
0,0.1,0.0325,61.1042,12.032
0,0.1025,0.0325,60.3717,12.032
0,0.105,0.0325,57.8997,12.032
0,0.1075,0.0325,55.3728,12.048
0,0.11,0.0325,54.1459,12.032
0,0.1125,0.0325,53.383,12.048
0,0.115,0.0325,52.1012,12.048
0,0.1175,0.0325,49.0738,12.048
0,0.12,0.0325,47.5967,12.048
0,0.1225,0.0325,46.498,12.048
0,0.125,0.0325,45.7533,12.064
0,0.1275,0.0325,43.6476,12.064
0,0.13,0.0325,42.9456,12.064
0,0.1325,0.0325,41.8897,12.064
0,0.135,0.0325,40.4431,12.08
0,0.1375,0.0325,38.6425,12.096
0,0.14,0.0325,38.1481,12.08
0,0.1425,0.0325,39.2712,12.064
0,0.145,0.0325,35.9813,12.096
0,0.1475,0.0325,34.7972,12.08
0,0.15,0.0325,32.4107,12.112
0,0.1525,0.0325,32.0261,12.112
0,0.155,0.0325,30.7932,12.096
0,0.1575,0.0325,31.0678,12.096
0,0.16,0.0325,30.134,12.112
0,0.1625,0.0325,28.9438,12.112
0,0.165,0.0325,27.4972,12.112
0,0.1675,0.0325,25.959,12.128
0,0.17,0.0325,25.5806,12.128
0,0.1725,0.0325,25.2144,12.128
0,0.175,0.0325,24.1829,12.128
0,0.1775,0.0325,23.6091,12.144
0,0.18,0.0325,24.0913,12.128
0,0.1825,0.0325,22.4128,12.176
0,0.185,0.0325,21.2287,12.16
0,0.1875,0.0325,21.3202,12.176
0,0.19,0.0325,19.5868,12.16
0,0.1925,0.0325,19.6295,12.144
0,0.195,0.0325,19.776,12.192
0,0.1975,0.0325,19.0008,12.192
0,0.2,0.0325,18.482,12.208
0,-0.2,0.035,17.6824,11.952
0,-0.1975,0.035,18.0425,11.984
0,-0.195,0.035,17.481,11.968
0,-0.1925,0.035,19.1595,11.984
0,-0.19,0.035,19.7455,11.984
0,-0.1875,0.035,19.7455,12
0,-0.185,0.035,20.4108,11.968
0,-0.1825,0.035,20.7831,11.984
0,-0.18,0.035,21.6865,11.968
0,-0.1775,0.035,21.9794,11.984
0,-0.175,0.035,22.4189,11.984
0,-0.1725,0.035,22.9438,11.968
0,-0.17,0.035,24.2073,11.968
0,-0.1675,0.035,24.8909,11.984
0,-0.165,0.035,26.0994,11.968
0,-0.1625,0.035,26.9784,11.968
0,-0.16,0.035,27.2164,11.984
0,-0.1575,0.035,29.4626,11.968
0,-0.155,0.035,28.6203,11.968
0,-0.1525,0.035,30.842,11.968
0,-0.15,0.035,31.2204,11.968
0,-0.1475,0.035,32.1848,11.952
0,-0.145,0.035,33.5765,11.952
0,-0.1425,0.035,33.8755,11.952
0,-0.14,0.035,35.3465,11.952
0,-0.1375,0.035,36.2072,11.952
0,-0.135,0.035,37.8002,11.952
0,-0.1325,0.035,39.2651,11.952
0,-0.13,0.035,39.5398,11.952
0,-0.1275,0.035,41.7554,11.936
0,-0.125,0.035,42.2498,11.936
0,-0.1225,0.035,43.8002,11.936
0,-0.12,0.035,46.1074,11.936
0,-0.1175,0.035,45.9181,11.936
0,-0.115,0.035,48.2437,11.92
0,-0.1125,0.035,48.2376,11.936
0,-0.11,0.035,50.6485,11.952
0,-0.1075,0.035,50.7584,11.936
0,-0.105,0.035,52.8336,11.92
0,-0.1025,0.035,54.5976,11.936
0,-0.1,0.035,56.6973,11.936
0,-0.0975,0.035,59.5538,11.936
0,-0.095,0.035,61.3971,11.952
0,-0.0925,0.035,62.8437,11.936
0,-0.09,0.035,63.8264,11.936
0,-0.0875,0.035,66.4754,11.952
0,-0.085,0.035,67.3605,11.936
0,-0.0825,0.035,69.6188,11.952
0,-0.08,0.035,70.6626,11.936
0,-0.0775,0.035,72.9942,11.936
0,-0.075,0.035,75.0572,11.952
0,-0.0725,0.035,76.4245,11.952
0,-0.07,0.035,78.6889,11.936
0,-0.0675,0.035,80.0317,11.952
0,-0.065,0.035,83.1202,11.952
0,-0.0625,0.035,85.1161,11.952
0,-0.06,0.035,85.7753,11.952
0,-0.0575,0.035,88.4487,11.952
0,-0.055,0.035,89.8038,11.952
0,-0.0525,0.035,92.288,11.952
0,-0.05,0.035,94.7661,11.952
0,-0.0475,0.035,97.4334,11.968
0,-0.045,0.035,98.8311,11.968
0,-0.0425,0.035,101.358,11.968
0,-0.04,0.035,103.348,11.968
0,-0.0375,0.035,105.521,11.968
0,-0.035,0.035,107.273,11.984
0,-0.0325,0.035,109.47,11.968
0,-0.03,0.035,112.918,11.968
0,-0.0275,0.035,113.456,11.968
0,-0.025,0.035,116.001,11.968
0,-0.0225,0.035,117.154,11.968
0,-0.02,0.035,119.993,11.968
0,-0.0175,0.035,120.823,11.968
0,-0.015,0.035,123.667,11.984
0,-0.0125,0.035,123.881,11.984
0,-0.01,0.035,124.833,11.984
0,-0.0075,0.035,125.614,12
0,-0.005,0.035,127.091,11.984
0,-0.0025,0.035,127.055,11.984
0,0,0.035,127.433,11.984
0,0.0025,0.035,128.08,11.984
0,0.005,0.035,128.037,12
0,0.0075,0.035,126.902,12
0,0.01,0.035,128.8,12
0,0.0125,0.035,126.749,12
0,0.015,0.035,124.705,12
0,0.0175,0.035,124.851,12
0,0.02,0.035,123.026,12
0,0.0225,0.035,121.195,12.016
0,0.025,0.035,119.309,12.016
0,0.0275,0.035,119.425,12.016
0,0.03,0.035,116.977,12
0,0.0325,0.035,112.467,12.016
0,0.035,0.035,112.491,12.016
0,0.0375,0.035,109.848,12
0,0.04,0.035,108.878,12
0,0.0425,0.035,107.169,12.016
0,0.045,0.035,103.464,12.016
0,0.0475,0.035,102.402,12.016
0,0.05,0.035,100.18,12.016
0,0.0525,0.035,98.9776,12.016
0,0.055,0.035,95.0591,12
0,0.0575,0.035,95.5046,12.016
0,0.06,0.035,92.3795,12
0,0.0625,0.035,90.7254,12.016
0,0.065,0.035,88.1252,12
0,0.0675,0.035,86.0683,12
0,0.07,0.035,83.2301,12
0,0.0725,0.035,82.1863,12.016
0,0.075,0.035,78.2678,12.016
0,0.0775,0.035,76.9005,12
0,0.08,0.035,75.4662,12
0,0.0825,0.035,73.4214,12
0,0.085,0.035,71.9687,12.016
0,0.0875,0.035,69.3319,12
0,0.09,0.035,69.1305,12.016
0,0.0925,0.035,66.0115,12.016
0,0.095,0.035,63.625,12.016
0,0.0975,0.035,63.1306,12.032
0,0.1,0.035,60.86,12.032
0,0.1025,0.035,59.5477,12.032
0,0.105,0.035,57.5396,12.032
0,0.1075,0.035,54.7929,12.048
0,0.11,0.035,54.03,12.048
0,0.1125,0.035,52.3209,12.032
0,0.115,0.035,51.0758,12.032
0,0.1175,0.035,47.4746,12.032
0,0.12,0.035,47.5417,12.048
0,0.1225,0.035,45.5824,12.048
0,0.125,0.035,44.789,12.064
0,0.1275,0.035,42.3048,12.08
0,0.13,0.035,42.7564,12.048
0,0.1325,0.035,40.7544,12.08
0,0.135,0.035,39.2407,12.08
0,0.1375,0.035,38.905,12.08
0,0.14,0.035,37.727,12.064
0,0.1425,0.035,35.2672,12.096
0,0.145,0.035,34.1075,12.08
0,0.1475,0.035,34.4737,12.08
0,0.15,0.035,33.607,12.08
0,0.1525,0.035,32.0383,12.096
0,0.155,0.035,31.1472,12.112
0,0.1575,0.035,30.0424,12.112
0,0.16,0.035,29.6152,12.112
0,0.1625,0.035,29.4321,12.112
0,0.165,0.035,28.0648,12.112
0,0.1675,0.035,26.7647,12.128
0,0.17,0.035,25.5135,12.128
0,0.1725,0.035,25.6417,12.128
0,0.175,0.035,24.4392,12.144
0,0.1775,0.035,23.7739,12.144
0,0.18,0.035,23.4138,12.144
0,0.1825,0.035,22.663,12.16
0,0.185,0.035,22.3579,12.144
0,0.1875,0.035,21.247,12.16
0,0.19,0.035,20.0751,12.192
0,0.1925,0.035,19.0374,12.192
0,0.195,0.035,19.7027,12.16
0,0.1975,0.035,18.3905,12.176
0,0.2,0.035,18.4942,12.192
0,-0.2,0.0375,17.2796,11.952
0,-0.1975,0.0375,17.2918,11.968
0,-0.195,0.0375,18.4027,12
0,-0.1925,0.0375,18.8177,11.984
0,-0.19,0.0375,19.306,11.984
0,-0.1875,0.0375,19.4342,11.968
0,-0.185,0.0375,19.483,12
0,-0.1825,0.0375,20.8808,11.984
0,-0.18,0.0375,21.8451,11.984
0,-0.1775,0.0375,21.4972,11.984
0,-0.175,0.0375,22.9194,12
0,-0.1725,0.0375,24.1585,11.984
0,-0.17,0.0375,24.0608,11.984
0,-0.1675,0.0375,26.191,11.984
0,-0.165,0.0375,26.4718,11.984
0,-0.1625,0.0375,26.9051,11.984
0,-0.16,0.0375,28.2235,11.968
0,-0.1575,0.0375,28.2846,11.984
0,-0.155,0.0375,28.9193,11.968
0,-0.1525,0.0375,30.6894,11.952
0,-0.15,0.0375,30.4514,11.968
0,-0.1475,0.0375,31.5806,11.968
0,-0.145,0.0375,33.1248,11.968
0,-0.1425,0.0375,33.4971,11.952
0,-0.14,0.0375,35.9569,11.952
0,-0.1375,0.0375,35.3954,11.968
0,-0.135,0.0375,37.2997,11.968
0,-0.1325,0.0375,37.7514,11.952
0,-0.13,0.0375,40.5835,11.952
0,-0.1275,0.0375,41.6089,11.936
0,-0.125,0.0375,42.7442,11.936
0,-0.1225,0.0375,43.9772,11.936
0,-0.12,0.0375,45.5641,11.952
0,-0.1175,0.0375,46.2355,11.936
0,-0.115,0.0375,47.0412,11.936
0,-0.1125,0.0375,48.0728,11.936
0,-0.11,0.0375,49.5987,11.936
0,-0.1075,0.0375,51.1063,11.936
0,-0.105,0.0375,51.8937,11.92
0,-0.1025,0.0375,55.5559,11.936
0,-0.1,0.0375,55.5681,11.952
0,-0.0975,0.0375,56.917,11.936
0,-0.095,0.0375,58.8153,11.952
0,-0.0925,0.0375,61.391,11.936
0,-0.09,0.0375,61.6718,11.936
0,-0.0875,0.0375,64.8946,11.936
0,-0.085,0.0375,66.4449,11.936
0,-0.0825,0.0375,68.3859,11.952
0,-0.08,0.0375,71.4621,11.936
0,-0.0775,0.0375,72.2678,11.952
0,-0.075,0.0375,75.7775,11.952
0,-0.0725,0.0375,75.6737,11.952
0,-0.07,0.0375,77.81,11.952
0,-0.0675,0.0375,80.1477,11.952
0,-0.065,0.0375,81.7591,11.952
0,-0.0625,0.0375,83.5414,11.952
0,-0.06,0.0375,84.9086,11.952
0,-0.0575,0.0375,89.0347,11.968
0,-0.055,0.0375,90.3226,11.968
0,-0.0525,0.0375,92.642,11.952
0,-0.05,0.0375,94.0764,11.968
0,-0.0475,0.0375,95.4497,11.952
0,-0.045,0.0375,98.3306,11.984
0,-0.0425,0.0375,100.913,11.968
0,-0.04,0.0375,101.517,11.968
0,-0.0375,0.0375,103.165,11.952
0,-0.035,0.0375,107.523,11.968
0,-0.0325,0.0375,107.486,11.968
0,-0.03,0.0375,109.69,11.984
0,-0.0275,0.0375,111.136,11.968
0,-0.025,0.0375,114.145,11.968
0,-0.0225,0.0375,114.292,11.984
0,-0.02,0.0375,116.788,11.984
0,-0.0175,0.0375,118.882,11.968
0,-0.015,0.0375,119.718,12
0,-0.0125,0.0375,119.602,11.984
0,-0.01,0.0375,121.122,11.984
0,-0.0075,0.0375,122.66,11.984
0,-0.005,0.0375,124.064,11.968
0,-0.0025,0.0375,124.54,11.984
0,0,0.0375,124.186,11.984
0,0.0025,0.0375,123.075,11.984
0,0.005,0.0375,124.284,11.984
0,0.0075,0.0375,123.362,11.984
0,0.01,0.0375,124.589,12
0,0.0125,0.0375,123.045,12
0,0.015,0.0375,122.288,12
0,0.0175,0.0375,121.207,12
0,0.02,0.0375,120.786,12
0,0.0225,0.0375,119.388,12
0,0.025,0.0375,116.404,12.016
0,0.0275,0.0375,117.295,12
0,0.03,0.0375,115.159,12
0,0.0325,0.0375,112.546,12
0,0.035,0.0375,111.13,12.016
0,0.0375,0.0375,107.431,12.016
0,0.04,0.0375,105.515,12.016
0,0.0425,0.0375,105.002,12.016
0,0.045,0.0375,100.851,12
0,0.0475,0.0375,100.778,12
0,0.05,0.0375,98.1292,12
0,0.0525,0.0375,96.0601,12
0,0.055,0.0375,96.4751,12.016
0,0.0575,0.0375,92.5138,12
0,0.06,0.0375,90.8963,12
0,0.0625,0.0375,89.285,12
0,0.065,0.0375,84.6461,12.016
0,0.0675,0.0375,84.9696,12.016
0,0.07,0.0375,81.9666,12
0,0.0725,0.0375,81.4783,12.016
0,0.075,0.0375,77.1447,12.016
0,0.0775,0.0375,74.2515,12.016
0,0.08,0.0375,76.2474,12
0,0.0825,0.0375,71.4927,12.016
0,0.085,0.0375,70.925,12.016
0,0.0875,0.0375,68.7643,12.016
0,0.09,0.0375,68.2028,12.032
0,0.0925,0.0375,63.8569,12.016
0,0.095,0.0375,63.509,12.016
0,0.0975,0.0375,62.2761,12.032
0,0.1,0.0375,60.2069,12.032
0,0.1025,0.0375,57.387,12.048
0,0.105,0.0375,58.9007,12.032
0,0.1075,0.0375,56.1113,12.032
0,0.11,0.0375,52.62,12.048
0,0.1125,0.0375,51.4969,12.048
0,0.115,0.0375,50.087,12.048
0,0.1175,0.0375,48.4634,12.048
0,0.12,0.0375,46.8154,12.048
0,0.1225,0.0375,44.3495,12.08
0,0.125,0.0375,44.8439,12.08
0,0.1275,0.0375,42.9579,12.064
0,0.13,0.0375,42.2132,12.064
0,0.1325,0.0375,40.6568,12.064
0,0.135,0.0375,40.1624,12.064
0,0.1375,0.0375,38.551,12.064
0,0.14,0.0375,36.9396,12.064
0,0.1425,0.0375,34.7484,12.096
0,0.145,0.0375,35.3099,12.096
0,0.1475,0.0375,33.9671,12.08
0,0.15,0.0375,33.4544,12.08
0,0.1525,0.0375,31.5622,12.096
0,0.155,0.0375,30.2683,12.128
0,0.1575,0.0375,29.6945,12.112
0,0.16,0.0375,28.8339,12.096
0,0.1625,0.0375,29.2062,12.112
0,0.165,0.0375,26.2825,12.112
0,0.1675,0.0375,26.722,12.128
0,0.17,0.0375,25.7637,12.144
0,0.1725,0.0375,25.3853,12.128
0,0.175,0.0375,24.4819,12.144
0,0.1775,0.0375,24.8543,12.144
0,0.18,0.0375,22.7668,12.16
0,0.1825,0.0375,22.3945,12.16
0,0.185,0.0375,22.4677,12.16
0,0.1875,0.0375,20.3619,12.192
0,0.19,0.0375,20.9662,12.176
0,0.1925,0.0375,20.0629,12.192
0,0.195,0.0375,19.0924,12.176
0,0.1975,0.0375,19.1717,12.176
0,0.2,0.0375,18.0242,12.224
0,-0.2,0.04,16.6265,11.968
0,-0.1975,0.04,17.6275,11.968
0,-0.195,0.04,18.421,11.984
0,-0.1925,0.04,18.9764,11.984
0,-0.19,0.04,19.1351,11.984
0,-0.1875,0.04,20.3619,11.968
0,-0.185,0.04,19.3365,11.984
0,-0.1825,0.04,21.4545,11.984
0,-0.18,0.04,22.7668,12
0,-0.1775,0.04,21.9672,12.016
0,-0.175,0.04,22.2053,11.984
0,-0.1725,0.04,22.8339,12
0,-0.17,0.04,23.7434,11.968
0,-0.1675,0.04,24.427,11.984
0,-0.165,0.04,25.6905,11.984
0,-0.1625,0.04,26.6488,11.984
0,-0.16,0.04,26.0201,11.968
0,-0.1575,0.04,27.7902,11.968
0,-0.155,0.04,29.0231,11.968
0,-0.1525,0.04,30.1035,11.968
0,-0.15,0.04,30.3293,11.984
0,-0.1475,0.04,31.9651,11.952
0,-0.145,0.04,32.8379,11.952
0,-0.1425,0.04,33.8939,11.952
0,-0.14,0.04,33.9549,11.952
0,-0.1375,0.04,35.6456,11.952
0,-0.135,0.04,36.3842,11.952
0,-0.1325,0.04,38.2885,11.952
0,-0.13,0.04,39.3933,11.936
0,-0.1275,0.04,40.6079,11.936
0,-0.125,0.04,43.2203,11.952
0,-0.1225,0.04,43.9833,11.952
0,-0.12,0.04,45.9792,11.936
0,-0.1175,0.04,46.0768,11.952
0,-0.115,0.04,48.0667,11.952
0,-0.1125,0.04,48.5183,11.952
0,-0.11,0.04,50.6058,11.936
0,-0.1075,0.04,52.1134,11.936
0,-0.105,0.04,52.5834,11.952
0,-0.1025,0.04,54.03,11.936
0,-0.1,0.04,55.1531,11.952
0,-0.0975,0.04,58.5284,11.936
0,-0.095,0.04,58.3941,11.936
0,-0.0925,0.04,59.9994,11.936
0,-0.09,0.04,62.1113,11.936
0,-0.0875,0.04,63.6189,11.952
0,-0.085,0.04,66.7196,11.936
0,-0.0825,0.04,66.2374,11.952
0,-0.08,0.04,70.278,11.952
0,-0.0775,0.04,70.864,11.952
0,-0.075,0.04,72.6096,11.952
0,-0.0725,0.04,75.1061,11.952
0,-0.07,0.04,77.2118,11.952
0,-0.0675,0.04,79.5557,11.952
0,-0.065,0.04,80.0378,11.952
0,-0.0625,0.04,82.2901,11.952
0,-0.06,0.04,84.225,11.952
0,-0.0575,0.04,87.6797,11.952
0,-0.055,0.04,88.5464,11.952
0,-0.0525,0.04,90.6888,11.952
0,-0.05,0.04,91.7203,11.968
0,-0.0475,0.04,94.7905,11.968
0,-0.045,0.04,97.0733,11.968
0,-0.0425,0.04,98.0071,11.952
0,-0.04,0.04,101.895,11.968
0,-0.0375,0.04,102.268,11.968
0,-0.035,0.04,103.922,11.968
0,-0.0325,0.04,105.57,11.968
0,-0.03,0.04,108.518,11.968
0,-0.0275,0.04,107.486,11.968
0,-0.025,0.04,111.82,11.984
0,-0.0225,0.04,112.864,11.968
0,-0.02,0.04,115.195,11.968
0,-0.0175,0.04,116.074,11.984
0,-0.015,0.04,117.985,11.984
0,-0.0125,0.04,117.429,11.984
0,-0.01,0.04,118.339,11.968
0,-0.0075,0.04,120.804,11.984
0,-0.005,0.04,120.725,11.984
0,-0.0025,0.04,120.847,11.984
0,0,0.04,122.629,11.984
0,0.0025,0.04,120.951,11.984
0,0.005,0.04,121.854,12
0,0.0075,0.04,121.946,12
0,0.01,0.04,120.609,12
0,0.0125,0.04,119.437,12
0,0.015,0.04,119.565,11.984
0,0.0175,0.04,119.12,12
0,0.02,0.04,116.63,12.016
0,0.0225,0.04,116.825,12
0,0.025,0.04,115.799,12
0,0.0275,0.04,113.327,12
0,0.03,0.04,113.755,12.016
0,0.0325,0.04,110.666,12.016
0,0.035,0.04,109.403,12.016
0,0.0375,0.04,107.303,12
0,0.04,0.04,104.892,12
0,0.0425,0.04,100.711,12.016
0,0.045,0.04,100.9,12
0,0.0475,0.04,98.825,12
0,0.05,0.04,96.9085,12.016
0,0.0525,0.04,95.3825,12
0,0.055,0.04,94.2289,12
0,0.0575,0.04,90.994,12
0,0.06,0.04,89.9014,12
0,0.0625,0.04,88.1314,12
0,0.065,0.04,83.6818,12
0,0.0675,0.04,83.7611,12
0,0.07,0.04,80.9046,12
0,0.0725,0.04,80.282,12.016
0,0.075,0.04,78.5974,12.016
0,0.0775,0.04,75.7836,12.016
0,0.08,0.04,74.9596,12
0,0.0825,0.04,70.6992,12.016
0,0.085,0.04,70.1193,12.016
0,0.0875,0.04,69.2526,12
0,0.09,0.04,66.7867,12.016
0,0.0925,0.04,64.3757,12.032
0,0.095,0.04,63.7715,12.032
0,0.0975,0.04,61.9404,12.016
0,0.1,0.04,59.1632,12.032
0,0.1025,0.04,57.857,12.032
0,0.105,0.04,55.6902,12.032
0,0.1075,0.04,54.2009,12.032
0,0.11,0.04,53.3097,12.048
0,0.1125,0.04,52.7055,12.064
0,0.115,0.04,49.3606,12.048
0,0.1175,0.04,49.0493,12.048
0,0.12,0.04,47.0534,12.064
0,0.1225,0.04,45.8693,12.064
0,0.125,0.04,42.8297,12.08
0,0.1275,0.04,43.2081,12.064
0,0.13,0.04,40.9925,12.08
0,0.1325,0.04,39.9792,12.096
0,0.135,0.04,39.9976,12.064
0,0.1375,0.04,38.3068,12.096
0,0.14,0.04,37.0617,12.08
0,0.1425,0.04,35.9752,12.064
0,0.145,0.04,34.6873,12.08
0,0.1475,0.04,33.8511,12.096
0,0.15,0.04,32.4046,12.08
0,0.1525,0.04,31.3608,12.096
0,0.155,0.04,31.0862,12.112
0,0.1575,0.04,29.957,12.112
0,0.16,0.04,28.4982,12.096
0,0.1625,0.04,28.2968,12.112
0,0.165,0.04,27.4239,12.112
0,0.1675,0.04,26.2703,12.112
0,0.17,0.04,25.837,12.112
0,0.1725,0.04,24.8238,12.128
0,0.175,0.04,24.8238,12.128
0,0.1775,0.04,22.6875,12.128
0,0.18,0.04,23.072,12.128
0,0.1825,0.04,22.4799,12.16
0,0.185,0.04,21.7414,12.176
0,0.1875,0.04,21.1737,12.176
0,0.19,0.04,20.9906,12.16
0,0.1925,0.04,20.3375,12.176
0,0.195,0.04,19.2022,12.192
0,0.1975,0.04,17.8716,12.224
0,0.2,0.04,18.8482,12.176
0,-0.2,0.0425,17.5848,12
0,-0.1975,0.0425,16.8767,12
0,-0.195,0.0425,17.7862,11.984
0,-0.1925,0.0425,19.5196,12
0,-0.19,0.0425,19.0313,11.984
0,-0.1875,0.0425,19.9957,12
0,-0.185,0.0425,19.5441,11.984
0,-0.1825,0.0425,19.8675,11.968
0,-0.18,0.0425,21.3202,11.968
0,-0.1775,0.0425,22.4006,12.016
0,-0.175,0.0425,23.3894,11.984
0,-0.1725,0.0425,23.1574,12
0,-0.17,0.0425,23.9326,11.984
0,-0.1675,0.0425,24.4392,11.968
0,-0.165,0.0425,25.0374,11.968
0,-0.1625,0.0425,25.1961,11.984
0,-0.16,0.0425,27.3995,11.952
0,-0.1575,0.0425,28.6508,11.968
0,-0.155,0.0425,28.2785,12
0,-0.1525,0.0425,28.7362,11.984
0,-0.15,0.0425,30.2255,11.968
0,-0.1475,0.0425,31.8369,11.968
0,-0.145,0.0425,33.1309,11.952
0,-0.1425,0.0425,33.0943,11.968
0,-0.14,0.0425,34.5836,11.952
0,-0.1375,0.0425,35.2855,11.968
0,-0.135,0.0425,37.2875,11.952
0,-0.1325,0.0425,37.7941,11.968
0,-0.13,0.0425,37.9589,11.936
0,-0.1275,0.0425,39.5703,11.952
0,-0.125,0.0425,41.2671,11.952
0,-0.1225,0.0425,43.0433,11.952
0,-0.12,0.0425,42.7503,11.968
0,-0.1175,0.0425,44.2335,11.936
0,-0.115,0.0425,45.8998,11.952
0,-0.1125,0.0425,47.4013,11.952
0,-0.11,0.0425,48.9395,11.936
0,-0.1075,0.0425,49.9344,11.952
0,-0.105,0.0425,52.7116,11.952
0,-0.1025,0.0425,52.4491,11.92
0,-0.1,0.0425,55.2873,11.936
0,-0.0975,0.0425,56.3555,11.936
0,-0.095,0.0425,59.4256,11.952
0,-0.0925,0.0425,59.1754,11.936
0,-0.09,0.0425,62.4531,11.952
0,-0.0875,0.0425,62.2456,11.952
0,-0.085,0.0425,64.626,11.952
0,-0.0825,0.0425,65.8895,11.952
0,-0.08,0.0425,68.5995,11.952
0,-0.0775,0.0425,69.4784,11.952
0,-0.075,0.0425,72.0664,11.936
0,-0.0725,0.0425,73.8548,11.952
0,-0.07,0.0425,75.2464,11.936
0,-0.0675,0.0425,77.279,11.952
0,-0.065,0.0425,78.927,11.952
0,-0.0625,0.0425,81.8628,11.952
0,-0.06,0.0425,83.0897,11.968
0,-0.0575,0.0425,84.7743,11.952
0,-0.055,0.0425,85.7631,11.968
0,-0.0525,0.0425,88.3755,11.952
0,-0.05,0.0425,90.4935,11.952
0,-0.0475,0.0425,93.0326,11.968
0,-0.045,0.0425,95.9563,11.968
0,-0.0425,0.0425,96.408,11.968
0,-0.04,0.0425,99.0936,11.968
0,-0.0375,0.0425,100.424,11.968
0,-0.035,0.0425,103.287,11.968
0,-0.0325,0.0425,103,11.984
0,-0.03,0.0425,105.136,11.968
0,-0.0275,0.0425,106.735,11.968
0,-0.025,0.0425,107.45,11.984
0,-0.0225,0.0425,109.824,11.984
0,-0.02,0.0425,111.02,11.984
0,-0.0175,0.0425,113.73,11.968
0,-0.015,0.0425,113.883,11.984
0,-0.0125,0.0425,115.171,11.968
0,-0.01,0.0425,117.063,11.984
0,-0.0075,0.0425,117.997,11.984
0,-0.005,0.0425,116.312,11.984
0,-0.0025,0.0425,117.905,11.984
0,0,0.0425,118.101,11.984
0,0.0025,0.0425,118.607,11.984
0,0.005,0.0425,119.358,12
0,0.0075,0.0425,118.912,12
0,0.01,0.0425,118.729,12
0,0.0125,0.0425,118.033,12
0,0.015,0.0425,116.538,12
0,0.0175,0.0425,115.946,12.016
0,0.02,0.0425,114.878,12
0,0.0225,0.0425,115.275,12.016
0,0.025,0.0425,112.204,12.016
0,0.0275,0.0425,111.093,12
0,0.03,0.0425,109.873,12
0,0.0325,0.0425,108.182,12.016
0,0.035,0.0425,105.368,12
0,0.0375,0.0425,105.069,12.016
0,0.04,0.0425,102.969,12
0,0.0425,0.0425,103.159,12.016
0,0.045,0.0425,100.528,12.016
0,0.0475,0.0425,97.0916,12.016
0,0.05,0.0425,96.2798,12.016
0,0.0525,0.0425,94.1008,12.016
0,0.055,0.0425,91.7081,12.016
0,0.0575,0.0425,88.052,12.032
0,0.06,0.0425,88.2962,12
0,0.0625,0.0425,87.4111,12
0,0.065,0.0425,84.933,12
0,0.0675,0.0425,84.1639,12
0,0.07,0.0425,81.6065,12.016
0,0.0725,0.0425,78.1518,12.016
0,0.075,0.0425,76.5465,12
0,0.0775,0.0425,75.4723,12
0,0.08,0.0425,74.1905,12
0,0.0825,0.0425,71.6575,12.016
0,0.085,0.0425,69.8874,12.016
0,0.0875,0.0425,67.2506,12
0,0.09,0.0425,65.5538,12.016
0,0.0925,0.0425,64.9739,12.032
0,0.095,0.0425,63.3015,12.016
0,0.0975,0.0425,60.3595,12.032
0,0.1,0.0425,59.1998,12.032
0,0.1025,0.0425,57.2344,12.016
0,0.105,0.0425,53.3952,12.048
0,0.1075,0.0425,53.4501,12.048
0,0.11,0.0425,52.504,12.032
0,0.1125,0.0425,50.5692,12.064
0,0.115,0.0425,48.4146,12.048
0,0.1175,0.0425,48.2803,12.064
0,0.12,0.0425,46.8764,12.048
0,0.1225,0.0425,44.8317,12.064
0,0.125,0.0425,43.2875,12.064
0,0.1275,0.0425,42.2926,12.08
0,0.13,0.0425,41.1023,12.08
0,0.1325,0.0425,40.3272,12.064
0,0.135,0.0425,37.6354,12.08
0,0.1375,0.0425,37.0922,12.064
0,0.14,0.0425,36.6955,12.08
0,0.1425,0.0425,35.6944,12.096
0,0.145,0.0425,34.6934,12.112
0,0.1475,0.0425,32.3618,12.112
0,0.15,0.0425,32.2947,12.112
0,0.1525,0.0425,32.2947,12.096
0,0.155,0.0425,31.7576,12.096
0,0.1575,0.0425,28.9254,12.096
0,0.16,0.0425,28.7057,12.144
0,0.1625,0.0425,27.485,12.144
0,0.165,0.0425,27.1004,12.128
0,0.1675,0.0425,26.9051,12.112
0,0.17,0.0425,24.659,12.128
0,0.1725,0.0425,25.4463,12.112
0,0.175,0.0425,23.542,12.144
0,0.1775,0.0425,22.9438,12.144
0,0.18,0.0425,22.8217,12.16
0,0.1825,0.0425,22.7973,12.16
0,0.185,0.0425,21.4179,12.16
0,0.1875,0.0425,20.7831,12.16
0,0.19,0.0425,20.8136,12.16
0,0.1925,0.0425,19.5868,12.192
0,0.195,0.0425,19.2022,12.192
0,0.1975,0.0425,17.9815,12.192
0,0.2,0.0425,17.3589,12.192
0,-0.2,0.045,17.1758,12.016
0,-0.1975,0.045,18.3111,12
0,-0.195,0.045,18.244,12
0,-0.1925,0.045,18.5308,12.016
0,-0.19,0.045,19.3243,12
0,-0.1875,0.045,19.4769,12
0,-0.185,0.045,20.1605,12
0,-0.1825,0.045,19.9957,12
0,-0.18,0.045,21.1066,12
0,-0.1775,0.045,21.5766,12.016
0,-0.175,0.045,21.9123,11.984
0,-0.1725,0.045,22.8462,11.984
0,-0.17,0.045,23.8838,11.968
0,-0.1675,0.045,24.1523,11.984
0,-0.165,0.045,25.4402,11.984
0,-0.1625,0.045,25.8492,11.984
0,-0.16,0.045,26.9539,11.968
0,-0.1575,0.045,26.7769,12
0,-0.155,0.045,28.5348,11.968
0,-0.1525,0.045,30.3049,11.984
0,-0.15,0.045,30.4514,11.968
0,-0.1475,0.045,31.3181,11.968
0,-0.145,0.045,32.4351,11.984
0,-0.1425,0.045,33.9244,11.968
0,-0.14,0.045,34.7789,11.952
0,-0.1375,0.045,34.9925,11.952
0,-0.135,0.045,35.67,11.968
0,-0.1325,0.045,37.5683,11.952
0,-0.13,0.045,38.9966,11.968
0,-0.1275,0.045,39.3139,11.952
0,-0.125,0.045,39.9976,11.936
0,-0.1225,0.045,41.9141,11.936
0,-0.12,0.045,43.8551,11.936
0,-0.1175,0.045,44.6059,11.936
0,-0.115,0.045,45.4482,11.952
0,-0.1125,0.045,48.1216,11.936
0,-0.11,0.045,49.4522,11.936
0,-0.1075,0.045,49.1409,11.936
0,-0.105,0.045,50.856,11.936
0,-0.1025,0.045,52.3026,11.952
0,-0.1,0.045,55.6047,11.952
0,-0.0975,0.045,57.3687,11.952
0,-0.095,0.045,57.9241,11.936
0,-0.0925,0.045,59.3036,11.936
0,-0.09,0.045,61.1408,11.936
0,-0.0875,0.045,63.3625,11.952
0,-0.085,0.045,63.9058,11.952
0,-0.0825,0.045,65.7735,11.952
0,-0.08,0.045,67.0186,11.952
0,-0.0775,0.045,68.9901,11.952
0,-0.075,0.045,70.571,11.952
0,-0.0725,0.045,72.982,11.952
0,-0.07,0.045,73.6656,11.968
0,-0.0675,0.045,76.693,11.968
0,-0.065,0.045,79.1894,11.968
0,-0.0625,0.045,78.6462,11.968
0,-0.06,0.045,82.9615,11.952
0,-0.0575,0.045,84.0358,11.952
0,-0.055,0.045,86.8374,11.952
0,-0.0525,0.045,88.76,11.968
0,-0.05,0.045,89.8343,11.968
0,-0.0475,0.045,90.9085,11.952
0,-0.045,0.045,93.4111,11.968
0,-0.0425,0.045,94.1557,11.968
0,-0.04,0.045,97.2564,11.952
0,-0.0375,0.045,97.8118,11.968
0,-0.035,0.045,100.259,11.968
0,-0.0325,0.045,101.737,11.984
0,-0.03,0.045,102.634,11.984
0,-0.0275,0.045,105.338,11.968
0,-0.025,0.045,106.619,11.968
0,-0.0225,0.045,106.766,11.984
0,-0.02,0.045,111.472,11.968
0,-0.0175,0.045,110.404,11.968
0,-0.015,0.045,111.661,11.984
0,-0.0125,0.045,111.911,11.984
0,-0.01,0.045,113.938,11.968
0,-0.0075,0.045,114.573,11.984
0,-0.005,0.045,115.744,11.984
0,-0.0025,0.045,115.36,12
0,0,0.045,116.843,11.984
0,0.0025,0.045,116.495,12
0,0.005,0.045,115.885,12
0,0.0075,0.045,115.842,11.984
0,0.01,0.045,113.48,12
0,0.0125,0.045,115.171,12
0,0.015,0.045,115.58,12.016
0,0.0175,0.045,112.998,12.016
0,0.02,0.045,112.204,11.984
0,0.0225,0.045,111.911,12
0,0.025,0.045,110.251,12
0,0.0275,0.045,108.109,12.016
0,0.03,0.045,107.553,12.016
0,0.0325,0.045,107.169,12.016
0,0.035,0.045,104.843,12
0,0.0375,0.045,101.962,12.016
0,0.04,0.045,101.126,12
0,0.0425,0.045,99.2279,12.016
0,0.045,0.045,98.6297,12
0,0.0475,0.045,95.8647,12
0,0.05,0.045,93.7956,12.032
0,0.0525,0.045,94.1496,12
0,0.055,0.045,90.8658,12.016
0,0.0575,0.045,88.9248,12.016
0,0.06,0.045,87.3501,12
0,0.0625,0.045,84.4081,12.016
0,0.065,0.045,84.3043,12.016
0,0.0675,0.045,84.2006,12
0,0.07,0.045,77.5903,12.032
0,0.0725,0.045,76.516,12.016
0,0.075,0.045,75.9545,12.016
0,0.0775,0.045,73.7693,12.016
0,0.08,0.045,72.8843,12
0,0.0825,0.045,71.4743,12
0,0.085,0.045,67.9647,12
0,0.0875,0.045,66.6402,12.016
0,0.09,0.045,65.389,12.032
0,0.0925,0.045,64.0645,12.016
0,0.095,0.045,61.5741,12
0,0.0975,0.045,60.1581,12.016
0,0.1,0.045,59.0411,12.032
0,0.1025,0.045,57.0879,12.016
0,0.105,0.045,54.7258,12.032
0,0.1075,0.045,52.3942,12.048
0,0.11,0.045,51.8143,12.048
0,0.1125,0.045,50.4715,12.048
0,0.115,0.045,48.439,12.048
0,0.1175,0.045,47.261,12.048
0,0.12,0.045,46.1501,12.064
0,0.1225,0.045,44.7707,12.08
0,0.125,0.045,43.5194,12.064
0,0.1275,0.045,40.8765,12.064
0,0.13,0.045,39.9609,12.08
0,0.1325,0.045,40.492,12.08
0,0.135,0.045,37.7575,12.08
0,0.1375,0.045,37.318,12.08
0,0.14,0.045,35.2855,12.096
0,0.1425,0.045,35.2245,12.08
0,0.145,0.045,34.0159,12.096
0,0.1475,0.045,33.6985,12.096
0,0.15,0.045,33.375,12.096
0,0.1525,0.045,30.018,12.144
0,0.155,0.045,30.3232,12.096
0,0.1575,0.045,28.7362,12.128
0,0.16,0.045,28.3273,12.112
0,0.1625,0.045,28.1075,12.112
0,0.165,0.045,26.0079,12.112
0,0.1675,0.045,26.7342,12.144
0,0.17,0.045,25.66,12.128
0,0.1725,0.045,24.5308,12.128
0,0.175,0.045,23.6885,12.128
0,0.1775,0.045,23.4138,12.144
0,0.18,0.045,22.9926,12.16
0,0.1825,0.045,21.5583,12.176
0,0.185,0.045,21.8024,12.16
0,0.1875,0.045,20.1239,12.144
0,0.19,0.045,20.014,12.16
0,0.1925,0.045,20.014,12.176
0,0.195,0.045,18.4454,12.176
0,0.1975,0.045,18.2989,12.192
0,0.2,0.045,18.2318,12.208
0,-0.2,0.0475,16.4678,12
0,-0.1975,0.0475,17.8289,12
0,-0.195,0.0475,17.835,12
0,-0.1925,0.0475,17.3345,12
0,-0.19,0.0475,19.1534,12
0,-0.1875,0.0475,19.4159,12
0,-0.185,0.0475,20.5756,11.984
0,-0.1825,0.0475,20.7648,11.984
0,-0.18,0.0475,21.0761,12.016
0,-0.1775,0.0475,22.1137,12
0,-0.175,0.0475,23.5664,11.984
0,-0.1725,0.0475,22.0038,11.984
0,-0.17,0.0475,23.011,12
0,-0.1675,0.0475,24.3721,11.968
0,-0.165,0.0475,25.0191,11.984
0,-0.1625,0.0475,25.8003,12
0,-0.16,0.0475,27.1249,11.984
0,-0.1575,0.0475,28.486,11.968
0,-0.155,0.0475,27.9794,11.984
0,-0.1525,0.0475,28.6569,11.968
0,-0.15,0.0475,30.7138,11.984
0,-0.1475,0.0475,30.4941,11.968
0,-0.145,0.0475,31.8918,11.968
0,-0.1425,0.0475,32.8623,11.968
0,-0.14,0.0475,33.9061,11.968
0,-0.1375,0.0475,34.4249,11.952
0,-0.135,0.0475,35.3282,11.952
0,-0.1325,0.0475,36.0729,11.936
0,-0.13,0.0475,37.9284,11.952
0,-0.1275,0.0475,39.9854,11.952
0,-0.125,0.0475,40.9925,11.952
0,-0.1225,0.0475,41.8531,11.952
0,-0.12,0.0475,42.1827,11.952
0,-0.1175,0.0475,44.0199,11.936
0,-0.115,0.0475,44.8561,11.936
0,-0.1125,0.0475,46.9375,11.952
0,-0.11,0.0475,46.8398,11.952
0,-0.1075,0.0475,47.9568,11.952
0,-0.105,0.0475,51.0941,11.936
0,-0.1025,0.0475,52.2111,11.936
0,-0.1,0.0475,54.3168,11.936
0,-0.0975,0.0475,54.3962,11.936
0,-0.095,0.0475,56.4165,11.952
0,-0.0925,0.0475,57.8997,11.952
0,-0.09,0.0475,60.5365,11.952
0,-0.0875,0.0475,61.1164,11.952
0,-0.085,0.0475,63.216,11.952
0,-0.0825,0.0475,65.9749,11.952
0,-0.08,0.0475,65.273,11.952
0,-0.0775,0.0475,67.2689,11.936
0,-0.075,0.0475,70.0644,11.952
0,-0.0725,0.0475,70.4306,11.952
0,-0.07,0.0475,73.336,11.952
0,-0.0675,0.0475,74.9596,11.968
0,-0.065,0.0475,77.4133,11.968
0,-0.0625,0.0475,77.6208,11.968
0,-0.06,0.0475,81.4844,11.968
0,-0.0575,0.0475,83.5108,11.968
0,-0.055,0.0475,84.4935,11.952
0,-0.0525,0.0475,85.8669,11.968
0,-0.05,0.0475,86.9411,11.952
0,-0.0475,0.0475,89.2666,11.968
0,-0.045,0.0475,90.762,11.952
0,-0.0425,0.0475,92.3307,11.952
0,-0.04,0.0475,93.6735,11.952
0,-0.0375,0.0475,97.3479,11.968
0,-0.035,0.0475,97.3663,11.968
0,-0.0325,0.0475,99.6857,11.984
0,-0.03,0.0475,101.059,11.984
0,-0.0275,0.0475,102.603,11.984
0,-0.025,0.0475,103.726,11.968
0,-0.0225,0.0475,104.068,11.984
0,-0.02,0.0475,106.986,11.968
0,-0.0175,0.0475,108.029,11.984
0,-0.015,0.0475,109.067,11.984
0,-0.0125,0.0475,109.11,12
0,-0.01,0.0475,110.996,12
0,-0.0075,0.0475,111.673,12
0,-0.005,0.0475,112.68,12
0,-0.0025,0.0475,112.955,11.984
0,0,0.0475,112.821,11.984
0,0.0025,0.0475,113.633,12
0,0.005,0.0475,112.54,11.984
0,0.0075,0.0475,113.138,12
0,0.01,0.0475,114.096,12
0,0.0125,0.0475,112.229,12
0,0.015,0.0475,112.363,12
0,0.0175,0.0475,110.001,12
0,0.02,0.0475,109.812,12
0,0.0225,0.0475,108.444,12
0,0.025,0.0475,108.194,12.016
0,0.0275,0.0475,106.131,12
0,0.03,0.0475,105.301,12
0,0.0325,0.0475,103.207,12
0,0.035,0.0475,102.615,12.016
0,0.0375,0.0475,100.485,12.016
0,0.04,0.0475,99.2889,12
0,0.0425,0.0475,97.2137,12.016
0,0.045,0.0475,95.8586,12
0,0.0475,0.0475,95.2177,12
0,0.05,0.0475,91.2626,12
0,0.0525,0.0475,91.2626,12.016
0,0.055,0.0475,90.9696,12
0,0.0575,0.0475,87.3257,12.016
0,0.06,0.0475,85.7692,12
0,0.0625,0.0475,84.579,12.016
0,0.065,0.0475,81.8018,12.016
0,0.0675,0.0475,81.814,12.016
0,0.07,0.0475,78.872,12.016
0,0.0725,0.0475,76.9982,12.016
0,0.075,0.0475,74.7398,12.016
0,0.0775,0.0475,73.5557,12.016
0,0.08,0.0475,72.7012,12.016
0,0.0825,0.0475,70.1315,12.016
0,0.085,0.0475,67.4093,12.016
0,0.0875,0.0475,65.6392,12.016
0,0.09,0.0475,64.626,12.016
0,0.0925,0.0475,62.4775,12
0,0.095,0.0475,59.4134,12.032
0,0.0975,0.0475,57.857,12.048
0,0.1,0.0475,57.8875,12.032
0,0.1025,0.0475,55.4582,12.048
0,0.105,0.0475,55.0554,12.032
0,0.1075,0.0475,52.5163,12.048
0,0.11,0.0475,51.3382,12.048
0,0.1125,0.0475,48.677,12.048
0,0.115,0.0475,48.8968,12.048
0,0.1175,0.0475,47.8164,12.064
0,0.12,0.0475,45.0392,12.064
0,0.1225,0.0475,45.2834,12.08
0,0.125,0.0475,42.2987,12.064
0,0.1275,0.0475,41.261,12.08
0,0.13,0.0475,40.6873,12.08
0,0.1325,0.0475,38.5571,12.096
0,0.135,0.0475,37.8796,12.064
0,0.1375,0.0475,35.8715,12.08
0,0.14,0.0475,36.0607,12.096
0,0.1425,0.0475,35.1756,12.096
0,0.145,0.0475,34.962,12.112
0,0.1475,0.0475,33.9488,12.096
0,0.15,0.0475,32.3862,12.096
0,0.1525,0.0475,31.6965,12.096
0,0.155,0.0475,30.427,12.112
0,0.1575,0.0475,28.5836,12.112
0,0.16,0.0475,28.1686,12.128
0,0.1625,0.0475,28.2113,12.112
0,0.165,0.0475,26.5389,12.128
0,0.1675,0.0475,25.4158,12.144
0,0.17,0.0475,26.3314,12.128
0,0.1725,0.0475,23.5481,12.144
0,0.175,0.0475,23.2917,12.128
0,0.1775,0.0475,23.2246,12.16
0,0.18,0.0475,21.8024,12.144
0,0.1825,0.0475,22.1931,12.144
0,0.185,0.0475,21.2348,12.144
0,0.1875,0.0475,20.893,12.176
0,0.19,0.0475,19.8614,12.192
0,0.1925,0.0475,20.014,12.16
0,0.195,0.0475,20.1056,12.176
0,0.1975,0.0475,18.1768,12.192
0,0.2,0.0475,17.066,12.224
0,-0.2,0.05,17.2857,12
0,-0.1975,0.05,16.718,11.984
0,-0.195,0.05,17.4505,12
0,-0.1925,0.05,17.3772,12
0,-0.19,0.05,18.4576,12
0,-0.1875,0.05,18.2745,11.984
0,-0.185,0.05,18.7811,12
0,-0.1825,0.05,20.0568,11.984
0,-0.18,0.05,20.0018,11.984
0,-0.1775,0.05,21.1921,11.984
0,-0.175,0.05,20.7099,12.016
0,-0.1725,0.05,22.3457,11.984
0,-0.17,0.05,23.188,12
0,-0.1675,0.05,24.2439,11.984
0,-0.165,0.05,24.6406,12
0,-0.1625,0.05,25.7332,12
0,-0.16,0.05,25.5318,11.984
0,-0.1575,0.05,27.1187,11.984
0,-0.155,0.05,29.5358,11.968
0,-0.1525,0.05,28.8339,11.968
0,-0.15,0.05,29.7678,11.952
0,-0.1475,0.05,29.7494,11.968
0,-0.145,0.05,31.5439,11.984
0,-0.1425,0.05,33.2774,11.968
0,-0.14,0.05,33.1919,11.968
0,-0.1375,0.05,35.2977,11.968
0,-0.135,0.05,35.4137,11.952
0,-0.1325,0.05,35.902,11.952
0,-0.13,0.05,37.5866,11.952
0,-0.1275,0.05,38.728,11.952
0,-0.125,0.05,39.9426,11.952
0,-0.1225,0.05,40.2966,11.936
0,-0.12,0.05,42.1522,11.936
0,-0.1175,0.05,42.7015,11.952
0,-0.115,0.05,45.5824,11.952
0,-0.1125,0.05,46.9619,11.952
0,-0.11,0.05,46.3698,11.952
0,-0.1075,0.05,48.085,11.936
0,-0.105,0.05,49.3362,11.936
0,-0.1025,0.05,51.5885,11.936
0,-0.1,0.05,53.4318,11.936
0,-0.0975,0.05,53.3403,11.952
0,-0.095,0.05,55.2141,11.952
0,-0.0925,0.05,56.8987,11.952
0,-0.09,0.05,59.0594,11.936
0,-0.0875,0.05,60.3534,11.936
0,-0.085,0.05,62.6301,11.952
0,-0.0825,0.05,63.271,11.952
0,-0.08,0.05,65.1997,11.952
0,-0.0775,0.05,65.5232,11.952
0,-0.075,0.05,68.4835,11.952
0,-0.0725,0.05,69.686,11.952
0,-0.07,0.05,71.9138,11.952
0,-0.0675,0.05,73.3909,11.952
0,-0.065,0.05,75.9423,11.968
0,-0.0625,0.05,78.2189,11.952
0,-0.06,0.05,79.3359,11.968
0,-0.0575,0.05,80.4895,11.984
0,-0.055,0.05,81.9056,11.968
0,-0.0525,0.05,84.4142,11.968
0,-0.05,0.05,86.1415,11.984
0,-0.0475,0.05,88.2046,11.968
0,-0.045,0.05,90.5911,11.984
0,-0.0425,0.05,90.2982,11.968
0,-0.04,0.05,94.6745,11.968
0,-0.0375,0.05,93.6613,11.968
0,-0.035,0.05,97.6165,11.968
0,-0.0325,0.05,96.3652,11.968
0,-0.03,0.05,99.7711,11.984
0,-0.0275,0.05,100.034,11.984
0,-0.025,0.05,100.546,11.968
0,-0.0225,0.05,102.383,11.984
0,-0.02,0.05,104.019,11.984
0,-0.0175,0.05,104.63,11.984
0,-0.015,0.05,106.284,12
0,-0.0125,0.05,107.016,11.984
0,-0.01,0.05,110.154,11.984
0,-0.0075,0.05,108.567,11.984
0,-0.005,0.05,109.824,12
0,-0.0025,0.05,110.031,12
0,0,0.05,110.813,12
0,0.0025,0.05,109.104,12
0,0.005,0.05,110.196,11.984
0,0.0075,0.05,109.317,12
0,0.01,0.05,109.33,12.016
0,0.0125,0.05,109.897,12
0,0.015,0.05,110.16,11.984
0,0.0175,0.05,109.305,12
0,0.02,0.05,107.974,12
0,0.0225,0.05,105.747,12
0,0.025,0.05,104.703,12
0,0.0275,0.05,104.941,12
0,0.03,0.05,103.018,12
0,0.0325,0.05,101.7,12
0,0.035,0.05,101.09,12
0,0.0375,0.05,97.5616,12.016
0,0.04,0.05,96.3958,12.016
0,0.0425,0.05,94.6196,12.016
0,0.045,0.05,93.9238,12.016
0,0.0475,0.05,92.5138,12
0,0.05,0.05,91.1222,12
0,0.0525,0.05,88.876,12.016
0,0.055,0.05,87.2524,12.016
0,0.0575,0.05,84.933,12.016
0,0.06,0.05,82.9554,12.016
0,0.0625,0.05,80.4895,12
0,0.065,0.05,81.0389,12.016
0,0.0675,0.05,79.1101,12.016
0,0.07,0.05,74.9229,12.032
0,0.0725,0.05,76.5404,12.016
0,0.075,0.05,73.6839,12.016
0,0.0775,0.05,71.7307,12.016
0,0.08,0.05,69.8325,12.016
0,0.0825,0.05,68.1845,12.016
0,0.085,0.05,66.4144,12.032
0,0.0875,0.05,65.0105,12.016
0,0.09,0.05,62.8803,12.016
0,0.0925,0.05,60.1215,12.032
0,0.095,0.05,60.0299,12.032
0,0.0975,0.05,58.0218,12.032
0,0.1,0.05,55.678,12.048
0,0.1025,0.05,54.7197,12.032
0,0.105,0.05,53.5295,12.048
0,0.1075,0.05,51.735,12.048
0,0.11,0.05,51.6068,12.064
0,0.1125,0.05,49.9161,12.032
0,0.115,0.05,46.7299,12.064
0,0.1175,0.05,44.8134,12.064
0,0.12,0.05,46.5835,12.048
0,0.1225,0.05,43.9222,12.064
0,0.125,0.05,42.9884,12.064
0,0.1275,0.05,41.5479,12.064
0,0.13,0.05,39.7107,12.08
0,0.1325,0.05,38.2763,12.08
0,0.135,0.05,38.2153,12.08
0,0.1375,0.05,36.9091,12.08
0,0.14,0.05,36.2194,12.08
0,0.1425,0.05,35.3832,12.096
0,0.145,0.05,33.3506,12.096
0,0.1475,0.05,32.3252,12.096
0,0.15,0.05,31.2082,12.096
0,0.1525,0.05,30.8481,12.096
0,0.155,0.05,30.2866,12.096
0,0.1575,0.05,29.4259,12.112
0,0.16,0.05,28.0648,12.112
0,0.1625,0.05,28.0709,12.128
0,0.165,0.05,26.2703,12.144
0,0.1675,0.05,25.6478,12.112
0,0.17,0.05,25.1656,12.128
0,0.1725,0.05,24.1157,12.128
0,0.175,0.05,23.1697,12.144
0,0.1775,0.05,22.6997,12.144
0,0.18,0.05,22.8889,12.144
0,0.1825,0.05,21.8635,12.176
0,0.185,0.05,21.0334,12.16
0,0.1875,0.05,20.7587,12.16
0,0.19,0.05,20.1178,12.16
0,0.1925,0.05,19.5379,12.16
0,0.195,0.05,18.598,12.16
0,0.1975,0.05,20.4596,12.208
0,0.2,0.05,16.5532,12.208
0,-0.2,0.0525,16.6936,12
0,-0.1975,0.0525,17.3833,12
0,-0.195,0.0525,17.365,12
0,-0.1925,0.0525,17.8838,12
0,-0.19,0.0525,19.013,12
0,-0.1875,0.0525,18.0181,12
0,-0.185,0.0525,20.4291,12
0,-0.1825,0.0525,20.1544,12.016
0,-0.18,0.0525,20.7587,12
0,-0.1775,0.0525,21.3263,12
0,-0.175,0.0525,22.0344,12
0,-0.1725,0.0525,22.0771,12.016
0,-0.17,0.0525,23.3283,11.984
0,-0.1675,0.0525,23.78,12.016
0,-0.165,0.0525,24.0425,11.984
0,-0.1625,0.0525,25.0496,12
0,-0.16,0.0525,26.252,12
0,-0.1575,0.0525,27.1554,11.984
0,-0.155,0.0525,27.4667,12
0,-0.1525,0.0525,28.9865,11.984
0,-0.15,0.0525,30.1462,11.984
0,-0.1475,0.0525,30.4697,11.984
0,-0.145,0.0525,31.1045,11.968
0,-0.1425,0.0525,32.9356,11.968
0,-0.14,0.0525,33.1492,11.968
0,-0.1375,0.0525,34.7118,11.968
0,-0.135,0.0525,35.5296,11.968
0,-0.1325,0.0525,35.6029,11.968
0,-0.13,0.0525,36.8175,11.968
0,-0.1275,0.0525,38.5876,11.968
0,-0.125,0.0525,39.3567,11.952
0,-0.1225,0.0525,40.5774,11.952
0,-0.12,0.0525,39.7961,11.952
0,-0.1175,0.0525,44.203,11.952
0,-0.115,0.0525,43.733,11.936
0,-0.1125,0.0525,45.2773,11.936
0,-0.11,0.0525,45.9914,11.952
0,-0.1075,0.0525,49.1836,11.936
0,-0.105,0.0525,50.1968,11.936
0,-0.1025,0.0525,50.4837,11.952
0,-0.1,0.0525,51.6923,11.936
0,-0.0975,0.0525,54.0422,11.952
0,-0.095,0.0525,55.0188,11.952
0,-0.0925,0.0525,57.5518,11.952
0,-0.09,0.0525,58.0584,11.936
0,-0.0875,0.0525,59.6026,11.968
0,-0.085,0.0525,60.9333,11.936
0,-0.0825,0.0525,61.684,11.968
0,-0.08,0.0525,64.8579,11.952
0,-0.0775,0.0525,67.0431,11.968
0,-0.075,0.0525,68.2089,11.952
0,-0.0725,0.0525,69.6005,11.968
0,-0.07,0.0525,70.6198,11.968
0,-0.0675,0.0525,71.5232,11.952
0,-0.065,0.0525,74.5201,11.952
0,-0.0625,0.0525,74.9779,11.968
0,-0.06,0.0525,78.2739,11.952
0,-0.0575,0.0525,79.5373,11.968
0,-0.055,0.0525,82.0032,11.968
0,-0.0525,0.0525,81.7652,11.968
0,-0.05,0.0525,83.5597,11.952
0,-0.0475,0.0525,84.1395,11.968
0,-0.045,0.0525,87.6858,11.968
0,-0.0425,0.0525,89.1324,11.968
0,-0.04,0.0525,91.2076,11.968
0,-0.0375,0.0525,91.6776,11.968
0,-0.035,0.0525,92.9594,11.984
0,-0.0325,0.0525,94.6989,11.968
0,-0.03,0.0525,95.3154,11.968
0,-0.0275,0.0525,99.0143,11.968
0,-0.025,0.0525,101.297,11.984
0,-0.0225,0.0525,98.7396,11.968
0,-0.02,0.0525,101.779,11.984
0,-0.0175,0.0525,102.084,11.984
0,-0.015,0.0525,102.902,11.984
0,-0.0125,0.0525,104.294,11.968
0,-0.01,0.0525,104.843,11.968
0,-0.0075,0.0525,107.334,11.984
0,-0.005,0.0525,106.717,11.984
0,-0.0025,0.0525,106.87,11.984
0,0,0.0525,106.424,11.984
0,0.0025,0.0525,107.529,11.984
0,0.005,0.0525,107.028,12
0,0.0075,0.0525,108.347,12
0,0.01,0.0525,107.791,12
0,0.0125,0.0525,105.991,11.984
0,0.015,0.0525,105.423,12
0,0.0175,0.0525,106.095,12
0,0.02,0.0525,104.288,12.016
0,0.0225,0.0525,102.634,12.016
0,0.025,0.0525,103.006,12
0,0.0275,0.0525,102.335,12
0,0.03,0.0525,100.9,12.016
0,0.0325,0.0525,99.1302,12.016
0,0.035,0.0525,97.4883,12.016
0,0.0375,0.0525,96.1699,12.016
0,0.04,0.0525,94.9065,12.016
0,0.0425,0.0525,95.7427,12.016
0,0.045,0.0525,91.3663,12.016
0,0.0475,0.0525,90.994,12.016
0,0.05,0.0525,88.2839,12.032
0,0.0525,0.0525,88.2229,12.016
0,0.055,0.0525,85.7814,12
0,0.0575,0.0525,84.0602,12.016
0,0.06,0.0525,83.3155,12.016
0,0.0625,0.0525,80.7703,12.016
0,0.065,0.0525,78.8171,12.016
0,0.0675,0.0525,77.9931,12.016
0,0.07,0.0525,75.1183,12.016
0,0.0725,0.0525,73.2078,12
0,0.075,0.0525,72.6646,12.016
0,0.0775,0.0525,71.5354,12.016
0,0.08,0.0525,69.3564,12.016
0,0.0825,0.0525,66.213,12.016
0,0.085,0.0525,65.1021,12.032
0,0.0875,0.0525,64.9556,12.016
0,0.09,0.0525,61.4338,12.032
0,0.0925,0.0525,61.0736,12.032
0,0.095,0.0525,59.2914,12.032
0,0.0975,0.0525,58.5467,12.032
0,0.1,0.0525,56.6851,12.032
0,0.1025,0.0525,55.2934,12.032
0,0.105,0.0525,52.7909,12.048
0,0.1075,0.0525,51.9059,12.032
0,0.11,0.0525,50.2823,12.032
0,0.1125,0.0525,48.8296,12.048
0,0.115,0.0525,47.969,12.064
0,0.1175,0.0525,45.79,12.064
0,0.12,0.0525,44.5082,12.064
0,0.1225,0.0525,43.7269,12.064
0,0.125,0.0525,43.4034,12.064
0,0.1275,0.0525,41.7493,12.064
0,0.13,0.0525,39.5703,12.048
0,0.1325,0.0525,38.8318,12.08
0,0.135,0.0525,36.8664,12.064
0,0.1375,0.0525,36.2743,12.096
0,0.14,0.0525,34.7545,12.08
0,0.1425,0.0525,34.6385,12.128
0,0.145,0.0525,31.9102,12.128
0,0.1475,0.0525,32.2764,12.096
0,0.15,0.0525,31.6172,12.112
0,0.1525,0.0525,30.1401,12.096
0,0.155,0.0525,29.9448,12.112
0,0.1575,0.0525,28.486,12.128
0,0.16,0.0525,27.2591,12.128
0,0.1625,0.0525,27.2774,12.112
0,0.165,0.0525,26.1971,12.128
0,0.1675,0.0525,26.2703,12.144
0,0.17,0.0525,25.0496,12.144
0,0.1725,0.0525,25.0252,12.144
0,0.175,0.0525,23.3467,12.16
0,0.1775,0.0525,23.5725,12.144
0,0.18,0.0525,22.5105,12.16
0,0.1825,0.0525,21.5888,12.16
0,0.185,0.0525,21.0028,12.16
0,0.1875,0.0525,20.4596,12.176
0,0.19,0.0525,19.3121,12.16
0,0.1925,0.0525,18.7933,12.176
0,0.195,0.0525,17.8594,12.192
0,0.1975,0.0525,19.0313,12.176
0,0.2,0.0525,17.5359,12.176
0,-0.2,0.055,16.5838,12.016
0,-0.1975,0.055,16.6265,12.032
0,-0.195,0.055,18.244,12.016
0,-0.1925,0.055,17.4139,12.016
0,-0.19,0.055,17.6092,11.984
0,-0.1875,0.055,18.2501,12
0,-0.185,0.055,19.7943,12.016
0,-0.1825,0.055,19.6905,12
0,-0.18,0.055,22.2602,12.016
0,-0.1775,0.055,21.6071,12
0,-0.175,0.055,21.2775,12
0,-0.1725,0.055,23.0354,12
0,-0.17,0.055,23.5481,12
0,-0.1675,0.055,24.3477,12
0,-0.165,0.055,23.3772,12.016
0,-0.1625,0.055,24.9153,12
0,-0.16,0.055,25.7393,12
0,-0.1575,0.055,27.3446,12
0,-0.155,0.055,28.1137,11.984
0,-0.1525,0.055,27.2897,11.968
0,-0.15,0.055,29.0109,11.984
0,-0.1475,0.055,30.0302,11.984
0,-0.145,0.055,31.605,11.984
0,-0.1425,0.055,31.9712,11.968
0,-0.14,0.055,32.3557,11.968
0,-0.1375,0.055,33.2224,11.968
0,-0.135,0.055,34.0587,11.968
0,-0.1325,0.055,36.8419,11.968
0,-0.13,0.055,37.4279,11.952
0,-0.1275,0.055,38.5693,11.968
0,-0.125,0.055,39.0576,11.952
0,-0.1225,0.055,40.5286,11.952
0,-0.12,0.055,41.493,11.952
0,-0.1175,0.055,42.3475,11.952
0,-0.115,0.055,43.0677,11.952
0,-0.1125,0.055,43.7086,11.952
0,-0.11,0.055,45.5947,11.952
0,-0.1075,0.055,47.6516,11.952
0,-0.105,0.055,50.2335,11.952
0,-0.1025,0.055,50.4288,11.968
0,-0.1,0.055,50.8438,11.936
0,-0.0975,0.055,52.5468,11.952
0,-0.095,0.055,54.3168,11.952
0,-0.0925,0.055,54.6525,11.952
0,-0.09,0.055,56.093,11.936
0,-0.0875,0.055,58.9496,11.968
0,-0.085,0.055,59.4073,11.952
0,-0.0825,0.055,60.976,11.952
0,-0.08,0.055,62.9353,11.952
0,-0.0775,0.055,64.5283,11.952
0,-0.075,0.055,67.6046,11.968
0,-0.0725,0.055,68.16,11.952
0,-0.07,0.055,69.1244,11.952
0,-0.0675,0.055,70.809,11.984
0,-0.065,0.055,74.6971,11.968
0,-0.0625,0.055,73.9525,11.952
0,-0.06,0.055,77.1691,11.968
0,-0.0575,0.055,76.6381,11.952
0,-0.055,0.055,79.3359,11.952
0,-0.0525,0.055,80.7276,11.968
0,-0.05,0.055,83.517,11.984
0,-0.0475,0.055,84.17,11.984
0,-0.045,0.055,86.9533,11.968
0,-0.0425,0.055,87.6614,11.968
0,-0.04,0.055,88.5037,11.984
0,-0.0375,0.055,89.877,11.984
0,-0.035,0.055,92.8007,11.984
0,-0.0325,0.055,92.9777,11.968
0,-0.03,0.055,95.5473,11.968
0,-0.0275,0.055,96.7009,11.984
0,-0.025,0.055,97.5677,11.968
0,-0.0225,0.055,98.4466,11.984
0,-0.02,0.055,98.4039,11.968
0,-0.0175,0.055,99.5575,11.968
0,-0.015,0.055,101.425,11.968
0,-0.0125,0.055,100.76,11.984
0,-0.01,0.055,103.104,11.984
0,-0.0075,0.055,103.085,12
0,-0.005,0.055,103.037,11.984
0,-0.0025,0.055,103.952,11.984
0,0,0.055,104.154,11.984
0,0.0025,0.055,104.239,12
0,0.005,0.055,103.165,12
0,0.0075,0.055,103.983,12
0,0.01,0.055,104.251,12
0,0.0125,0.055,103.909,12
0,0.015,0.055,101.914,12
0,0.0175,0.055,102.585,11.984
0,0.02,0.055,103.146,12
0,0.0225,0.055,100.504,12.016
0,0.025,0.055,100.113,12.016
0,0.0275,0.055,98.0865,12.016
0,0.03,0.055,97.4517,12.016
0,0.0325,0.055,97.1404,12.016
0,0.035,0.055,96.1028,12.016
0,0.0375,0.055,96.8841,12.016
0,0.04,0.055,92.4345,12.016
0,0.0425,0.055,92.3429,12
0,0.045,0.055,90.6278,12.016
0,0.0475,0.055,89.7855,12.016
0,0.05,0.055,87.936,12.016
0,0.0525,0.055,86.7519,12.016
0,0.055,0.055,84.0785,12
0,0.0575,0.055,82.815,12.016
0,0.06,0.055,79.7876,12.016
0,0.0625,0.055,79.8486,12.016
0,0.065,0.055,77.1752,12.016
0,0.0675,0.055,76.6198,12.016
0,0.07,0.055,73.5618,12.016
0,0.0725,0.055,71.9871,12.032
0,0.075,0.055,71.5171,12.032
0,0.0775,0.055,70.3391,12.032
0,0.08,0.055,66.7562,12.032
0,0.0825,0.055,68.7155,12.032
0,0.085,0.055,65.1631,12.032
0,0.0875,0.055,63.3564,12.032
0,0.09,0.055,60.6647,12.032
0,0.0925,0.055,60.8661,12.032
0,0.095,0.055,59.7247,12.032
0,0.0975,0.055,55.8184,12.048
0,0.1,0.055,56.2334,12.032
0,0.1025,0.055,54.5061,12.032
0,0.105,0.055,52.0463,12.064
0,0.1075,0.055,50.4715,12.048
0,0.11,0.055,50.5081,12.048
0,0.1125,0.055,48.262,12.08
0,0.115,0.055,46.1989,12.064
0,0.1175,0.055,44.2885,12.064
0,0.12,0.055,43.9467,12.08
0,0.1225,0.055,42.9334,12.064
0,0.125,0.055,41.8592,12.08
0,0.1275,0.055,41.1267,12.064
0,0.13,0.055,39.8938,12.08
0,0.1325,0.055,38.4411,12.112
0,0.135,0.055,38.2641,12.096
0,0.1375,0.055,35.5052,12.096
0,0.14,0.055,34.4615,12.08
0,0.1425,0.055,34.8155,12.112
0,0.145,0.055,33.1065,12.112
0,0.1475,0.055,32.0566,12.112
0,0.15,0.055,31.2143,12.128
0,0.1525,0.055,29.4748,12.128
0,0.155,0.055,30.4636,12.112
0,0.1575,0.055,29.0902,12.112
0,0.16,0.055,26.9478,12.128
0,0.1625,0.055,26.6732,12.144
0,0.165,0.055,25.6783,12.144
0,0.1675,0.055,25.837,12.128
0,0.17,0.055,23.542,12.16
0,0.1725,0.055,24.5918,12.16
0,0.175,0.055,22.8767,12.16
0,0.1775,0.055,22.5227,12.16
0,0.18,0.055,22.1747,12.176
0,0.1825,0.055,21.1615,12.16
0,0.185,0.055,20.6183,12.192
0,0.1875,0.055,20.3436,12.192
0,0.19,0.055,19.0069,12.208
0,0.1925,0.055,19.5868,12.192
0,0.195,0.055,18.6041,12.192
0,0.1975,0.055,17.9266,12.208
0,0.2,0.055,17.2613,12.192
0,-0.2,0.0575,16.3091,12.016
0,-0.1975,0.0575,16.6509,12
0,-0.195,0.0575,17.6458,12
0,-0.1925,0.0575,16.8157,12.016
0,-0.19,0.0575,17.9022,12.016
0,-0.1875,0.0575,17.7496,12.016
0,-0.185,0.0575,19.8004,12.016
0,-0.1825,0.0575,18.891,12.016
0,-0.18,0.0575,20.3436,12.032
0,-0.1775,0.0575,20.7465,12.016
0,-0.175,0.0575,20.9296,12.032
0,-0.1725,0.0575,22.6508,12.016
0,-0.17,0.0575,21.9001,12
0,-0.1675,0.0575,22.4555,12.032
0,-0.165,0.0575,24.9763,12.016
0,-0.1625,0.0575,25.0252,12.016
0,-0.16,0.0575,26.0994,12
0,-0.1575,0.0575,26.3131,12.016
0,-0.155,0.0575,26.5755,12.016
0,-0.1525,0.0575,28.7301,11.984
0,-0.15,0.0575,28.1259,11.968
0,-0.1475,0.0575,29.4198,11.984
0,-0.145,0.0575,30.6467,11.984
0,-0.1425,0.0575,30.1279,11.968
0,-0.14,0.0575,32.252,11.968
0,-0.1375,0.0575,32.6609,11.968
0,-0.135,0.0575,34.3944,11.968
0,-0.1325,0.0575,34.2723,11.968
0,-0.13,0.0575,36.1766,11.968
0,-0.1275,0.0575,36.6527,11.952
0,-0.125,0.0575,37.9589,11.952
0,-0.1225,0.0575,39.0576,11.952
0,-0.12,0.0575,39.5703,11.952
0,-0.1175,0.0575,41.139,11.952
0,-0.115,0.0575,41.9752,11.952
0,-0.1125,0.0575,43.0311,11.952
0,-0.11,0.0575,44.7035,11.936
0,-0.1075,0.0575,46.852,11.952
0,-0.105,0.0575,48.3535,11.968
0,-0.1025,0.0575,49.0982,11.968
0,-0.1,0.0575,50.911,11.952
0,-0.0975,0.0575,50.8072,11.968
0,-0.095,0.0575,53.1816,11.952
0,-0.0925,0.0575,54.9883,11.952
0,-0.09,0.0575,57.5579,11.968
0,-0.0875,0.0575,57.7837,11.952
0,-0.085,0.0575,58.5955,11.968
0,-0.0825,0.0575,60.3961,11.952
0,-0.08,0.0575,60.7257,11.968
0,-0.0775,0.0575,63.6433,11.968
0,-0.075,0.0575,64.7847,11.968
0,-0.0725,0.0575,64.687,11.968
0,-0.07,0.0575,67.4886,11.968
0,-0.0675,0.0575,69.3564,11.968
0,-0.065,0.0575,71.7246,11.968
0,-0.0625,0.0575,74.0745,11.968
0,-0.06,0.0575,75.4295,11.952
0,-0.0575,0.0575,75.6859,11.968
0,-0.055,0.0575,77.3583,11.952
0,-0.0525,0.0575,80.0317,11.968
0,-0.05,0.0575,79.8486,11.968
0,-0.0475,0.0575,83.2362,11.968
0,-0.045,0.0575,83.0714,11.968
0,-0.0425,0.0575,85.6166,11.968
0,-0.04,0.0575,87.4294,11.968
0,-0.0375,0.0575,88.6929,11.968
0,-0.035,0.0575,91.3297,11.968
0,-0.0325,0.0575,91.2687,11.968
0,-0.03,0.0575,92.0927,11.968
0,-0.0275,0.0575,92.7396,11.984
0,-0.025,0.0575,93.881,11.984
0,-0.0225,0.0575,95.1323,11.984
0,-0.02,0.0575,97.6592,11.984
0,-0.0175,0.0575,96.6033,11.984
0,-0.015,0.0575,98.8678,11.984
0,-0.0125,0.0575,97.5982,11.968
0,-0.01,0.0575,99.35,11.968
0,-0.0075,0.0575,100.381,11.984
0,-0.005,0.0575,100.729,11.984
0,-0.0025,0.0575,101.248,12
0,0,0.0575,100.589,12
0,0.0025,0.0575,101.938,12
0,0.005,0.0575,101.938,12
0,0.0075,0.0575,101.199,12
0,0.01,0.0575,100.815,12
0,0.0125,0.0575,101.498,11.984
0,0.015,0.0575,102.725,12
0,0.0175,0.0575,99.5392,12.016
0,0.02,0.0575,100.497,12
0,0.0225,0.0575,99.0814,12
0,0.025,0.0575,98.2147,12.016
0,0.0275,0.0575,96.2981,12
0,0.03,0.0575,95.3215,12.032
0,0.0325,0.0575,94.0214,12.032
0,0.035,0.0575,93.8566,12.016
0,0.0375,0.0575,93.0937,12.016
0,0.04,0.0575,91.1222,12.016
0,0.0425,0.0575,91.1954,12
0,0.045,0.0575,89.1629,12.032
0,0.0475,0.0575,87.3989,12.016
0,0.05,0.0575,85.4457,12
0,0.0525,0.0575,84.4752,12.016
0,0.055,0.0575,82.7967,12.016
0,0.0575,0.0575,81.0633,12.032
0,0.06,0.0575,81.1426,12.016
0,0.0625,0.0575,77.871,12.016
0,0.065,0.0575,76.9311,12.032
0,0.0675,0.0575,74.5384,12.016
0,0.07,0.0575,71.8894,12.032
0,0.0725,0.0575,70.5283,12.016
0,0.075,0.0575,68.685,12.032
0,0.0775,0.0575,68.5934,12.016
0,0.08,0.0575,66.9881,12.016
0,0.0825,0.0575,64.8091,12.016
0,0.085,0.0575,63.2466,12.032
0,0.0875,0.0575,62.1113,12.032
0,0.09,0.0575,61.0553,12.032
0,0.0925,0.0575,58.3636,12.032
0,0.095,0.0575,58.0035,12.032
0,0.0975,0.0575,56.8621,12.032
0,0.1,0.0575,54.0361,12.048
0,0.1025,0.0575,52.8153,12.048
0,0.105,0.0575,52.5468,12.048
0,0.1075,0.0575,50.7523,12.048
0,0.11,0.0575,48.5794,12.064
0,0.1125,0.0575,46.1074,12.048
0,0.115,0.0575,46.9558,12.048
0,0.1175,0.0575,45.8327,12.064
0,0.12,0.0575,43.1959,12.064
0,0.1225,0.0575,43.6293,12.08
0,0.125,0.0575,41.6944,12.08
0,0.1275,0.0575,39.6863,12.064
0,0.13,0.0575,38.6608,12.096
0,0.1325,0.0575,37.8491,12.08
0,0.135,0.0575,36.8847,12.112
0,0.1375,0.0575,34.431,12.096
0,0.14,0.0575,34.9376,12.096
0,0.1425,0.0575,35.609,12.096
0,0.145,0.0575,32.7403,12.096
0,0.1475,0.0575,32.075,12.128
0,0.15,0.0575,30.9946,12.112
0,0.1525,0.0575,31.605,12.128
0,0.155,0.0575,30.0546,12.096
0,0.1575,0.0575,28.9987,12.112
0,0.16,0.0575,28.3273,12.128
0,0.1625,0.0575,27.4361,12.144
0,0.165,0.0575,25.4097,12.144
0,0.1675,0.0575,23.9692,12.16
0,0.17,0.0575,24.5979,12.144
0,0.1725,0.0575,24.2744,12.144
0,0.175,0.0575,23.0903,12.16
0,0.1775,0.0575,21.6681,12.176
0,0.18,0.0575,21.3385,12.176
0,0.1825,0.0575,21.6987,12.176
0,0.185,0.0575,21.6437,12.16
0,0.1875,0.0575,20.7404,12.208
0,0.19,0.0575,19.8981,12.192
0,0.1925,0.0575,19.9408,12.192
0,0.195,0.0575,18.4881,12.208
0,0.1975,0.0575,17.8961,12.208
0,0.2,0.0575,17.2246,12.208
0,-0.2,0.06,16.3701,12
0,-0.1975,0.06,17.1514,12.016
0,-0.195,0.06,18.1097,12
0,-0.1925,0.06,17.7618,12.016
0,-0.19,0.06,17.1026,12
0,-0.1875,0.06,18.1097,12
0,-0.185,0.06,19.068,12.016
0,-0.1825,0.06,17.9327,12
0,-0.18,0.06,20.1544,12.016
0,-0.1775,0.06,20.1849,12
0,-0.175,0.06,20.9906,12.016
0,-0.1725,0.06,21.6193,12.016
0,-0.17,0.06,21.8085,12.016
0,-0.1675,0.06,23.8838,12.016
0,-0.165,0.06,23.4321,12
0,-0.1625,0.06,24.5857,12.016
0,-0.16,0.06,26.0262,12.016
0,-0.1575,0.06,26.4534,12
0,-0.155,0.06,26.5572,12
0,-0.1525,0.06,26.5572,11.984
0,-0.15,0.06,27.8756,12
0,-0.1475,0.06,29.1757,11.984
0,-0.145,0.06,30.0913,11.984
0,-0.1425,0.06,33.2774,12
0,-0.14,0.06,30.9641,11.984
0,-0.1375,0.06,31.727,11.968
0,-0.135,0.06,32.5816,11.984
0,-0.1325,0.06,35.2977,11.968
0,-0.13,0.06,34.9742,11.968
0,-0.1275,0.06,37.3058,11.968
0,-0.125,0.06,38.844,11.968
0,-0.1225,0.06,38.4594,11.968
0,-0.12,0.06,38.9294,11.952
0,-0.1175,0.06,41.1634,11.968
0,-0.115,0.06,41.3648,11.952
0,-0.1125,0.06,43.1471,11.968
0,-0.11,0.06,43.6415,11.968
0,-0.1075,0.06,46.4309,11.984
0,-0.105,0.06,46.3454,11.968
0,-0.1025,0.06,47.615,11.968
0,-0.1,0.06,49.5254,11.952
0,-0.0975,0.06,50.6302,11.968
0,-0.095,0.06,51.8021,11.968
0,-0.0925,0.06,52.9008,11.968
0,-0.09,0.06,54.1154,11.968
0,-0.0875,0.06,56.4104,11.968
0,-0.085,0.06,58.1927,11.968
0,-0.0825,0.06,59.3951,11.968
0,-0.08,0.06,60.0116,11.968
0,-0.0775,0.06,62.5446,11.968
0,-0.075,0.06,64.6504,11.952
0,-0.0725,0.06,65.3645,11.952
0,-0.07,0.06,67.1529,11.952
0,-0.0675,0.06,70.0278,11.968
0,-0.065,0.06,70.1437,11.968
0,-0.0625,0.06,72.396,11.968
0,-0.06,0.06,73.7632,11.984
0,-0.0575,0.06,75.5943,11.968
0,-0.055,0.06,75.1305,11.984
0,-0.0525,0.06,78.3349,11.984
0,-0.05,0.06,79.5312,11.968
0,-0.0475,0.06,80.1904,11.968
0,-0.045,0.06,82.5404,11.968
0,-0.0425,0.06,83.2179,11.984
0,-0.04,0.06,85.2016,11.968
0,-0.0375,0.06,87.2524,11.968
0,-0.035,0.06,88.4243,11.984
0,-0.0325,0.06,89.1995,11.968
0,-0.03,0.06,89.9869,11.968
0,-0.0275,0.06,90.7071,11.984
0,-0.025,0.06,93.5026,11.984
0,-0.0225,0.06,92.172,11.984
0,-0.02,0.06,93.4294,11.984
0,-0.0175,0.06,95.1262,11.984
0,-0.015,0.06,95.7427,11.968
0,-0.0125,0.06,95.6877,11.968
0,-0.01,0.06,99.7223,11.984
0,-0.0075,0.06,96.8902,11.984
0,-0.005,0.06,98.0804,12
0,-0.0025,0.06,99.7406,11.984
0,0,0.06,98.6236,12
0,0.0025,0.06,99.9725,12
0,0.005,0.06,99.2035,12
0,0.0075,0.06,98.3917,12.016
0,0.01,0.06,99.1913,12
0,0.0125,0.06,97.879,12.016
0,0.015,0.06,98.3489,12
0,0.0175,0.06,96.7742,12.016
0,0.02,0.06,96.4385,12.032
0,0.0225,0.06,95.8769,12.016
0,0.025,0.06,96.8657,12.016
0,0.0275,0.06,94.1984,12.032
0,0.03,0.06,93.4477,12.016
0,0.0325,0.06,93.0082,12
0,0.035,0.06,91.5677,12.016
0,0.0375,0.06,90.5484,12.016
0,0.04,0.06,88.8455,12.016
0,0.0425,0.06,87.9543,12.032
0,0.045,0.06,85.8547,12.016
0,0.0475,0.06,85.1222,12.016
0,0.05,0.06,84.4691,12.016
0,0.0525,0.06,82.1986,12.016
0,0.055,0.06,80.3919,12.016
0,0.0575,0.06,78.7622,12.032
0,0.06,0.06,79.3176,12.032
0,0.0625,0.06,76.8639,12.016
0,0.065,0.06,74.5262,12.032
0,0.0675,0.06,72.8111,12.032
0,0.07,0.06,71.8345,12.032
0,0.0725,0.06,70.1437,12.032
0,0.075,0.06,68.6483,12.032
0,0.0775,0.06,66.7013,12.032
0,0.08,0.06,67.0003,12.016
0,0.0825,0.06,64.6809,12.032
0,0.085,0.06,63.0696,12.032
0,0.0875,0.06,60.2252,12.048
0,0.09,0.06,59.6881,12.048
0,0.0925,0.06,58.974,12.032
0,0.095,0.06,56.9109,12.048
0,0.0975,0.06,55.7085,12.048
0,0.1,0.06,53.0412,12.048
0,0.1025,0.06,52.5163,12.048
0,0.105,0.06,50.911,12.064
0,0.1075,0.06,47.9934,12.064
0,0.11,0.06,48.1887,12.08
0,0.1125,0.06,47.2915,12.064
0,0.115,0.06,46.1013,12.064
0,0.1175,0.06,44.8317,12.064
0,0.12,0.06,43.0738,12.064
0,0.1225,0.06,40.5408,12.08
0,0.125,0.06,41.3709,12.08
0,0.1275,0.06,39.7351,12.096
0,0.13,0.06,38.6059,12.096
0,0.1325,0.06,35.9752,12.112
0,0.135,0.06,36.2499,12.096
0,0.1375,0.06,35.6761,12.112
0,0.14,0.06,33.9488,12.112
0,0.1425,0.06,33.0943,12.096
0,0.145,0.06,33.4178,12.112
0,0.1475,0.06,30.0974,12.112
0,0.15,0.06,31.1167,12.112
0,0.1525,0.06,29.3527,12.112
0,0.155,0.06,28.5897,12.128
0,0.1575,0.06,27.1859,12.128
0,0.16,0.06,27.0089,12.144
0,0.1625,0.06,26.5267,12.128
0,0.165,0.06,25.19,12.112
0,0.1675,0.06,24.9825,12.16
0,0.17,0.06,23.0293,12.16
0,0.1725,0.06,24.311,12.16
0,0.175,0.06,22.5166,12.176
0,0.1775,0.06,23.7922,12.16
0,0.18,0.06,21.7841,12.176
0,0.1825,0.06,22.1809,12.176
0,0.185,0.06,20.5817,12.176
0,0.1875,0.06,20.5634,12.192
0,0.19,0.06,19.6661,12.208
0,0.1925,0.06,19.2694,12.208
0,0.195,0.06,18.244,12.224
0,0.1975,0.06,18.0975,12.224
0,0.2,0.06,17.5054,12.224
0,-0.2,0.0625,16.0405,12.016
0,-0.1975,0.0625,16.8279,12.016
0,-0.195,0.0625,15.3935,12.016
0,-0.1925,0.0625,17.0293,12.032
0,-0.19,0.0625,17.1392,12.032
0,-0.1875,0.0625,18.5064,12.016
0,-0.185,0.0625,17.8472,12.048
0,-0.1825,0.0625,19.6234,12.032
0,-0.18,0.0625,20.246,12.032
0,-0.1775,0.0625,21.308,12.016
0,-0.175,0.0625,20.5145,12
0,-0.1725,0.0625,21.4606,12.032
0,-0.17,0.0625,20.484,12.016
0,-0.1675,0.0625,22.7241,12
0,-0.165,0.0625,23.7922,12.016
0,-0.1625,0.0625,24.3721,12.016
0,-0.16,0.0625,25.0984,12.016
0,-0.1575,0.0625,24.9641,12.016
0,-0.155,0.0625,27.0821,12
0,-0.1525,0.0625,26.1483,12.016
0,-0.15,0.0625,27.1249,12
0,-0.1475,0.0625,28.1381,12
0,-0.145,0.0625,29.255,12
0,-0.1425,0.0625,30.2805,12
0,-0.14,0.0625,31.2632,12
0,-0.1375,0.0625,31.4096,11.984
0,-0.135,0.0625,33.3934,11.968
0,-0.1325,0.0625,34.9864,11.968
0,-0.13,0.0625,35.4137,11.952
0,-0.1275,0.0625,35.9325,11.968
0,-0.125,0.0625,37.0006,11.968
0,-0.1225,0.0625,38.1848,11.952
0,-0.12,0.0625,38.4167,11.952
0,-0.1175,0.0625,39.9426,11.952
0,-0.115,0.0625,40.8643,11.968
0,-0.1125,0.0625,41.9507,11.968
0,-0.11,0.0625,43.3912,11.968
0,-0.1075,0.0625,44.1908,11.984
0,-0.105,0.0625,44.9416,11.968
0,-0.1025,0.0625,48.085,11.968
0,-0.1,0.0625,48.4756,11.984
0,-0.0975,0.0625,49.1104,11.968
0,-0.095,0.0625,50.5875,11.984
0,-0.0925,0.0625,51.3504,11.968
0,-0.09,0.0625,53.3403,11.968
0,-0.0875,0.0625,55.678,11.984
0,-0.085,0.0625,57.0269,11.968
0,-0.0825,0.0625,57.2893,11.968
0,-0.08,0.0625,59.3707,11.968
0,-0.0775,0.0625,60.8966,11.968
0,-0.075,0.0625,62.5568,11.984
0,-0.0725,0.0625,65.2425,11.968
0,-0.07,0.0625,66.7928,11.968
0,-0.0675,0.0625,68.0013,11.968
0,-0.065,0.0625,68.3187,11.968
0,-0.0625,0.0625,70.0522,11.968
0,-0.06,0.0625,71.2058,11.984
0,-0.0575,0.0625,74.3919,11.984
0,-0.055,0.0625,74.5811,11.968
0,-0.0525,0.0625,76.101,11.984
0,-0.05,0.0625,78.0541,11.984
0,-0.0475,0.0625,77.9626,12
0,-0.045,0.0625,80.5933,11.984
0,-0.0425,0.0625,81.1426,11.984
0,-0.04,0.0625,83.0897,11.968
0,-0.0375,0.0625,85.4274,11.984
0,-0.035,0.0625,85.1772,11.984
0,-0.0325,0.0625,85.989,11.984
0,-0.03,0.0625,88.5342,11.984
0,-0.0275,0.0625,90.231,11.984
0,-0.025,0.0625,89.6573,12
0,-0.0225,0.0625,90.347,11.984
0,-0.02,0.0625,90.8109,11.984
0,-0.0175,0.0625,91.8851,11.984
0,-0.015,0.0625,92.4955,11.984
0,-0.0125,0.0625,95.1628,11.984
0,-0.01,0.0625,94.0825,12
0,-0.0075,0.0625,95.1323,12
0,-0.005,0.0625,96.1333,12
0,-0.0025,0.0625,95.9746,12
0,0,0.0625,96.2737,12
0,0.0025,0.0625,96.2798,12
0,0.005,0.0625,96.939,12
0,0.0075,0.0625,96.5789,12
0,0.01,0.0625,95.6572,12
0,0.0125,0.0625,95.4436,12.016
0,0.015,0.0625,95.1445,12.016
0,0.0175,0.0625,95.2849,12.016
0,0.02,0.0625,94.7844,12.016
0,0.0225,0.0625,93.6003,12.032
0,0.025,0.0625,92.935,12.016
0,0.0275,0.0625,91.0123,12.016
0,0.03,0.0625,92.0011,12.016
0,0.0325,0.0625,91.1466,12.016
0,0.035,0.0625,88.3267,12.032
0,0.0375,0.0625,87.9788,12.032
0,0.04,0.0625,86.4895,12.032
0,0.0425,0.0625,85.0856,12.032
0,0.045,0.0625,85.0063,12.032
0,0.0475,0.0625,83.3522,12.032
0,0.05,0.0625,83.1935,12.032
0,0.0525,0.0625,81.3074,12.032
0,0.055,0.0625,79.6472,12.032
0,0.0575,0.0625,78.5913,12.032
0,0.06,0.0625,75.9911,12.032
0,0.0625,0.0625,75.8751,12.032
0,0.065,0.0625,73.8243,12.016
0,0.0675,0.0625,72.9514,12.032
0,0.07,0.0625,69.863,12.016
0,0.0725,0.0625,68.5263,12.016
0,0.075,0.0625,68.5629,12.016
0,0.0775,0.0625,65.1448,12.032
0,0.08,0.0625,65.5965,12.016
0,0.0825,0.0625,62.9597,12.032
0,0.085,0.0625,60.4083,12.032
0,0.0875,0.0625,60.8051,12.032
0,0.09,0.0625,59.7552,12.032
0,0.0925,0.0625,56.6179,12.048
0,0.095,0.0625,55.4216,12.032
0,0.0975,0.0625,53.2731,12.064
0,0.1,0.0625,52.8947,12.048
0,0.1025,0.0625,50.6119,12.08
0,0.105,0.0625,50.3067,12.064
0,0.1075,0.0625,48.9334,12.048
0,0.11,0.0625,47.3586,12.048
0,0.1125,0.0625,45.7106,12.096
0,0.115,0.0625,45.7167,12.08
0,0.1175,0.0625,44.0199,12.064
0,0.12,0.0625,42.5367,12.08
0,0.1225,0.0625,42.3719,12.08
0,0.125,0.0625,39.8633,12.08
0,0.1275,0.0625,39.5093,12.08
0,0.13,0.0625,37.2692,12.112
0,0.1325,0.0625,37.0312,12.112
0,0.135,0.0625,36.2804,12.112
0,0.1375,0.0625,33.9488,12.128
0,0.14,0.0625,33.2713,12.112
0,0.1425,0.0625,33.2163,12.112
0,0.145,0.0625,32.4046,12.112
0,0.1475,0.0625,31.666,12.096
0,0.15,0.0625,30.2683,12.112
0,0.1525,0.0625,29.4015,12.128
0,0.155,0.0625,27.5887,12.144
0,0.1575,0.0625,29.1696,12.128
0,0.16,0.0625,27.0943,12.128
0,0.1625,0.0625,27.9366,12.144
0,0.165,0.0625,25.4219,12.144
0,0.1675,0.0625,24.6834,12.16
0,0.17,0.0625,24.4575,12.144
0,0.1725,0.0625,23.4626,12.144
0,0.175,0.0625,22.7546,12.16
0,0.1775,0.0625,23.2917,12.176
0,0.18,0.0625,21.4972,12.16
0,0.1825,0.0625,21.717,12.16
0,0.185,0.0625,20.893,12.176
0,0.1875,0.0625,19.4647,12.176
0,0.19,0.0625,18.9581,12.208
0,0.1925,0.0625,19.0435,12.192
0,0.195,0.0625,17.8594,12.224
0,0.1975,0.0625,17.4627,12.224
0,0.2,0.0625,17.2674,12.24
0,-0.2,0.065,16.0894,12
0,-0.1975,0.065,16.6936,12
0,-0.195,0.065,17.127,12.016
0,-0.1925,0.065,17.011,12.032
0,-0.19,0.065,18.0731,12.016
0,-0.1875,0.065,17.9022,12.016
0,-0.185,0.065,19.1961,12.032
0,-0.1825,0.065,17.6702,12.032
0,-0.18,0.065,20.2338,12.016
0,-0.1775,0.065,20.4047,12.032
0,-0.175,0.065,20.7404,12.016
0,-0.1725,0.065,21.662,12.032
0,-0.17,0.065,21.8574,12.016
0,-0.1675,0.065,21.7963,12.048
0,-0.165,0.065,23.1758,12.032
0,-0.1625,0.065,23.7617,12
0,-0.16,0.065,23.7251,12.016
0,-0.1575,0.065,24.6223,12
0,-0.155,0.065,25.251,12
0,-0.1525,0.065,26.9906,12.016
0,-0.15,0.065,26.9723,12
0,-0.1475,0.065,28.2235,12.016
0,-0.145,0.065,29.725,11.984
0,-0.1425,0.065,29.9631,11.984
0,-0.14,0.065,30.6162,11.984
0,-0.1375,0.065,30.9946,11.984
0,-0.135,0.065,34.022,12
0,-0.1325,0.065,34.2479,11.968
0,-0.13,0.065,34.8399,11.968
0,-0.1275,0.065,34.9132,11.984
0,-0.125,0.065,37.5256,11.968
0,-0.1225,0.065,37.7575,11.984
0,-0.12,0.065,37.5378,11.968
0,-0.1175,0.065,39.143,11.984
0,-0.115,0.065,39.9915,11.968
0,-0.1125,0.065,41.7493,11.952
0,-0.11,0.065,44.0321,11.952
0,-0.1075,0.065,44.5997,11.952
0,-0.105,0.065,46.7177,11.968
0,-0.1025,0.065,45.8205,11.968
0,-0.1,0.065,47.1938,11.952
0,-0.0975,0.065,49.1897,11.952
0,-0.095,0.065,49.3789,11.968
0,-0.0925,0.065,50.4776,11.968
0,-0.09,0.065,52.327,11.952
0,-0.0875,0.065,55.9221,11.968
0,-0.085,0.065,56.8377,11.968
0,-0.0825,0.065,56.6729,11.984
0,-0.08,0.065,58.3209,11.968
0,-0.0775,0.065,59.9567,11.968
0,-0.075,0.065,61.3056,11.952
0,-0.0725,0.065,63.2282,11.968
0,-0.07,0.065,65.1326,11.968
0,-0.0675,0.065,65.4134,11.968
0,-0.065,0.065,67.8121,11.984
0,-0.0625,0.065,68.8009,11.968
0,-0.06,0.065,72.2556,11.984
0,-0.0575,0.065,72.689,11.984
0,-0.055,0.065,73.5557,11.984
0,-0.0525,0.065,74.3553,11.984
0,-0.05,0.065,76.4489,11.984
0,-0.0475,0.065,77.3827,11.984
0,-0.045,0.065,78.872,11.984
0,-0.0425,0.065,80.3735,11.984
0,-0.04,0.065,81.8873,11.984
0,-0.0375,0.065,82.107,11.984
0,-0.035,0.065,82.8578,11.968
0,-0.0325,0.065,84.2372,12
0,-0.03,0.065,84.4325,11.984
0,-0.0275,0.065,86.2209,11.984
0,-0.025,0.065,87.4905,11.984
0,-0.0225,0.065,88.1008,11.984
0,-0.02,0.065,90.0906,11.984
0,-0.0175,0.065,90.9268,11.984
0,-0.015,0.065,90.7132,12
0,-0.0125,0.065,91.0855,11.984
0,-0.01,0.065,92.1354,11.984
0,-0.0075,0.065,92.581,11.984
0,-0.005,0.065,93.3866,11.984
0,-0.0025,0.065,93.6552,12
0,0,0.065,94.1923,12
0,0.0025,0.065,94.1557,12
0,0.005,0.065,94.1008,12
0,0.0075,0.065,93.9116,12
0,0.01,0.065,93.8566,12
0,0.0125,0.065,92.9533,12.016
0,0.015,0.065,93.3012,12
0,0.0175,0.065,91.8363,12.016
0,0.02,0.065,91.8607,12.016
0,0.0225,0.065,91.2442,12.016
0,0.025,0.065,90.9024,12.016
0,0.0275,0.065,90.1822,12.016
0,0.03,0.065,90.7743,12.016
0,0.0325,0.065,87.8994,12.016
0,0.035,0.065,86.6237,12.016
0,0.0375,0.065,85.9584,12.016
0,0.04,0.065,85.0307,12.032
0,0.0425,0.065,83.4193,12.032
0,0.045,0.065,83.2728,12.032
0,0.0475,0.065,80.2026,12.032
0,0.05,0.065,82.2657,12.032
0,0.0525,0.065,79.4946,12.016
0,0.055,0.065,76.6747,12.032
0,0.0575,0.065,77.279,12.032
0,0.06,0.065,74.9718,12.032
0,0.0625,0.065,73.3787,12.016
0,0.065,0.065,72.6096,12.032
0,0.0675,0.065,71.7307,12.032
0,0.07,0.065,69.4052,12.032
0,0.0725,0.065,67.4642,12.048
0,0.075,0.065,65.9627,12.032
0,0.0775,0.065,65.3951,12.048
0,0.08,0.065,63.8325,12.032
0,0.0825,0.065,60.2252,12.048
0,0.085,0.065,61.4887,12.032
0,0.0875,0.065,57.7593,12.048
0,0.09,0.065,55.9282,12.032
0,0.0925,0.065,56.2456,12.048
0,0.095,0.065,55.4277,12.048
0,0.0975,0.065,53.9323,12.048
0,0.1,0.065,52.5346,12.048
0,0.1025,0.065,50.1175,12.048
0,0.105,0.065,48.3413,12.064
0,0.1075,0.065,48.5244,12.064
0,0.11,0.065,46.3454,12.064
0,0.1125,0.065,45.9059,12.064
0,0.115,0.065,45.4482,12.064
0,0.1175,0.065,43.4217,12.08
0,0.12,0.065,41.9752,12.064
0,0.1225,0.065,39.6924,12.064
0,0.125,0.065,40.0037,12.096
0,0.1275,0.065,38.8379,12.08
0,0.13,0.065,37.2692,12.096
0,0.1325,0.065,35.4625,12.112
0,0.135,0.065,35.0352,12.096
0,0.1375,0.065,34.6446,12.112
0,0.14,0.065,34.9193,12.112
0,0.1425,0.065,32.1604,12.144
0,0.145,0.065,31.2693,12.128
0,0.1475,0.065,31.1289,12.128
0,0.15,0.065,29.9448,12.128
0,0.1525,0.065,29.1635,12.128
0,0.155,0.065,28.1075,12.128
0,0.1575,0.065,26.7342,12.128
0,0.16,0.065,27.6376,12.128
0,0.1625,0.065,25.837,12.144
0,0.165,0.065,25.5196,12.144
0,0.1675,0.065,25.6905,12.144
0,0.17,0.065,23.5237,12.16
0,0.1725,0.065,23.3222,12.16
0,0.175,0.065,22.8645,12.176
0,0.1775,0.065,22.1747,12.176
0,0.18,0.065,21.247,12.176
0,0.1825,0.065,20.3803,12.176
0,0.185,0.065,20.3375,12.176
0,0.1875,0.065,19.6478,12.176
0,0.19,0.065,19.3548,12.192
0,0.1925,0.065,19.7211,12.208
0,0.195,0.065,17.7313,12.208
0,0.1975,0.065,18.4149,12.224
0,0.2,0.065,17.1087,12.224
0,-0.2,0.0675,15.2715,12.016
0,-0.1975,0.0675,15.6194,12.016
0,-0.195,0.0675,16.071,12.032
0,-0.1925,0.0675,16.9744,12.016
0,-0.19,0.0675,17.6397,12.032
0,-0.1875,0.0675,18.0548,12.016
0,-0.185,0.0675,18.366,12.032
0,-0.1825,0.0675,18.6834,12.016
0,-0.18,0.0675,20.0262,12.032
0,-0.1775,0.0675,19.7516,12.032
0,-0.175,0.0675,20.2399,12.064
0,-0.1725,0.0675,20.8502,12.032
0,-0.17,0.0675,21.9672,12.016
0,-0.1675,0.0675,21.8696,12.016
0,-0.165,0.0675,22.6203,12.032
0,-0.1625,0.0675,23.4138,12.016
0,-0.16,0.0675,23.6457,12.032
0,-0.1575,0.0675,24.3355,12.016
0,-0.155,0.0675,25.2571,12.016
0,-0.1525,0.0675,25.9713,12.016
0,-0.15,0.0675,26.8136,12.016
0,-0.1475,0.0675,26.4901,12
0,-0.145,0.0675,28.8217,12
0,-0.1425,0.0675,28.9499,12
0,-0.14,0.0675,29.6213,12
0,-0.1375,0.0675,30.0974,11.984
0,-0.135,0.0675,32.2153,11.968
0,-0.1325,0.0675,32.783,11.984
0,-0.13,0.0675,33.0576,11.984
0,-0.1275,0.0675,34.9193,11.984
0,-0.125,0.0675,35.4198,11.968
0,-0.1225,0.0675,35.9142,11.984
0,-0.12,0.0675,38.7646,11.968
0,-0.1175,0.0675,38.728,11.968
0,-0.115,0.0675,39.9243,11.968
0,-0.1125,0.0675,41.7188,11.968
0,-0.11,0.0675,42.3353,11.968
0,-0.1075,0.0675,42.8907,11.968
0,-0.105,0.0675,44.4716,11.984
0,-0.1025,0.0675,45.027,11.968
0,-0.1,0.0675,46.7299,11.968
0,-0.0975,0.0675,47.7187,11.984
0,-0.095,0.0675,50.2091,11.968
0,-0.0925,0.0675,50.9232,11.952
0,-0.09,0.0675,51.9608,11.984
0,-0.0875,0.0675,52.8275,11.968
0,-0.085,0.0675,54.5915,11.968
0,-0.0825,0.0675,56.5203,11.968
0,-0.08,0.0675,56.8621,11.968
0,-0.0775,0.0675,58.9923,11.984
0,-0.075,0.0675,61.0004,11.968
0,-0.0725,0.0675,62.0136,11.968
0,-0.07,0.0675,63.0696,11.968
0,-0.0675,0.0675,65.6087,11.968
0,-0.065,0.0675,66.6341,12
0,-0.0625,0.0675,67.3666,11.968
0,-0.06,0.0675,70.7724,11.984
0,-0.0575,0.0675,72.1763,11.984
0,-0.055,0.0675,72.1763,11.984
0,-0.0525,0.0675,74.7093,11.984
0,-0.05,0.0675,74.0501,11.984
0,-0.0475,0.0675,74.8802,11.984
0,-0.045,0.0675,77.9626,11.984
0,-0.0425,0.0675,78.8537,12
0,-0.04,0.0675,78.7927,11.968
0,-0.0375,0.0675,80.3552,11.984
0,-0.035,0.0675,81.1853,11.984
0,-0.0325,0.0675,81.991,11.984
0,-0.03,0.0675,82.9554,11.984
0,-0.0275,0.0675,83.3583,11.984
0,-0.025,0.0675,84.5973,11.984
0,-0.0225,0.0675,86.3308,11.984
0,-0.02,0.0675,86.5627,11.984
0,-0.0175,0.0675,86.5749,11.984
0,-0.015,0.0675,88.8089,12
0,-0.0125,0.0675,90.3592,11.984
0,-0.01,0.0675,90.3165,12
0,-0.0075,0.0675,88.8699,12
0,-0.005,0.0675,90.0784,12
0,-0.0025,0.0675,90.6888,12
0,0,0.0675,92.0011,12
0,0.0025,0.0675,91.9645,12.016
0,0.005,0.0675,91.7508,12
0,0.0075,0.0675,91.1344,12
0,0.01,0.0675,91.9523,12.016
0,0.0125,0.0675,91.7142,12.016
0,0.015,0.0675,90.7682,12
0,0.0175,0.0675,89.6023,12.016
0,0.02,0.0675,90.7315,12.016
0,0.0225,0.0675,88.5281,12.032
0,0.025,0.0675,88.6563,12.016
0,0.0275,0.0675,86.9839,12.032
0,0.03,0.0675,86.8313,12.016
0,0.0325,0.0675,85.4396,12.032
0,0.035,0.0675,85.9584,12.032
0,0.0375,0.0675,84.7072,12.032
0,0.04,0.0675,82.7845,12.016
0,0.0425,0.0675,80.6421,12.032
0,0.045,0.0675,80.7825,12.016
0,0.0475,0.0675,79.9036,12.032
0,0.05,0.0675,76.7357,12.032
0,0.0525,0.0675,76.986,12.016
0,0.055,0.0675,76.2658,12.032
0,0.0575,0.0675,75.3441,12.032
0,0.06,0.0675,74.6117,12.016
0,0.0625,0.0675,72.9087,12.032
0,0.065,0.0675,71.511,12.032
0,0.0675,0.0675,70.2841,12.032
0,0.07,0.0675,68.3004,12.032
0,0.0725,0.0675,67.037,12.032
0,0.075,0.0675,65.3279,12.032
0,0.0775,0.0675,63.3137,12.048
0,0.08,0.0675,62.2456,12.032
0,0.0825,0.0675,60.8722,12.032
0,0.085,0.0675,59.8285,12.032
0,0.0875,0.0675,58.2598,12.048
0,0.09,0.0675,57.5213,12.048
0,0.0925,0.0675,55.4338,12.064
0,0.095,0.0675,53.9506,12.048
0,0.0975,0.0675,52.3576,12.048
0,0.1,0.0675,51.2955,12.048
0,0.1025,0.0675,50.9293,12.048
0,0.105,0.0675,48.5549,12.064
0,0.1075,0.0675,47.6272,12.064
0,0.11,0.0675,46.7849,12.064
0,0.1125,0.0675,45.3627,12.096
0,0.115,0.0675,43.8429,12.064
0,0.1175,0.0675,42.0667,12.096
0,0.12,0.0675,41.8287,12.08
0,0.1225,0.0675,40.4859,12.096
0,0.125,0.0675,39.3017,12.096
0,0.1275,0.0675,37.7636,12.096
0,0.13,0.0675,36.0546,12.112
0,0.1325,0.0675,36.4025,12.112
0,0.135,0.0675,35.4198,12.112
0,0.1375,0.0675,33.8145,12.112
0,0.14,0.0675,32.3557,12.128
0,0.1425,0.0675,31.9651,12.128
0,0.145,0.0675,31.9163,12.128
0,0.1475,0.0675,29.9142,12.128
0,0.15,0.0675,29.7311,12.128
0,0.1525,0.0675,28.0709,12.16
0,0.155,0.0675,27.7718,12.144
0,0.1575,0.0675,27.3873,12.144
0,0.16,0.0675,26.1055,12.144
0,0.1625,0.0675,25.7698,12.144
0,0.165,0.0675,24.9763,12.144
0,0.1675,0.0675,23.7251,12.176
0,0.17,0.0675,24.0364,12.176
0,0.1725,0.0675,23.835,12.176
0,0.175,0.0675,21.5583,12.192
0,0.1775,0.0675,22.6936,12.176
0,0.18,0.0675,21.7353,12.176
0,0.1825,0.0675,21.1982,12.176
0,0.185,0.0675,20.4169,12.176
0,0.1875,0.0675,19.9469,12.176
0,0.19,0.0675,19.2999,12.208
0,0.1925,0.0675,19.0252,12.224
0,0.195,0.0675,17.8167,12.224
0,0.1975,0.0675,17.9754,12.208
0,0.2,0.0675,17.1331,12.208
0,-0.2,0.07,16.48,12.016
0,-0.1975,0.07,15.7537,12.016
0,-0.195,0.07,16.2664,12.032
0,-0.1925,0.07,17.6702,12.032
0,-0.19,0.07,17.4322,12.032
0,-0.1875,0.07,17.4383,12.048
0,-0.185,0.07,18.5492,12.032
0,-0.1825,0.07,18.2318,12.048
0,-0.18,0.07,18.7262,12.032
0,-0.1775,0.07,19.4403,12.016
0,-0.175,0.07,19.3609,12.032
0,-0.1725,0.07,20.9174,12.048
0,-0.17,0.07,20.9418,12.016
0,-0.1675,0.07,21.308,12.048
0,-0.165,0.07,21.6132,12.032
0,-0.1625,0.07,22.7363,12
0,-0.16,0.07,23.5115,12.016
0,-0.1575,0.07,23.5298,12.016
0,-0.155,0.07,24.6467,12.016
0,-0.1525,0.07,25.4524,12
0,-0.15,0.07,26.4168,12
0,-0.1475,0.07,27.7047,12
0,-0.145,0.07,28.4127,12.016
0,-0.1425,0.07,28.3273,12
0,-0.14,0.07,29.7739,12
0,-0.1375,0.07,30.9763,12
0,-0.135,0.07,31.6782,12
0,-0.1325,0.07,33.3445,11.968
0,-0.13,0.07,33.9549,11.984
0,-0.1275,0.07,34.9559,11.984
0,-0.125,0.07,34.5897,11.984
0,-0.1225,0.07,35.9081,11.984
0,-0.12,0.07,37.4584,11.984
0,-0.1175,0.07,38.7951,11.968
0,-0.115,0.07,40.0342,11.968
0,-0.1125,0.07,41.8836,11.984
0,-0.11,0.07,42.4024,11.968
0,-0.1075,0.07,42.3231,11.968
0,-0.105,0.07,44.5204,11.984
0,-0.1025,0.07,44.6303,11.984
0,-0.1,0.07,45.5092,11.968
0,-0.0975,0.07,46.3271,11.968
0,-0.095,0.07,47.5173,11.968
0,-0.0925,0.07,50.2701,11.968
0,-0.09,0.07,51.3443,11.968
0,-0.0875,0.07,52.1989,11.984
0,-0.085,0.07,53.6088,11.968
0,-0.0825,0.07,55.1225,11.968
0,-0.08,0.07,55.3911,11.968
0,-0.0775,0.07,57.7837,11.984
0,-0.075,0.07,59.4562,11.984
0,-0.0725,0.07,59.9322,11.984
0,-0.07,0.07,61.9709,11.968
0,-0.0675,0.07,62.9658,11.968
0,-0.065,0.07,64.9129,11.984
0,-0.0625,0.07,66.6158,11.984
0,-0.06,0.07,67.8121,11.984
0,-0.0575,0.07,69.393,11.984
0,-0.055,0.07,69.393,11.984
0,-0.0525,0.07,70.5771,11.968
0,-0.05,0.07,72.6768,11.984
0,-0.0475,0.07,73.5923,11.984
0,-0.045,0.07,75.222,11.984
0,-0.0425,0.07,75.8263,12
0,-0.04,0.07,78.7378,12
0,-0.0375,0.07,78.3105,12
0,-0.035,0.07,79.3664,11.984
0,-0.0325,0.07,79.7632,11.984
0,-0.03,0.07,81.8506,12
0,-0.0275,0.07,82.9371,11.984
0,-0.025,0.07,83.4437,11.984
0,-0.0225,0.07,84.2067,11.984
0,-0.02,0.07,85.5556,11.984
0,-0.0175,0.07,86.4406,12
0,-0.015,0.07,84.994,11.984
0,-0.0125,0.07,88.1008,12
0,-0.01,0.07,87.6736,11.984
0,-0.0075,0.07,87.4538,12
0,-0.005,0.07,89.1751,12
0,-0.0025,0.07,87.7346,12
0,0,0.07,89.7183,12
0,0.0025,0.07,90.1334,12.016
0,0.005,0.07,88.3328,12
0,0.0075,0.07,88.7844,12.016
0,0.01,0.07,88.3694,12.016
0,0.0125,0.07,87.8262,12.016
0,0.015,0.07,88.0642,12.016
0,0.0175,0.07,87.8994,12.016
0,0.02,0.07,87.7468,12.016
0,0.0225,0.07,85.9401,12.016
0,0.025,0.07,87.0083,12.016
0,0.0275,0.07,85.2199,12.016
0,0.03,0.07,85.4823,12.032
0,0.0325,0.07,83.7245,12.032
0,0.035,0.07,81.8995,12.016
0,0.0375,0.07,81.9361,12.032
0,0.04,0.07,80.929,12.032
0,0.0425,0.07,81.0816,12.016
0,0.045,0.07,77.633,12.032
0,0.0475,0.07,78.0053,12.032
0,0.05,0.07,76.6442,12.032
0,0.0525,0.07,74.7948,12.032
0,0.055,0.07,74.221,12.032
0,0.0575,0.07,72.573,12.032
0,0.06,0.07,72.4265,12.032
0,0.0625,0.07,69.9545,12.032
0,0.065,0.07,69.5639,12.032
0,0.0675,0.07,69.0695,12.032
0,0.07,0.07,66.4449,12.032
0,0.0725,0.07,64.333,12.032
0,0.075,0.07,62.6179,12.032
0,0.0775,0.07,62.4714,12.048
0,0.08,0.07,61.1713,12.032
0,0.0825,0.07,60.2252,12.032
0,0.085,0.07,57.5152,12.032
0,0.0875,0.07,56.7095,12.048
0,0.09,0.07,55.0554,12.048
0,0.0925,0.07,53.9323,12.048
0,0.095,0.07,52.4552,12.048
0,0.0975,0.07,52.6566,12.064
0,0.1,0.07,49.8306,12.08
0,0.1025,0.07,49.0432,12.064
0,0.105,0.07,48.1094,12.064
0,0.1075,0.07,46.9131,12.08
0,0.11,0.07,45.2773,12.08
0,0.1125,0.07,44.1359,12.08
0,0.115,0.07,43.2386,12.08
0,0.1175,0.07,41.4869,12.08
0,0.12,0.07,40.846,12.08
0,0.1225,0.07,39.2834,12.08
0,0.125,0.07,39.259,12.096
0,0.1275,0.07,36.5856,12.112
0,0.13,0.07,37.2448,12.112
0,0.1325,0.07,35.2,12.112
0,0.135,0.07,35.5174,12.112
0,0.1375,0.07,33.7352,12.096
0,0.14,0.07,32.9661,12.112
0,0.1425,0.07,31.8735,12.128
0,0.145,0.07,30.2744,12.128
0,0.1475,0.07,30.1279,12.128
0,0.15,0.07,29.1452,12.128
0,0.1525,0.07,28.2846,12.144
0,0.155,0.07,27.4972,12.128
0,0.1575,0.07,27.4483,12.128
0,0.16,0.07,27.1187,12.144
0,0.1625,0.07,25.9468,12.144
0,0.165,0.07,25.135,12.144
0,0.1675,0.07,23.6213,12.144
0,0.17,0.07,23.78,12.16
0,0.1725,0.07,22.0527,12.192
0,0.175,0.07,21.778,12.176
0,0.1775,0.07,22.0771,12.176
0,0.18,0.07,22.4189,12.192
0,0.1825,0.07,19.6417,12.192
0,0.185,0.07,20.1666,12.176
0,0.1875,0.07,19.2083,12.208
0,0.19,0.07,19.5929,12.192
0,0.1925,0.07,17.9937,12.224
0,0.195,0.07,17.7923,12.256
0,0.1975,0.07,17.5298,12.224
0,0.2,0.07,16.4617,12.224
0,-0.2,0.0725,15.7109,12
0,-0.1975,0.0725,16.1321,12.048
0,-0.195,0.0725,16.1565,12.016
0,-0.1925,0.0725,16.1382,12.032
0,-0.19,0.0725,17.1819,12.048
0,-0.1875,0.0725,18.1829,12.032
0,-0.185,0.0725,18.128,12.016
0,-0.1825,0.0725,18.3233,12.048
0,-0.18,0.0725,18.0914,12.048
0,-0.1775,0.0725,18.6346,12.064
0,-0.175,0.0725,20.0446,12.032
0,-0.1725,0.0725,20.6854,12.032
0,-0.17,0.0725,20.0201,12.032
0,-0.1675,0.0725,21.5827,12.032
0,-0.165,0.0725,22.9438,12.048
0,-0.1625,0.0725,23.2429,12.032
0,-0.16,0.0725,23.6396,12.032
0,-0.1575,0.0725,23.8899,12.016
0,-0.155,0.0725,24.3477,12.032
0,-0.1525,0.0725,25.5684,12.016
0,-0.15,0.0725,25.3792,12.032
0,-0.1475,0.0725,25.7637,12.016
0,-0.145,0.0725,28.0465,12
0,-0.1425,0.0725,28.3639,12
0,-0.14,0.0725,29.5785,12
0,-0.1375,0.0725,30.2683,11.984
0,-0.135,0.0725,31.9163,12
0,-0.1325,0.0725,32.2336,12
0,-0.13,0.0725,32.9539,11.984
0,-0.1275,0.0725,34.2174,11.984
0,-0.125,0.0725,35.2,11.984
0,-0.1225,0.0725,35.8898,11.984
0,-0.12,0.0725,37.08,11.984
0,-0.1175,0.0725,37.4401,12
0,-0.115,0.0725,38.6914,11.984
0,-0.1125,0.0725,40.0281,11.984
0,-0.11,0.0725,40.4981,11.984
0,-0.1075,0.0725,42.4879,12
0,-0.105,0.0725,42.6527,11.984
0,-0.1025,0.0725,45.2162,11.984
0,-0.1,0.0725,45.7228,11.984
0,-0.0975,0.0725,45.9487,11.984
0,-0.095,0.0725,46.9741,11.968
0,-0.0925,0.0725,49.0493,11.968
0,-0.09,0.0725,50.4532,11.984
0,-0.0875,0.0725,50.8316,11.984
0,-0.085,0.0725,52.028,11.968
0,-0.0825,0.0725,53.9445,11.968
0,-0.08,0.0725,54.6709,11.984
0,-0.0775,0.0725,57.7654,11.984
0,-0.075,0.0725,58.5101,11.984
0,-0.0725,0.0725,59.2608,11.984
0,-0.07,0.0725,61.4582,12
0,-0.0675,0.0725,62.7583,11.984
0,-0.065,0.0725,62.9109,11.984
0,-0.0625,0.0725,63.7593,11.968
0,-0.06,0.0725,66.1458,12
0,-0.0575,0.0725,68.1539,12
0,-0.055,0.0725,68.508,11.984
0,-0.0525,0.0725,69.6127,12
0,-0.05,0.0725,71.3523,11.984
0,-0.0475,0.0725,72.4143,12
0,-0.045,0.0725,72.7256,11.984
0,-0.0425,0.0725,73.6717,12
0,-0.04,0.0725,75.8446,12
0,-0.0375,0.0725,77.0592,12
0,-0.035,0.0725,77.5842,12
0,-0.0325,0.0725,77.3644,12
0,-0.03,0.0725,79.3664,11.984
0,-0.0275,0.0725,79.6533,12
0,-0.025,0.0725,80.3308,12
0,-0.0225,0.0725,82.0032,12
0,-0.02,0.0725,82.3756,11.984
0,-0.0175,0.0725,82.8578,12
0,-0.015,0.0725,84.402,12
0,-0.0125,0.0725,85.1222,11.984
0,-0.01,0.0725,85.5068,12
0,-0.0075,0.0725,86.2087,11.984
0,-0.005,0.0725,85.757,12
0,-0.0025,0.0725,85.2443,12
0,0,0.0725,86.0317,12.016
0,0.0025,0.0725,86.6115,12
0,0.005,0.0725,87.6553,12
0,0.0075,0.0725,86.3308,12.016
0,0.01,0.0725,85.5922,12
0,0.0125,0.0725,86.2514,12.016
0,0.015,0.0725,85.1588,12.016
0,0.0175,0.0725,85.8425,12.016
0,0.02,0.0725,84.2616,12.016
0,0.0225,0.0725,84.048,12.016
0,0.025,0.0725,83.7062,12.032
0,0.0275,0.0725,83.7123,12.016
0,0.03,0.0725,82.461,12.032
0,0.0325,0.0725,81.8079,12.032
0,0.035,0.0725,79.8914,12.048
0,0.0375,0.0725,79.6411,12.032
0,0.04,0.0725,79.2016,12.048
0,0.0425,0.0725,78.4631,12.032
0,0.045,0.0725,78.3776,12.048
0,0.0475,0.0725,75.4906,12.048
0,0.05,0.0725,75.399,12.032
0,0.0525,0.0725,74.4652,12.032
0,0.055,0.0725,73.9402,12.032
0,0.0575,0.0725,72.2129,12.032
0,0.06,0.0725,70.2963,12.032
0,0.0625,0.0725,69.9667,12.016
0,0.065,0.0725,68.5263,12.032
0,0.0675,0.0725,67.0736,12.048
0,0.07,0.0725,65.096,12.032
0,0.0725,0.0725,64.5222,12.048
0,0.075,0.0725,62.4104,12.032
0,0.0775,0.0725,61.3727,12.048
0,0.08,0.0725,59.8468,12.048
0,0.0825,0.0725,57.1978,12.064
0,0.085,0.0725,57.1612,12.048
0,0.0875,0.0725,55.2141,12.064
0,0.09,0.0725,53.4806,12.064
0,0.0925,0.0725,53.9384,12.064
0,0.095,0.0725,52.5285,12.064
0,0.0975,0.0725,50.4593,12.064
0,0.1,0.0725,49.556,12.064
0,0.1025,0.0725,48.6221,12.064
0,0.105,0.0725,46.9314,12.08
0,0.1075,0.0725,46.1501,12.08
0,0.11,0.0725,44.911,12.064
0,0.1125,0.0725,43.7574,12.096
0,0.115,0.0725,42.9334,12.08
0,0.1175,0.0725,41.554,12.096
0,0.12,0.0725,40.4859,12.112
0,0.1225,0.0725,39.3384,12.096
0,0.125,0.0725,38.8623,12.096
0,0.1275,0.0725,36.7321,12.112
0,0.13,0.0725,36.3536,12.096
0,0.1325,0.0725,35.5785,12.112
0,0.135,0.0725,33.6863,12.128
0,0.1375,0.0725,33.3079,12.112
0,0.14,0.0725,32.4717,12.128
0,0.1425,0.0725,31.55,12.128
0,0.145,0.0725,30.7688,12.128
0,0.1475,0.0725,29.3832,12.144
0,0.15,0.0725,29.5419,12.144
0,0.1525,0.0725,28.1747,12.144
0,0.155,0.0725,27.308,12.16
0,0.1575,0.0725,26.191,12.16
0,0.16,0.0725,25.9957,12.144
0,0.1625,0.0725,24.9519,12.16
0,0.165,0.0725,23.8166,12.16
0,0.1675,0.0725,24.4697,12.176
0,0.17,0.0725,23.0293,12.176
0,0.1725,0.0725,21.9977,12.192
0,0.175,0.0725,22.1564,12.16
0,0.1775,0.0725,21.3446,12.192
0,0.18,0.0725,20.954,12.192
0,0.1825,0.0725,20.2277,12.176
0,0.185,0.0725,19.7089,12.192
0,0.1875,0.0725,19.5135,12.208
0,0.19,0.0725,17.7496,12.192
0,0.1925,0.0725,18.1402,12.24
0,0.195,0.0725,17.5359,12.24
0,0.1975,0.0725,17.9083,12.224
0,0.2,0.0725,17.1575,12.24
0,-0.2,0.075,15.656,12.016
0,-0.1975,0.075,15.2348,12.048
0,-0.195,0.075,15.4668,12.064
0,-0.1925,0.075,16.1809,12.048
0,-0.19,0.075,17.011,12.048
0,-0.1875,0.075,19.1473,12.064
0,-0.185,0.075,17.1575,12.048
0,-0.1825,0.075,18.6529,12.048
0,-0.18,0.075,18.0548,12.048
0,-0.1775,0.075,18.9703,12.032
0,-0.175,0.075,19.6722,12.032
0,-0.1725,0.075,20.3009,12.048
0,-0.17,0.075,21.1859,12.016
0,-0.1675,0.075,21.9428,12.032
0,-0.165,0.075,21.894,12.016
0,-0.1625,0.075,24.8543,12.032
0,-0.16,0.075,23.2063,12.032
0,-0.1575,0.075,23.78,12.016
0,-0.155,0.075,24.2927,12.016
0,-0.1525,0.075,25.6783,12.032
0,-0.15,0.075,25.135,12
0,-0.1475,0.075,25.8675,12.016
0,-0.145,0.075,27.5643,12.016
0,-0.1425,0.075,26.8746,12.016
0,-0.14,0.075,28.254,12.016
0,-0.1375,0.075,29.3954,12
0,-0.135,0.075,30.5124,12.016
0,-0.1325,0.075,30.9153,12
0,-0.13,0.075,31.9224,12
0,-0.1275,0.075,32.8501,12
0,-0.125,0.075,33.7352,11.984
0,-0.1225,0.075,34.8033,11.984
0,-0.12,0.075,37.257,11.984
0,-0.1175,0.075,37.2997,11.984
0,-0.115,0.075,37.7331,11.968
0,-0.1125,0.075,39.2224,12
0,-0.11,0.075,39.9182,12
0,-0.1075,0.075,41.0169,11.984
0,-0.105,0.075,40.9742,12
0,-0.1025,0.075,41.847,11.984
0,-0.1,0.075,42.9701,11.984
0,-0.0975,0.075,45.381,11.984
0,-0.095,0.075,45.8449,12
0,-0.0925,0.075,48.1338,11.984
0,-0.09,0.075,49.1958,12
0,-0.0875,0.075,50.4776,11.968
0,-0.085,0.075,51.0575,11.984
0,-0.0825,0.075,52.9557,11.984
0,-0.08,0.075,55.8916,11.984
0,-0.0775,0.075,55.8855,12
0,-0.075,0.075,56.9597,12
0,-0.0725,0.075,57.9546,11.984
0,-0.07,0.075,60.2557,11.984
0,-0.0675,0.075,60.9638,12
0,-0.065,0.075,62.1113,11.984
0,-0.0625,0.075,63.0696,12
0,-0.06,0.075,64.1621,12
0,-0.0575,0.075,66.8111,11.984
0,-0.055,0.075,66.0054,11.984
0,-0.0525,0.075,67.9464,12
0,-0.05,0.075,70.1254,12
0,-0.0475,0.075,69.9973,12
0,-0.045,0.075,72.5852,12
0,-0.0425,0.075,72.1213,12
0,-0.04,0.075,73.5252,12
0,-0.0375,0.075,74.63,11.984
0,-0.035,0.075,75.2098,12
0,-0.0325,0.075,75.6371,12
0,-0.03,0.075,77.3461,11.984
0,-0.0275,0.075,78.6645,11.984
0,-0.025,0.075,78.8842,12
0,-0.0225,0.075,79.4885,11.984
0,-0.02,0.075,79.0613,11.984
0,-0.0175,0.075,81.1426,12
0,-0.015,0.075,81.753,12
0,-0.0125,0.075,81.8873,12
0,-0.01,0.075,82.3634,12
0,-0.0075,0.075,83.7489,12
0,-0.005,0.075,83.932,12.016
0,-0.0025,0.075,83.7062,12.016
0,0,0.075,85.0307,12
0,0.0025,0.075,85.6777,12
0,0.005,0.075,85.1161,12.016
0,0.0075,0.075,84.0846,12.016
0,0.01,0.075,84.756,12.016
0,0.0125,0.075,84.9147,12.016
0,0.015,0.075,84.4447,12.016
0,0.0175,0.075,82.5404,12.016
0,0.02,0.075,83.0164,12.016
0,0.0225,0.075,81.9483,12.016
0,0.025,0.075,81.4783,12.032
0,0.0275,0.075,80.7459,12.032
0,0.03,0.075,79.2016,12.032
0,0.0325,0.075,79.5007,12.032
0,0.035,0.075,79.2383,12.032
0,0.0375,0.075,78.1579,12.032
0,0.04,0.075,77.5475,12.032
0,0.0425,0.075,77.102,12.032
0,0.045,0.075,75.576,12.032
0,0.0475,0.075,74.0013,12.048
0,0.05,0.075,73.2078,12.048
0,0.0525,0.075,73.2505,12.032
0,0.055,0.075,71.0837,12.048
0,0.0575,0.075,70.7236,12.032
0,0.06,0.075,68.4774,12.048
0,0.0625,0.075,67.3849,12.048
0,0.065,0.075,67.0614,12.048
0,0.0675,0.075,64.1438,12.048
0,0.07,0.075,62.9109,12.064
0,0.0725,0.075,62.1052,12.032
0,0.075,0.075,61.2445,12.064
0,0.0775,0.075,59.8407,12.048
0,0.08,0.075,57.9913,12.048
0,0.0825,0.075,57.4725,12.064
0,0.085,0.075,55.1775,12.048
0,0.0875,0.075,54.2009,12.064
0,0.09,0.075,53.9262,12.064
0,0.0925,0.075,52.6994,12.064
0,0.095,0.075,51.4847,12.064
0,0.0975,0.075,50.679,12.064
0,0.1,0.075,49.8367,12.064
0,0.1025,0.075,46.0707,12.08
0,0.105,0.075,45.8754,12.08
0,0.1075,0.075,45.6984,12.096
0,0.11,0.075,43.8856,12.096
0,0.1125,0.075,42.5062,12.096
0,0.115,0.075,41.7859,12.096
0,0.1175,0.075,41.4197,12.096
0,0.12,0.075,40.7422,12.096
0,0.1225,0.075,39.8144,12.096
0,0.125,0.075,37.4828,12.112
0,0.1275,0.075,36.494,12.112
0,0.13,0.075,34.8338,12.096
0,0.1325,0.075,34.2906,12.128
0,0.135,0.075,34.6446,12.128
0,0.1375,0.075,32.5205,12.128
0,0.14,0.075,31.5683,12.144
0,0.1425,0.075,31.1228,12.144
0,0.145,0.075,31.1838,12.128
0,0.1475,0.075,28.8217,12.144
0,0.15,0.075,28.7851,12.16
0,0.1525,0.075,27.4545,12.16
0,0.155,0.075,25.7454,12.128
0,0.1575,0.075,26.1299,12.16
0,0.16,0.075,25.3365,12.16
0,0.1625,0.075,25.7637,12.144
0,0.165,0.075,24.5064,12.176
0,0.1675,0.075,23.8166,12.176
0,0.17,0.075,22.718,12.176
0,0.1725,0.075,23.5786,12.176
0,0.175,0.075,22.0099,12.176
0,0.1775,0.075,20.539,12.192
0,0.18,0.075,20.9967,12.192
0,0.1825,0.075,20.4657,12.192
0,0.185,0.075,19.9286,12.192
0,0.1875,0.075,19.0069,12.208
0,0.19,0.075,19.4891,12.208
0,0.1925,0.075,17.4749,12.208
0,0.195,0.075,17.42,12.24
0,0.1975,0.075,17.9083,12.24
0,0.2,0.075,16.1382,12.272
0,-0.2,0.0775,14.4169,12.032
0,-0.1975,0.0775,15.3386,12.064
0,-0.195,0.0775,15.186,12.064
0,-0.1925,0.0775,15.7537,12.112
0,-0.19,0.0775,16.5716,12.08
0,-0.1875,0.0775,17.6641,12.064
0,-0.185,0.0775,17.5176,12.064
0,-0.1825,0.0775,18.0975,12.048
0,-0.18,0.0775,18.2196,12.08
0,-0.1775,0.0775,19.422,12.048
0,-0.175,0.0775,18.598,12.048
0,-0.1725,0.0775,19.892,12.048
0,-0.17,0.0775,19.7272,12.032
0,-0.1675,0.0775,21.1371,12.048
0,-0.165,0.0775,21.0822,12.032
0,-0.1625,0.0775,22.3579,12.032
0,-0.16,0.0775,23.3161,12.048
0,-0.1575,0.0775,25.367,12.016
0,-0.155,0.0775,23.8105,12.064
0,-0.1525,0.0775,23.9082,12.016
0,-0.15,0.0775,25.1106,12.032
0,-0.1475,0.0775,25.9407,12.048
0,-0.145,0.0775,26.7891,12
0,-0.1425,0.0775,27.0455,12
0,-0.14,0.0775,28.8888,12.016
0,-0.1375,0.0775,28.7118,12.016
0,-0.135,0.0775,30.3842,12
0,-0.1325,0.0775,30.6772,12.032
0,-0.13,0.0775,32.1909,12
0,-0.1275,0.0775,31.7515,12.016
0,-0.125,0.0775,35.078,12.016
0,-0.1225,0.0775,33.3567,11.984
0,-0.12,0.0775,35.4137,11.984
0,-0.1175,0.0775,35.4686,12.016
0,-0.115,0.0775,36.8969,11.968
0,-0.1125,0.0775,38.8256,11.984
0,-0.11,0.0775,40.0037,11.984
0,-0.1075,0.0775,40.7666,12
0,-0.105,0.0775,41.2244,11.984
0,-0.1025,0.0775,42.8602,12
0,-0.1,0.0775,44.3678,11.984
0,-0.0975,0.0775,44.8683,11.984
0,-0.095,0.0775,47.0779,11.984
0,-0.0925,0.0775,47.4929,11.984
0,-0.09,0.0775,48.4329,11.984
0,-0.0875,0.0775,49.8245,11.984
0,-0.085,0.0775,51.1307,12
0,-0.0825,0.0775,52.1989,12
0,-0.08,0.0775,53.0656,12
0,-0.0775,0.0775,54.8784,12
0,-0.075,0.0775,54.7563,11.984
0,-0.0725,0.0775,56.972,12
0,-0.07,0.0775,57.8936,12
0,-0.0675,0.0775,60.3595,12
0,-0.065,0.0775,59.2975,12
0,-0.0625,0.0775,62.392,12
0,-0.06,0.0775,63.3686,11.984
0,-0.0575,0.0775,64.0034,11.984
0,-0.055,0.0775,65.5293,12
0,-0.0525,0.0775,67.1407,12
0,-0.05,0.0775,67.8182,12
0,-0.0475,0.0775,67.2811,12
0,-0.045,0.0775,70.1254,12
0,-0.0425,0.0775,71.041,12.016
0,-0.04,0.0775,72.219,12
0,-0.0375,0.0775,71.7124,12
0,-0.035,0.0775,72.6402,12
0,-0.0325,0.0775,74.16,12.016
0,-0.03,0.0775,75.1183,12
0,-0.0275,0.0775,76.0033,12.016
0,-0.025,0.0775,77.0165,12.016
0,-0.0225,0.0775,76.4061,12.016
0,-0.02,0.0775,79.6106,12
0,-0.0175,0.0775,78.2311,12
0,-0.015,0.0775,78.8232,12
0,-0.0125,0.0775,80.105,12
0,-0.01,0.0775,80.8008,12
0,-0.0075,0.0775,81.4478,12.016
0,-0.005,0.0775,81.8323,12.016
0,-0.0025,0.0775,82.2169,12.016
0,0,0.0775,80.9778,12.016
0,0.0025,0.0775,82.5037,12.016
0,0.005,0.0775,82.3634,12.016
0,0.0075,0.0775,81.6492,12.032
0,0.01,0.0775,81.4478,12.032
0,0.0125,0.0775,80.9229,12.016
0,0.015,0.0775,80.8496,12.032
0,0.0175,0.0775,79.7815,12.016
0,0.02,0.0775,80.2576,12.032
0,0.0225,0.0775,78.1335,12.048
0,0.025,0.0775,79.2749,12.032
0,0.0275,0.0775,78.8842,12.032
0,0.03,0.0775,78.2556,12.032
0,0.0325,0.0775,77.5231,12.048
0,0.035,0.0775,76.5648,12.032
0,0.0375,0.0775,76.5038,12.048
0,0.04,0.0775,75.1427,12.032
0,0.0425,0.0775,74.2882,12.048
0,0.045,0.0775,72.8355,12.048
0,0.0475,0.0775,71.7002,12.048
0,0.05,0.0775,71.3279,12.032
0,0.0525,0.0775,70.0095,12.048
0,0.055,0.0775,69.0268,12.032
0,0.0575,0.0775,68.0013,12.048
0,0.06,0.0775,66.3778,12.048
0,0.0625,0.0775,66.4937,12.048
0,0.065,0.0775,64.095,12.032
0,0.0675,0.0775,64.1682,12.048
0,0.07,0.0775,61.6169,12.064
0,0.0725,0.0775,61.2384,12.064
0,0.075,0.0775,60.0238,12.048
0,0.0775,0.0775,59.4928,12.048
0,0.08,0.0775,56.7522,12.032
0,0.0825,0.0775,56.2944,12.064
0,0.085,0.0775,54.976,12.064
0,0.0875,0.0775,53.9323,12.064
0,0.09,0.0775,52.4308,12.064
0,0.0925,0.0775,52.4064,12.064
0,0.095,0.0775,50.6485,12.064
0,0.0975,0.0775,48.9639,12.064
0,0.1,0.0775,48.8052,12.064
0,0.1025,0.0775,46.1379,12.08
0,0.105,0.0775,45.4909,12.08
0,0.1075,0.0775,43.2264,12.112
0,0.11,0.0775,43.7574,12.08
0,0.1125,0.0775,43.3241,12.096
0,0.115,0.0775,41.2305,12.096
0,0.1175,0.0775,40.4126,12.096
0,0.12,0.0775,39.8999,12.096
0,0.1225,0.0775,37.7697,12.112
0,0.125,0.0775,37.318,12.112
0,0.1275,0.0775,35.5052,12.112
0,0.13,0.0775,34.7056,12.112
0,0.1325,0.0775,33.8878,12.128
0,0.135,0.0775,33.8572,12.128
0,0.1375,0.0775,32.7952,12.144
0,0.14,0.0775,31.5744,12.128
0,0.1425,0.0775,31.2693,12.128
0,0.145,0.0775,28.2418,12.144
0,0.1475,0.0775,29.0353,12.16
0,0.15,0.0775,28.8034,12.144
0,0.1525,0.0775,27.2347,12.16
0,0.155,0.0775,26.9845,12.176
0,0.1575,0.0775,25.9896,12.16
0,0.16,0.0775,25.6783,12.192
0,0.1625,0.0775,24.7932,12.176
0,0.165,0.0775,23.9326,12.176
0,0.1675,0.0775,23.3589,12.176
0,0.17,0.0775,22.3395,12.192
0,0.1725,0.0775,22.0283,12.192
0,0.175,0.0775,20.7282,12.176
0,0.1775,0.0775,21.1493,12.208
0,0.18,0.0775,20.6427,12.208
0,0.1825,0.0775,19.5685,12.192
0,0.185,0.0775,19.1046,12.224
0,0.1875,0.0775,17.0232,12.192
0,0.19,0.0775,20.5512,12.208
0,0.1925,0.0775,17.9754,12.24
0,0.195,0.0775,17.8167,12.224
0,0.1975,0.0775,16.0222,12.24
0,0.2,0.0775,17.5176,12.24
0,-0.2,0.08,14.8198,12.048
0,-0.1975,0.08,14.6672,12.08
0,-0.195,0.08,14.8198,12.064
0,-0.1925,0.08,16.1626,12.048
0,-0.19,0.08,17.7618,12.064
0,-0.1875,0.08,17.1941,12.096
0,-0.185,0.08,18.0731,12.064
0,-0.1825,0.08,17.89,12.064
0,-0.18,0.08,17.4932,12.064
0,-0.1775,0.08,18.8116,12.08
0,-0.175,0.08,19.7699,12.064
0,-0.1725,0.08,19.6783,12.048
0,-0.17,0.08,19.8859,12.048
0,-0.1675,0.08,20.7343,12.064
0,-0.165,0.08,21.3202,12.048
0,-0.1625,0.08,21.3019,12.048
0,-0.16,0.08,23.5237,12.064
0,-0.1575,0.08,22.6325,12.048
0,-0.155,0.08,24.0852,12.064
0,-0.1525,0.08,24.6651,12.016
0,-0.15,0.08,24.2866,12.032
0,-0.1475,0.08,25.0191,12.016
0,-0.145,0.08,25.4036,12.032
0,-0.1425,0.08,28.132,12.032
0,-0.14,0.08,27.5948,12.016
0,-0.1375,0.08,28.4066,12.016
0,-0.135,0.08,28.5226,12
0,-0.1325,0.08,30.7932,12
0,-0.13,0.08,31.5989,12
0,-0.1275,0.08,31.6111,12
0,-0.125,0.08,32.6426,12
0,-0.1225,0.08,33.5459,12
0,-0.12,0.08,34.3211,11.984
0,-0.1175,0.08,35.1268,12
0,-0.115,0.08,35.6761,11.984
0,-0.1125,0.08,37.9345,11.984
0,-0.11,0.08,37.8674,12
0,-0.1075,0.08,38.612,11.984
0,-0.105,0.08,39.3933,12
0,-0.1025,0.08,41.3343,11.984
0,-0.1,0.08,42.14,12
0,-0.0975,0.08,43.2814,11.984
0,-0.095,0.08,44.9171,11.984
0,-0.0925,0.08,46.0952,11.984
0,-0.09,0.08,46.4858,11.984
0,-0.0875,0.08,49.2019,12
0,-0.085,0.08,49.0005,12
0,-0.0825,0.08,50.1297,11.984
0,-0.08,0.08,52.0951,12
0,-0.0775,0.08,53.0717,12
0,-0.075,0.08,55.2812,12
0,-0.0725,0.08,55.7817,11.984
0,-0.07,0.08,56.4226,12
0,-0.0675,0.08,57.6739,12
0,-0.065,0.08,59.5416,12.016
0,-0.0625,0.08,60.3595,12
0,-0.06,0.08,62.6362,11.984
0,-0.0575,0.08,62.7827,12.016
0,-0.055,0.08,64.3757,12
0,-0.0525,0.08,64.9434,12
0,-0.05,0.08,66.5609,12
0,-0.0475,0.08,66.9881,12
0,-0.045,0.08,67.214,12
0,-0.0425,0.08,69.2404,12
0,-0.04,0.08,70.1071,12
0,-0.0375,0.08,70.0217,12
0,-0.035,0.08,72.2983,12
0,-0.0325,0.08,72.6157,12.016
0,-0.03,0.08,74.2821,12
0,-0.0275,0.08,74.0501,12
0,-0.025,0.08,74.514,12
0,-0.0225,0.08,75.5882,12.016
0,-0.02,0.08,76.6808,12.016
0,-0.0175,0.08,77.163,12.016
0,-0.015,0.08,77.3583,12
0,-0.0125,0.08,77.2729,12
0,-0.01,0.08,78.927,12
0,-0.0075,0.08,78.3898,12.016
0,-0.005,0.08,78.8537,12
0,-0.0025,0.08,79.2077,12
0,0,0.08,79.397,12.032
0,0.0025,0.08,80.9351,12.016
0,0.005,0.08,79.0918,12.016
0,0.0075,0.08,78.7866,12.032
0,0.01,0.08,79.4336,12.032
0,0.0125,0.08,79.1284,12.032
0,0.015,0.08,78.3593,12.048
0,0.0175,0.08,80.2698,12.048
0,0.02,0.08,77.2912,12.048
0,0.0225,0.08,77.1691,12.048
0,0.025,0.08,77.3278,12.032
0,0.0275,0.08,76.0216,12.048
0,0.03,0.08,75.5821,12.032
0,0.0325,0.08,76.1681,12.048
0,0.035,0.08,74.6422,12.032
0,0.0375,0.08,73.6839,12.048
0,0.04,0.08,73.6839,12.048
0,0.0425,0.08,72.457,12.048
0,0.045,0.08,71.3401,12.048
0,0.0475,0.08,71.0898,12.048
0,0.05,0.08,68.5385,12.032
0,0.0525,0.08,68.3187,12.048
0,0.055,0.08,66.805,12.048
0,0.0575,0.08,66.4754,12.048
0,0.06,0.08,67.2994,12.048
0,0.0625,0.08,64.6199,12.048
0,0.065,0.08,64.919,12.048
0,0.0675,0.08,62.4165,12.048
0,0.07,0.08,60.3534,12.048
0,0.0725,0.08,60.3961,12.048
0,0.075,0.08,59.1266,12.048
0,0.0775,0.08,58.9557,12.048
0,0.08,0.08,56.8987,12.064
0,0.0825,0.08,54.9821,12.064
0,0.085,0.08,54.2924,12.064
0,0.0875,0.08,51.7228,12.064
0,0.09,0.08,51.1307,12.08
0,0.0925,0.08,50.6607,12.064
0,0.095,0.08,49.2386,12.08
0,0.0975,0.08,47.0901,12.08
0,0.1,0.08,45.9487,12.096
0,0.1025,0.08,45.6557,12.08
0,0.105,0.08,41.8348,12.112
0,0.1075,0.08,43.7941,12.112
0,0.11,0.08,40.0586,12.08
0,0.1125,0.08,40.7971,12.112
0,0.115,0.08,40.2478,12.112
0,0.1175,0.08,38.9599,12.112
0,0.12,0.08,38.4594,12.096
0,0.1225,0.08,36.8542,12.112
0,0.125,0.08,36.4086,12.112
0,0.1275,0.08,35.6578,12.112
0,0.13,0.08,34.4798,12.128
0,0.1325,0.08,33.9183,12.128
0,0.135,0.08,34.1075,12.128
0,0.1375,0.08,32.2336,12.144
0,0.14,0.08,31.4524,12.144
0,0.1425,0.08,31.0556,12.144
0,0.145,0.08,29.6762,12.176
0,0.1475,0.08,30.3232,12.176
0,0.15,0.08,28.0587,12.176
0,0.1525,0.08,27.4789,12.176
0,0.155,0.08,26.4779,12.144
0,0.1575,0.08,25.7271,12.16
0,0.16,0.08,25.3548,12.176
0,0.1625,0.08,24.1829,12.176
0,0.165,0.08,24.0242,12.176
0,0.1675,0.08,22.3518,12.176
0,0.17,0.08,22.5166,12.192
0,0.1725,0.08,21.8879,12.192
0,0.175,0.08,22.2358,12.192
0,0.1775,0.08,20.4169,12.192
0,0.18,0.08,20.2643,12.192
0,0.1825,0.08,19.4098,12.208
0,0.185,0.08,19.0069,12.224
0,0.1875,0.08,19.2511,12.24
0,0.19,0.08,18.4271,12.24
0,0.1925,0.08,17.4688,12.24
0,0.195,0.08,17.9205,12.24
0,0.1975,0.08,16.8523,12.256
0,0.2,0.08,15.7537,12.24
0,-0.2,0.0825,15.2898,12.064
0,-0.1975,0.0825,15.2043,12.128
0,-0.195,0.0825,16.3457,12.096
0,-0.1925,0.0825,16.1931,12.064
0,-0.19,0.0825,16.4006,12.064
0,-0.1875,0.0825,16.5044,12.08
0,-0.185,0.0825,17.1209,12.08
0,-0.1825,0.0825,17.7374,12.08
0,-0.18,0.0825,18.2318,12.08
0,-0.1775,0.0825,18.3844,12.064
0,-0.175,0.0825,18.7689,12.064
0,-0.1725,0.0825,19.3915,12.08
0,-0.17,0.0825,20.2704,12.032
0,-0.1675,0.0825,20.8014,12.064
0,-0.165,0.0825,21.8085,12.048
0,-0.1625,0.0825,21.4911,12.064
0,-0.16,0.0825,22.187,12.048
0,-0.1575,0.0825,22.5715,12.032
0,-0.155,0.0825,22.8584,12.032
0,-0.1525,0.0825,23.133,12.016
0,-0.15,0.0825,24.7017,12.048
0,-0.1475,0.0825,25.6844,12.032
0,-0.145,0.0825,25.2327,12.048
0,-0.1425,0.0825,26.4351,12.032
0,-0.14,0.0825,27.2347,12.016
0,-0.1375,0.0825,28.4982,12.032
0,-0.135,0.0825,29.078,12.016
0,-0.1325,0.0825,29.7555,12.032
0,-0.13,0.0825,30.488,12.032
0,-0.1275,0.0825,31.0007,12.016
0,-0.125,0.0825,32.1726,12.016
0,-0.1225,0.0825,34.1441,12.016
0,-0.12,0.0825,31.9651,12.016
0,-0.1175,0.0825,34.7728,12
0,-0.115,0.0825,37.0251,12.016
0,-0.1125,0.0825,36.6894,12
0,-0.11,0.0825,38.7036,12.016
0,-0.1075,0.0825,38.0078,12
0,-0.105,0.0825,39.6374,12
0,-0.1025,0.0825,40.8399,12.016
0,-0.1,0.0825,43.3241,12
0,-0.0975,0.0825,43.8795,12.016
0,-0.095,0.0825,45.5031,11.984
0,-0.0925,0.0825,45.7167,12.016
0,-0.09,0.0825,45.0392,12
0,-0.0875,0.0825,48.3291,12
0,-0.085,0.0825,49.7208,12
0,-0.0825,0.0825,50.1236,12
0,-0.08,0.0825,50.9537,12.016
0,-0.0775,0.0825,52.7543,12
0,-0.075,0.0825,52.7299,12
0,-0.0725,0.0825,54.1643,12
0,-0.07,0.0825,55.0249,12
0,-0.0675,0.0825,55.739,12
0,-0.065,0.0825,58.4246,12
0,-0.0625,0.0825,58.1744,12
0,-0.06,0.0825,60.4511,12
0,-0.0575,0.0825,61.7573,12
0,-0.055,0.0825,62.7949,12
0,-0.0525,0.0825,60.8783,12
0,-0.05,0.0825,65.5049,12.016
0,-0.0475,0.0825,64.6138,12
0,-0.045,0.0825,66.3839,12.016
0,-0.0425,0.0825,67.9037,12
0,-0.04,0.0825,67.7145,12.016
0,-0.0375,0.0825,69.5029,12.016
0,-0.035,0.0825,69.3136,12
0,-0.0325,0.0825,70.6748,12
0,-0.03,0.0825,71.0105,12.016
0,-0.0275,0.0825,71.9993,12
0,-0.025,0.0825,72.9209,12.016
0,-0.0225,0.0825,72.4754,12
0,-0.02,0.0825,75.3075,12
0,-0.0175,0.0825,75.2159,12
0,-0.015,0.0825,75.6249,12
0,-0.0125,0.0825,75.8141,12.016
0,-0.01,0.0825,76.3878,12
0,-0.0075,0.0825,76.8944,12.016
0,-0.005,0.0825,77.3888,12.016
0,-0.0025,0.0825,77.1508,12.032
0,0,0.0825,76.6991,12.016
0,0.0025,0.0825,77.2912,12.016
0,0.005,0.0825,77.7123,12.032
0,0.0075,0.0825,77.4682,12.032
0,0.01,0.0825,78.2617,12.032
0,0.0125,0.0825,75.985,12.032
0,0.015,0.0825,77.0959,12.032
0,0.0175,0.0825,76.5404,12.048
0,0.02,0.0825,75.9911,12.032
0,0.0225,0.0825,75.7836,12.032
0,0.025,0.0825,74.9413,12.048
0,0.0275,0.0825,74.8436,12.048
0,0.03,0.0825,72.8721,12.032
0,0.0325,0.0825,72.9759,12.048
0,0.035,0.0825,72.2434,12.048
0,0.0375,0.0825,72.9392,12.048
0,0.04,0.0825,72.9148,12.048
0,0.0425,0.0825,70.455,12.048
0,0.045,0.0825,70.748,12.064
0,0.0475,0.0825,68.3126,12.048
0,0.05,0.0825,68.9962,12.048
0,0.0525,0.0825,66.7684,12.048
0,0.055,0.0825,65.9749,12.048
0,0.0575,0.0825,65.0227,12.048
0,0.06,0.0825,63.7532,12.064
0,0.0625,0.0825,61.3727,12.064
0,0.065,0.0825,61.1225,12.064
0,0.0675,0.0825,60.4633,12.048
0,0.07,0.0825,59.5233,12.064
0,0.0725,0.0825,56.9231,12.064
0,0.075,0.0825,57.3016,12.064
0,0.0775,0.0825,56.5813,12.064
0,0.08,0.0825,54.3779,12.08
0,0.0825,0.0825,54.6281,12.048
0,0.085,0.0825,51.8204,12.064
0,0.0875,0.0825,51.0514,12.08
0,0.09,0.0825,50.4593,12.064
0,0.0925,0.0825,49.5193,12.08
0,0.095,0.0825,47.4563,12.08
0,0.0975,0.0825,46.7116,12.08
0,0.1,0.0825,44.789,12.096
0,0.1025,0.0825,45.0209,12.112
0,0.105,0.0825,43.8185,12.08
0,0.1075,0.0825,42.555,12.096
0,0.11,0.0825,41.1206,12.112
0,0.1125,0.0825,41.3831,12.096
0,0.115,0.0825,39.1736,12.128
0,0.1175,0.0825,37.7392,12.128
0,0.12,0.0825,39.5154,12.128
0,0.1225,0.0825,37.0556,12.128
0,0.125,0.0825,36.6649,12.128
0,0.1275,0.0825,34.0587,12.144
0,0.13,0.0825,33.4971,12.144
0,0.1325,0.0825,33.6131,12.128
0,0.135,0.0825,33.961,12.128
0,0.1375,0.0825,31.7515,12.144
0,0.14,0.0825,30.4392,12.144
0,0.1425,0.0825,29.8654,12.144
0,0.145,0.0825,29.8532,12.144
0,0.1475,0.0825,28.0709,12.16
0,0.15,0.0825,27.076,12.16
0,0.1525,0.0825,25.2937,12.176
0,0.155,0.0825,25.9163,12.16
0,0.1575,0.0825,24.9519,12.16
0,0.16,0.0825,24.1157,12.192
0,0.1625,0.0825,24.6895,12.176
0,0.165,0.0825,23.2124,12.192
0,0.1675,0.0825,22.9377,12.192
0,0.17,0.0825,22.4982,12.176
0,0.1725,0.0825,21.3813,12.192
0,0.175,0.0825,20.4474,12.208
0,0.1775,0.0825,20.4352,12.192
0,0.18,0.0825,20.13,12.192
0,0.1825,0.0825,20.0629,12.208
0,0.185,0.0825,18.5797,12.24
0,0.1875,0.0825,19.4586,12.208
0,0.19,0.0825,17.6397,12.24
0,0.1925,0.0825,17.8533,12.24
0,0.195,0.0825,17.127,12.256
0,0.1975,0.0825,16.6997,12.272
0,0.2,0.0825,16.0222,12.24
0,-0.2,0.085,14.8198,12.064
0,-0.1975,0.085,13.9348,12.064
0,-0.195,0.085,15.2959,12.048
0,-0.1925,0.085,15.0212,12.112
0,-0.19,0.085,15.4241,12.096
0,-0.1875,0.085,17.3772,12.08
0,-0.185,0.085,16.3701,12.064
0,-0.1825,0.085,18.4088,12.08
0,-0.18,0.085,18.128,12.064
0,-0.1775,0.085,18.5919,12.064
0,-0.175,0.085,18.8787,12.064
0,-0.1725,0.085,19.2511,12.064
0,-0.17,0.085,19.2206,12.064
0,-0.1675,0.085,19.953,12.048
0,-0.165,0.085,20.7343,12.064
0,-0.1625,0.085,21.601,12.064
0,-0.16,0.085,22.1931,12.08
0,-0.1575,0.085,22.4494,12.032
0,-0.155,0.085,23.3406,12.064
0,-0.1525,0.085,23.6641,12.048
0,-0.15,0.085,23.9875,12.032
0,-0.1475,0.085,25.013,12.032
0,-0.145,0.085,25.5257,12.032
0,-0.1425,0.085,26.7342,12.032
0,-0.14,0.085,27.43,12.032
0,-0.1375,0.085,26.6671,12.032
0,-0.135,0.085,28.2968,12.016
0,-0.1325,0.085,30.7566,12.032
0,-0.13,0.085,29.2673,12.016
0,-0.1275,0.085,30.6406,12.016
0,-0.125,0.085,31.6172,12
0,-0.1225,0.085,33.1309,12.016
0,-0.12,0.085,33.7168,12.016
0,-0.1175,0.085,33.6497,12
0,-0.115,0.085,35.5052,12
0,-0.1125,0.085,35.5358,12
0,-0.11,0.085,36.2133,12
0,-0.1075,0.085,37.8063,12
0,-0.105,0.085,39.0698,12
0,-0.1025,0.085,40.8826,12
0,-0.1,0.085,41.7859,12
0,-0.0975,0.085,43.0921,12.016
0,-0.095,0.085,42.8785,12.016
0,-0.0925,0.085,45.088,12
0,-0.09,0.085,46.3271,12.016
0,-0.0875,0.085,47.2976,12
0,-0.085,0.085,48.1887,12
0,-0.0825,0.085,48.9029,12
0,-0.08,0.085,49.5804,12
0,-0.0775,0.085,50.8683,12
0,-0.075,0.085,52.2538,12
0,-0.0725,0.085,52.3576,12
0,-0.07,0.085,55.5315,12
0,-0.0675,0.085,55.6413,12.016
0,-0.065,0.085,56.5996,12
0,-0.0625,0.085,57.5762,12
0,-0.06,0.085,59.1754,12.016
0,-0.0575,0.085,60.506,12
0,-0.055,0.085,60.7318,12
0,-0.0525,0.085,61.6047,12.016
0,-0.05,0.085,63.3442,12
0,-0.0475,0.085,64.0767,12.016
0,-0.045,0.085,65.1448,12.016
0,-0.0425,0.085,65.743,12.016
0,-0.04,0.085,66.1885,12.016
0,-0.0375,0.085,69.0085,12.016
0,-0.035,0.085,67.7145,12.016
0,-0.0325,0.085,68.0136,12
0,-0.03,0.085,69.3319,12
0,-0.0275,0.085,70.5954,12.016
0,-0.025,0.085,71.5903,12
0,-0.0225,0.085,71.8101,12
0,-0.02,0.085,72.1458,12
0,-0.0175,0.085,73.1101,12.016
0,-0.015,0.085,73.104,12
0,-0.0125,0.085,74.2698,12.016
0,-0.01,0.085,74.3004,12
0,-0.0075,0.085,74.3248,12.016
0,-0.005,0.085,74.0379,12.016
0,-0.0025,0.085,74.8802,12.032
0,0,0.085,76.7174,12.016
0,0.0025,0.085,75.1854,12.016
0,0.005,0.085,75.4479,12.032
0,0.0075,0.085,75.3319,12.032
0,0.01,0.085,75.2709,12.032
0,0.0125,0.085,74.3675,12.048
0,0.015,0.085,73.6045,12.048
0,0.0175,0.085,74.7642,12.016
0,0.02,0.085,74.9535,12.032
0,0.0225,0.085,73.2871,12.048
0,0.025,0.085,73.5435,12.048
0,0.0275,0.085,73.6045,12.032
0,0.03,0.085,73.2994,12.048
0,0.0325,0.085,72.1519,12.048
0,0.035,0.085,71.4866,12.032
0,0.0375,0.085,69.863,12.048
0,0.04,0.085,69.8691,12.048
0,0.0425,0.085,68.2394,12.048
0,0.045,0.085,69.2038,12.032
0,0.0475,0.085,66.2618,12.048
0,0.05,0.085,65.7918,12.064
0,0.0525,0.085,65.3157,12.048
0,0.055,0.085,62.9048,12.064
0,0.0575,0.085,63.1123,12.048
0,0.06,0.085,61.5558,12.064
0,0.0625,0.085,59.2853,12.048
0,0.065,0.085,59.096,12.064
0,0.0675,0.085,57.6006,12.064
0,0.07,0.085,56.8255,12.064
0,0.0725,0.085,56.2517,12.048
0,0.075,0.085,56.5935,12.064
0,0.0775,0.085,54.7319,12.048
0,0.08,0.085,52.9679,12.064
0,0.0825,0.085,52.2294,12.064
0,0.085,0.085,51.8326,12.064
0,0.0875,0.085,50.6119,12.064
0,0.09,0.085,47.6089,12.08
0,0.0925,0.085,47.56,12.08
0,0.095,0.085,47.792,12.08
0,0.0975,0.085,45.6923,12.08
0,0.1,0.085,44.7584,12.096
0,0.1025,0.085,42.4757,12.096
0,0.105,0.085,42.7381,12.08
0,0.1075,0.085,41.377,12.112
0,0.11,0.085,39.8328,12.112
0,0.1125,0.085,39.1491,12.128
0,0.115,0.085,39.9915,12.096
0,0.1175,0.085,38.5388,12.112
0,0.12,0.085,37.7758,12.096
0,0.1225,0.085,35.5052,12.112
0,0.125,0.085,35.3099,12.112
0,0.1275,0.085,34.7484,12.128
0,0.13,0.085,33.3506,12.112
0,0.1325,0.085,31.9834,12.144
0,0.135,0.085,30.8786,12.144
0,0.1375,0.085,30.7688,12.144
0,0.14,0.085,30.0607,12.144
0,0.1425,0.085,29.78,12.128
0,0.145,0.085,28.6996,12.16
0,0.1475,0.085,27.8207,12.176
0,0.15,0.085,27.3507,12.16
0,0.1525,0.085,26.4595,12.16
0,0.155,0.085,26.8319,12.176
0,0.1575,0.085,24.9763,12.176
0,0.16,0.085,23.7739,12.176
0,0.1625,0.085,23.5542,12.176
0,0.165,0.085,23.603,12.176
0,0.1675,0.085,22.1442,12.192
0,0.17,0.085,22.132,12.176
0,0.1725,0.085,21.2226,12.208
0,0.175,0.085,21.3141,12.208
0,0.1775,0.085,20.6854,12.192
0,0.18,0.085,20.1727,12.208
0,0.1825,0.085,19.2206,12.224
0,0.185,0.085,18.1097,12.208
0,0.1875,0.085,17.3101,12.256
0,0.19,0.085,18.0792,12.24
0,0.1925,0.085,17.9144,12.24
0,0.195,0.085,16.6936,12.24
0,0.1975,0.085,16.6265,12.256
0,0.2,0.085,16.3823,12.256
0,-0.2,0.0875,14.2644,12.064
0,-0.1975,0.0875,14.3254,12.048
0,-0.195,0.0875,14.5268,12.08
0,-0.1925,0.0875,15.4851,12.08
0,-0.19,0.0875,15.6255,12.064
0,-0.1875,0.0875,16.1382,12.064
0,-0.185,0.0875,16.9622,12.064
0,-0.1825,0.0875,16.4251,12.096
0,-0.18,0.0875,17.7496,12.08
0,-0.1775,0.0875,18.5553,12.08
0,-0.175,0.0875,18.4088,12.08
0,-0.1725,0.0875,18.4088,12.064
0,-0.17,0.0875,18.9276,12.08
0,-0.1675,0.0875,20.4291,12.064
0,-0.165,0.0875,20.5267,12.064
0,-0.1625,0.0875,20.3375,12.048
0,-0.16,0.0875,21.4179,12.064
0,-0.1575,0.0875,21.4728,12.048
0,-0.155,0.0875,22.0893,12.048
0,-0.1525,0.0875,23.5725,12.032
0,-0.15,0.0875,23.719,12.048
0,-0.1475,0.0875,25.3548,12.032
0,-0.145,0.0875,25.7332,12.048
0,-0.1425,0.0875,26.7891,12.016
0,-0.14,0.0875,26.6182,12.016
0,-0.1375,0.0875,27.9366,12.048
0,-0.135,0.0875,29.1513,12.016
0,-0.1325,0.0875,29.1269,12.016
0,-0.13,0.0875,30.3964,12.016
0,-0.1275,0.0875,30.5551,12.016
0,-0.125,0.0875,31.1533,12.016
0,-0.1225,0.0875,31.8308,12.016
0,-0.12,0.0875,33.5398,12.016
0,-0.1175,0.0875,34.4188,12.016
0,-0.115,0.0875,34.6995,12.016
0,-0.1125,0.0875,35.2184,12
0,-0.11,0.0875,36.4879,12
0,-0.1075,0.0875,36.7382,11.984
0,-0.105,0.0875,38.3312,12
0,-0.1025,0.0875,40.4798,12.016
0,-0.1,0.0875,41.3404,12
0,-0.0975,0.0875,41.0718,12
0,-0.095,0.0875,43.1043,12
0,-0.0925,0.0875,45.3078,12
0,-0.09,0.0875,43.8551,12
0,-0.0875,0.0875,45.5702,12
0,-0.085,0.0875,45.7289,12
0,-0.0825,0.0875,46.7849,12.016
0,-0.08,0.0875,48.7625,12
0,-0.0775,0.0875,50.8499,12
0,-0.075,0.0875,51.2955,12.016
0,-0.0725,0.0875,51.9486,12
0,-0.07,0.0875,53.1693,12.016
0,-0.0675,0.0875,53.4806,12
0,-0.065,0.0875,56.1296,12
0,-0.0625,0.0875,56.8377,12
0,-0.06,0.0875,57.5518,12.016
0,-0.0575,0.0875,58.5833,12
0,-0.055,0.0875,59.0228,12
0,-0.0525,0.0875,60.3473,12
0,-0.05,0.0875,62.5507,12.016
0,-0.0475,0.0875,61.9831,12
0,-0.045,0.0875,63.6494,12.016
0,-0.0425,0.0875,64.2232,12.016
0,-0.04,0.0875,65.4988,12.016
0,-0.0375,0.0875,65.2181,12
0,-0.035,0.0875,65.9139,12
0,-0.0325,0.0875,67.7816,12
0,-0.03,0.0875,67.8121,12.016
0,-0.0275,0.0875,68.6911,12
0,-0.025,0.0875,70.04,12.016
0,-0.0225,0.0875,70.3146,12
0,-0.02,0.0875,70.0339,12.016
0,-0.0175,0.0875,70.9067,12
0,-0.015,0.0875,70.8335,12
0,-0.0125,0.0875,70.9738,12
0,-0.01,0.0875,71.8772,12.016
0,-0.0075,0.0875,72.4509,12.016
0,-0.005,0.0875,73.4031,12.016
0,-0.0025,0.0875,73.2871,12.016
0,0,0.0875,73.043,12
0,0.0025,0.0875,71.572,12.016
0,0.005,0.0875,71.3218,12.016
0,0.0075,0.0875,72.7989,12.032
0,0.01,0.0875,73.4153,12.016
0,0.0125,0.0875,72.8538,12.032
0,0.015,0.0875,72.7866,12.032
0,0.0175,0.0875,71.8711,12.032
0,0.02,0.0875,72.5669,12.032
0,0.0225,0.0875,72.1091,12.048
0,0.025,0.0875,71.511,12.048
0,0.0275,0.0875,71.865,12.032
0,0.03,0.0875,69.9301,12.048
0,0.0325,0.0875,68.9413,12.048
0,0.035,0.0875,68.5568,12.048
0,0.0375,0.0875,67.6107,12.064
0,0.04,0.0875,67.5192,12.032
0,0.0425,0.0875,66.8416,12.048
0,0.045,0.0875,64.8213,12.048
0,0.0475,0.0875,66.036,12.064
0,0.05,0.0875,62.8559,12.064
0,0.0525,0.0875,62.8193,12.048
0,0.055,0.0875,62.0197,12.064
0,0.0575,0.0875,61.8366,12.048
0,0.06,0.0875,60.2924,12.064
0,0.0625,0.0875,59.8285,12.064
0,0.065,0.0875,58.8153,12.064
0,0.0675,0.0875,57.6495,12.064
0,0.07,0.0875,56.447,12.064
0,0.0725,0.0875,55.208,12.08
0,0.075,0.0875,53.5966,12.064
0,0.0775,0.0875,52.8764,12.08
0,0.08,0.0875,50.8133,12.08
0,0.0825,0.0875,50.38,12.08
0,0.085,0.0875,48.9151,12.064
0,0.0875,0.0875,48.0667,12.08
0,0.09,0.0875,48.2681,12.064
0,0.0925,0.0875,47.1023,12.08
0,0.095,0.0875,46.675,12.064
0,0.0975,0.0875,45.1369,12.08
0,0.1,0.0875,44.4166,12.096
0,0.1025,0.0875,42.085,12.112
0,0.105,0.0875,43.2081,12.08
0,0.1075,0.0875,40.5103,12.08
0,0.11,0.0875,41.8287,12.096
0,0.1125,0.0875,39.0576,12.112
0,0.115,0.0875,38.8867,12.096
0,0.1175,0.0875,37.9894,12.112
0,0.12,0.0875,36.7809,12.112
0,0.1225,0.0875,35.7311,12.128
0,0.125,0.0875,33.9122,12.112
0,0.1275,0.0875,34.0892,12.144
0,0.13,0.0875,32.0811,12.144
0,0.1325,0.0875,32.0383,12.144
0,0.135,0.0875,31.1594,12.144
0,0.1375,0.0875,29.7128,12.16
0,0.14,0.0875,29.0719,12.144
0,0.1425,0.0875,29.4076,12.16
0,0.145,0.0875,29.1269,12.16
0,0.1475,0.0875,27.3507,12.176
0,0.15,0.0875,26.3314,12.16
0,0.1525,0.0875,25.8492,12.16
0,0.155,0.0875,26.1177,12.176
0,0.1575,0.0875,23.8777,12.192
0,0.16,0.0875,24.0242,12.176
0,0.1625,0.0875,23.1452,12.176
0,0.165,0.0875,23.011,12.176
0,0.1675,0.0875,21.8696,12.192
0,0.17,0.0875,21.3996,12.192
0,0.1725,0.0875,21.2775,12.208
0,0.175,0.0875,21.2287,12.208
0,0.1775,0.0875,19.5685,12.208
0,0.18,0.0875,18.6834,12.208
0,0.1825,0.0875,19.3609,12.224
0,0.185,0.0875,17.8533,12.24
0,0.1875,0.0875,17.4688,12.256
0,0.19,0.0875,17.9205,12.224
0,0.1925,0.0875,15.8818,12.272
0,0.195,0.0875,17.0171,12.256
0,0.1975,0.0875,16.541,12.272
0,0.2,0.0875,15.9734,12.224
0,-0.2,0.09,13.9225,12.064
0,-0.1975,0.09,14.1667,12.096
0,-0.195,0.09,15.1677,12.048
0,-0.1925,0.09,14.655,12.096
0,-0.19,0.09,14.3132,12.064
0,-0.1875,0.09,15.5583,12.08
0,-0.185,0.09,17.2308,12.064
0,-0.1825,0.09,17.2002,12.064
0,-0.18,0.09,16.3823,12.08
0,-0.1775,0.09,18.2989,12.064
0,-0.175,0.09,17.8411,12.048
0,-0.1725,0.09,18.5919,12.064
0,-0.17,0.09,18.5064,12.048
0,-0.1675,0.09,19.8187,12.064
0,-0.165,0.09,19.892,12.064
0,-0.1625,0.09,21.1005,12.048
0,-0.16,0.09,22.5593,12.032
0,-0.1575,0.09,21.6376,12.032
0,-0.155,0.09,22.1992,12.064
0,-0.1525,0.09,23.0781,12.032
0,-0.15,0.09,23.6702,12.032
0,-0.1475,0.09,23.5969,12.032
0,-0.145,0.09,26.075,12.032
0,-0.1425,0.09,26.1666,12.032
0,-0.14,0.09,26.5572,12.016
0,-0.1375,0.09,27.0272,12.048
0,-0.135,0.09,28.8034,12.032
0,-0.1325,0.09,28.6081,12.016
0,-0.13,0.09,30.018,12.016
0,-0.1275,0.09,30.2744,12.032
0,-0.125,0.09,30.842,12
0,-0.1225,0.09,31.6843,12
0,-0.12,0.09,33.4178,12.032
0,-0.1175,0.09,33.2041,12.016
0,-0.115,0.09,33.9854,11.984
0,-0.1125,0.09,34.6934,12.016
0,-0.11,0.09,36.1888,11.984
0,-0.1075,0.09,36.9213,12
0,-0.105,0.09,38.4106,12.016
0,-0.1025,0.09,38.7768,12
0,-0.1,0.09,40.2417,12
0,-0.0975,0.09,41.1939,12.016
0,-0.095,0.09,41.8775,11.984
0,-0.0925,0.09,42.5794,12.016
0,-0.09,0.09,43.6476,11.984
0,-0.0875,0.09,47.0656,12.016
0,-0.085,0.09,45.8266,12
0,-0.0825,0.09,46.3027,12
0,-0.08,0.09,47.4563,12
0,-0.0775,0.09,49.6536,12
0,-0.075,0.09,49.6231,12
0,-0.0725,0.09,50.441,12
0,-0.07,0.09,53.1083,12
0,-0.0675,0.09,52.8947,12
0,-0.065,0.09,53.4928,12
0,-0.0625,0.09,54.7685,12.016
0,-0.06,0.09,56.6607,12
0,-0.0575,0.09,56.0503,12
0,-0.055,0.09,57.857,12.016
0,-0.0525,0.09,59.2181,12
0,-0.05,0.09,60.4633,12
0,-0.0475,0.09,60.0604,12.016
0,-0.045,0.09,61.1591,12.016
0,-0.0425,0.09,62.2211,12
0,-0.04,0.09,63.6494,12.016
0,-0.0375,0.09,64.7298,12
0,-0.035,0.09,65.0533,12
0,-0.0325,0.09,64.9617,12
0,-0.03,0.09,65.8773,12
0,-0.0275,0.09,67.1102,12
0,-0.025,0.09,67.3727,12
0,-0.0225,0.09,68.807,11.984
0,-0.02,0.09,68.6483,12
0,-0.0175,0.09,69.6554,12.016
0,-0.015,0.09,69.6982,12
0,-0.0125,0.09,70.1987,12.016
0,-0.01,0.09,70.3879,12.016
0,-0.0075,0.09,69.8447,12
0,-0.005,0.09,70.3757,12.016
0,-0.0025,0.09,70.8518,12.016
0,0,0.09,70.3818,12.032
0,0.0025,0.09,70.9861,12.032
0,0.005,0.09,71.4805,12.016
0,0.0075,0.09,71.2485,12
0,0.01,0.09,71.5354,12.016
0,0.0125,0.09,71.2241,12.032
0,0.015,0.09,70.4306,12.032
0,0.0175,0.09,70.455,12.032
0,0.02,0.09,69.8019,12.032
0,0.0225,0.09,69.1122,12.048
0,0.025,0.09,68.7338,12.048
0,0.0275,0.09,69.4174,12.032
0,0.03,0.09,67.159,12.048
0,0.0325,0.09,68.16,12.048
0,0.035,0.09,66.9393,12.048
0,0.0375,0.09,65.7857,12.048
0,0.04,0.09,66.3045,12.032
0,0.0425,0.09,64.6199,12.048
0,0.045,0.09,64.5589,12.064
0,0.0475,0.09,63.6921,12.048
0,0.05,0.09,62.5385,12.048
0,0.0525,0.09,61.1042,12.048
0,0.055,0.09,60.567,12.064
0,0.0575,0.09,59.2181,12.048
0,0.06,0.09,58.8214,12.064
0,0.0625,0.09,58.6138,12.064
0,0.065,0.09,56.6729,12.064
0,0.0675,0.09,56.563,12.048
0,0.07,0.09,54.8723,12.048
0,0.0725,0.09,54.4328,12.064
0,0.075,0.09,53.2426,12.048
0,0.0775,0.09,51.7838,12.048
0,0.08,0.09,50.4959,12.064
0,0.0825,0.09,50.2335,12.08
0,0.085,0.09,49.8001,12.064
0,0.0875,0.09,47.8469,12.08
0,0.09,0.09,47.3647,12.08
0,0.0925,0.09,45.6191,12.08
0,0.095,0.09,44.8378,12.064
0,0.0975,0.09,43.9955,12.08
0,0.1,0.09,43.9772,12.08
0,0.1025,0.09,41.2,12.096
0,0.105,0.09,41.9263,12.096
0,0.1075,0.09,39.9548,12.112
0,0.11,0.09,39.3506,12.096
0,0.1125,0.09,38.6731,12.112
0,0.115,0.09,37.1899,12.096
0,0.1175,0.09,36.2255,12.112
0,0.12,0.09,35.9447,12.112
0,0.1225,0.09,35.5541,12.112
0,0.125,0.09,34.4798,12.112
0,0.1275,0.09,33.6497,12.112
0,0.13,0.09,32.7097,12.128
0,0.1325,0.09,32.2764,12.112
0,0.135,0.09,29.9997,12.112
0,0.1375,0.09,29.4748,12.128
0,0.14,0.09,29.2367,12.144
0,0.1425,0.09,28.5104,12.144
0,0.145,0.09,27.0028,12.144
0,0.1475,0.09,25.5745,12.176
0,0.15,0.09,26.429,12.176
0,0.1525,0.09,25.0435,12.16
0,0.155,0.09,23.6885,12.16
0,0.1575,0.09,24.6895,12.176
0,0.16,0.09,23.6641,12.176
0,0.1625,0.09,24.1646,12.176
0,0.165,0.09,22.0283,12.176
0,0.1675,0.09,21.8146,12.208
0,0.17,0.09,20.9052,12.224
0,0.1725,0.09,20.6977,12.192
0,0.175,0.09,21.2165,12.208
0,0.1775,0.09,18.3172,12.208
0,0.18,0.09,20.6,12.208
0,0.1825,0.09,18.659,12.24
0,0.185,0.09,17.8838,12.24
0,0.1875,0.09,17.8533,12.224
0,0.19,0.09,17.2002,12.24
0,0.1925,0.09,18.1097,12.224
0,0.195,0.09,16.596,12.24
0,0.1975,0.09,14.2766,12.208
0,0.2,0.09,15.363,12.272
0,-0.2,0.0925,14.1972,12.064
0,-0.1975,0.0925,14.9052,12.096
0,-0.195,0.0925,14.301,12.048
0,-0.1925,0.0925,14.7404,12.08
0,-0.19,0.0925,15.5034,12.08
0,-0.1875,0.0925,14.9846,12.08
0,-0.185,0.0925,16.9805,12.064
0,-0.1825,0.0925,16.7547,12.08
0,-0.18,0.0925,16.6082,12.064
0,-0.1775,0.0925,17.0965,12.048
0,-0.175,0.0925,18.6041,12.048
0,-0.1725,0.0925,18.6956,12.048
0,-0.17,0.0925,18.891,12.064
0,-0.1675,0.0925,19.5929,12.048
0,-0.165,0.0925,18.8238,12.048
0,-0.1625,0.0925,20.2826,12.064
0,-0.16,0.0925,21.7292,12.064
0,-0.1575,0.0925,22.1076,12.048
0,-0.155,0.0925,21.4667,12.048
0,-0.1525,0.0925,23.0659,12.064
0,-0.15,0.0925,23.4321,12.048
0,-0.1475,0.0925,23.835,12.032
0,-0.145,0.0925,24.8665,12.016
0,-0.1425,0.0925,24.7444,12.016
0,-0.14,0.0925,26.2398,12.016
0,-0.1375,0.0925,26.8075,12.032
0,-0.135,0.0925,28.1137,12
0,-0.1325,0.0925,27.7841,12
0,-0.13,0.0925,27.9061,12.016
0,-0.1275,0.0925,29.1086,12.016
0,-0.125,0.0925,29.8227,12.032
0,-0.1225,0.0925,32.1421,12
0,-0.12,0.0925,31.3303,12
0,-0.1175,0.0925,32.0383,12.016
0,-0.115,0.0925,33.9671,12
0,-0.1125,0.0925,34.2051,12.016
0,-0.11,0.0925,35.316,11.984
0,-0.1075,0.0925,35.7128,11.984
0,-0.105,0.0925,39.0271,12
0,-0.1025,0.0925,37.1227,11.984
0,-0.1,0.0925,39.7351,12
0,-0.0975,0.0925,40.0952,11.984
0,-0.095,0.0925,39.2773,11.984
0,-0.0925,0.0925,42.5306,11.984
0,-0.09,0.0925,42.439,11.984
0,-0.0875,0.0925,43.6659,12
0,-0.085,0.0925,45.0819,12
0,-0.0825,0.0925,47.3952,12
0,-0.08,0.0925,47.4563,12
0,-0.0775,0.0925,48.4207,12
0,-0.075,0.0925,48.7259,12.016
0,-0.0725,0.0925,49.4034,12
0,-0.07,0.0925,50.5631,12
0,-0.0675,0.0925,52.443,12.016
0,-0.065,0.0925,52.7726,12.016
0,-0.0625,0.0925,52.5285,12.016
0,-0.06,0.0925,55.2934,12
0,-0.0575,0.0925,55.916,12
0,-0.055,0.0925,56.6668,12
0,-0.0525,0.0925,57.9913,12
0,-0.05,0.0925,58.4979,12
0,-0.0475,0.0925,58.15,12.016
0,-0.045,0.0925,60.6952,12.016
0,-0.0425,0.0925,60.9272,12
0,-0.04,0.0925,62.6667,12
0,-0.0375,0.0925,62.7094,12.016
0,-0.035,0.0925,63.1062,12
0,-0.0325,0.0925,63.0634,12
0,-0.03,0.0925,64.8396,12
0,-0.0275,0.0925,64.9983,12
0,-0.025,0.0925,66.1885,12.016
0,-0.0225,0.0925,65.7125,12.016
0,-0.02,0.0925,66.4998,12
0,-0.0175,0.0925,66.805,12
0,-0.015,0.0925,68.3981,12
0,-0.0125,0.0925,66.512,12.016
0,-0.01,0.0925,69.1427,12.016
0,-0.0075,0.0925,68.8253,12
0,-0.005,0.0925,68.2882,12
0,-0.0025,0.0925,68.685,12.016
0,0,0.0925,70.3146,12.016
0,0.0025,0.0925,68.8986,12.016
0,0.005,0.0925,68.9779,12.016
0,0.0075,0.0925,68.4347,12.048
0,0.01,0.0925,68.1661,12.032
0,0.0125,0.0925,68.1967,12.016
0,0.015,0.0925,68.7216,12.016
0,0.0175,0.0925,69.1183,12.032
0,0.02,0.0925,67.3788,12.032
0,0.0225,0.0925,66.9332,12.032
0,0.025,0.0925,67.5985,12.032
0,0.0275,0.0925,66.7013,12.032
0,0.03,0.0925,66.3411,12.032
0,0.0325,0.0925,66.3472,12.048
0,0.035,0.0925,65.688,12.032
0,0.0375,0.0925,64.9983,12.048
0,0.04,0.0925,65.1448,12.032
0,0.0425,0.0925,63.4358,12.048
0,0.045,0.0925,61.916,12.064
0,0.0475,0.0925,62.1113,12.032
0,0.05,0.0925,60.8478,12.048
0,0.0525,0.0925,60.7685,12.064
0,0.055,0.0925,59.2853,12.048
0,0.0575,0.0925,57.2954,12.08
0,0.06,0.0925,57.6495,12.048
0,0.0625,0.0925,58.7359,12.048
0,0.065,0.0925,54.2436,12.064
0,0.0675,0.0925,53.676,12.064
0,0.07,0.0925,54.0117,12.048
0,0.0725,0.0925,52.6261,12.048
0,0.075,0.0925,52.15,12.064
0,0.0775,0.0925,50.3983,12.048
0,0.08,0.0925,48.7503,12.064
0,0.0825,0.0925,49.4583,12.064
0,0.085,0.0925,48.1338,12.064
0,0.0875,0.0925,45.7289,12.08
0,0.09,0.0925,44.38,12.08
0,0.0925,0.0925,46.5529,12.064
0,0.095,0.0925,44.1847,12.064
0,0.0975,0.0925,43.025,12.064
0,0.1,0.0925,43.5865,12.08
0,0.1025,0.0925,41.261,12.08
0,0.105,0.0925,40.5103,12.08
0,0.1075,0.0925,38.5998,12.112
0,0.11,0.0925,38.197,12.096
0,0.1125,0.0925,37.6965,12.096
0,0.115,0.0925,36.4757,12.112
0,0.1175,0.0925,35.7555,12.112
0,0.12,0.0925,34.8888,12.144
0,0.1225,0.0925,33.0515,12.112
0,0.125,0.0925,33.7718,12.112
0,0.1275,0.0925,32.2825,12.112
0,0.13,0.0925,31.4096,12.128
0,0.1325,0.0925,30.6528,12.128
0,0.135,0.0925,29.9448,12.144
0,0.1375,0.0925,29.4137,12.128
0,0.14,0.0925,28.254,12.128
0,0.1425,0.0925,28.1014,12.16
0,0.145,0.0925,27.3629,12.16
0,0.1475,0.0925,25.2693,12.16
0,0.15,0.0925,25.5074,12.176
0,0.1525,0.0925,24.8787,12.16
0,0.155,0.0925,24.6834,12.16
0,0.1575,0.0925,23.0293,12.16
0,0.16,0.0925,24.2927,12.176
0,0.1625,0.0925,21.9306,12.208
0,0.165,0.0925,22.0222,12.208
0,0.1675,0.0925,22.1931,12.192
0,0.17,0.0925,21.0883,12.208
0,0.1725,0.0925,20.4169,12.192
0,0.175,0.0925,20.0262,12.208
0,0.1775,0.0925,18.5125,12.208
0,0.18,0.0925,19.3548,12.208
0,0.1825,0.0925,18.3844,12.208
0,0.185,0.0925,18.4454,12.224
0,0.1875,0.0925,17.7557,12.224
0,0.19,0.0925,17.3772,12.24
0,0.1925,0.0925,16.0894,12.272
0,0.195,0.0925,16.0527,12.256
0,0.1975,0.0925,15.8757,12.256
0,0.2,0.0925,15.5217,12.272
0,-0.2,0.095,13.9409,12.08
0,-0.1975,0.095,13.8127,12.08
0,-0.195,0.095,14.7832,12.064
0,-0.1925,0.095,15.9795,12.064
0,-0.19,0.095,15.8757,12.048
0,-0.1875,0.095,15.2959,12.08
0,-0.185,0.095,16.0466,12.08
0,-0.1825,0.095,16.2053,12.08
0,-0.18,0.095,17.5359,12.064
0,-0.1775,0.095,18.0548,12.08
0,-0.175,0.095,17.6763,12.048
0,-0.1725,0.095,19.0313,12.08
0,-0.17,0.095,18.3172,12.048
0,-0.1675,0.095,19.367,12.064
0,-0.165,0.095,19.9408,12.064
0,-0.1625,0.095,20.7282,12.064
0,-0.16,0.095,20.9601,12.032
0,-0.1575,0.095,21.3019,12.048
0,-0.155,0.095,21.9794,12.048
0,-0.1525,0.095,21.9855,12.048
0,-0.15,0.095,23.3589,12.048
0,-0.1475,0.095,23.1574,12.032
0,-0.145,0.095,24.2683,12.032
0,-0.1425,0.095,24.2073,12
0,-0.14,0.095,25.8065,12.016
0,-0.1375,0.095,26.7098,12.016
0,-0.135,0.095,26.9723,12
0,-0.1325,0.095,28.9865,12.016
0,-0.13,0.095,28.0221,12.016
0,-0.1275,0.095,29.7189,12
0,-0.125,0.095,28.7973,12
0,-0.1225,0.095,30.4514,11.984
0,-0.12,0.095,31.1594,11.984
0,-0.1175,0.095,32.313,12
0,-0.115,0.095,33.7901,12.016
0,-0.1125,0.095,34.4066,11.984
0,-0.11,0.095,35.4808,12
0,-0.1075,0.095,36.2499,11.984
0,-0.105,0.095,36.9579,12
0,-0.1025,0.095,35.1207,12
0,-0.1,0.095,39.4726,12
0,-0.0975,0.095,39.3689,11.984
0,-0.095,0.095,40.0281,12
0,-0.0925,0.095,40.9009,12
0,-0.09,0.095,42.6588,12
0,-0.0875,0.095,44.6059,12
0,-0.085,0.095,44.6486,11.984
0,-0.0825,0.095,44.3556,12
0,-0.08,0.095,46.6872,12
0,-0.0775,0.095,46.8642,12
0,-0.075,0.095,48.5305,12
0,-0.0725,0.095,48.3901,11.984
0,-0.07,0.095,50.3677,11.984
0,-0.0675,0.095,51.3688,12
0,-0.065,0.095,52.15,11.984
0,-0.0625,0.095,53.3708,12
0,-0.06,0.095,53.8408,12
0,-0.0575,0.095,54.9883,12
0,-0.055,0.095,55.8,11.984
0,-0.0525,0.095,57.1795,12
0,-0.05,0.095,57.2405,12
0,-0.0475,0.095,57.6189,12
0,-0.045,0.095,58.8885,12
0,-0.0425,0.095,60.1276,12
0,-0.04,0.095,60.7135,12
0,-0.0375,0.095,60.2496,12
0,-0.035,0.095,60.7929,12
0,-0.0325,0.095,61.4826,12
0,-0.03,0.095,63.9729,12
0,-0.0275,0.095,63.6616,12
0,-0.025,0.095,64.7969,12
0,-0.0225,0.095,63.6799,11.984
0,-0.02,0.095,65.2669,12
0,-0.0175,0.095,66.5914,12.016
0,-0.015,0.095,66.213,12
0,-0.0125,0.095,65.3096,12.016
0,-0.01,0.095,66.3961,12
0,-0.0075,0.095,65.9017,12
0,-0.005,0.095,66.3167,12
0,-0.0025,0.095,68.0502,12
0,0,0.095,67.1102,12
0,0.0025,0.095,67.6473,12.016
0,0.005,0.095,67.1407,12.016
0,0.0075,0.095,66.6402,12.016
0,0.01,0.095,68.6056,12.016
0,0.0125,0.095,67.8671,12.016
0,0.015,0.095,65.981,12.032
0,0.0175,0.095,66.3167,12.016
0,0.02,0.095,66.9149,12.016
0,0.0225,0.095,65.8589,12.016
0,0.025,0.095,65.3157,12.032
0,0.0275,0.095,64.4856,12.016
0,0.03,0.095,64.1621,12.032
0,0.0325,0.095,63.8874,12.032
0,0.035,0.095,63.0696,12.032
0,0.0375,0.095,63.4175,12.032
0,0.04,0.095,62.093,12.048
0,0.0425,0.095,61.7939,12.048
0,0.045,0.095,61.568,12.032
0,0.0475,0.095,60.0116,12.032
0,0.05,0.095,57.8204,12.048
0,0.0525,0.095,58.8336,12.048
0,0.055,0.095,57.4541,12.032
0,0.0575,0.095,56.9475,12.048
0,0.06,0.095,56.3616,12.048
0,0.0625,0.095,54.5549,12.048
0,0.065,0.095,53.5173,12.048
0,0.0675,0.095,54.0666,12.048
0,0.07,0.095,53.1693,12.048
0,0.0725,0.095,51.3749,12.064
0,0.075,0.095,50.7096,12.048
0,0.0775,0.095,49.3728,12.048
0,0.08,0.095,47.3403,12.064
0,0.0825,0.095,47.084,12.048
0,0.085,0.095,46.8337,12.064
0,0.0875,0.095,47.145,12.064
0,0.09,0.095,44.3068,12.064
0,0.0925,0.095,43.6964,12.08
0,0.095,0.095,42.8541,12.08
0,0.0975,0.095,41.7982,12.064
0,0.1,0.095,41.847,12.08
0,0.1025,0.095,40.1868,12.08
0,0.105,0.095,38.8867,12.064
0,0.1075,0.095,38.1787,12.096
0,0.11,0.095,38.2397,12.08
0,0.1125,0.095,36.14,12.112
0,0.115,0.095,36.9823,12.096
0,0.1175,0.095,34.4005,12.096
0,0.12,0.095,34.0159,12.112
0,0.1225,0.095,31.5744,12.096
0,0.125,0.095,32.1604,12.128
0,0.1275,0.095,30.9275,12.144
0,0.13,0.095,31.0678,12.128
0,0.1325,0.095,29.0475,12.144
0,0.135,0.095,29.2123,12.128
0,0.1375,0.095,28.8217,12.112
0,0.14,0.095,27.9,12.144
0,0.1425,0.095,24.9336,12.16
0,0.145,0.095,25.5684,12.176
0,0.1475,0.095,24.7932,12.144
0,0.15,0.095,24.4758,12.16
0,0.1525,0.095,24.366,12.16
0,0.155,0.095,25.0313,12.16
0,0.1575,0.095,23.9021,12.176
0,0.16,0.095,22.5349,12.176
0,0.1625,0.095,22.1992,12.176
0,0.165,0.095,21.3202,12.176
0,0.1675,0.095,21.5888,12.176
0,0.17,0.095,20.6122,12.192
0,0.1725,0.095,20.0385,12.176
0,0.175,0.095,19.7943,12.208
0,0.1775,0.095,19.1107,12.208
0,0.18,0.095,18.7017,12.208
0,0.1825,0.095,18.6346,12.208
0,0.185,0.095,17.9937,12.224
0,0.1875,0.095,17.8045,12.224
0,0.19,0.095,16.5593,12.224
0,0.1925,0.095,16.8157,12.24
0,0.195,0.095,17.1514,12.256
0,0.1975,0.095,16.5227,12.272
0,0.2,0.095,14.8564,12.272
0,-0.2,0.0975,13.6357,12.032
0,-0.1975,0.0975,13.8798,12.096
0,-0.195,0.0975,14.5512,12.08
0,-0.1925,0.0975,14.7404,12.096
0,-0.19,0.0975,15.3264,12.08
0,-0.1875,0.0975,16.1504,12.064
0,-0.185,0.0975,15.7414,12.048
0,-0.1825,0.0975,16.6692,12.048
0,-0.18,0.0975,16.2481,12.064
0,-0.1775,0.0975,17.4566,12.064
0,-0.175,0.0975,17.5848,12.048
0,-0.1725,0.0975,17.5115,12.08
0,-0.17,0.0975,18.8543,12.048
0,-0.1675,0.0975,18.6834,12.048
0,-0.165,0.0975,18.4698,12.048
0,-0.1625,0.0975,19.3793,12.032
0,-0.16,0.0975,20.5267,12.016
0,-0.1575,0.0975,21.7658,12.032
0,-0.155,0.0975,21.1982,12.016
0,-0.1525,0.0975,22.7729,12.032
0,-0.15,0.0975,22.8462,12.032
0,-0.1475,0.0975,23.5847,12.048
0,-0.145,0.0975,23.8899,12.048
0,-0.1425,0.0975,24.2073,12.016
0,-0.14,0.0975,25.6966,12
0,-0.1375,0.0975,25.8187,12.032
0,-0.135,0.0975,25.9102,11.984
0,-0.1325,0.0975,27.9122,12.016
0,-0.13,0.0975,27.6742,12.032
0,-0.1275,0.0975,28.7057,12
0,-0.125,0.0975,29.2673,12
0,-0.1225,0.0975,31.2082,11.984
0,-0.12,0.0975,31.4463,12.016
0,-0.1175,0.0975,32.0017,12.016
0,-0.115,0.0975,32.075,12
0,-0.1125,0.0975,32.7586,11.968
0,-0.11,0.0975,34.492,12
0,-0.1075,0.0975,34.7911,12
0,-0.105,0.0975,36.1095,11.984
0,-0.1025,0.0975,36.7138,11.984
0,-0.1,0.0975,37.4096,12
0,-0.0975,0.0975,38.5876,12
0,-0.095,0.0975,39.6374,11.984
0,-0.0925,0.0975,41.3892,12
0,-0.09,0.0975,42.0484,11.968
0,-0.0875,0.0975,43.2386,12
0,-0.085,0.0975,43.5377,12
0,-0.0825,0.0975,44.4166,12
0,-0.08,0.0975,45.2223,11.984
0,-0.0775,0.0975,47.4258,12.016
0,-0.075,0.0975,47.0107,11.984
0,-0.0725,0.0975,47.676,11.984
0,-0.07,0.0975,48.2986,12
0,-0.0675,0.0975,49.5682,11.984
0,-0.065,0.0975,50.9293,11.984
0,-0.0625,0.0975,52.3881,11.984
0,-0.06,0.0975,52.3453,12
0,-0.0575,0.0975,53.5722,12
0,-0.055,0.0975,53.4013,12
0,-0.0525,0.0975,54.3291,11.984
0,-0.05,0.0975,55.7329,12
0,-0.0475,0.0975,57.21,12.016
0,-0.045,0.0975,57.6861,12
0,-0.0425,0.0975,57.0025,11.984
0,-0.04,0.0975,58.211,12
0,-0.0375,0.0975,59.1266,11.984
0,-0.035,0.0975,59.7064,12
0,-0.0325,0.0975,60.1032,12
0,-0.03,0.0975,61.2751,11.984
0,-0.0275,0.0975,60.7013,11.984
0,-0.025,0.0975,63.1855,12.016
0,-0.0225,0.0975,63.0634,11.984
0,-0.02,0.0975,62.0319,12
0,-0.0175,0.0975,62.917,12
0,-0.015,0.0975,63.6982,12
0,-0.0125,0.0975,65.0044,12
0,-0.01,0.0975,64.8885,12
0,-0.0075,0.0975,63.6677,12
0,-0.005,0.0975,65.1143,12
0,-0.0025,0.0975,64.7847,12.016
0,0,0.0975,65.1265,12.016
0,0.0025,0.0975,65.9078,12
0,0.005,0.0975,64.7908,12
0,0.0075,0.0975,64.9251,12
0,0.01,0.0975,64.5833,12.016
0,0.0125,0.0975,64.8824,12.016
0,0.015,0.0975,64.9495,12.032
0,0.0175,0.0975,65.1448,12.032
0,0.02,0.0975,63.7837,12.032
0,0.0225,0.0975,64.3269,12.016
0,0.025,0.0975,63.0024,12.032
0,0.0275,0.0975,62.8437,12.048
0,0.03,0.0975,63.1855,12.032
0,0.0325,0.0975,61.9282,12.016
0,0.035,0.0975,61.7512,12.048
0,0.0375,0.0975,61.6962,12.032
0,0.04,0.0975,60.7501,12.032
0,0.0425,0.0975,59.4745,12.032
0,0.045,0.0975,58.6138,12.032
0,0.0475,0.0975,59.5538,12.048
0,0.05,0.0975,58.3209,12.032
0,0.0525,0.0975,57.9119,12.032
0,0.055,0.0975,55.4765,12.032
0,0.0575,0.0975,54.3046,12.048
0,0.06,0.0975,54.0117,12.048
0,0.0625,0.0975,52.9801,12.032
0,0.065,0.0975,52.559,12.048
0,0.0675,0.0975,51.8693,12.048
0,0.07,0.0975,49.5682,12.048
0,0.0725,0.0975,48.5427,12.064
0,0.075,0.0975,48.085,12.064
0,0.0775,0.0975,47.6028,12.032
0,0.08,0.0975,46.5712,12.064
0,0.0825,0.0975,46.7238,12.048
0,0.085,0.0975,44.9843,12.064
0,0.0875,0.0975,44.5265,12.048
0,0.09,0.0975,44.911,12.048
0,0.0925,0.0975,42.7747,12.08
0,0.095,0.0975,41.3587,12.08
0,0.0975,0.0975,41.6517,12.08
0,0.1,0.0975,39.3628,12.08
0,0.1025,0.0975,39.1552,12.08
0,0.105,0.0975,37.0983,12.08
0,0.1075,0.0975,37.8063,12.08
0,0.11,0.0975,35.9508,12.08
0,0.1125,0.0975,35.9874,12.112
0,0.115,0.0975,35.2306,12.112
0,0.1175,0.0975,35.2062,12.096
0,0.12,0.0975,31.8674,12.08
0,0.1225,0.0975,33.0515,12.112
0,0.125,0.0975,31.7698,12.112
0,0.1275,0.0975,31.0984,12.128
0,0.13,0.0975,29.7494,12.112
0,0.1325,0.0975,29.1208,12.112
0,0.135,0.0975,29.2611,12.128
0,0.1375,0.0975,28.7301,12.144
0,0.14,0.0975,26.9906,12.144
0,0.1425,0.0975,27.4789,12.144
0,0.145,0.0975,26.307,12.128
0,0.1475,0.0975,25.9896,12.16
0,0.15,0.0975,24.9214,12.16
0,0.1525,0.0975,24.3965,12.176
0,0.155,0.0975,22.9377,12.16
0,0.1575,0.0975,22.2541,12.176
0,0.16,0.0975,22.2358,12.192
0,0.1625,0.0975,22.663,12.176
0,0.165,0.0975,22.1381,12.176
0,0.1675,0.0975,21.1798,12.208
0,0.17,0.0975,20.5939,12.176
0,0.1725,0.0975,18.9459,12.192
0,0.175,0.0975,20.2033,12.208
0,0.1775,0.0975,18.891,12.192
0,0.18,0.0975,18.0242,12.192
0,0.1825,0.0975,18.2745,12.208
0,0.185,0.0975,17.42,12.224
0,0.1875,0.0975,16.7608,12.208
0,0.19,0.0975,16.7486,12.224
0,0.1925,0.0975,18.3538,12.224
0,0.195,0.0975,15.3203,12.272
0,0.1975,0.0975,15.302,12.24
0,0.2,0.0975,15.772,12.256
0,-0.2,0.1,13.4098,12.08
0,-0.1975,0.1,13.0558,12.064
0,-0.195,0.1,13.1046,12.048
0,-0.1925,0.1,15.3813,12.064
0,-0.19,0.1,14.2644,12.064
0,-0.1875,0.1,15.6438,12.064
0,-0.185,0.1,15.9917,12.032
0,-0.1825,0.1,16.2297,12.032
0,-0.18,0.1,16.7425,12.048
0,-0.1775,0.1,16.8645,12.064
0,-0.175,0.1,16.9317,12.064
0,-0.1725,0.1,17.5359,12.048
0,-0.17,0.1,18.3538,12.048
0,-0.1675,0.1,19.599,12.064
0,-0.165,0.1,19.5441,12.032
0,-0.1625,0.1,19.8981,12.048
0,-0.16,0.1,20.5267,12.048
0,-0.1575,0.1,20.3497,12.048
0,-0.155,0.1,21.1432,12.048
0,-0.1525,0.1,22.2907,12.032
0,-0.15,0.1,22.2968,12.016
0,-0.1475,0.1,23.1025,12.016
0,-0.145,0.1,24.0669,12.032
0,-0.1425,0.1,24.2866,12.016
0,-0.14,0.1,25.428,12
0,-0.1375,0.1,26.5511,12.016
0,-0.135,0.1,26.2032,12
0,-0.1325,0.1,27.4178,12
0,-0.13,0.1,27.4239,12
0,-0.1275,0.1,27.8756,12
0,-0.125,0.1,28.9315,12
0,-0.1225,0.1,29.9692,11.984
0,-0.12,0.1,32.4839,12
0,-0.1175,0.1,31.6355,12
0,-0.115,0.1,32.7097,12
0,-0.1125,0.1,32.4412,11.984
0,-0.11,0.1,34.0831,11.984
0,-0.1075,0.1,34.669,11.984
0,-0.105,0.1,35.2733,12
0,-0.1025,0.1,35.4991,11.984
0,-0.1,0.1,36.3475,11.984
0,-0.0975,0.1,37.6232,12
0,-0.095,0.1,39.7778,11.968
0,-0.0925,0.1,39.8206,12
0,-0.09,0.1,41.3953,11.984
0,-0.0875,0.1,41.6822,11.984
0,-0.085,0.1,43.0677,11.968
0,-0.0825,0.1,43.0189,11.968
0,-0.08,0.1,43.2325,12
0,-0.0775,0.1,44.9599,12
0,-0.075,0.1,46.5102,11.984
0,-0.0725,0.1,46.7849,11.984
0,-0.07,0.1,47.6699,11.968
0,-0.0675,0.1,47.8957,11.984
0,-0.065,0.1,49.8978,11.984
0,-0.0625,0.1,50.5814,11.984
0,-0.06,0.1,52.028,11.984
0,-0.0575,0.1,51.8265,11.984
0,-0.055,0.1,52.9923,11.968
0,-0.0525,0.1,54.5305,12
0,-0.05,0.1,55.6291,12
0,-0.0475,0.1,54.7136,11.984
0,-0.045,0.1,56.1785,11.984
0,-0.0425,0.1,56.679,12
0,-0.04,0.1,58.8275,11.984
0,-0.0375,0.1,57.9058,11.984
0,-0.035,0.1,58.6016,11.968
0,-0.0325,0.1,58.9496,11.984
0,-0.03,0.1,59.035,11.984
0,-0.0275,0.1,60.5853,11.984
0,-0.025,0.1,61.2812,11.984
0,-0.0225,0.1,61.2384,11.984
0,-0.02,0.1,60.5609,12
0,-0.0175,0.1,61.2384,12
0,-0.015,0.1,61.9343,11.984
0,-0.0125,0.1,62.8925,12
0,-0.01,0.1,63.2282,12
0,-0.0075,0.1,63.1123,11.984
0,-0.005,0.1,61.9098,12
0,-0.0025,0.1,63.216,12
0,0,0.1,63.4236,12
0,0.0025,0.1,63.863,12
0,0.005,0.1,62.9536,12.016
0,0.0075,0.1,63.9851,12
0,0.01,0.1,63.0757,12
0,0.0125,0.1,63.7898,12.016
0,0.015,0.1,63.1977,12
0,0.0175,0.1,62.6057,12.016
0,0.02,0.1,63.2221,12.016
0,0.0225,0.1,62.569,12.016
0,0.025,0.1,61.2812,12.032
0,0.0275,0.1,61.916,12.016
0,0.03,0.1,61.0187,12.016
0,0.0325,0.1,61.1469,12.032
0,0.035,0.1,59.5965,12.016
0,0.0375,0.1,59.4623,12.032
0,0.04,0.1,58.2232,12.032
0,0.0425,0.1,58.3392,12.032
0,0.045,0.1,56.9414,12.032
0,0.0475,0.1,56.6118,12.032
0,0.05,0.1,56.8438,12.032
0,0.0525,0.1,55.1836,12.032
0,0.055,0.1,55.7146,12.032
0,0.0575,0.1,53.8102,12.048
0,0.06,0.1,52.3026,12.048
0,0.0625,0.1,51.7167,12.048
0,0.065,0.1,49.9283,12.048
0,0.0675,0.1,50.1114,12.048
0,0.07,0.1,51.0331,12.032
0,0.0725,0.1,47.6089,12.048
0,0.075,0.1,48.1765,12.048
0,0.0775,0.1,47.3464,12.048
0,0.08,0.1,46.5896,12.048
0,0.0825,0.1,44.911,12.048
0,0.085,0.1,45.0941,12.048
0,0.0875,0.1,44.0016,12.048
0,0.09,0.1,41.9691,12.064
0,0.0925,0.1,41.5357,12.064
0,0.095,0.1,41.1878,12.064
0,0.0975,0.1,39.9731,12.08
0,0.1,0.1,38.6608,12.064
0,0.1025,0.1,37.8063,12.08
0,0.105,0.1,37.4279,12.096
0,0.1075,0.1,36.9579,12.096
0,0.11,0.1,35.963,12.096
0,0.1125,0.1,34.1502,12.096
0,0.115,0.1,33.9549,12.096
0,0.1175,0.1,32.8806,12.112
0,0.12,0.1,32.8745,12.096
0,0.1225,0.1,32.4717,12.112
0,0.125,0.1,30.311,12.128
0,0.1275,0.1,30.6345,12.128
0,0.13,0.1,29.7433,12.112
0,0.1325,0.1,29.3039,12.128
0,0.135,0.1,28.2968,12.128
0,0.1375,0.1,27.253,12.128
0,0.14,0.1,27.1737,12.144
0,0.1425,0.1,26.5572,12.16
0,0.145,0.1,25.0618,12.144
0,0.1475,0.1,25.6661,12.16
0,0.15,0.1,24.7627,12.144
0,0.1525,0.1,24.25,12.144
0,0.155,0.1,23.4016,12.176
0,0.1575,0.1,23.011,12.16
0,0.16,0.1,22.0527,12.16
0,0.1625,0.1,22.4494,12.176
0,0.165,0.1,20.6183,12.16
0,0.1675,0.1,20.6244,12.192
0,0.17,0.1,18.891,12.192
0,0.1725,0.1,19.66,12.208
0,0.175,0.1,18.8177,12.192
0,0.1775,0.1,19.3304,12.192
0,0.18,0.1,17.5176,12.208
0,0.1825,0.1,17.2796,12.208
0,0.185,0.1,16.8218,12.224
0,0.1875,0.1,16.3762,12.224
0,0.19,0.1,16.8889,12.224
0,0.1925,0.1,16.7486,12.256
0,0.195,0.1,16.2603,12.24
0,0.1975,0.1,16.1199,12.208
0,0.2,0.1,14.9113,12.256
0,-0.2,0.1025,13.2084,12.048
0,-0.1975,0.1025,14.9846,12.08
0,-0.195,0.1025,14.0385,12.064
0,-0.1925,0.1025,14.7649,12.064
0,-0.19,0.1025,14.9602,12.064
0,-0.1875,0.1025,14.7771,12.08
0,-0.185,0.1025,16.4434,12.048
0,-0.1825,0.1025,16.1504,12.096
0,-0.18,0.1025,16.0344,12.064
0,-0.1775,0.1025,16.5899,12.048
0,-0.175,0.1025,17.2369,12.064
0,-0.1725,0.1025,17.8838,12.048
0,-0.17,0.1025,18.1951,12.064
0,-0.1675,0.1025,17.6885,12.032
0,-0.165,0.1025,18.8299,12.064
0,-0.1625,0.1025,18.7933,12.016
0,-0.16,0.1025,21.2043,12.032
0,-0.1575,0.1025,20.2826,12.032
0,-0.155,0.1025,20.9662,12.032
0,-0.1525,0.1025,22.0038,12.016
0,-0.15,0.1025,21.9489,12.016
0,-0.1475,0.1025,23.1819,12.016
0,-0.145,0.1025,23.9143,12.032
0,-0.1425,0.1025,23.4565,12.016
0,-0.14,0.1025,25.0496,12
0,-0.1375,0.1025,25.0984,12.032
0,-0.135,0.1025,26.783,12.032
0,-0.1325,0.1025,25.959,11.984
0,-0.13,0.1025,28.6874,12.016
0,-0.1275,0.1025,27.2225,12.016
0,-0.125,0.1025,28.8583,12
0,-0.1225,0.1025,28.9987,11.984
0,-0.12,0.1025,30.6528,12
0,-0.1175,0.1025,29.7372,12.016
0,-0.115,0.1025,32.0017,11.984
0,-0.1125,0.1025,32.2275,12
0,-0.11,0.1025,33.2591,12
0,-0.1075,0.1025,33.6253,11.984
0,-0.105,0.1025,34.5042,11.984
0,-0.1025,0.1025,35.2672,11.984
0,-0.1,0.1025,36.2438,11.984
0,-0.0975,0.1025,37.611,12
0,-0.095,0.1025,38.1481,11.984
0,-0.0925,0.1025,37.5378,11.968
0,-0.09,0.1025,39.9915,11.984
0,-0.0875,0.1025,40.968,11.968
0,-0.085,0.1025,40.7544,11.984
0,-0.0825,0.1025,41.7249,11.984
0,-0.08,0.1025,43.1593,11.984
0,-0.0775,0.1025,44.9416,11.984
0,-0.075,0.1025,46.3759,11.984
0,-0.0725,0.1025,45.8815,11.984
0,-0.07,0.1025,46.7055,11.984
0,-0.0675,0.1025,47.8774,11.984
0,-0.065,0.1025,48.8907,11.984
0,-0.0625,0.1025,49.0677,11.984
0,-0.06,0.1025,49.91,11.984
0,-0.0575,0.1025,50.7645,11.984
0,-0.055,0.1025,51.4176,12
0,-0.0525,0.1025,52.4308,11.984
0,-0.05,0.1025,53.5478,12
0,-0.0475,0.1025,53.8896,11.984
0,-0.045,0.1025,54.1276,11.984
0,-0.0425,0.1025,55.269,12
0,-0.04,0.1025,55.5315,11.984
0,-0.0375,0.1025,57.4664,11.984
0,-0.035,0.1025,56.3189,12
0,-0.0325,0.1025,57.5213,11.984
0,-0.03,0.1025,58.4246,11.968
0,-0.0275,0.1025,59.4134,11.984
0,-0.025,0.1025,59.2914,11.984
0,-0.0225,0.1025,58.5833,11.984
0,-0.02,0.1025,60.6342,12
0,-0.0175,0.1025,60.5731,12
0,-0.015,0.1025,60.6525,11.984
0,-0.0125,0.1025,60.8844,11.984
0,-0.01,0.1025,61.2568,12
0,-0.0075,0.1025,60.9149,12
0,-0.005,0.1025,61.1835,12
0,-0.0025,0.1025,62.1906,12
0,0,0.1025,61.2751,11.984
0,0.0025,0.1025,61.037,12.032
0,0.005,0.1025,61.2873,12
0,0.0075,0.1025,61.2568,11.984
0,0.01,0.1025,62.8559,12.016
0,0.0125,0.1025,60.8051,12.032
0,0.015,0.1025,60.799,12.016
0,0.0175,0.1025,61.4093,12.032
0,0.02,0.1025,59.7552,12
0,0.0225,0.1025,60.4328,12.016
0,0.025,0.1025,60.5243,12.032
0,0.0275,0.1025,59.798,12.016
0,0.03,0.1025,60.152,12.032
0,0.0325,0.1025,58.6383,12.048
0,0.035,0.1025,57.9302,12.016
0,0.0375,0.1025,57.3687,12.032
0,0.04,0.1025,57.3199,12.032
0,0.0425,0.1025,56.3066,12.032
0,0.045,0.1025,55.6291,12.032
0,0.0475,0.1025,55.501,12.032
0,0.05,0.1025,54.0666,12.032
0,0.0525,0.1025,54.5488,12.048
0,0.055,0.1025,52.6566,12.048
0,0.0575,0.1025,52.3698,12.048
0,0.06,0.1025,52.1805,12.048
0,0.0625,0.1025,49.9283,12.032
0,0.065,0.1025,49.9649,12.032
0,0.0675,0.1025,49.0982,12.048
0,0.07,0.1025,47.2304,12.048
0,0.0725,0.1025,47.792,12.048
0,0.075,0.1025,46.4919,12.032
0,0.0775,0.1025,47.6333,12.048
0,0.08,0.1025,45.9914,12.048
0,0.0825,0.1025,42.7137,12.048
0,0.085,0.1025,43.44,12.048
0,0.0875,0.1025,42.0606,12.08
0,0.09,0.1025,40.8216,12.064
0,0.0925,0.1025,40.2661,12.064
0,0.095,0.1025,40.3394,12.048
0,0.0975,0.1025,40.3821,12.08
0,0.1,0.1025,37.5134,12.08
0,0.1025,0.1025,36.6344,12.064
0,0.105,0.1025,36.3414,12.08
0,0.1075,0.1025,35.8592,12.064
0,0.11,0.1025,35.3587,12.08
0,0.1125,0.1025,33.784,12.096
0,0.115,0.1025,34.0403,12.096
0,0.1175,0.1025,32.606,12.096
0,0.12,0.1025,32.1238,12.096
0,0.1225,0.1025,31.2876,12.128
0,0.125,0.1025,30.9763,12.112
0,0.1275,0.1025,29.5785,12.128
0,0.13,0.1025,30.6772,12.128
0,0.1325,0.1025,28.779,12.144
0,0.135,0.1025,27.7596,12.112
0,0.1375,0.1025,26.6488,12.16
0,0.14,0.1025,26.429,12.16
0,0.1425,0.1025,25.7271,12.144
0,0.145,0.1025,24.7871,12.16
0,0.1475,0.1025,24.897,12.144
0,0.15,0.1025,24.4819,12.128
0,0.1525,0.1025,23.3772,12.16
0,0.155,0.1025,22.2175,12.16
0,0.1575,0.1025,21.662,12.176
0,0.16,0.1025,21.7597,12.176
0,0.1625,0.1025,21.4179,12.192
0,0.165,0.1025,20.5939,12.192
0,0.1675,0.1025,20.4901,12.176
0,0.17,0.1025,21.5888,12.192
0,0.1725,0.1025,19.7027,12.208
0,0.175,0.1025,19.0863,12.208
0,0.1775,0.1025,19.1046,12.208
0,0.18,0.1025,18.0792,12.24
0,0.1825,0.1025,16.3823,12.208
0,0.185,0.1025,16.6753,12.224
0,0.1875,0.1025,16.9866,12.256
0,0.19,0.1025,16.0283,12.224
0,0.1925,0.1025,15.6316,12.24
0,0.195,0.1025,15.3874,12.256
0,0.1975,0.1025,15.0334,12.256
0,0.2,0.1025,15.2287,12.288
0,-0.2,0.105,13.5685,12.048
0,-0.1975,0.105,13.7761,12.096
0,-0.195,0.105,13.654,12.096
0,-0.1925,0.105,14.3132,12.08
0,-0.19,0.105,14.9052,12.064
0,-0.1875,0.105,14.3071,12.032
0,-0.185,0.105,14.9052,12.048
0,-0.1825,0.105,16.5593,12.08
0,-0.18,0.105,15.9795,12.08
0,-0.1775,0.105,16.2786,12.064
0,-0.175,0.105,17.8045,12.064
0,-0.1725,0.105,17.2063,12.08
0,-0.17,0.105,18.1341,12.064
0,-0.1675,0.105,18.6285,12.048
0,-0.165,0.105,19.4281,12.08
0,-0.1625,0.105,20.4718,12.048
0,-0.16,0.105,19.245,12.048
0,-0.1575,0.105,21.7536,12.032
0,-0.155,0.105,21.0273,12.032
0,-0.1525,0.105,21.3935,12.032
0,-0.15,0.105,21.4606,12.032
0,-0.1475,0.105,22.4372,12.016
0,-0.145,0.105,22.5715,12
0,-0.1425,0.105,23.896,12
0,-0.14,0.105,24.4087,12
0,-0.1375,0.105,24.7139,12
0,-0.135,0.105,25.5806,12
0,-0.1325,0.105,25.8126,12
0,-0.13,0.105,27.5704,12
0,-0.1275,0.105,27.2469,12
0,-0.125,0.105,27.2835,11.984
0,-0.1225,0.105,28.9254,11.984
0,-0.12,0.105,30.5734,12
0,-0.1175,0.105,30.5979,11.984
0,-0.115,0.105,30.5429,11.984
0,-0.1125,0.105,31.782,12
0,-0.11,0.105,31.9468,11.968
0,-0.1075,0.105,32.2581,11.984
0,-0.105,0.105,33.4727,11.984
0,-0.1025,0.105,35.4747,11.984
0,-0.1,0.105,35.2794,11.984
0,-0.0975,0.105,35.9935,11.984
0,-0.095,0.105,39.1064,11.984
0,-0.0925,0.105,38.3801,11.968
0,-0.09,0.105,38.435,11.968
0,-0.0875,0.105,40.8948,12
0,-0.085,0.105,41.3221,11.984
0,-0.0825,0.105,41.4441,11.968
0,-0.08,0.105,43.086,11.984
0,-0.0775,0.105,41.8165,12
0,-0.075,0.105,44.6364,11.968
0,-0.0725,0.105,45.0331,11.984
0,-0.07,0.105,46.4003,12
0,-0.0675,0.105,47.4746,11.984
0,-0.065,0.105,47.7737,11.984
0,-0.0625,0.105,48.1399,11.984
0,-0.06,0.105,49.0249,12
0,-0.0575,0.105,49.1348,12
0,-0.055,0.105,50.3128,11.968
0,-0.0525,0.105,50.2152,11.984
0,-0.05,0.105,51.973,12
0,-0.0475,0.105,52.2477,11.984
0,-0.045,0.105,52.8886,11.984
0,-0.0425,0.105,54.3107,11.984
0,-0.04,0.105,53.3708,11.984
0,-0.0375,0.105,54.4267,11.984
0,-0.035,0.105,55.3972,11.984
0,-0.0325,0.105,56.3189,11.984
0,-0.03,0.105,58.8031,11.984
0,-0.0275,0.105,57.857,11.984
0,-0.025,0.105,56.6118,11.984
0,-0.0225,0.105,57.2771,11.984
0,-0.02,0.105,58.5528,11.984
0,-0.0175,0.105,58.272,12
0,-0.015,0.105,58.5589,12
0,-0.0125,0.105,59.6088,11.984
0,-0.01,0.105,59.1937,12
0,-0.0075,0.105,60.0055,12
0,-0.005,0.105,60.9821,12
0,-0.0025,0.105,59.5721,12.016
0,0,0.105,59.8712,12
0,0.0025,0.105,59.0594,12
0,0.005,0.105,59.3158,12.016
0,0.0075,0.105,60.1398,12
0,0.01,0.105,59.3524,12.016
0,0.0125,0.105,59.4195,12
0,0.015,0.105,59.1205,12.016
0,0.0175,0.105,59.4378,12
0,0.02,0.105,58.5406,12.016
0,0.0225,0.105,59.1754,12.016
0,0.025,0.105,58.4979,12.016
0,0.0275,0.105,57.21,12.032
0,0.03,0.105,57.2954,12.016
0,0.0325,0.105,57.2466,12.016
0,0.035,0.105,56.5813,12.032
0,0.0375,0.105,55.7085,12.016
0,0.04,0.105,54.9699,12.016
0,0.0425,0.105,54.4755,12.032
0,0.045,0.105,53.5051,12.048
0,0.0475,0.105,53.3708,12.032
0,0.05,0.105,52.0096,12.032
0,0.0525,0.105,51.5213,12.032
0,0.055,0.105,50.441,12.048
0,0.0575,0.105,51.5458,12.032
0,0.06,0.105,49.556,12.016
0,0.0625,0.105,49.855,12.032
0,0.065,0.105,46.9924,12.048
0,0.0675,0.105,49.6292,12.032
0,0.07,0.105,46.9069,12.032
0,0.0725,0.105,45.6618,12.032
0,0.075,0.105,46.5835,12.064
0,0.0775,0.105,44.2518,12.048
0,0.08,0.105,44.5387,12.048
0,0.0825,0.105,43.7025,12.064
0,0.085,0.105,43.2081,12.048
0,0.0875,0.105,40.4553,12.064
0,0.09,0.105,40.199,12.064
0,0.0925,0.105,39.729,12.064
0,0.095,0.105,40.1257,12.08
0,0.0975,0.105,38.0932,12.064
0,0.1,0.105,37.1105,12.048
0,0.1025,0.105,36.4452,12.08
0,0.105,0.105,35.8348,12.08
0,0.1075,0.105,35.0963,12.064
0,0.11,0.105,34.2601,12.064
0,0.1125,0.105,32.7525,12.096
0,0.115,0.105,33.3506,12.112
0,0.1175,0.105,32.3984,12.096
0,0.12,0.105,31.3547,12.096
0,0.1225,0.105,30.6101,12.112
0,0.125,0.105,30.6528,12.096
0,0.1275,0.105,30.1767,12.112
0,0.13,0.105,29.1391,12.112
0,0.1325,0.105,27.4483,12.144
0,0.135,0.105,26.899,12.128
0,0.1375,0.105,26.5023,12.144
0,0.14,0.105,26.4168,12.144
0,0.1425,0.105,26.0567,12.16
0,0.145,0.105,24.6162,12.16
0,0.1475,0.105,24.0852,12.144
0,0.15,0.105,23.4138,12.128
0,0.1525,0.105,22.6325,12.16
0,0.155,0.105,21.6315,12.16
0,0.1575,0.105,21.9184,12.176
0,0.16,0.105,21.1127,12.144
0,0.1625,0.105,21.0456,12.176
0,0.165,0.105,21.1005,12.176
0,0.1675,0.105,19.1534,12.176
0,0.17,0.105,19.8187,12.192
0,0.1725,0.105,18.1768,12.208
0,0.175,0.105,18.7567,12.208
0,0.1775,0.105,16.5593,12.208
0,0.18,0.105,17.0537,12.208
0,0.1825,0.105,17.2979,12.224
0,0.185,0.105,16.0466,12.224
0,0.1875,0.105,16.1321,12.24
0,0.19,0.105,15.4851,12.24
0,0.1925,0.105,14.9663,12.272
0,0.195,0.105,15.1494,12.224
0,0.1975,0.105,15.363,12.256
0,0.2,0.105,14.4597,12.272
0,-0.2,0.1075,14.0141,12.048
0,-0.1975,0.1075,13.1535,12.048
0,-0.195,0.1075,13.4098,12.048
0,-0.1925,0.1075,14.2338,12.064
0,-0.19,0.1075,14.8808,12.064
0,-0.1875,0.1075,15.2287,12.048
0,-0.185,0.1075,15.7659,12.064
0,-0.1825,0.1075,15.9734,12.064
0,-0.18,0.1075,15.949,12.064
0,-0.1775,0.1075,16.126,12.048
0,-0.175,0.1075,17.6763,12.032
0,-0.1725,0.1075,17.3589,12.064
0,-0.17,0.1075,17.6946,12.048
0,-0.1675,0.1075,17.7801,12.064
0,-0.165,0.1075,19.7882,12.064
0,-0.1625,0.1075,19.3487,12.048
0,-0.16,0.1075,19.6051,12.048
0,-0.1575,0.1075,19.7027,12.016
0,-0.155,0.1075,20.5329,12.032
0,-0.1525,0.1075,20.4901,12.032
0,-0.15,0.1075,21.2348,12.032
0,-0.1475,0.1075,22.5532,12.016
0,-0.145,0.1075,23.8655,12.016
0,-0.1425,0.1075,22.9621,12.016
0,-0.14,0.1075,23.7739,12.016
0,-0.1375,0.1075,24.6345,12.016
0,-0.135,0.1075,25.9102,12
0,-0.1325,0.1075,26.0201,12
0,-0.13,0.1075,26.6915,12
0,-0.1275,0.1075,26.4595,12.016
0,-0.125,0.1075,27.6803,11.984
0,-0.1225,0.1075,28.4127,11.984
0,-0.12,0.1075,29.017,12
0,-0.1175,0.1075,29.9875,12
0,-0.115,0.1075,30.0974,11.968
0,-0.1125,0.1075,30.9091,12
0,-0.11,0.1075,31.5317,12
0,-0.1075,0.1075,32.4656,12
0,-0.105,0.1075,34.2235,11.984
0,-0.1025,0.1075,34.7179,11.968
0,-0.1,0.1075,34.6263,11.984
0,-0.0975,0.1075,35.4442,12
0,-0.095,0.1075,37.9833,12
0,-0.0925,0.1075,37.2143,11.984
0,-0.09,0.1075,37.495,11.984
0,-0.0875,0.1075,38.6486,12
0,-0.085,0.1075,39.3933,11.984
0,-0.0825,0.1075,40.4431,11.984
0,-0.08,0.1075,41.5479,12
0,-0.0775,0.1075,42.1155,11.984
0,-0.075,0.1075,43.6842,11.984
0,-0.0725,0.1075,43.6537,11.984
0,-0.07,0.1075,44.8195,11.984
0,-0.0675,0.1075,44.9477,11.984
0,-0.065,0.1075,46.2111,12
0,-0.0625,0.1075,47.9812,11.968
0,-0.06,0.1075,47.7859,11.984
0,-0.0575,0.1075,48.4512,11.984
0,-0.055,0.1075,48.1582,11.968
0,-0.0525,0.1075,50.1175,11.984
0,-0.05,0.1075,51.1185,11.984
0,-0.0475,0.1075,52.8397,11.984
0,-0.045,0.1075,51.3321,11.984
0,-0.0425,0.1075,52.028,11.984
0,-0.04,0.1075,53.444,11.984
0,-0.0375,0.1075,53.0717,11.984
0,-0.035,0.1075,54.7563,11.968
0,-0.0325,0.1075,54.1765,11.984
0,-0.03,0.1075,55.5681,11.984
0,-0.0275,0.1075,54.7441,11.984
0,-0.025,0.1075,56.3066,11.984
0,-0.0225,0.1075,56.4776,11.984
0,-0.02,0.1075,56.6607,11.984
0,-0.0175,0.1075,57.8631,11.984
0,-0.015,0.1075,57.8997,12
0,-0.0125,0.1075,56.8255,12
0,-0.01,0.1075,57.271,12
0,-0.0075,0.1075,56.8194,12
0,-0.005,0.1075,57.6128,11.984
0,-0.0025,0.1075,57.6678,12
0,0,0.1075,57.3443,11.984
0,0.0025,0.1075,58.7176,12
0,0.005,0.1075,58.4857,12
0,0.0075,0.1075,57.9241,12
0,0.01,0.1075,58.0645,11.984
0,0.0125,0.1075,57.0452,12
0,0.015,0.1075,58.3575,12
0,0.0175,0.1075,58.7115,12
0,0.02,0.1075,57.0818,12.016
0,0.0225,0.1075,57.5701,12
0,0.025,0.1075,56.7034,12
0,0.0275,0.1075,56.9903,12.016
0,0.03,0.1075,55.562,12.016
0,0.0325,0.1075,55.1408,12.032
0,0.035,0.1075,54.6892,12.032
0,0.0375,0.1075,54.3352,12.032
0,0.04,0.1075,53.4745,12.032
0,0.0425,0.1075,53.6454,12.032
0,0.045,0.1075,51.7716,12.032
0,0.0475,0.1075,51.8021,12.032
0,0.05,0.1075,50.8683,12.032
0,0.0525,0.1075,50.6485,12.032
0,0.055,0.1075,49.6536,12.032
0,0.0575,0.1075,49.7635,12.032
0,0.06,0.1075,48.4146,12.048
0,0.0625,0.1075,48.3352,12.048
0,0.065,0.1075,47.0351,12.016
0,0.0675,0.1075,46.1135,12.048
0,0.07,0.1075,46.6079,12.048
0,0.0725,0.1075,44.8012,12.032
0,0.075,0.1075,43.8368,12.048
0,0.0775,0.1075,43.8368,12.048
0,0.08,0.1075,43.0433,12.048
0,0.0825,0.1075,42.7381,12.064
0,0.085,0.1075,40.0647,12.048
0,0.0875,0.1075,40.7239,12.048
0,0.09,0.1075,39.2895,12.064
0,0.0925,0.1075,38.0261,12.064
0,0.095,0.1075,37.9528,12.064
0,0.0975,0.1075,37.55,12.064
0,0.1,0.1075,36.0546,12.08
0,0.1025,0.1075,34.8338,12.096
0,0.105,0.1075,34.6873,12.08
0,0.1075,0.1075,34.6019,12.064
0,0.11,0.1075,33.1492,12.096
0,0.1125,0.1075,32.3923,12.08
0,0.115,0.1075,32.606,12.096
0,0.1175,0.1075,30.0119,12.096
0,0.12,0.1075,30.4147,12.112
0,0.1225,0.1075,29.9509,12.112
0,0.125,0.1075,27.9916,12.128
0,0.1275,0.1075,28.6203,12.112
0,0.13,0.1075,27.6131,12.128
0,0.1325,0.1075,27.0333,12.112
0,0.135,0.1075,26.252,12.128
0,0.1375,0.1075,25.6172,12.112
0,0.14,0.1075,26.3253,12.128
0,0.1425,0.1075,25.4402,12.144
0,0.145,0.1075,23.9692,12.16
0,0.1475,0.1075,24.2561,12.128
0,0.15,0.1075,23.1147,12.128
0,0.1525,0.1075,22.4921,12.16
0,0.155,0.1075,22.6508,12.176
0,0.1575,0.1075,22.3518,12.16
0,0.16,0.1075,21.6681,12.176
0,0.1625,0.1075,20.5756,12.16
0,0.165,0.1075,19.4708,12.176
0,0.1675,0.1075,19.3121,12.16
0,0.17,0.1075,19.5929,12.208
0,0.1725,0.1075,19.068,12.208
0,0.175,0.1075,18.8787,12.192
0,0.1775,0.1075,17.6885,12.208
0,0.18,0.1075,17.1209,12.208
0,0.1825,0.1075,16.6326,12.224
0,0.185,0.1075,16.3091,12.224
0,0.1875,0.1075,15.5034,12.208
0,0.19,0.1075,16.3945,12.192
0,0.1925,0.1075,14.9846,12.24
0,0.195,0.1075,14.3742,12.224
0,0.1975,0.1075,14.8686,12.272
0,0.2,0.1075,14.771,12.256
0,-0.2,0.11,13.2023,12.048
0,-0.1975,0.11,13.245,12.08
0,-0.195,0.11,12.9643,12.048
0,-0.1925,0.11,13.3305,12.048
0,-0.19,0.11,13.9348,12.064
0,-0.1875,0.11,15.1494,12.08
0,-0.185,0.11,15.2959,12.048
0,-0.1825,0.11,16.4251,12.048
0,-0.18,0.11,15.2593,12.032
0,-0.1775,0.11,16.5288,12.064
0,-0.175,0.11,15.9978,12.032
0,-0.1725,0.11,16.895,12.032
0,-0.17,0.11,17.2063,12.032
0,-0.1675,0.11,18.6407,12.064
0,-0.165,0.11,18.4027,12.048
0,-0.1625,0.11,18.5919,12.064
0,-0.16,0.11,18.8787,12.032
0,-0.1575,0.11,20.4047,12.032
0,-0.155,0.11,19.9164,12.048
0,-0.1525,0.11,21.0334,12.016
0,-0.15,0.11,20.4352,12.048
0,-0.1475,0.11,22.2114,12.032
0,-0.145,0.11,21.8085,12
0,-0.1425,0.11,22.663,12
0,-0.14,0.11,23.4504,12.016
0,-0.1375,0.11,24.2866,12
0,-0.135,0.11,24.8238,12
0,-0.1325,0.11,25.9529,12
0,-0.13,0.11,26.2581,12.016
0,-0.1275,0.11,26.1666,11.984
0,-0.125,0.11,28.1137,12
0,-0.1225,0.11,28.3456,12
0,-0.12,0.11,28.7912,12
0,-0.1175,0.11,30.2133,11.984
0,-0.115,0.11,30.1218,11.968
0,-0.1125,0.11,31.0923,11.968
0,-0.11,0.11,31.2815,11.984
0,-0.1075,0.11,31.2632,11.968
0,-0.105,0.11,33.4422,11.968
0,-0.1025,0.11,33.7168,11.984
0,-0.1,0.11,33.7535,11.984
0,-0.0975,0.11,36.3292,11.984
0,-0.095,0.11,37.1349,11.984
0,-0.0925,0.11,36.8419,11.984
0,-0.09,0.11,36.9701,11.968
0,-0.0875,0.11,38.4472,11.984
0,-0.085,0.11,39.2285,12
0,-0.0825,0.11,39.6863,11.984
0,-0.08,0.11,41.023,11.968
0,-0.0775,0.11,39.8572,11.984
0,-0.075,0.11,42.2864,11.968
0,-0.0725,0.11,42.4146,11.984
0,-0.07,0.11,44.1176,11.984
0,-0.0675,0.11,44.3617,12
0,-0.065,0.11,45.9426,12
0,-0.0625,0.11,46.3027,11.984
0,-0.06,0.11,47.2671,11.968
0,-0.0575,0.11,46.2844,11.984
0,-0.055,0.11,48.3657,11.984
0,-0.0525,0.11,48.5488,11.968
0,-0.05,0.11,49.4766,11.968
0,-0.0475,0.11,50.7462,11.968
0,-0.045,0.11,50.4837,11.984
0,-0.0425,0.11,52.0768,11.984
0,-0.04,0.11,50.7096,11.968
0,-0.0375,0.11,52.0768,11.984
0,-0.035,0.11,52.8153,11.984
0,-0.0325,0.11,52.8642,11.984
0,-0.03,0.11,53.0473,11.968
0,-0.0275,0.11,54.2863,11.968
0,-0.025,0.11,54.152,11.968
0,-0.0225,0.11,54.4206,11.984
0,-0.02,0.11,55.7756,11.984
0,-0.0175,0.11,55.0188,11.984
0,-0.015,0.11,55.7451,11.968
0,-0.0125,0.11,55.7695,11.984
0,-0.01,0.11,55.9587,11.984
0,-0.0075,0.11,56.325,12
0,-0.005,0.11,55.4888,11.984
0,-0.0025,0.11,55.8,11.984
0,0,0.11,56.1968,12
0,0.0025,0.11,55.678,11.984
0,0.005,0.11,55.3179,11.984
0,0.0075,0.11,55.8916,12
0,0.01,0.11,55.855,12
0,0.0125,0.11,55.9343,11.984
0,0.015,0.11,57.0147,12
0,0.0175,0.11,56.093,12
0,0.02,0.11,55.5559,12.016
0,0.0225,0.11,55.8061,12
0,0.025,0.11,54.1887,12
0,0.0275,0.11,54.2558,12.016
0,0.03,0.11,54.3962,12.032
0,0.0325,0.11,53.6515,12.032
0,0.035,0.11,53.4135,12.016
0,0.0375,0.11,52.7604,12
0,0.04,0.11,51.9913,12.032
0,0.0425,0.11,51.3871,12.032
0,0.045,0.11,52.15,12.016
0,0.0475,0.11,50.1541,12.032
0,0.05,0.11,50.0992,12.032
0,0.0525,0.11,49.3301,12.032
0,0.055,0.11,49.324,12.016
0,0.0575,0.11,47.2915,12.032
0,0.06,0.11,47.5234,12.032
0,0.0625,0.11,46.7421,12.032
0,0.065,0.11,46.1074,12.032
0,0.0675,0.11,45.6191,12.032
0,0.07,0.11,43.5926,12.032
0,0.0725,0.11,42.964,12.016
0,0.075,0.11,43.2325,12.064
0,0.0775,0.11,42.7381,12.032
0,0.08,0.11,41.4869,12.048
0,0.0825,0.11,41.3587,12.032
0,0.085,0.11,39.8389,12.048
0,0.0875,0.11,38.9904,12.048
0,0.09,0.11,38.3496,12.064
0,0.0925,0.11,38.3984,12.064
0,0.095,0.11,38.7158,12.064
0,0.0975,0.11,36.2438,12.064
0,0.1,0.11,35.1878,12.064
0,0.1025,0.11,35.2184,12.08
0,0.105,0.11,34.3455,12.048
0,0.1075,0.11,33.668,12.08
0,0.11,0.11,33.2469,12.08
0,0.1125,0.11,33.4849,12.08
0,0.115,0.11,30.8115,12.08
0,0.1175,0.11,31.373,12.08
0,0.12,0.11,31.0923,12.096
0,0.1225,0.11,30.2255,12.112
0,0.125,0.11,29.2428,12.112
0,0.1275,0.11,27.9916,12.112
0,0.13,0.11,27.7841,12.128
0,0.1325,0.11,27.2408,12.112
0,0.135,0.11,27.0028,12.128
0,0.1375,0.11,25.19,12.144
0,0.14,0.11,25.2449,12.144
0,0.1425,0.11,23.9143,12.144
0,0.145,0.11,23.1574,12.128
0,0.1475,0.11,23.9509,12.144
0,0.15,0.11,23.1391,12.16
0,0.1525,0.11,21.1432,12.176
0,0.155,0.11,21.1921,12.176
0,0.1575,0.11,20.8014,12.176
0,0.16,0.11,19.5318,12.16
0,0.1625,0.11,19.3121,12.176
0,0.165,0.11,19.6539,12.192
0,0.1675,0.11,18.4271,12.176
0,0.17,0.11,18.3905,12.192
0,0.1725,0.11,18.5736,12.176
0,0.175,0.11,17.7679,12.192
0,0.1775,0.11,18.305,12.208
0,0.18,0.11,15.54,12.192
0,0.1825,0.11,16.4556,12.224
0,0.185,0.11,15.2654,12.208
0,0.1875,0.11,15.2287,12.224
0,0.19,0.11,15.3691,12.224
0,0.1925,0.11,14.1545,12.24
0,0.195,0.11,14.9907,12.32
0,0.1975,0.11,13.5807,12.24
0,0.2,0.11,14.0324,12.272
0,-0.2,0.1125,14.0263,12.064
0,-0.1975,0.1125,13.0497,12.064
0,-0.195,0.1125,14.3498,12.048
0,-0.1925,0.1125,14.1179,12.096
0,-0.19,0.1125,14.1545,12.064
0,-0.1875,0.1125,15.009,12.064
0,-0.185,0.1125,14.4475,12.048
0,-0.1825,0.1125,15.8086,12.048
0,-0.18,0.1125,15.479,12.048
0,-0.1775,0.1125,16.6936,12.048
0,-0.175,0.1125,16.303,12.032
0,-0.1725,0.1125,16.9378,12.048
0,-0.17,0.1125,16.6814,12.048
0,-0.1675,0.1125,18.0242,12.048
0,-0.165,0.1125,18.6407,12.048
0,-0.1625,0.1125,19.1412,12.032
0,-0.16,0.1125,19.1534,12.048
0,-0.1575,0.1125,20.7587,12.032
0,-0.155,0.1125,20.3131,12.016
0,-0.1525,0.1125,21.2348,12.032
0,-0.15,0.1125,20.9479,12
0,-0.1475,0.1125,21.9306,12
0,-0.145,0.1125,22.2236,12.016
0,-0.1425,0.1125,22.9255,12
0,-0.14,0.1125,23.8289,12.016
0,-0.1375,0.1125,23.0598,12
0,-0.135,0.1125,24.1768,11.984
0,-0.1325,0.1125,25.013,12
0,-0.13,0.1125,25.2022,12
0,-0.1275,0.1125,26.1177,12
0,-0.125,0.1125,27.5582,12.016
0,-0.1225,0.1125,28.9193,11.984
0,-0.12,0.1125,27.9244,11.984
0,-0.1175,0.1125,29.0841,11.984
0,-0.115,0.1125,29.6823,11.968
0,-0.1125,0.1125,29.3283,11.984
0,-0.11,0.1125,30.8725,11.968
0,-0.1075,0.1125,31.5744,11.984
0,-0.105,0.1125,32.0933,11.968
0,-0.1025,0.1125,34.1807,11.968
0,-0.1,0.1125,33.3262,11.984
0,-0.0975,0.1125,35.4137,11.984
0,-0.095,0.1125,36.1156,11.984
0,-0.0925,0.1125,35.2794,11.968
0,-0.09,0.1125,37.1349,11.968
0,-0.0875,0.1125,37.4157,11.984
0,-0.085,0.1125,38.4411,11.984
0,-0.0825,0.1125,38.2763,11.968
0,-0.08,0.1125,38.7219,11.968
0,-0.0775,0.1125,40.5408,11.984
0,-0.075,0.1125,41.1512,11.984
0,-0.0725,0.1125,41.493,11.968
0,-0.07,0.1125,42.1888,11.984
0,-0.0675,0.1125,42.8663,11.984
0,-0.065,0.1125,44.0931,11.984
0,-0.0625,0.1125,45.1674,11.968
0,-0.06,0.1125,45.7167,11.984
0,-0.0575,0.1125,46.9741,11.968
0,-0.055,0.1125,46.7727,12
0,-0.0525,0.1125,46.675,11.984
0,-0.05,0.1125,48.0361,11.968
0,-0.0475,0.1125,48.2131,11.984
0,-0.045,0.1125,50.0626,11.968
0,-0.0425,0.1125,50.734,11.984
0,-0.04,0.1125,50.856,11.984
0,-0.0375,0.1125,50.9903,11.984
0,-0.035,0.1125,51.0819,11.968
0,-0.0325,0.1125,51.6373,11.968
0,-0.03,0.1125,51.3504,11.984
0,-0.0275,0.1125,51.9547,11.968
0,-0.025,0.1125,53.2975,11.968
0,-0.0225,0.1125,52.9435,11.952
0,-0.02,0.1125,53.9567,11.968
0,-0.0175,0.1125,54.1948,11.984
0,-0.015,0.1125,54.0727,11.984
0,-0.0125,0.1125,55.4277,11.984
0,-0.01,0.1125,54.915,11.968
0,-0.0075,0.1125,54.4084,11.984
0,-0.005,0.1125,54.7868,12
0,-0.0025,0.1125,54.0178,12
0,0,0.1125,55.1347,11.984
0,0.0025,0.1125,54.5793,11.984
0,0.005,0.1125,54.1704,12
0,0.0075,0.1125,54.8112,12
0,0.01,0.1125,53.9262,12
0,0.0125,0.1125,53.2853,12.016
0,0.015,0.1125,54.1887,12
0,0.0175,0.1125,54.7197,12
0,0.02,0.1125,54.0422,12
0,0.0225,0.1125,52.9862,12
0,0.025,0.1125,53.0351,12.016
0,0.0275,0.1125,52.6505,12
0,0.03,0.1125,52.4979,12.016
0,0.0325,0.1125,52.3698,12.016
0,0.035,0.1125,51.68,12.016
0,0.0375,0.1125,51.1856,12
0,0.04,0.1125,49.8306,12.032
0,0.0425,0.1125,50.2701,12.032
0,0.045,0.1125,49.7818,12.032
0,0.0475,0.1125,48.4512,12.032
0,0.05,0.1125,48.616,12.032
0,0.0525,0.1125,48.8723,12.032
0,0.055,0.1125,47.6028,12.032
0,0.0575,0.1125,46.3942,12.032
0,0.06,0.1125,46.7605,12.016
0,0.0625,0.1125,45.9487,12.016
0,0.065,0.1125,45.8937,12.016
0,0.0675,0.1125,43.1349,12.048
0,0.07,0.1125,42.2681,12.048
0,0.0725,0.1125,42.7931,12.032
0,0.075,0.1125,42.5123,12.048
0,0.0775,0.1125,40.907,12.048
0,0.08,0.1125,40.9558,12.032
0,0.0825,0.1125,40.437,12.048
0,0.085,0.1125,38.6364,12.048
0,0.0875,0.1125,39.4971,12.048
0,0.09,0.1125,37.9467,12.048
0,0.0925,0.1125,37.8185,12.048
0,0.095,0.1125,35.9325,12.064
0,0.0975,0.1125,36.6283,12.048
0,0.1,0.1125,35.0902,12.064
0,0.1025,0.1125,34.6934,12.08
0,0.105,0.1125,33.0332,12.064
0,0.1075,0.1125,32.5022,12.08
0,0.11,0.1125,32.2153,12.08
0,0.1125,0.1125,31.019,12.08
0,0.115,0.1125,30.6467,12.096
0,0.1175,0.1125,30.8298,12.096
0,0.12,0.1125,29.3039,12.112
0,0.1225,0.1125,28.1747,12.096
0,0.125,0.1125,28.6813,12.112
0,0.1275,0.1125,27.0272,12.128
0,0.13,0.1125,26.4962,12.112
0,0.1325,0.1125,26.3192,12.128
0,0.135,0.1125,25.7942,12.128
0,0.1375,0.1125,25.8431,12.112
0,0.14,0.1125,25.0252,12.128
0,0.1425,0.1125,23.5359,12.144
0,0.145,0.1125,23.6946,12.144
0,0.1475,0.1125,22.6447,12.144
0,0.15,0.1125,22.2358,12.144
0,0.1525,0.1125,22.4067,12.144
0,0.155,0.1125,21.2165,12.16
0,0.1575,0.1125,20.3375,12.192
0,0.16,0.1125,19.9164,12.16
0,0.1625,0.1125,19.8859,12.176
0,0.165,0.1125,19.3609,12.192
0,0.1675,0.1125,19.3609,12.176
0,0.17,0.1125,18.7262,12.208
0,0.1725,0.1125,18.1524,12.192
0,0.175,0.1125,16.657,12.176
0,0.1775,0.1125,17.3223,12.192
0,0.18,0.1125,17.0476,12.208
0,0.1825,0.1125,16.0527,12.224
0,0.185,0.1125,16.3091,12.224
0,0.1875,0.1125,15.3691,12.24
0,0.19,0.1125,15.4057,12.208
0,0.1925,0.1125,14.5878,12.224
0,0.195,0.1125,14.8076,12.256
0,0.1975,0.1125,13.8188,12.272
0,0.2,0.1125,13.4587,12.256
0,-0.2,0.115,13.1474,12.032
0,-0.1975,0.115,13.6235,12.064
0,-0.195,0.115,14.4902,12.064
0,-0.1925,0.115,14.0996,12.048
0,-0.19,0.115,14.2521,12.064
0,-0.1875,0.115,14.7588,12.08
0,-0.185,0.115,15.0151,12.032
0,-0.1825,0.115,14.4841,12.048
0,-0.18,0.115,15.8513,12.064
0,-0.1775,0.115,15.2165,12.048
0,-0.175,0.115,15.7414,12.032
0,-0.1725,0.115,17.2979,12.016
0,-0.17,0.115,18.6224,12.016
0,-0.1675,0.115,17.0721,12.032
0,-0.165,0.115,17.2308,12.032
0,-0.1625,0.115,18.2989,12.032
0,-0.16,0.115,19.0374,12.016
0,-0.1575,0.115,19.3426,12.048
0,-0.155,0.115,19.8737,12
0,-0.1525,0.115,18.9947,12
0,-0.15,0.115,20.3009,12.032
0,-0.1475,0.115,21.6742,12.016
0,-0.145,0.115,21.2714,12.016
0,-0.1425,0.115,21.6742,12
0,-0.14,0.115,23.3283,12.016
0,-0.1375,0.115,23.2307,12
0,-0.135,0.115,23.2673,11.984
0,-0.1325,0.115,24.1585,12
0,-0.13,0.115,25.7576,11.984
0,-0.1275,0.115,26.4595,12
0,-0.125,0.115,26.9295,11.984
0,-0.1225,0.115,26.5877,11.984
0,-0.12,0.115,26.0262,11.968
0,-0.1175,0.115,29.0902,12
0,-0.115,0.115,29.0902,11.984
0,-0.1125,0.115,29.2062,11.968
0,-0.11,0.115,30.0302,11.968
0,-0.1075,0.115,31.5378,11.984
0,-0.105,0.115,31.4158,11.984
0,-0.1025,0.115,31.5378,11.984
0,-0.1,0.115,32.9051,11.968
0,-0.0975,0.115,33.491,11.968
0,-0.095,0.115,34.5042,11.984
0,-0.0925,0.115,34.8521,11.968
0,-0.09,0.115,36.1339,11.984
0,-0.0875,0.115,36.0485,11.968
0,-0.085,0.115,37.3302,11.968
0,-0.0825,0.115,37.5134,11.984
0,-0.08,0.115,39.3689,11.984
0,-0.0775,0.115,38.0444,11.968
0,-0.075,0.115,41.2183,11.968
0,-0.0725,0.115,40.553,11.968
0,-0.07,0.115,41.1084,11.984
0,-0.0675,0.115,42.262,11.984
0,-0.065,0.115,42.6954,11.968
0,-0.0625,0.115,43.7513,11.984
0,-0.06,0.115,43.7941,12
0,-0.0575,0.115,44.4655,11.968
0,-0.055,0.115,45.5397,11.984
0,-0.0525,0.115,46.3454,11.984
0,-0.05,0.115,47.0351,11.984
0,-0.0475,0.115,47.2915,11.984
0,-0.045,0.115,47.7065,11.984
0,-0.0425,0.115,48.4878,11.968
0,-0.04,0.115,49.6414,11.968
0,-0.0375,0.115,49.7635,11.984
0,-0.035,0.115,49.5132,11.984
0,-0.0325,0.115,49.8672,11.984
0,-0.03,0.115,52.1378,11.968
0,-0.0275,0.115,51.3443,11.968
0,-0.025,0.115,51.4542,11.984
0,-0.0225,0.115,51.2467,12
0,-0.02,0.115,51.7289,11.968
0,-0.0175,0.115,52.5163,11.984
0,-0.015,0.115,52.7665,12
0,-0.0125,0.115,52.4247,11.984
0,-0.01,0.115,52.1134,11.984
0,-0.0075,0.115,53.1755,11.984
0,-0.005,0.115,52.8275,11.984
0,-0.0025,0.115,54.2131,11.984
0,0,0.115,53.7309,11.984
0,0.0025,0.115,53.2487,12
0,0.005,0.115,53.4379,11.984
0,0.0075,0.115,53.267,12
0,0.01,0.115,52.4247,11.984
0,0.0125,0.115,53.4257,12
0,0.015,0.115,52.6444,12
0,0.0175,0.115,52.8214,12.032
0,0.02,0.115,52.9008,12
0,0.0225,0.115,52.1744,12
0,0.025,0.115,52.1256,12.016
0,0.0275,0.115,51.7655,12
0,0.03,0.115,51.7655,12.016
0,0.0325,0.115,50.9964,12.016
0,0.035,0.115,50.0504,12.016
0,0.0375,0.115,49.9588,12.016
0,0.04,0.115,49.9039,12.016
0,0.0425,0.115,48.7991,12
0,0.045,0.115,48.6526,12.032
0,0.0475,0.115,47.8652,12.032
0,0.05,0.115,45.7411,12.032
0,0.0525,0.115,46.7055,12.016
0,0.055,0.115,45.8388,12.048
0,0.0575,0.115,45.9059,12.016
0,0.06,0.115,46.1257,12.016
0,0.0625,0.115,43.8063,12.016
0,0.065,0.115,43.7452,12.032
0,0.0675,0.115,42.9029,12.032
0,0.07,0.115,42.2559,12.016
0,0.0725,0.115,39.9731,12.032
0,0.075,0.115,42.4024,12.016
0,0.0775,0.115,39.79,12.048
0,0.08,0.115,39.0454,12.048
0,0.0825,0.115,38.319,12.032
0,0.085,0.115,38.3801,12.048
0,0.0875,0.115,37.5256,12.032
0,0.09,0.115,36.256,12.048
0,0.0925,0.115,36.2987,12.064
0,0.095,0.115,33.9854,12.064
0,0.0975,0.115,35.2855,12.064
0,0.1,0.115,34.0098,12.048
0,0.1025,0.115,32.4229,12.08
0,0.105,0.115,32.5022,12.064
0,0.1075,0.115,31.4341,12.096
0,0.11,0.115,31.9529,12.08
0,0.1125,0.115,31.0678,12.096
0,0.115,0.115,30.1645,12.096
0,0.1175,0.115,29.2489,12.08
0,0.12,0.115,29.2428,12.096
0,0.1225,0.115,27.5033,12.096
0,0.125,0.115,27.0455,12.112
0,0.1275,0.115,26.7159,12.112
0,0.13,0.115,26.7891,12.128
0,0.1325,0.115,25.1595,12.128
0,0.135,0.115,24.4514,12.128
0,0.1375,0.115,24.3294,12.112
0,0.14,0.115,23.6702,12.112
0,0.1425,0.115,24.0974,12.144
0,0.145,0.115,22.4799,12.144
0,0.1475,0.115,22.0649,12.144
0,0.15,0.115,21.955,12.16
0,0.1525,0.115,21.2653,12.16
0,0.155,0.115,21.7719,12.144
0,0.1575,0.115,20.8747,12.176
0,0.16,0.115,19.9774,12.176
0,0.1625,0.115,19.2999,12.16
0,0.165,0.115,18.6712,12.208
0,0.1675,0.115,18.4332,12.176
0,0.17,0.115,17.9022,12.16
0,0.1725,0.115,17.5909,12.176
0,0.175,0.115,16.9744,12.192
0,0.1775,0.115,16.8279,12.192
0,0.18,0.115,17.2308,12.192
0,0.1825,0.115,16.3091,12.208
0,0.185,0.115,16.3335,12.224
0,0.1875,0.115,15.4302,12.208
0,0.19,0.115,14.7893,12.24
0,0.1925,0.115,14.8564,12.24
0,0.195,0.115,14.0934,12.224
0,0.1975,0.115,14.246,12.24
0,0.2,0.115,13.0497,12.272
0,-0.2,0.1175,13.068,12.08
0,-0.1975,0.1175,12.8605,12.032
0,-0.195,0.1175,13.3427,12.064
0,-0.1925,0.1175,13.7089,12.064
0,-0.19,0.1175,13.8005,12.064
0,-0.1875,0.1175,14.7465,12.064
0,-0.185,0.1175,15.2409,12.048
0,-0.1825,0.1175,14.4658,12.064
0,-0.18,0.1175,14.3742,12.032
0,-0.1775,0.1175,15.5583,12.064
0,-0.175,0.1175,15.8208,12.064
0,-0.1725,0.1175,16.3335,12.032
0,-0.17,0.1175,17.3467,12.048
0,-0.1675,0.1175,17.1758,12.048
0,-0.165,0.1175,17.658,12.032
0,-0.1625,0.1175,17.8777,12.048
0,-0.16,0.1175,18.0609,12.032
0,-0.1575,0.1175,18.9459,12.032
0,-0.155,0.1175,19.3365,12.032
0,-0.1525,0.1175,19.7638,12.016
0,-0.15,0.1175,19.5563,12.016
0,-0.1475,0.1175,20.3497,11.984
0,-0.145,0.1175,22.2114,12
0,-0.1425,0.1175,22.5654,12.016
0,-0.14,0.1175,22.1381,12
0,-0.1375,0.1175,23.1086,12
0,-0.135,0.1175,23.6702,12
0,-0.1325,0.1175,23.8227,11.984
0,-0.13,0.1175,24.8115,12
0,-0.1275,0.1175,24.8604,11.984
0,-0.125,0.1175,25.7759,12
0,-0.1225,0.1175,25.7576,11.984
0,-0.12,0.1175,28.4799,11.984
0,-0.1175,0.1175,28.6691,11.984
0,-0.115,0.1175,28.7423,11.984
0,-0.1125,0.1175,28.7484,11.952
0,-0.11,0.1175,29.1452,11.968
0,-0.1075,0.1175,29.4748,11.968
0,-0.105,0.1175,30.9214,11.968
0,-0.1025,0.1175,31.7759,11.984
0,-0.1,0.1175,31.8857,11.984
0,-0.0975,0.1175,32.1848,11.984
0,-0.095,0.1175,33.076,11.968
0,-0.0925,0.1175,33.6985,11.984
0,-0.09,0.1175,35.7738,11.984
0,-0.0875,0.1175,35.7311,11.984
0,-0.085,0.1175,36.3231,11.968
0,-0.0825,0.1175,37.4218,11.968
0,-0.08,0.1175,38.435,11.984
0,-0.0775,0.1175,38.4411,11.984
0,-0.075,0.1175,39.5581,11.984
0,-0.0725,0.1175,39.7229,11.984
0,-0.07,0.1175,39.9548,11.968
0,-0.0675,0.1175,41.3038,11.968
0,-0.065,0.1175,42.8724,11.984
0,-0.0625,0.1175,43.1104,11.968
0,-0.06,0.1175,43.6476,11.984
0,-0.0575,0.1175,42.8846,11.968
0,-0.055,0.1175,44.1542,11.984
0,-0.0525,0.1175,45.8205,12
0,-0.05,0.1175,44.6303,11.984
0,-0.0475,0.1175,46.7055,11.968
0,-0.045,0.1175,46.8581,11.968
0,-0.0425,0.1175,47.1755,11.968
0,-0.04,0.1175,48.384,11.984
0,-0.0375,0.1175,48.1399,11.968
0,-0.035,0.1175,48.3657,11.968
0,-0.0325,0.1175,49.5499,11.968
0,-0.03,0.1175,49.4156,11.984
0,-0.0275,0.1175,49.5132,11.968
0,-0.025,0.1175,49.8611,11.968
0,-0.0225,0.1175,50.4044,11.968
0,-0.02,0.1175,49.7147,11.952
0,-0.0175,0.1175,50.9293,11.984
0,-0.015,0.1175,51.326,11.984
0,-0.0125,0.1175,52.1134,11.984
0,-0.01,0.1175,51.7289,11.984
0,-0.0075,0.1175,52.6811,11.968
0,-0.005,0.1175,50.9964,11.984
0,-0.0025,0.1175,51.912,11.984
0,0,0.1175,52.0646,11.984
0,0.0025,0.1175,52.3209,11.984
0,0.005,0.1175,52.1439,11.984
0,0.0075,0.1175,50.9049,12
0,0.01,0.1175,51.6861,11.984
0,0.0125,0.1175,50.1785,12
0,0.015,0.1175,51.0208,12.016
0,0.0175,0.1175,50.4715,12
0,0.02,0.1175,50.441,12
0,0.0225,0.1175,50.4532,11.984
0,0.025,0.1175,50.6851,12
0,0.0275,0.1175,51.1124,12.016
0,0.03,0.1175,49.3362,12.016
0,0.0325,0.1175,48.8052,12.016
0,0.035,0.1175,49.5132,12.016
0,0.0375,0.1175,48.6221,12.016
0,0.04,0.1175,45.967,12.032
0,0.0425,0.1175,48.2315,12.016
0,0.045,0.1175,47.4807,12.016
0,0.0475,0.1175,45.7411,12
0,0.05,0.1175,45.8449,12.032
0,0.0525,0.1175,45.0026,12.032
0,0.055,0.1175,45.1308,12.032
0,0.0575,0.1175,44.3678,12.032
0,0.06,0.1175,43.0738,12.032
0,0.0625,0.1175,41.8592,12.016
0,0.065,0.1175,42.9273,12.016
0,0.0675,0.1175,40.6873,12.032
0,0.07,0.1175,41.1451,12.032
0,0.0725,0.1175,40.0342,12.048
0,0.075,0.1175,40.6018,12.032
0,0.0775,0.1175,39.5093,12.048
0,0.08,0.1175,38.6608,12.032
0,0.0825,0.1175,37.6232,12.032
0,0.085,0.1175,37.2631,12.032
0,0.0875,0.1175,36.0607,12.032
0,0.09,0.1175,36.5551,12.048
0,0.0925,0.1175,35.7433,12.048
0,0.095,0.1175,35.1756,12.048
0,0.0975,0.1175,33.2102,12.048
0,0.1,0.1175,33.6436,12.08
0,0.1025,0.1175,32.5327,12.064
0,0.105,0.1175,31.9773,12.064
0,0.1075,0.1175,30.2499,12.08
0,0.11,0.1175,31.3486,12.096
0,0.1125,0.1175,30.1096,12.096
0,0.115,0.1175,29.2734,12.08
0,0.1175,0.1175,28.9804,12.096
0,0.12,0.1175,28.6325,12.096
0,0.1225,0.1175,27.7779,12.096
0,0.125,0.1175,27.2286,12.096
0,0.1275,0.1175,26.5389,12.112
0,0.13,0.1175,25.4646,12.096
0,0.1325,0.1175,25.2632,12.096
0,0.135,0.1175,24.4087,12.112
0,0.1375,0.1175,23.3833,12.112
0,0.14,0.1175,23.4443,12.128
0,0.1425,0.1175,22.5654,12.16
0,0.145,0.1175,23.0232,12.128
0,0.1475,0.1175,21.601,12.128
0,0.15,0.1175,21.5094,12.144
0,0.1525,0.1175,20.6,12.16
0,0.155,0.1175,21.2226,12.16
0,0.1575,0.1175,20.6549,12.144
0,0.16,0.1175,19.0985,12.176
0,0.1625,0.1175,18.4637,12.176
0,0.165,0.1175,18.7323,12.176
0,0.1675,0.1175,18.4698,12.176
0,0.17,0.1175,17.6153,12.192
0,0.1725,0.1175,17.9022,12.192
0,0.175,0.1175,17.2369,12.192
0,0.1775,0.1175,16.7913,12.192
0,0.18,0.1175,16.7547,12.192
0,0.1825,0.1175,15.54,12.192
0,0.185,0.1175,16.0344,12.208
0,0.1875,0.1175,16.8523,12.224
0,0.19,0.1175,15.2104,12.208
0,0.1925,0.1175,14.185,12.24
0,0.195,0.1175,13.5685,12.272
0,0.1975,0.1175,14.2216,12.24
0,0.2,0.1175,13.1657,12.24
0,-0.2,0.12,12.7506,12.08
0,-0.1975,0.12,12.8056,12.048
0,-0.195,0.12,13.715,12.048
0,-0.1925,0.12,12.9582,12.016
0,-0.19,0.12,14.0202,12.032
0,-0.1875,0.12,13.5746,12.048
0,-0.185,0.12,14.9968,12.048
0,-0.1825,0.12,15.1677,12.048
0,-0.18,0.12,14.8076,12.032
0,-0.1775,0.12,15.8452,12.064
0,-0.175,0.12,15.9185,12.048
0,-0.1725,0.12,16.0649,12.032
0,-0.17,0.12,16.657,12.032
0,-0.1675,0.12,18.2684,12.016
0,-0.165,0.12,18.1646,12.032
0,-0.1625,0.12,18.2562,12.016
0,-0.16,0.12,18.1158,12.032
0,-0.1575,0.12,17.8777,12.032
0,-0.155,0.12,19.7882,12.032
0,-0.1525,0.12,20.0751,12.016
0,-0.15,0.12,20.9296,12.016
0,-0.1475,0.12,20.8808,12.016
0,-0.145,0.12,21.5949,12
0,-0.1425,0.12,21.8329,12
0,-0.14,0.12,22.364,11.984
0,-0.1375,0.12,22.4494,11.984
0,-0.135,0.12,24.1646,12
0,-0.1325,0.12,23.7434,12
0,-0.13,0.12,23.4382,12
0,-0.1275,0.12,24.9702,11.984
0,-0.125,0.12,24.6467,11.984
0,-0.1225,0.12,26.9356,11.984
0,-0.12,0.12,26.6427,11.984
0,-0.1175,0.12,27.3995,11.984
0,-0.115,0.12,27.131,11.968
0,-0.1125,0.12,28.3944,11.968
0,-0.11,0.12,29.4198,11.968
0,-0.1075,0.12,30.4331,11.984
0,-0.105,0.12,29.2611,11.968
0,-0.1025,0.12,30.6772,11.952
0,-0.1,0.12,32.0139,11.968
0,-0.0975,0.12,31.8064,11.984
0,-0.095,0.12,33.0454,11.968
0,-0.0925,0.12,33.1187,11.968
0,-0.09,0.12,33.9427,11.968
0,-0.0875,0.12,35.2184,11.968
0,-0.085,0.12,35.7921,11.952
0,-0.0825,0.12,35.3648,11.984
0,-0.08,0.12,37.3486,11.984
0,-0.0775,0.12,38.0505,11.968
0,-0.075,0.12,38.6792,11.968
0,-0.0725,0.12,38.3984,11.984
0,-0.07,0.12,40.0403,11.984
0,-0.0675,0.12,39.8999,11.984
0,-0.065,0.12,40.9803,11.968
0,-0.0625,0.12,41.0169,11.968
0,-0.06,0.12,40.7666,11.984
0,-0.0575,0.12,42.0179,11.968
0,-0.055,0.12,43.5255,11.984
0,-0.0525,0.12,44.6547,11.968
0,-0.05,0.12,44.203,11.952
0,-0.0475,0.12,44.7279,11.984
0,-0.045,0.12,44.5448,11.968
0,-0.0425,0.12,46.852,11.968
0,-0.04,0.12,45.5702,11.984
0,-0.0375,0.12,46.6201,11.968
0,-0.035,0.12,47.5295,11.968
0,-0.0325,0.12,46.8215,11.984
0,-0.03,0.12,48.4024,11.984
0,-0.0275,0.12,47.8713,11.968
0,-0.025,0.12,48.7991,11.984
0,-0.0225,0.12,48.3657,11.984
0,-0.02,0.12,49.4217,11.952
0,-0.0175,0.12,49.556,11.984
0,-0.015,0.12,50.8377,11.968
0,-0.0125,0.12,49.7879,12
0,-0.01,0.12,49.4644,11.984
0,-0.0075,0.12,48.7259,11.984
0,-0.005,0.12,50.3128,11.968
0,-0.0025,0.12,51.4481,11.984
0,0,0.12,50.4288,11.968
0,0.0025,0.12,49.8856,12
0,0.005,0.12,50.6851,12
0,0.0075,0.12,51.0941,12
0,0.01,0.12,50.4654,11.984
0,0.0125,0.12,50.5203,11.984
0,0.015,0.12,49.4339,11.984
0,0.0175,0.12,49.1775,12
0,0.02,0.12,49.4461,12
0,0.0225,0.12,49.2935,12.016
0,0.025,0.12,48.8784,12
0,0.0275,0.12,49.3545,12
0,0.03,0.12,48.0361,12
0,0.0325,0.12,47.5417,12.016
0,0.035,0.12,48.1765,12.016
0,0.0375,0.12,47.5173,12
0,0.04,0.12,47.1389,12.016
0,0.0425,0.12,46.9558,12
0,0.045,0.12,45.2223,12.016
0,0.0475,0.12,45.3932,12.016
0,0.05,0.12,45.1918,12
0,0.0525,0.12,44.9904,12.016
0,0.055,0.12,43.5804,12.016
0,0.0575,0.12,42.3963,12.032
0,0.06,0.12,42.2315,12.016
0,0.0625,0.12,41.261,12.016
0,0.065,0.12,41.7188,12.016
0,0.0675,0.12,40.3638,12.032
0,0.07,0.12,39.9976,12.016
0,0.0725,0.12,38.9294,12.016
0,0.075,0.12,39.1125,12.016
0,0.0775,0.12,37.5378,12.048
0,0.08,0.12,38.3618,12.032
0,0.0825,0.12,38.0688,12.032
0,0.085,0.12,36.433,12.032
0,0.0875,0.12,35.963,12.016
0,0.09,0.12,37.5439,12.032
0,0.0925,0.12,34.7056,12.048
0,0.095,0.12,33.668,12.064
0,0.0975,0.12,32.3679,12.08
0,0.1,0.12,33.8023,12.064
0,0.1025,0.12,31.8979,12.08
0,0.105,0.12,31.4341,12.048
0,0.1075,0.12,30.3476,12.064
0,0.11,0.12,29.5358,12.08
0,0.1125,0.12,29.9509,12.096
0,0.115,0.12,28.724,12.096
0,0.1175,0.12,27.6193,12.096
0,0.12,0.12,27.4422,12.08
0,0.1225,0.12,26.9967,12.08
0,0.125,0.12,26.7159,12.112
0,0.1275,0.12,26.0323,12.112
0,0.13,0.12,25.3426,12.128
0,0.1325,0.12,25.074,12.112
0,0.135,0.12,25.7515,12.128
0,0.1375,0.12,24.3477,12.128
0,0.14,0.12,22.956,12.128
0,0.1425,0.12,23.1208,12.144
0,0.145,0.12,21.7841,12.128
0,0.1475,0.12,22.6753,12.144
0,0.15,0.12,21.363,12.128
0,0.1525,0.12,21.1798,12.144
0,0.155,0.12,19.599,12.144
0,0.1575,0.12,18.9703,12.192
0,0.16,0.12,18.659,12.192
0,0.1625,0.12,19.2022,12.176
0,0.165,0.12,18.891,12.176
0,0.1675,0.12,17.8777,12.176
0,0.17,0.12,17.011,12.176
0,0.1725,0.12,17.8045,12.192
0,0.175,0.12,17.3223,12.208
0,0.1775,0.12,16.0955,12.208
0,0.18,0.12,15.5583,12.192
0,0.1825,0.12,15.8086,12.208
0,0.185,0.12,15.4729,12.208
0,0.1875,0.12,15.3752,12.224
0,0.19,0.12,14.6306,12.24
0,0.1925,0.12,13.9103,12.24
0,0.195,0.12,14.4353,12.24
0,0.1975,0.12,12.7506,12.24
0,0.2,0.12,14.0141,12.24
0,-0.2,0.1225,13.2878,12.048
0,-0.1975,0.1225,12.5309,12.048
0,-0.195,0.1225,13.5136,12.048
0,-0.1925,0.1225,13.2206,12.08
0,-0.19,0.1225,14.1789,12.048
0,-0.1875,0.1225,13.9775,12.032
0,-0.185,0.1225,13.9897,12.048
0,-0.1825,0.1225,14.7099,12.032
0,-0.18,0.1225,15.0517,12.032
0,-0.1775,0.1225,14.7771,12.048
0,-0.175,0.1225,15.9734,12.048
0,-0.1725,0.1225,15.833,12.048
0,-0.17,0.1225,16.3823,12.048
0,-0.1675,0.1225,16.6021,12.032
0,-0.165,0.1225,17.7679,12.048
0,-0.1625,0.1225,17.8106,12.048
0,-0.16,0.1225,17.9754,12.032
0,-0.1575,0.1225,17.89,12.016
0,-0.155,0.1225,18.3477,12.048
0,-0.1525,0.1225,19.3365,12.032
0,-0.15,0.1225,20.4413,12.016
0,-0.1475,0.1225,21.4606,12.016
0,-0.145,0.1225,21.1859,12.016
0,-0.1425,0.1225,21.2226,12
0,-0.14,0.1225,22.6325,12
0,-0.1375,0.1225,22.8767,12
0,-0.135,0.1225,23.6274,12
0,-0.1325,0.1225,22.8523,11.984
0,-0.13,0.1225,24.012,11.984
0,-0.1275,0.1225,24.25,11.984
0,-0.125,0.1225,25.3731,11.984
0,-0.1225,0.1225,25.9468,11.984
0,-0.12,0.1225,25.5135,11.968
0,-0.1175,0.1225,26.6243,11.968
0,-0.115,0.1225,27.3995,11.968
0,-0.1125,0.1225,27.4361,11.968
0,-0.11,0.1225,28.254,11.984
0,-0.1075,0.1225,29.4015,11.968
0,-0.105,0.1225,30.6284,11.968
0,-0.1025,0.1225,29.5663,11.968
0,-0.1,0.1225,30.7077,11.968
0,-0.0975,0.1225,31.1838,11.968
0,-0.095,0.1225,31.7942,11.968
0,-0.0925,0.1225,32.1909,11.968
0,-0.09,0.1225,34.6202,11.984
0,-0.0875,0.1225,34.2784,11.984
0,-0.085,0.1225,34.846,11.968
0,-0.0825,0.1225,34.9437,11.968
0,-0.08,0.1225,36.4696,11.968
0,-0.0775,0.1225,36.317,11.984
0,-0.075,0.1225,37.8918,11.984
0,-0.0725,0.1225,37.1899,11.984
0,-0.07,0.1225,38.5815,11.968
0,-0.0675,0.1225,39.3811,11.968
0,-0.065,0.1225,39.1552,11.968
0,-0.0625,0.1225,40.3699,11.968
0,-0.06,0.1225,40.6201,11.984
0,-0.0575,0.1225,40.9558,11.984
0,-0.055,0.1225,42.0118,11.984
0,-0.0525,0.1225,42.5733,11.968
0,-0.05,0.1225,42.7808,11.984
0,-0.0475,0.1225,43.1715,11.968
0,-0.045,0.1225,43.5926,11.984
0,-0.0425,0.1225,43.7941,11.968
0,-0.04,0.1225,45.6313,11.984
0,-0.0375,0.1225,45.7717,11.968
0,-0.035,0.1225,45.204,11.952
0,-0.0325,0.1225,46.5468,11.968
0,-0.03,0.1225,45.6069,11.968
0,-0.0275,0.1225,46.9863,11.968
0,-0.025,0.1225,46.2722,11.968
0,-0.0225,0.1225,47.1877,11.984
0,-0.02,0.1225,47.9385,11.968
0,-0.0175,0.1225,47.8042,11.968
0,-0.015,0.1225,46.9802,11.984
0,-0.0125,0.1225,48.384,11.968
0,-0.01,0.1225,48.5549,11.968
0,-0.0075,0.1225,48.323,11.968
0,-0.005,0.1225,48.4573,11.984
0,-0.0025,0.1225,48.5611,11.968
0,0,0.1225,49.8611,11.984
0,0.0025,0.1225,48.8662,11.984
0,0.005,0.1225,49.1165,11.984
0,0.0075,0.1225,48.1216,11.984
0,0.01,0.1225,49.2447,12
0,0.0125,0.1225,48.6587,11.984
0,0.015,0.1225,47.8896,11.984
0,0.0175,0.1225,47.9263,12
0,0.02,0.1225,48.0056,12
0,0.0225,0.1225,47.1633,12
0,0.025,0.1225,47.7859,12
0,0.0275,0.1225,46.8093,12.016
0,0.03,0.1225,46.5346,12.016
0,0.0325,0.1225,46.2661,12.016
0,0.035,0.1225,45.613,12
0,0.0375,0.1225,45.0026,12.016
0,0.04,0.1225,44.7035,12.032
0,0.0425,0.1225,45.0209,12.016
0,0.045,0.1225,44.2946,12.016
0,0.0475,0.1225,44.3678,12.032
0,0.05,0.1225,42.4329,12.032
0,0.0525,0.1225,41.9324,12.032
0,0.055,0.1225,42.3658,12.032
0,0.0575,0.1225,41.6334,12.032
0,0.06,0.1225,40.907,12.032
0,0.0625,0.1225,40.9436,12.016
0,0.065,0.1225,40.2783,12.016
0,0.0675,0.1225,40.0464,12.048
0,0.07,0.1225,38.844,12.032
0,0.0725,0.1225,38.9355,12.032
0,0.075,0.1225,36.8847,12.016
0,0.0775,0.1225,37.2204,12.032
0,0.08,0.1225,36.4269,12.048
0,0.0825,0.1225,36.7016,12.048
0,0.085,0.1225,34.4676,12.048
0,0.0875,0.1225,35.6822,12.032
0,0.09,0.1225,35.1817,12.032
0,0.0925,0.1225,33.3872,12.048
0,0.095,0.1225,33.1614,12.048
0,0.0975,0.1225,32.0933,12.064
0,0.1,0.1225,31.8125,12.064
0,0.1025,0.1225,30.8725,12.08
0,0.105,0.1225,30.5063,12.064
0,0.1075,0.1225,29.2123,12.08
0,0.11,0.1225,29.1513,12.08
0,0.1125,0.1225,29.3405,12.08
0,0.115,0.1225,29.0475,12.08
0,0.1175,0.1225,27.8695,12.096
0,0.12,0.1225,26.5816,12.112
0,0.1225,0.1225,25.782,12.096
0,0.125,0.1225,26.7708,12.096
0,0.1275,0.1225,26.0262,12.096
0,0.13,0.1225,23.8899,12.096
0,0.1325,0.1225,24.5308,12.128
0,0.135,0.1225,23.5847,12.128
0,0.1375,0.1225,22.2419,12.128
0,0.14,0.1225,22.5654,12.144
0,0.1425,0.1225,22.2907,12.128
0,0.145,0.1225,21.5461,12.144
0,0.1475,0.1225,20.5451,12.144
0,0.15,0.1225,20.5512,12.16
0,0.1525,0.1225,19.4708,12.128
0,0.155,0.1225,20.7404,12.144
0,0.1575,0.1225,18.7811,12.16
0,0.16,0.1225,19.2389,12.16
0,0.1625,0.1225,19.4403,12.16
0,0.165,0.1225,17.9693,12.192
0,0.1675,0.1225,18.3905,12.16
0,0.17,0.1225,17.481,12.208
0,0.1725,0.1225,17.1514,12.176
0,0.175,0.1225,16.1199,12.192
0,0.1775,0.1225,16.0649,12.192
0,0.18,0.1225,16.2053,12.192
0,0.1825,0.1225,14.1667,12.224
0,0.185,0.1225,15.3813,12.24
0,0.1875,0.1225,14.5695,12.208
0,0.19,0.1225,14.5695,12.224
0,0.1925,0.1225,14.1484,12.24
0,0.195,0.1225,14.3925,12.256
0,0.1975,0.1225,13.2084,12.24
0,0.2,0.1225,12.9521,12.256
0,-0.2,0.125,13.2878,12.032
0,-0.1975,0.125,12.3234,12.032
0,-0.195,0.125,12.7689,12.048
0,-0.1925,0.125,12.3417,12.064
0,-0.19,0.125,13.8493,12.016
0,-0.1875,0.125,13.6296,12.048
0,-0.185,0.125,13.9836,12.048
0,-0.1825,0.125,14.6123,12.032
0,-0.18,0.125,13.8066,12.032
0,-0.1775,0.125,14.1118,12.016
0,-0.175,0.125,15.1128,12.032
0,-0.1725,0.125,15.4485,12.048
0,-0.17,0.125,15.6682,12.032
0,-0.1675,0.125,16.9683,12.032
0,-0.165,0.125,17.1819,12.048
0,-0.1625,0.125,17.5604,12.048
0,-0.16,0.125,17.8411,12
0,-0.1575,0.125,17.8716,12.032
0,-0.155,0.125,17.7252,12.016
0,-0.1525,0.125,19.3121,12.032
0,-0.15,0.125,20.2826,12.016
0,-0.1475,0.125,20.3558,12
0,-0.145,0.125,20.2887,12
0,-0.1425,0.125,20.6,12.016
0,-0.14,0.125,21.6742,12.016
0,-0.1375,0.125,21.8146,12.016
0,-0.135,0.125,23.542,12
0,-0.1325,0.125,23.2002,11.984
0,-0.13,0.125,23.188,11.984
0,-0.1275,0.125,24.1035,11.968
0,-0.125,0.125,24.2134,11.984
0,-0.1225,0.125,24.4697,11.984
0,-0.12,0.125,25.7515,11.984
0,-0.1175,0.125,26.783,11.968
0,-0.115,0.125,26.5328,11.968
0,-0.1125,0.125,27.43,11.984
0,-0.11,0.125,27.8146,11.984
0,-0.1075,0.125,28.0648,11.968
0,-0.105,0.125,29.6213,11.984
0,-0.1025,0.125,29.0902,11.968
0,-0.1,0.125,30.1523,11.984
0,-0.0975,0.125,31.7637,11.968
0,-0.095,0.125,32.96,11.952
0,-0.0925,0.125,31.7637,11.968
0,-0.09,0.125,32.9173,11.984
0,-0.0875,0.125,33.4239,11.984
0,-0.085,0.125,34.8277,11.984
0,-0.0825,0.125,35.4747,11.984
0,-0.08,0.125,34.4798,11.968
0,-0.0775,0.125,35.9813,11.968
0,-0.075,0.125,36.1278,11.984
0,-0.0725,0.125,37.0678,11.968
0,-0.07,0.125,38.0993,11.968
0,-0.0675,0.125,37.5378,11.968
0,-0.065,0.125,38.6303,11.984
0,-0.0625,0.125,39.2285,11.984
0,-0.06,0.125,40.3699,11.984
0,-0.0575,0.125,39.3872,11.968
0,-0.055,0.125,42.6832,11.968
0,-0.0525,0.125,41.3709,11.968
0,-0.05,0.125,41.9019,11.968
0,-0.0475,0.125,42.2132,11.968
0,-0.045,0.125,43.3912,11.968
0,-0.0425,0.125,43.4095,11.968
0,-0.04,0.125,44.319,11.968
0,-0.0375,0.125,43.6659,11.984
0,-0.035,0.125,45.5519,11.968
0,-0.0325,0.125,45.4665,11.968
0,-0.03,0.125,45.0087,11.968
0,-0.0275,0.125,46.0402,11.968
0,-0.025,0.125,45.4421,11.968
0,-0.0225,0.125,46.3515,11.984
0,-0.02,0.125,46.852,11.968
0,-0.0175,0.125,47.4319,11.968
0,-0.015,0.125,46.9192,11.984
0,-0.0125,0.125,46.3942,11.968
0,-0.01,0.125,46.9375,11.984
0,-0.0075,0.125,47.2243,11.984
0,-0.005,0.125,46.9741,11.984
0,-0.0025,0.125,46.8276,11.984
0,0,0.125,46.7666,11.984
0,0.0025,0.125,47.7065,11.984
0,0.005,0.125,46.4675,11.984
0,0.0075,0.125,47.4441,11.984
0,0.01,0.125,46.8154,12
0,0.0125,0.125,46.4858,11.984
0,0.015,0.125,46.2355,12
0,0.0175,0.125,46.4125,12
0,0.02,0.125,45.3444,12
0,0.0225,0.125,45.0697,12
0,0.025,0.125,45.2528,12
0,0.0275,0.125,44.6181,12
0,0.03,0.125,45.3993,12
0,0.0325,0.125,44.9965,12.016
0,0.035,0.125,44.6364,12.016
0,0.0375,0.125,44.3129,12
0,0.04,0.125,43.8612,12.016
0,0.0425,0.125,43.0982,12.016
0,0.045,0.125,43.3241,12.016
0,0.0475,0.125,42.6527,12.032
0,0.05,0.125,41.2427,12.016
0,0.0525,0.125,41.7554,12.032
0,0.055,0.125,40.1746,12
0,0.0575,0.125,39.7168,12.032
0,0.06,0.125,39.5337,12.032
0,0.0625,0.125,38.5998,12.016
0,0.065,0.125,38.1726,12.048
0,0.0675,0.125,37.4645,12.032
0,0.07,0.125,38.1115,12.016
0,0.0725,0.125,37.4096,12.016
0,0.075,0.125,37.0678,12.048
0,0.0775,0.125,35.8104,12.032
0,0.08,0.125,36.1705,12.032
0,0.0825,0.125,35.2672,12.016
0,0.085,0.125,34.5286,12.032
0,0.0875,0.125,34.4493,12.032
0,0.09,0.125,33.9488,12.048
0,0.0925,0.125,33.845,12.048
0,0.095,0.125,32.5083,12.048
0,0.0975,0.125,32.1116,12.048
0,0.1,0.125,32.2153,12.048
0,0.1025,0.125,30.1767,12.08
0,0.105,0.125,30.3415,12.064
0,0.1075,0.125,29.1208,12.08
0,0.11,0.125,29.1452,12.08
0,0.1125,0.125,28.3883,12.08
0,0.115,0.125,26.9112,12.096
0,0.1175,0.125,27.607,12.08
0,0.12,0.125,26.3741,12.112
0,0.1225,0.125,26.8136,12.096
0,0.125,0.125,25.3426,12.096
0,0.1275,0.125,24.2683,12.112
0,0.13,0.125,24.7139,12.128
0,0.1325,0.125,24.5857,12.096
0,0.135,0.125,22.3029,12.144
0,0.1375,0.125,23.5786,12.128
0,0.14,0.125,22.3518,12.128
0,0.1425,0.125,22.4372,12.144
0,0.145,0.125,21.6865,12.144
0,0.1475,0.125,21.2531,12.16
0,0.15,0.125,20.1727,12.144
0,0.1525,0.125,19.245,12.176
0,0.155,0.125,19.1229,12.144
0,0.1575,0.125,18.9947,12.176
0,0.16,0.125,18.1585,12.144
0,0.1625,0.125,18.659,12.16
0,0.165,0.125,18.2562,12.192
0,0.1675,0.125,17.5115,12.16
0,0.17,0.125,17.2308,12.192
0,0.1725,0.125,16.8889,12.176
0,0.175,0.125,15.7414,12.208
0,0.1775,0.125,15.5034,12.192
0,0.18,0.125,14.8503,12.208
0,0.1825,0.125,15.186,12.192
0,0.185,0.125,15.418,12.208
0,0.1875,0.125,14.8625,12.24
0,0.19,0.125,14.5756,12.224
0,0.1925,0.125,13.9897,12.24
0,0.195,0.125,13.3183,12.24
0,0.1975,0.125,12.8605,12.272
0,0.2,0.125,12.8361,12.256
0,-0.2,0.1275,12.0121,12.032
0,-0.1975,0.1275,12.1891,12.032
0,-0.195,0.1275,13.1718,12.032
0,-0.1925,0.1275,12.6774,12.08
0,-0.19,0.1275,13.6845,12.048
0,-0.1875,0.1275,13.8066,12.048
0,-0.185,0.1275,14.2766,12.064
0,-0.1825,0.1275,13.4037,12.032
0,-0.18,0.1275,14.5207,12.032
0,-0.1775,0.1275,15.3447,12.064
0,-0.175,0.1275,14.8686,12.064
0,-0.1725,0.1275,16.7241,12.064
0,-0.17,0.1275,15.6865,12.032
0,-0.1675,0.1275,16.9317,12.032
0,-0.165,0.1275,17.3284,12.032
0,-0.1625,0.1275,16.4312,12.064
0,-0.16,0.1275,17.5665,12.032
0,-0.1575,0.1275,18.1829,12.016
0,-0.155,0.1275,17.9022,12.048
0,-0.1525,0.1275,18.659,12.032
0,-0.15,0.1275,19.0619,12.016
0,-0.1475,0.1275,19.8553,12.016
0,-0.145,0.1275,20.4169,11.984
0,-0.1425,0.1275,21.4545,12
0,-0.14,0.1275,20.6977,12.016
0,-0.1375,0.1275,21.7597,12
0,-0.135,0.1275,21.6681,12
0,-0.1325,0.1275,23.1574,11.984
0,-0.13,0.1275,23.1391,12
0,-0.1275,0.1275,23.4016,12
0,-0.125,0.1275,24.4453,11.984
0,-0.1225,0.1275,23.7495,11.984
0,-0.12,0.1275,24.7261,11.984
0,-0.1175,0.1275,25.0923,11.984
0,-0.115,0.1275,26.5877,11.984
0,-0.1125,0.1275,26.1544,11.984
0,-0.11,0.1275,27.6376,11.968
0,-0.1075,0.1275,27.253,11.984
0,-0.105,0.1275,27.8634,11.968
0,-0.1025,0.1275,29.0597,11.984
0,-0.1,0.1275,29.8227,11.968
0,-0.0975,0.1275,29.6945,11.968
0,-0.095,0.1275,31.9407,11.968
0,-0.0925,0.1275,30.9091,11.984
0,-0.09,0.1275,31.8796,11.984
0,-0.0875,0.1275,32.7036,11.968
0,-0.085,0.1275,32.8684,11.984
0,-0.0825,0.1275,33.845,11.984
0,-0.08,0.1275,33.9549,11.984
0,-0.0775,0.1275,34.4981,11.984
0,-0.075,0.1275,34.3638,11.968
0,-0.0725,0.1275,35.963,11.968
0,-0.07,0.1275,36.2743,11.984
0,-0.0675,0.1275,36.7382,11.984
0,-0.065,0.1275,37.7575,11.984
0,-0.0625,0.1275,37.611,11.984
0,-0.06,0.1275,38.258,11.968
0,-0.0575,0.1275,40.1563,11.968
0,-0.055,0.1275,39.6619,11.984
0,-0.0525,0.1275,40.376,11.984
0,-0.05,0.1275,40.8216,11.968
0,-0.0475,0.1275,40.9619,11.984
0,-0.045,0.1275,41.023,11.968
0,-0.0425,0.1275,42.6283,11.968
0,-0.04,0.1275,41.5662,11.968
0,-0.0375,0.1275,43.1959,11.968
0,-0.035,0.1275,43.2691,11.968
0,-0.0325,0.1275,44.6364,11.984
0,-0.03,0.1275,43.2264,11.968
0,-0.0275,0.1275,44.3922,11.968
0,-0.025,0.1275,44.4899,11.952
0,-0.0225,0.1275,45.0087,11.968
0,-0.02,0.1275,44.6791,11.968
0,-0.0175,0.1275,45.8327,11.968
0,-0.015,0.1275,46.5102,11.984
0,-0.0125,0.1275,45.2528,11.968
0,-0.01,0.1275,45.6374,11.968
0,-0.0075,0.1275,46.5102,11.984
0,-0.005,0.1275,46.1562,11.984
0,-0.0025,0.1275,46.1074,11.968
0,0,0.1275,45.9487,11.968
0,0.0025,0.1275,45.8449,11.984
0,0.005,0.1275,45.9243,12
0,0.0075,0.1275,45.5458,11.984
0,0.01,0.1275,45.32,12
0,0.0125,0.1275,44.0992,12
0,0.015,0.1275,46.26,11.984
0,0.0175,0.1275,45.1979,12
0,0.02,0.1275,44.2763,12
0,0.0225,0.1275,45.4482,12.016
0,0.025,0.1275,44.4105,12
0,0.0275,0.1275,44.3739,12
0,0.03,0.1275,44.1115,12
0,0.0325,0.1275,43.4462,12
0,0.035,0.1275,42.3353,12.032
0,0.0375,0.1275,43.2325,12
0,0.04,0.1275,42.262,12.032
0,0.0425,0.1275,42.1766,12.016
0,0.045,0.1275,42.0545,12.016
0,0.0475,0.1275,41.4869,12.016
0,0.05,0.1275,41.0779,12.016
0,0.0525,0.1275,40.5103,12.032
0,0.055,0.1275,39.5337,12.016
0,0.0575,0.1275,39.2712,12.016
0,0.06,0.1275,39.0942,12.032
0,0.0625,0.1275,38.905,12.032
0,0.065,0.1275,38.258,12.032
0,0.0675,0.1275,36.7199,12.048
0,0.07,0.1275,38.1054,12.032
0,0.0725,0.1275,36.8664,12.032
0,0.075,0.1275,34.8704,12.032
0,0.0775,0.1275,34.5897,12.016
0,0.08,0.1275,34.5775,12.032
0,0.0825,0.1275,34.4676,12.048
0,0.085,0.1275,34.4737,12.032
0,0.0875,0.1275,33.0943,12.048
0,0.09,0.1275,33.1553,12.048
0,0.0925,0.1275,31.9956,12.064
0,0.095,0.1275,31.5989,12.064
0,0.0975,0.1275,30.2683,12.048
0,0.1,0.1275,29.8959,12.048
0,0.1025,0.1275,28.6142,12.08
0,0.105,0.1275,28.6691,12.08
0,0.1075,0.1275,29.2123,12.096
0,0.11,0.1275,27.9183,12.08
0,0.1125,0.1275,28.0709,12.08
0,0.115,0.1275,27.2897,12.08
0,0.1175,0.1275,26.7708,12.096
0,0.12,0.1275,25.2083,12.096
0,0.1225,0.1275,25.4341,12.096
0,0.125,0.1275,24.72,12.112
0,0.1275,0.1275,24.5674,12.112
0,0.13,0.1275,23.4565,12.112
0,0.1325,0.1275,23.4199,12.112
0,0.135,0.1275,23.1391,12.128
0,0.1375,0.1275,21.7658,12.144
0,0.14,0.1275,21.7536,12.144
0,0.1425,0.1275,21.4789,12.144
0,0.145,0.1275,20.3253,12.144
0,0.1475,0.1275,21.3874,12.16
0,0.15,0.1275,19.8187,12.144
0,0.1525,0.1275,19.3487,12.144
0,0.155,0.1275,18.7384,12.144
0,0.1575,0.1275,18.8726,12.192
0,0.16,0.1275,18.3599,12.224
0,0.1625,0.1275,17.8045,12.176
0,0.165,0.1275,17.4871,12.176
0,0.1675,0.1275,17.1331,12.192
0,0.17,0.1275,16.6387,12.208
0,0.1725,0.1275,16.0222,12.176
0,0.175,0.1275,16.8401,12.192
0,0.1775,0.1275,15.3142,12.192
0,0.18,0.1275,15.1982,12.208
0,0.1825,0.1275,15.2104,12.224
0,0.185,0.1275,15.1921,12.224
0,0.1875,0.1275,13.9042,12.208
0,0.19,0.1275,13.9409,12.24
0,0.1925,0.1275,13.3427,12.24
0,0.195,0.1275,13.5563,12.256
0,0.1975,0.1275,13.3854,12.256
0,0.2,0.1275,12.6713,12.256
0,-0.2,0.13,11.9205,12.048
0,-0.1975,0.13,11.6214,12.048
0,-0.195,0.13,11.9327,12.048
0,-0.1925,0.13,12.9582,12.064
0,-0.19,0.13,12.7201,12.032
0,-0.1875,0.13,13.1413,12.08
0,-0.185,0.13,14.3254,12.048
0,-0.1825,0.13,13.9225,12.032
0,-0.18,0.13,14.3254,12.064
0,-0.1775,0.13,14.1728,12.08
0,-0.175,0.13,14.7771,12.064
0,-0.1725,0.13,15.3325,12.064
0,-0.17,0.13,15.7292,12.048
0,-0.1675,0.13,16.7119,12.048
0,-0.165,0.13,16.0527,12.016
0,-0.1625,0.13,18.2806,12.016
0,-0.16,0.13,16.2969,12.048
0,-0.1575,0.13,17.3406,12.048
0,-0.155,0.13,17.6336,12.032
0,-0.1525,0.13,19.245,12.032
0,-0.15,0.13,18.3294,12.032
0,-0.1475,0.13,19.7943,12.016
0,-0.145,0.13,19.2877,12
0,-0.1425,0.13,20.1544,12.016
0,-0.14,0.13,21.894,12
0,-0.1375,0.13,21.6803,12
0,-0.135,0.13,21.2836,12
0,-0.1325,0.13,22.3151,12
0,-0.13,0.13,22.9438,12
0,-0.1275,0.13,22.1625,11.984
0,-0.125,0.13,23.3039,12
0,-0.1225,0.13,23.6763,11.968
0,-0.12,0.13,25.0191,11.984
0,-0.1175,0.13,25.0923,11.968
0,-0.115,0.13,25.959,11.984
0,-0.1125,0.13,25.7271,11.984
0,-0.11,0.13,25.8003,11.984
0,-0.1075,0.13,26.9051,11.984
0,-0.105,0.13,26.5633,11.984
0,-0.1025,0.13,26.3375,11.968
0,-0.1,0.13,28.663,11.968
0,-0.0975,0.13,28.6386,11.952
0,-0.095,0.13,28.7301,11.968
0,-0.0925,0.13,30.7199,11.968
0,-0.09,0.13,30.8786,11.984
0,-0.0875,0.13,31.3547,11.984
0,-0.085,0.13,32.2764,11.984
0,-0.0825,0.13,33.1065,11.968
0,-0.08,0.13,33.1004,11.984
0,-0.0775,0.13,34.3516,11.984
0,-0.075,0.13,34.5897,11.968
0,-0.0725,0.13,35.1146,11.984
0,-0.07,0.13,35.2062,11.968
0,-0.0675,0.13,36.0179,11.968
0,-0.065,0.13,35.7616,11.968
0,-0.0625,0.13,37.0373,11.984
0,-0.06,0.13,38.0016,11.984
0,-0.0575,0.13,39.0515,11.968
0,-0.055,0.13,39.3078,11.968
0,-0.0525,0.13,38.374,11.968
0,-0.05,0.13,39.5825,11.984
0,-0.0475,0.13,40.3638,11.968
0,-0.045,0.13,40.907,11.968
0,-0.0425,0.13,40.7483,11.984
0,-0.04,0.13,41.4747,11.968
0,-0.0375,0.13,41.6395,11.984
0,-0.035,0.13,42.0423,11.952
0,-0.0325,0.13,42.5245,11.952
0,-0.03,0.13,43.3729,11.968
0,-0.0275,0.13,42.4146,11.968
0,-0.025,0.13,43.6293,11.968
0,-0.0225,0.13,44.1725,11.984
0,-0.02,0.13,43.4828,11.968
0,-0.0175,0.13,44.2152,11.968
0,-0.015,0.13,42.3292,11.968
0,-0.0125,0.13,44.1847,11.968
0,-0.01,0.13,44.3068,11.984
0,-0.0075,0.13,44.6242,11.968
0,-0.005,0.13,44.0626,11.984
0,-0.0025,0.13,44.6242,11.984
0,0,0.13,43.8063,11.984
0,0.0025,0.13,43.6842,11.984
0,0.005,0.13,44.0992,11.984
0,0.0075,0.13,44.0138,11.984
0,0.01,0.13,44.4899,11.984
0,0.0125,0.13,44.2763,12
0,0.015,0.13,44.2946,11.984
0,0.0175,0.13,43.495,12
0,0.02,0.13,43.5255,12.016
0,0.0225,0.13,42.6222,12.016
0,0.025,0.13,42.2864,12
0,0.0275,0.13,42.9884,11.984
0,0.03,0.13,42.4024,12
0,0.0325,0.13,41.9507,12
0,0.035,0.13,41.9568,12.016
0,0.0375,0.13,42.2926,12
0,0.04,0.13,41.2244,12
0,0.0425,0.13,41.2976,12.032
0,0.045,0.13,39.4787,12
0,0.0475,0.13,40.0586,12.016
0,0.05,0.13,39.7717,12
0,0.0525,0.13,39.2529,12.016
0,0.055,0.13,37.9467,12.016
0,0.0575,0.13,37.8735,12.016
0,0.06,0.13,37.1838,12.032
0,0.0625,0.13,37.3424,12.016
0,0.065,0.13,36.3048,12.016
0,0.0675,0.13,35.9569,12.032
0,0.07,0.13,35.6517,12.032
0,0.0725,0.13,35.7982,12.048
0,0.075,0.13,34.4554,12.032
0,0.0775,0.13,35.0414,12.032
0,0.08,0.13,34.8521,12.048
0,0.0825,0.13,34.1014,12.032
0,0.085,0.13,34.0464,12.048
0,0.0875,0.13,33.0576,12.064
0,0.09,0.13,31.5012,12.064
0,0.0925,0.13,32.4473,12.064
0,0.095,0.13,30.4636,12.048
0,0.0975,0.13,30.5551,12.048
0,0.1,0.13,29.8288,12.064
0,0.1025,0.13,29.5969,12.08
0,0.105,0.13,29.4931,12.064
0,0.1075,0.13,28.2785,12.064
0,0.11,0.13,27.4361,12.08
0,0.1125,0.13,27.2774,12.096
0,0.115,0.13,25.898,12.08
0,0.1175,0.13,25.9651,12.096
0,0.12,0.13,26.1544,12.096
0,0.1225,0.13,24.9641,12.096
0,0.125,0.13,24.4636,12.112
0,0.1275,0.13,23.31,12.112
0,0.13,0.13,23.1269,12.112
0,0.1325,0.13,23.1269,12.096
0,0.135,0.13,23.1574,12.16
0,0.1375,0.13,23.2063,12.128
0,0.14,0.13,22.2419,12.128
0,0.1425,0.13,20.3497,12.128
0,0.145,0.13,21.6681,12.144
0,0.1475,0.13,19.9042,12.128
0,0.15,0.13,20.0201,12.144
0,0.1525,0.13,19.9225,12.144
0,0.155,0.13,18.9154,12.144
0,0.1575,0.13,19.1717,12.16
0,0.16,0.13,18.0303,12.176
0,0.1625,0.13,17.1941,12.16
0,0.165,0.13,16.7486,12.16
0,0.1675,0.13,16.7913,12.192
0,0.17,0.13,16.9134,12.176
0,0.1725,0.13,16.1565,12.192
0,0.175,0.13,15.8635,12.208
0,0.1775,0.13,15.5339,12.208
0,0.18,0.13,14.7771,12.208
0,0.1825,0.13,15.3813,12.208
0,0.185,0.13,14.2644,12.256
0,0.1875,0.13,14.9113,12.224
0,0.19,0.13,12.3905,12.224
0,0.1925,0.13,13.5929,12.272
0,0.195,0.13,13.4037,12.224
0,0.1975,0.13,12.5309,12.288
0,0.2,0.13,12.2562,12.256
0,-0.2,0.1325,11.7313,12.048
0,-0.1975,0.1325,12.2929,12.048
0,-0.195,0.1325,12.6102,12.048
0,-0.1925,0.1325,12.8056,12.096
0,-0.19,0.1325,12.7384,12.048
0,-0.1875,0.1325,13.5258,12.032
0,-0.185,0.1325,13.1108,12.032
0,-0.1825,0.1325,13.4648,12.064
0,-0.18,0.1325,13.422,12.048
0,-0.1775,0.1325,14.7832,12.048
0,-0.175,0.1325,14.7832,12.032
0,-0.1725,0.1325,15.4118,12.08
0,-0.17,0.1325,15.7048,12.048
0,-0.1675,0.1325,16.1199,12.032
0,-0.165,0.1325,16.5044,12.048
0,-0.1625,0.1325,16.3518,12.032
0,-0.16,0.1325,16.541,12.016
0,-0.1575,0.1325,17.5604,12.032
0,-0.155,0.1325,18.1646,12.032
0,-0.1525,0.1325,17.5176,12.032
0,-0.15,0.1325,18.2318,12
0,-0.1475,0.1325,19.6661,12.016
0,-0.145,0.1325,20.1117,12.016
0,-0.1425,0.1325,19.8187,12
0,-0.14,0.1325,20.423,12.016
0,-0.1375,0.1325,20.2582,12
0,-0.135,0.1325,21.7658,12.016
0,-0.1325,0.1325,21.4545,12.016
0,-0.13,0.1325,22.7302,12
0,-0.1275,0.1325,22.6814,12
0,-0.125,0.1325,24.9031,11.984
0,-0.1225,0.1325,24.0547,12
0,-0.12,0.1325,23.835,11.968
0,-0.1175,0.1325,24.1707,11.984
0,-0.115,0.1325,24.5003,11.968
0,-0.1125,0.1325,25.4402,11.968
0,-0.11,0.1325,25.7576,11.984
0,-0.1075,0.1325,26.1971,11.984
0,-0.105,0.1325,28.1747,11.968
0,-0.1025,0.1325,28.6019,11.968
0,-0.1,0.1325,28.5043,11.984
0,-0.0975,0.1325,28.5897,11.968
0,-0.095,0.1325,28.4371,11.984
0,-0.0925,0.1325,29.3893,11.984
0,-0.09,0.1325,30.0058,11.984
0,-0.0875,0.1325,30.2499,11.984
0,-0.085,0.1325,32.6365,11.984
0,-0.0825,0.1325,30.7199,11.984
0,-0.08,0.1325,32.197,11.968
0,-0.0775,0.1325,32.4412,11.968
0,-0.075,0.1325,33.0821,11.984
0,-0.0725,0.1325,34.2174,11.968
0,-0.07,0.1325,34.2479,11.984
0,-0.0675,0.1325,34.1136,12
0,-0.065,0.1325,35.8348,11.968
0,-0.0625,0.1325,35.8837,11.984
0,-0.06,0.1325,38.0261,11.984
0,-0.0575,0.1325,37.0861,12
0,-0.055,0.1325,37.3913,11.984
0,-0.0525,0.1325,38.8318,11.984
0,-0.05,0.1325,38.5327,11.968
0,-0.0475,0.1325,39.6619,11.984
0,-0.045,0.1325,39.3933,11.984
0,-0.0425,0.1325,39.6985,11.968
0,-0.04,0.1325,40.0403,11.984
0,-0.0375,0.1325,41.1817,11.984
0,-0.035,0.1325,40.791,11.968
0,-0.0325,0.1325,40.553,11.968
0,-0.03,0.1325,40.2783,11.984
0,-0.0275,0.1325,42.2437,11.984
0,-0.025,0.1325,42.9518,11.984
0,-0.0225,0.1325,42.5794,11.952
0,-0.02,0.1325,42.6283,11.968
0,-0.0175,0.1325,42.9518,11.984
0,-0.015,0.1325,42.7442,11.984
0,-0.0125,0.1325,42.3902,11.984
0,-0.01,0.1325,41.9752,11.968
0,-0.0075,0.1325,43.2508,11.984
0,-0.005,0.1325,42.8846,11.984
0,-0.0025,0.1325,42.9212,11.984
0,0,0.1325,43.1104,12
0,0.0025,0.1325,44.3068,11.984
0,0.005,0.1325,42.1766,12
0,0.0075,0.1325,43.1288,11.984
0,0.01,0.1325,42.085,12
0,0.0125,0.1325,42.5916,12
0,0.015,0.1325,41.7859,12
0,0.0175,0.1325,41.6639,12.016
0,0.02,0.1325,42.0728,12.016
0,0.0225,0.1325,41.6211,12.016
0,0.025,0.1325,40.7239,12
0,0.0275,0.1325,41.7493,12
0,0.03,0.1325,40.6812,12
0,0.0325,0.1325,41.0657,12.032
0,0.035,0.1325,41.1145,12.016
0,0.0375,0.1325,40.7239,12.032
0,0.04,0.1325,39.8389,12.032
0,0.0425,0.1325,39.0454,12.048
0,0.045,0.1325,39.6008,12.016
0,0.0475,0.1325,38.8318,12.016
0,0.05,0.1325,38.4533,12.032
0,0.0525,0.1325,38.1542,12.032
0,0.055,0.1325,36.9152,12.032
0,0.0575,0.1325,37.141,12.032
0,0.06,0.1325,36.2865,12.032
0,0.0625,0.1325,36.4513,12.016
0,0.065,0.1325,35.0169,12.048
0,0.0675,0.1325,36.079,12.032
0,0.07,0.1325,34.8094,12.032
0,0.0725,0.1325,35.6395,12.048
0,0.075,0.1325,33.9,12.032
0,0.0775,0.1325,34.7606,12.032
0,0.08,0.1325,32.0566,12.032
0,0.0825,0.1325,32.9234,12.032
0,0.085,0.1325,31.6599,12.032
0,0.0875,0.1325,32.0872,12.048
0,0.09,0.1325,30.4636,12.064
0,0.0925,0.1325,31.0251,12.048
0,0.095,0.1325,30.6223,12.064
0,0.0975,0.1325,29.2184,12.064
0,0.1,0.1325,28.8095,12.08
0,0.1025,0.1325,28.8278,12.064
0,0.105,0.1325,27.5521,12.064
0,0.1075,0.1325,27.1493,12.08
0,0.11,0.1325,26.6366,12.08
0,0.1125,0.1325,26.8197,12.08
0,0.115,0.1325,26.3558,12.112
0,0.1175,0.1325,25.4646,12.096
0,0.12,0.1325,25.4158,12.096
0,0.1225,0.1325,24.9092,12.08
0,0.125,0.1325,25.0374,12.096
0,0.1275,0.1325,23.4382,12.112
0,0.13,0.1325,23.5969,12.128
0,0.1325,0.1325,22.7851,12.128
0,0.135,0.1325,21.7841,12.144
0,0.1375,0.1325,21.5217,12.112
0,0.14,0.1325,20.6732,12.144
0,0.1425,0.1325,20.8136,12.128
0,0.145,0.1325,20.4169,12.144
0,0.1475,0.1325,20.0873,12.144
0,0.15,0.1325,18.366,12.16
0,0.1525,0.1325,17.719,12.16
0,0.155,0.1325,19.0863,12.16
0,0.1575,0.1325,18.1707,12.176
0,0.16,0.1325,17.6519,12.176
0,0.1625,0.1325,18.2196,12.192
0,0.165,0.1325,17.2124,12.176
0,0.1675,0.1325,16.9073,12.208
0,0.17,0.1325,16.3152,12.176
0,0.1725,0.1325,16.0833,12.192
0,0.175,0.1325,15.5705,12.176
0,0.1775,0.1325,15.2348,12.208
0,0.18,0.1325,15.0029,12.208
0,0.1825,0.1325,14.185,12.224
0,0.185,0.1325,15.1738,12.208
0,0.1875,0.1325,13.9164,12.224
0,0.19,0.1325,12.8849,12.24
0,0.1925,0.1325,12.6408,12.256
0,0.195,0.1325,12.4454,12.272
0,0.1975,0.1325,13.1474,12.272
0,0.2,0.1325,12.244,12.288
0,-0.2,0.135,11.7679,12.064
0,-0.1975,0.135,13.0314,12.064
0,-0.195,0.135,12.0914,12.048
0,-0.1925,0.135,12.775,12.032
0,-0.19,0.135,12.598,12.08
0,-0.1875,0.135,13.0741,12.08
0,-0.185,0.135,12.9276,12.064
0,-0.1825,0.135,13.2694,12.048
0,-0.18,0.135,14.0019,12.064
0,-0.1775,0.135,14.7343,12.064
0,-0.175,0.135,13.9958,12.032
0,-0.1725,0.135,15.07,12.048
0,-0.17,0.135,15.8574,12.048
0,-0.1675,0.135,15.5705,12.048
0,-0.165,0.135,17.3223,12.032
0,-0.1625,0.135,16.3396,12.032
0,-0.16,0.135,16.8645,12.048
0,-0.1575,0.135,17.1392,12.032
0,-0.155,0.135,17.8167,12.016
0,-0.1525,0.135,17.6092,12.032
0,-0.15,0.135,18.1463,12.032
0,-0.1475,0.135,18.1829,12.016
0,-0.145,0.135,19.0497,12.032
0,-0.1425,0.135,20.069,12.016
0,-0.14,0.135,17.9449,12.016
0,-0.1375,0.135,20.2521,12
0,-0.135,0.135,20.7038,12.016
0,-0.1325,0.135,21.1982,11.984
0,-0.13,0.135,22.5593,12
0,-0.1275,0.135,22.0283,12.016
0,-0.125,0.135,22.5837,12
0,-0.1225,0.135,21.4057,11.968
0,-0.12,0.135,24.4026,12
0,-0.1175,0.135,23.6702,12
0,-0.115,0.135,24.4758,11.968
0,-0.1125,0.135,24.7322,12
0,-0.11,0.135,25.1473,11.984
0,-0.1075,0.135,25.66,12
0,-0.105,0.135,27.0821,11.984
0,-0.1025,0.135,26.2215,11.984
0,-0.1,0.135,28.193,12
0,-0.0975,0.135,27.4545,11.968
0,-0.095,0.135,29.8593,11.984
0,-0.0925,0.135,28.956,12
0,-0.09,0.135,30.427,11.984
0,-0.0875,0.135,29.1879,11.984
0,-0.085,0.135,32.0322,11.984
0,-0.0825,0.135,31.6843,11.984
0,-0.08,0.135,31.4096,11.984
0,-0.0775,0.135,32.2398,11.984
0,-0.075,0.135,32.5877,11.984
0,-0.0725,0.135,32.8867,12
0,-0.07,0.135,33.1736,12
0,-0.0675,0.135,34.7789,11.984
0,-0.065,0.135,34.7728,11.984
0,-0.0625,0.135,34.9071,11.984
0,-0.06,0.135,36.2072,11.984
0,-0.0575,0.135,35.3587,11.984
0,-0.055,0.135,36.4818,11.984
0,-0.0525,0.135,36.7016,11.984
0,-0.05,0.135,36.8114,11.984
0,-0.0475,0.135,37.5805,11.984
0,-0.045,0.135,38.1176,11.968
0,-0.0425,0.135,38.1909,11.968
0,-0.04,0.135,38.7158,11.984
0,-0.0375,0.135,40.3027,11.952
0,-0.035,0.135,39.3262,11.968
0,-0.0325,0.135,39.2163,11.984
0,-0.03,0.135,39.8144,11.968
0,-0.0275,0.135,40.0647,11.968
0,-0.025,0.135,40.7605,11.984
0,-0.0225,0.135,41.3526,11.968
0,-0.02,0.135,41.2366,11.984
0,-0.0175,0.135,40.9253,11.984
0,-0.015,0.135,41.3282,11.968
0,-0.0125,0.135,42.5916,11.968
0,-0.01,0.135,41.261,11.968
0,-0.0075,0.135,41.4197,11.984
0,-0.005,0.135,41.8226,11.984
0,-0.0025,0.135,42.2742,11.984
0,0,0.135,41.3587,11.984
0,0.0025,0.135,42.0423,11.984
0,0.005,0.135,43.0616,11.984
0,0.0075,0.135,41.5418,12
0,0.01,0.135,40.669,12
0,0.0125,0.135,41.7615,12
0,0.015,0.135,41.5784,12
0,0.0175,0.135,40.5774,12
0,0.02,0.135,41.1023,12
0,0.0225,0.135,40.7361,12
0,0.025,0.135,40.0891,12.016
0,0.0275,0.135,39.8144,12.016
0,0.03,0.135,39.4726,12.016
0,0.0325,0.135,39.5642,12.032
0,0.035,0.135,39.0393,12
0,0.0375,0.135,40.492,12.016
0,0.04,0.135,38.789,12.016
0,0.0425,0.135,38.7707,12.032
0,0.045,0.135,38.1237,12.016
0,0.0475,0.135,37.3913,12.016
0,0.05,0.135,37.2753,12.032
0,0.0525,0.135,36.0912,12.032
0,0.055,0.135,36.6955,12.032
0,0.0575,0.135,36.0973,12.016
0,0.06,0.135,36.1583,12.016
0,0.0625,0.135,35.902,12.032
0,0.065,0.135,35.4076,12.032
0,0.0675,0.135,33.9915,12.032
0,0.07,0.135,34.1685,12.032
0,0.0725,0.135,34.5531,12.032
0,0.075,0.135,33.7718,12.032
0,0.0775,0.135,32.0872,12.048
0,0.08,0.135,32.6365,12.048
0,0.0825,0.135,32.7097,12.048
0,0.085,0.135,31.0923,12.048
0,0.0875,0.135,31.0556,12.064
0,0.09,0.135,30.3293,12.064
0,0.0925,0.135,30.2011,12.048
0,0.095,0.135,28.956,12.048
0,0.0975,0.135,28.7851,12.064
0,0.1,0.135,28.3334,12.08
0,0.1025,0.135,26.1727,12.08
0,0.105,0.135,27.2897,12.064
0,0.1075,0.135,26.2581,12.096
0,0.11,0.135,26.8563,12.08
0,0.1125,0.135,25.3059,12.064
0,0.115,0.135,25.3548,12.096
0,0.1175,0.135,24.4331,12.112
0,0.12,0.135,24.0791,12.112
0,0.1225,0.135,24.3171,12.144
0,0.125,0.135,23.188,12.112
0,0.1275,0.135,23.8289,12.144
0,0.13,0.135,23.0415,12.128
0,0.1325,0.135,21.9001,12.128
0,0.135,0.135,22.4677,12.16
0,0.1375,0.135,22.2907,12.128
0,0.14,0.135,20.0995,12.16
0,0.1425,0.135,19.9347,12.144
0,0.145,0.135,19.599,12.144
0,0.1475,0.135,19.5502,12.128
0,0.15,0.135,18.8055,12.16
0,0.1525,0.135,19.1107,12.16
0,0.155,0.135,17.9266,12.176
0,0.1575,0.135,17.6397,12.176
0,0.16,0.135,17.3162,12.16
0,0.1625,0.135,16.8218,12.16
0,0.165,0.135,16.9439,12.176
0,0.1675,0.135,16.657,12.192
0,0.17,0.135,16.2725,12.192
0,0.1725,0.135,14.6916,12.176
0,0.175,0.135,14.8869,12.208
0,0.1775,0.135,14.3498,12.192
0,0.18,0.135,14.7404,12.224
0,0.1825,0.135,14.594,12.224
0,0.185,0.135,13.3305,12.24
0,0.1875,0.135,13.1596,12.24
0,0.19,0.135,13.2145,12.24
0,0.1925,0.135,13.0863,12.256
0,0.195,0.135,12.83,12.256
0,0.1975,0.135,12.3112,12.32
0,0.2,0.135,12.1525,12.272
0,-0.2,0.1375,11.3102,12.064
0,-0.1975,0.1375,11.5848,12.08
0,-0.195,0.1375,12.8117,12.08
0,-0.1925,0.1375,12.1891,12.048
0,-0.19,0.1375,12.6835,12.064
0,-0.1875,0.1375,13.7944,12.064
0,-0.185,0.1375,13.0497,12.064
0,-0.1825,0.1375,12.4699,12.096
0,-0.18,0.1375,13.4159,12.096
0,-0.1775,0.1375,14.5268,12.048
0,-0.175,0.1375,14.2216,12.064
0,-0.1725,0.1375,14.655,12.064
0,-0.17,0.1375,16.2542,12.064
0,-0.1675,0.1375,15.772,12.048
0,-0.165,0.1375,15.479,12.048
0,-0.1625,0.1375,15.0761,12.08
0,-0.16,0.1375,15.7414,12.064
0,-0.1575,0.1375,15.3996,12.032
0,-0.155,0.1375,16.9256,12.048
0,-0.1525,0.1375,18.2257,12.048
0,-0.15,0.1375,17.7801,12.048
0,-0.1475,0.1375,19.0985,12.032
0,-0.145,0.1375,18.3111,12.016
0,-0.1425,0.1375,18.2989,12.016
0,-0.14,0.1375,18.8971,12.032
0,-0.1375,0.1375,20.3314,12.048
0,-0.135,0.1375,20.8808,11.984
0,-0.1325,0.1375,20.7526,12.016
0,-0.13,0.1375,21.0028,12
0,-0.1275,0.1375,21.7048,12.016
0,-0.125,0.1375,21.3996,12
0,-0.1225,0.1375,22.5837,12
0,-0.12,0.1375,22.6569,11.984
0,-0.1175,0.1375,23.2063,12.016
0,-0.115,0.1375,25.7271,12
0,-0.1125,0.1375,23.6946,12.016
0,-0.11,0.1375,24.2622,12
0,-0.1075,0.1375,24.9763,11.968
0,-0.105,0.1375,25.4585,11.984
0,-0.1025,0.1375,25.4341,11.968
0,-0.1,0.1375,26.6427,12
0,-0.0975,0.1375,27.1859,12
0,-0.095,0.1375,28.3517,11.984
0,-0.0925,0.1375,29.1086,11.968
0,-0.09,0.1375,28.5531,11.984
0,-0.0875,0.1375,29.7555,12
0,-0.085,0.1375,29.5053,11.968
0,-0.0825,0.1375,30.7871,12
0,-0.08,0.1375,30.2561,11.984
0,-0.0775,0.1375,31.2204,12
0,-0.075,0.1375,31.4219,11.984
0,-0.0725,0.1375,32.0261,11.968
0,-0.07,0.1375,32.3435,12
0,-0.0675,0.1375,33.7168,12
0,-0.065,0.1375,32.8379,11.984
0,-0.0625,0.1375,34.3333,12
0,-0.06,0.1375,34.3822,11.984
0,-0.0575,0.1375,34.2357,11.984
0,-0.055,0.1375,35.6517,11.984
0,-0.0525,0.1375,35.6151,11.984
0,-0.05,0.1375,36.2377,11.984
0,-0.0475,0.1375,36.3842,11.984
0,-0.045,0.1375,36.964,11.984
0,-0.0425,0.1375,37.5378,11.984
0,-0.04,0.1375,37.5927,11.984
0,-0.0375,0.1375,38.0627,11.968
0,-0.035,0.1375,37.8307,11.984
0,-0.0325,0.1375,39.0271,11.984
0,-0.03,0.1375,38.0688,12
0,-0.0275,0.1375,39.4848,11.984
0,-0.025,0.1375,39.6008,11.984
0,-0.0225,0.1375,39.3384,11.984
0,-0.02,0.1375,39.8328,11.968
0,-0.0175,0.1375,39.5886,11.984
0,-0.015,0.1375,40.4798,12
0,-0.0125,0.1375,39.5459,11.984
0,-0.01,0.1375,40.1868,11.984
0,-0.0075,0.1375,40.5286,11.984
0,-0.005,0.1375,40.5042,11.984
0,-0.0025,0.1375,40.6751,11.984
0,0,0.1375,40.3333,12
0,0.0025,0.1375,39.3994,12
0,0.005,0.1375,41.2,12
0,0.0075,0.1375,39.7473,12
0,0.01,0.1375,40.5042,12
0,0.0125,0.1375,40.0037,11.984
0,0.015,0.1375,39.5459,11.984
0,0.0175,0.1375,39.1064,12
0,0.02,0.1375,38.9477,12
0,0.0225,0.1375,39.2834,12.016
0,0.025,0.1375,39.5032,12
0,0.0275,0.1375,39.5276,12.016
0,0.03,0.1375,38.0688,11.984
0,0.0325,0.1375,38.2641,12.032
0,0.035,0.1375,38.8745,12.032
0,0.0375,0.1375,37.9772,12.016
0,0.04,0.1375,37.4035,12.016
0,0.0425,0.1375,37.0983,12.016
0,0.045,0.1375,36.494,12.032
0,0.0475,0.1375,36.2865,12.016
0,0.05,0.1375,36.1461,12.032
0,0.0525,0.1375,35.7006,12.032
0,0.055,0.1375,34.8582,12.048
0,0.0575,0.1375,35.5419,12.032
0,0.06,0.1375,34.6385,12.048
0,0.0625,0.1375,34.6629,12.032
0,0.065,0.1375,33.198,12.064
0,0.0675,0.1375,32.5816,12.032
0,0.07,0.1375,33.314,12.032
0,0.0725,0.1375,32.3069,12.032
0,0.075,0.1375,31.7515,12.032
0,0.0775,0.1375,30.8969,12.032
0,0.08,0.1375,30.0668,12.048
0,0.0825,0.1375,30.1279,12.048
0,0.085,0.1375,31.0068,12.048
0,0.0875,0.1375,30.4392,12.064
0,0.09,0.1375,29.7433,12.048
0,0.0925,0.1375,28.8278,12.08
0,0.095,0.1375,28.1503,12.064
0,0.0975,0.1375,28.4249,12.064
0,0.1,0.1375,28.254,12.064
0,0.1025,0.1375,26.5267,12.08
0,0.105,0.1375,27.192,12.064
0,0.1075,0.1375,25.8492,12.096
0,0.11,0.1375,24.8909,12.112
0,0.1125,0.1375,25.0923,12.096
0,0.115,0.1375,25.8126,12.096
0,0.1175,0.1375,24.7383,12.112
0,0.12,0.1375,23.7556,12.112
0,0.1225,0.1375,22.8889,12.128
0,0.125,0.1375,22.4555,12.112
0,0.1275,0.1375,23.0049,12.16
0,0.13,0.1375,22.1564,12.144
0,0.1325,0.1375,22.2602,12.128
0,0.135,0.1375,21.3019,12.112
0,0.1375,0.1375,20.0446,12.16
0,0.14,0.1375,20.2094,12.144
0,0.1425,0.1375,19.6966,12.16
0,0.145,0.1375,19.1412,12.16
0,0.1475,0.1375,19.4281,12.128
0,0.15,0.1375,17.9815,12.16
0,0.1525,0.1375,18.5675,12.176
0,0.155,0.1375,17.1392,12.192
0,0.1575,0.1375,17.4017,12.176
0,0.16,0.1375,17.0965,12.16
0,0.1625,0.1375,15.894,12.192
0,0.165,0.1375,16.4068,12.208
0,0.1675,0.1375,16.1321,12.192
0,0.17,0.1375,16.0405,12.208
0,0.1725,0.1375,15.5034,12.192
0,0.175,0.1375,14.5695,12.192
0,0.1775,0.1375,14.3925,12.224
0,0.18,0.1375,14.9052,12.208
0,0.1825,0.1375,14.2338,12.224
0,0.185,0.1375,13.2389,12.256
0,0.1875,0.1375,13.7455,12.272
0,0.19,0.1375,12.7018,12.272
0,0.1925,0.1375,12.3295,12.272
0,0.195,0.1375,12.3783,12.24
0,0.1975,0.1375,11.9877,12.272
0,0.2,0.1375,12.4271,12.304
0,-0.2,0.14,11.5848,12.08
0,-0.1975,0.14,11.2918,12.08
0,-0.195,0.14,12.2013,12.096
0,-0.1925,0.14,11.9572,12.064
0,-0.19,0.14,12.3966,12.08
0,-0.1875,0.14,12.0609,12.032
0,-0.185,0.14,13.2084,12.048
0,-0.1825,0.14,13.2633,12.096
0,-0.18,0.14,13.1779,12.08
0,-0.1775,0.14,14.1972,12.08
0,-0.175,0.14,14.301,12.08
0,-0.1725,0.14,14.6062,12.08
0,-0.17,0.14,14.2888,12.064
0,-0.1675,0.14,14.4108,12.064
0,-0.165,0.14,15.1982,12.048
0,-0.1625,0.14,15.363,12.048
0,-0.16,0.14,16.4983,12.048
0,-0.1575,0.14,17.3284,12.048
0,-0.155,0.14,16.6631,12.048
0,-0.1525,0.14,17.2369,12.048
0,-0.15,0.14,18.2989,12.032
0,-0.1475,0.14,18.2684,12.032
0,-0.145,0.14,17.9632,12.016
0,-0.1425,0.14,18.4942,12.032
0,-0.14,0.14,18.6163,12.032
0,-0.1375,0.14,19.1229,12
0,-0.135,0.14,19.4769,12
0,-0.1325,0.14,20.8441,12.016
0,-0.13,0.14,21.1737,12.016
0,-0.1275,0.14,21.2287,12.016
0,-0.125,0.14,21.8635,12.032
0,-0.1225,0.14,21.2165,12
0,-0.12,0.14,22.3029,12
0,-0.1175,0.14,22.7363,12.016
0,-0.115,0.14,22.5105,12
0,-0.1125,0.14,24.3416,12
0,-0.11,0.14,23.3955,12
0,-0.1075,0.14,25.6355,12
0,-0.105,0.14,25.0862,11.984
0,-0.1025,0.14,25.8553,12
0,-0.1,0.14,25.7881,12
0,-0.0975,0.14,24.9458,11.984
0,-0.095,0.14,27.0272,12
0,-0.0925,0.14,27.1371,11.984
0,-0.09,0.14,27.9183,12
0,-0.0875,0.14,28.2174,11.984
0,-0.085,0.14,27.9366,12
0,-0.0825,0.14,28.8339,11.984
0,-0.08,0.14,29.6762,11.984
0,-0.0775,0.14,30.2622,12.016
0,-0.075,0.14,30.8908,11.984
0,-0.0725,0.14,30.5673,12.016
0,-0.07,0.14,31.7148,12
0,-0.0675,0.14,31.5928,12
0,-0.065,0.14,32.3984,11.984
0,-0.0625,0.14,33.8328,12
0,-0.06,0.14,33.3567,12
0,-0.0575,0.14,33.0821,12
0,-0.055,0.14,34.5408,11.984
0,-0.0525,0.14,33.9366,11.984
0,-0.05,0.14,34.5592,11.984
0,-0.0475,0.14,36.1461,11.984
0,-0.045,0.14,35.8837,11.984
0,-0.0425,0.14,35.432,12
0,-0.04,0.14,37.4828,11.984
0,-0.0375,0.14,36.848,11.984
0,-0.035,0.14,37.3058,12
0,-0.0325,0.14,36.8603,11.984
0,-0.03,0.14,37.0495,11.984
0,-0.0275,0.14,37.8796,12
0,-0.025,0.14,37.9223,12
0,-0.0225,0.14,38.2519,11.968
0,-0.02,0.14,38.4472,11.984
0,-0.0175,0.14,38.3496,11.968
0,-0.015,0.14,38.0078,11.984
0,-0.0125,0.14,38.2031,11.968
0,-0.01,0.14,39.0393,12
0,-0.0075,0.14,38.9172,12
0,-0.005,0.14,39.9487,12
0,-0.0025,0.14,38.9843,11.984
0,0,0.14,38.6242,12
0,0.0025,0.14,39.0393,11.984
0,0.005,0.14,39.845,12
0,0.0075,0.14,38.9416,12
0,0.01,0.14,39.2224,12.016
0,0.0125,0.14,39.1797,12
0,0.015,0.14,39.552,12
0,0.0175,0.14,38.1176,12
0,0.02,0.14,38.9233,12.016
0,0.0225,0.14,38.667,12.016
0,0.025,0.14,37.9589,12.016
0,0.0275,0.14,36.7077,12.016
0,0.03,0.14,36.7443,12.016
0,0.0325,0.14,36.9762,12.016
0,0.035,0.14,37.0739,12.032
0,0.0375,0.14,36.4879,12.016
0,0.04,0.14,36.8358,12.032
0,0.0425,0.14,36.0424,12.032
0,0.045,0.14,37.4401,12.032
0,0.0475,0.14,36.1583,12.032
0,0.05,0.14,35.4869,12.032
0,0.0525,0.14,34.9132,12.048
0,0.055,0.14,34.2845,12.032
0,0.0575,0.14,34.2418,12.032
0,0.06,0.14,34.1258,12.048
0,0.0625,0.14,32.9966,12.032
0,0.065,0.14,32.3801,12.048
0,0.0675,0.14,31.959,12.064
0,0.07,0.14,31.6477,12.064
0,0.0725,0.14,30.7932,12.048
0,0.075,0.14,30.4025,12.032
0,0.0775,0.14,31.7637,12.032
0,0.08,0.14,30.6833,12.048
0,0.0825,0.14,29.7861,12.064
0,0.085,0.14,30.2194,12.064
0,0.0875,0.14,29.3771,12.08
0,0.09,0.14,28.6874,12.08
0,0.0925,0.14,28.6813,12.048
0,0.095,0.14,28.0343,12.08
0,0.0975,0.14,27.1432,12.08
0,0.1,0.14,26.9601,12.08
0,0.1025,0.14,27.1432,12.096
0,0.105,0.14,25.4646,12.08
0,0.1075,0.14,26.7769,12.08
0,0.11,0.14,25.1228,12.096
0,0.1125,0.14,24.5186,12.112
0,0.115,0.14,24.1462,12.112
0,0.1175,0.14,24.0608,12.112
0,0.12,0.14,22.8034,12.128
0,0.1225,0.14,22.5043,12.128
0,0.125,0.14,22.1931,12.112
0,0.1275,0.14,22.2907,12.128
0,0.13,0.14,22.2785,12.144
0,0.1325,0.14,21.3019,12.16
0,0.135,0.14,21.4179,12.128
0,0.1375,0.14,19.2572,12.16
0,0.14,0.14,19.776,12.144
0,0.1425,0.14,19.6844,12.176
0,0.145,0.14,18.952,12.16
0,0.1475,0.14,19.5196,12.16
0,0.15,0.14,17.7923,12.16
0,0.1525,0.14,17.7618,12.16
0,0.155,0.14,17.719,12.192
0,0.1575,0.14,17.5604,12.192
0,0.16,0.14,16.6143,12.208
0,0.1625,0.14,15.9307,12.176
0,0.165,0.14,15.3203,12.208
0,0.1675,0.14,15.2104,12.224
0,0.17,0.14,15.6011,12.208
0,0.1725,0.14,14.1362,12.256
0,0.175,0.14,15.1006,12.224
0,0.1775,0.14,15.595,12.208
0,0.18,0.14,14.4292,12.24
0,0.1825,0.14,13.3427,12.256
0,0.185,0.14,13.8432,12.24
0,0.1875,0.14,13.9775,12.24
0,0.19,0.14,13.1901,12.24
0,0.1925,0.14,13.3,12.24
0,0.195,0.14,13.3366,12.288
0,0.1975,0.14,11.7618,12.256
0,0.2,0.14,11.6459,12.32
0,-0.2,0.1425,12.3905,12.096
0,-0.1975,0.1425,11.5543,12.096
0,-0.195,0.1425,12.1586,12.064
0,-0.1925,0.1425,12.2929,12.08
0,-0.19,0.1425,12.3417,12.096
0,-0.1875,0.1425,11.6214,12.064
0,-0.185,0.1425,12.2562,12.08
0,-0.1825,0.1425,12.3539,12.08
0,-0.18,0.1425,12.8178,12.128
0,-0.1775,0.1425,13.8615,12.112
0,-0.175,0.1425,14.0324,12.08
0,-0.1725,0.1425,13.4281,12.08
0,-0.17,0.1425,14.7588,12.064
0,-0.1675,0.1425,15.1494,12.064
0,-0.165,0.1425,14.9968,12.064
0,-0.1625,0.1425,14.7832,12.064
0,-0.16,0.1425,15.9246,12.064
0,-0.1575,0.1425,16.5532,12.064
0,-0.155,0.1425,16.01,12.032
0,-0.1525,0.1425,16.5777,12.048
0,-0.15,0.1425,17.0171,12.048
0,-0.1475,0.1425,16.9439,12.048
0,-0.145,0.1425,18.3966,12.048
0,-0.1425,0.1425,18.7689,12.032
0,-0.14,0.1425,18.2623,12.048
0,-0.1375,0.1425,18.6407,12.048
0,-0.135,0.1425,19.1717,12.032
0,-0.1325,0.1425,19.8309,12.032
0,-0.13,0.1425,20.8014,12.016
0,-0.1275,0.1425,20.8441,12.032
0,-0.125,0.1425,21.3324,12.016
0,-0.1225,0.1425,21.5949,12
0,-0.12,0.1425,22.0771,12
0,-0.1175,0.1425,22.9804,12
0,-0.115,0.1425,23.7312,12
0,-0.1125,0.1425,24.1218,12
0,-0.11,0.1425,24.5735,12.016
0,-0.1075,0.1425,23.5115,11.984
0,-0.105,0.1425,23.7739,12.016
0,-0.1025,0.1425,24.659,12
0,-0.1,0.1425,24.8848,12
0,-0.0975,0.1425,24.8787,11.984
0,-0.095,0.1425,26.1361,11.984
0,-0.0925,0.1425,27.6803,12.016
0,-0.09,0.1425,27.3263,12
0,-0.0875,0.1425,26.8197,12
0,-0.085,0.1425,27.1004,11.984
0,-0.0825,0.1425,27.9305,11.984
0,-0.08,0.1425,29.3344,12
0,-0.0775,0.1425,30.4514,12
0,-0.075,0.1425,30.8664,11.984
0,-0.0725,0.1425,29.1208,11.984
0,-0.07,0.1425,30.4086,12
0,-0.0675,0.1425,30.842,12
0,-0.065,0.1425,31.5134,12
0,-0.0625,0.1425,32.2947,11.984
0,-0.06,0.1425,32.2947,12.016
0,-0.0575,0.1425,32.9661,12.016
0,-0.055,0.1425,32.9295,11.984
0,-0.0525,0.1425,33.961,11.984
0,-0.05,0.1425,34.9071,12
0,-0.0475,0.1425,35.0719,11.984
0,-0.045,0.1425,34.4493,12
0,-0.0425,0.1425,35.1695,11.984
0,-0.04,0.1425,34.8888,12.016
0,-0.0375,0.1425,35.4076,11.984
0,-0.035,0.1425,37.1349,11.968
0,-0.0325,0.1425,36.3475,12
0,-0.03,0.1425,36.5307,12
0,-0.0275,0.1425,36.3048,12
0,-0.025,0.1425,36.0973,11.984
0,-0.0225,0.1425,37.2448,11.984
0,-0.02,0.1425,36.7748,12
0,-0.0175,0.1425,38.1787,12
0,-0.015,0.1425,37.1899,11.984
0,-0.0125,0.1425,37.08,11.984
0,-0.01,0.1425,37.6782,11.984
0,-0.0075,0.1425,37.6904,11.984
0,-0.005,0.1425,37.257,12
0,-0.0025,0.1425,37.6354,12
0,0,0.1425,37.4767,11.984
0,0.0025,0.1425,38.1848,12
0,0.005,0.1425,38.2702,12
0,0.0075,0.1425,37.8368,12.016
0,0.01,0.1425,38.0322,12
0,0.0125,0.1425,37.7697,12.016
0,0.015,0.1425,37.434,12
0,0.0175,0.1425,36.372,12.032
0,0.02,0.1425,37.611,12.016
0,0.0225,0.1425,36.8603,12.016
0,0.025,0.1425,38.728,12.016
0,0.0275,0.1425,36.6771,12.032
0,0.03,0.1425,35.6517,12.016
0,0.0325,0.1425,35.3832,12.016
0,0.035,0.1425,35.4564,12.016
0,0.0375,0.1425,35.6334,12.016
0,0.04,0.1425,34.4615,12
0,0.0425,0.1425,33.607,12.048
0,0.045,0.1425,34.8827,12.032
0,0.0475,0.1425,33.8511,12.032
0,0.05,0.1425,33.8878,12.048
0,0.0525,0.1425,33.6009,12.048
0,0.055,0.1425,34.077,12.016
0,0.0575,0.1425,33.1553,12.048
0,0.06,0.1425,31.9651,12.064
0,0.0625,0.1425,32.2336,12.032
0,0.065,0.1425,32.9661,12.048
0,0.0675,0.1425,31.4829,12.048
0,0.07,0.1425,32.1116,12.048
0,0.0725,0.1425,29.9814,12.08
0,0.075,0.1425,30.8603,12.048
0,0.0775,0.1425,29.2917,12.048
0,0.08,0.1425,30.0668,12.048
0,0.0825,0.1425,29.6091,12.064
0,0.085,0.1425,29.2428,12.064
0,0.0875,0.1425,27.8085,12.064
0,0.09,0.1425,27.6315,12.08
0,0.0925,0.1425,27.485,12.08
0,0.095,0.1425,26.1544,12.08
0,0.0975,0.1425,26.1299,12.08
0,0.1,0.1425,27.5216,12.064
0,0.1025,0.1425,25.6417,12.112
0,0.105,0.1425,25.3792,12.064
0,0.1075,0.1425,25.19,12.08
0,0.11,0.1425,23.8411,12.112
0,0.1125,0.1425,24.3904,12.096
0,0.115,0.1425,23.8716,12.08
0,0.1175,0.1425,23.5359,12.144
0,0.12,0.1425,21.4972,12.128
0,0.1225,0.1425,22.2053,12.128
0,0.125,0.1425,22.8156,12.144
0,0.1275,0.1425,22.0099,12.144
0,0.13,0.1425,21.7841,12.16
0,0.1325,0.1425,20.9235,12.16
0,0.135,0.1425,20.7587,12.144
0,0.1375,0.1425,20.2338,12.128
0,0.14,0.1425,18.6529,12.176
0,0.1425,0.1425,19.3243,12.16
0,0.145,0.1425,19.0252,12.16
0,0.1475,0.1425,17.9205,12.208
0,0.15,0.1425,18.5247,12.176
0,0.1525,0.1425,17.3284,12.192
0,0.155,0.1425,17.5787,12.176
0,0.1575,0.1425,17.127,12.176
0,0.16,0.1425,17.3711,12.192
0,0.1625,0.1425,15.8574,12.208
0,0.165,0.1425,16.303,12.192
0,0.1675,0.1425,15.3386,12.192
0,0.17,0.1425,14.0996,12.24
0,0.1725,0.1425,14.8625,12.24
0,0.175,0.1425,14.124,12.24
0,0.1775,0.1425,14.8503,12.24
0,0.18,0.1425,14.2094,12.24
0,0.1825,0.1425,14.1667,12.272
0,0.185,0.1425,13.0009,12.256
0,0.1875,0.1425,13.0558,12.256
0,0.19,0.1425,12.6652,12.288
0,0.1925,0.1425,12.8483,12.256
0,0.195,0.1425,13.2206,12.288
0,0.1975,0.1425,11.5665,12.272
0,0.2,0.1425,11.127,12.288
0,-0.2,0.145,11.5055,12.08
0,-0.1975,0.145,11.2857,12.08
0,-0.195,0.145,11.7069,12.064
0,-0.1925,0.145,11.7924,12.08
0,-0.19,0.145,12.244,12.08
0,-0.1875,0.145,11.1881,12.096
0,-0.185,0.145,13.0558,12.064
0,-0.1825,0.145,12.9887,12.08
0,-0.18,0.145,12.5797,12.096
0,-0.1775,0.145,12.8727,12.064
0,-0.175,0.145,14.2521,12.096
0,-0.1725,0.145,13.4281,12.08
0,-0.17,0.145,14.6001,12.064
0,-0.1675,0.145,13.9592,12.048
0,-0.165,0.145,14.9541,12.08
0,-0.1625,0.145,15.7598,12.048
0,-0.16,0.145,16.5349,12.064
0,-0.1575,0.145,16.3823,12.064
0,-0.155,0.145,16.9256,12.08
0,-0.1525,0.145,15.9368,12.048
0,-0.15,0.145,16.7302,12.032
0,-0.1475,0.145,17.0843,12.064
0,-0.145,0.145,17.4139,12.048
0,-0.1425,0.145,18.3233,12.032
0,-0.14,0.145,18.5492,12.048
0,-0.1375,0.145,19.129,12.032
0,-0.135,0.145,18.0731,12.032
0,-0.1325,0.145,18.4454,12.016
0,-0.13,0.145,19.7516,12.016
0,-0.1275,0.145,20.4596,12.032
0,-0.125,0.145,20.2765,12.016
0,-0.1225,0.145,22.132,12.016
0,-0.12,0.145,21.2836,12
0,-0.1175,0.145,21.6681,12.032
0,-0.115,0.145,22.1076,12
0,-0.1125,0.145,22.2663,12
0,-0.11,0.145,23.9021,12.016
0,-0.1075,0.145,24.8787,12
0,-0.105,0.145,23.7922,12
0,-0.1025,0.145,25.1534,12.016
0,-0.1,0.145,25.4891,12
0,-0.0975,0.145,24.2805,12
0,-0.095,0.145,26.0079,12
0,-0.0925,0.145,26.5328,12
0,-0.09,0.145,26.0933,12
0,-0.0875,0.145,26.484,11.984
0,-0.085,0.145,26.6488,12
0,-0.0825,0.145,28.2907,11.984
0,-0.08,0.145,27.5277,12.016
0,-0.0775,0.145,28.3029,12.032
0,-0.075,0.145,28.1014,12
0,-0.0725,0.145,28.7606,12
0,-0.07,0.145,29.3527,12
0,-0.0675,0.145,30.2561,11.984
0,-0.065,0.145,30.8115,11.984
0,-0.0625,0.145,30.7627,12
0,-0.06,0.145,31.0923,12.016
0,-0.0575,0.145,32.02,12
0,-0.055,0.145,32.5022,12
0,-0.0525,0.145,32.5388,11.984
0,-0.05,0.145,32.728,12
0,-0.0475,0.145,33.0821,12
0,-0.045,0.145,33.9122,12.016
0,-0.0425,0.145,33.5826,11.984
0,-0.04,0.145,34.4249,12
0,-0.0375,0.145,34.4737,12
0,-0.035,0.145,34.9376,12
0,-0.0325,0.145,35.1756,12
0,-0.03,0.145,35.5113,12.016
0,-0.0275,0.145,35.7738,12
0,-0.025,0.145,35.255,11.984
0,-0.0225,0.145,35.1329,11.984
0,-0.02,0.145,36.1461,12
0,-0.0175,0.145,35.6273,12
0,-0.015,0.145,36.256,12
0,-0.0125,0.145,35.8104,11.984
0,-0.01,0.145,36.0485,12
0,-0.0075,0.145,36.2682,12
0,-0.005,0.145,36.3414,12
0,-0.0025,0.145,36.5917,12
0,0,0.145,36.7748,11.984
0,0.0025,0.145,36.2194,12.016
0,0.005,0.145,36.9335,12
0,0.0075,0.145,36.1095,12.016
0,0.01,0.145,35.9508,12.016
0,0.0125,0.145,36.8053,12
0,0.015,0.145,36.4757,12.016
0,0.0175,0.145,36.4513,12.016
0,0.02,0.145,35.4381,12.032
0,0.0225,0.145,35.5419,12.032
0,0.025,0.145,35.725,12.032
0,0.0275,0.145,35.255,12.032
0,0.03,0.145,34.8582,12.032
0,0.0325,0.145,35.4076,12.032
0,0.035,0.145,35.0108,12.032
0,0.0375,0.145,34.9254,12.032
0,0.04,0.145,34.6568,12.048
0,0.0425,0.145,33.9305,12.032
0,0.045,0.145,33.0576,12.032
0,0.0475,0.145,32.6975,12.048
0,0.05,0.145,32.8745,12.032
0,0.0525,0.145,32.5632,12.048
0,0.055,0.145,32.2275,12.048
0,0.0575,0.145,32.02,12.032
0,0.06,0.145,32.6365,12.032
0,0.0625,0.145,31.4158,12.048
0,0.065,0.145,31.2082,12.064
0,0.0675,0.145,30.726,12.064
0,0.07,0.145,30.9763,12.064
0,0.0725,0.145,30.079,12.048
0,0.075,0.145,29.5663,12.064
0,0.0775,0.145,29.1025,12.064
0,0.08,0.145,28.4127,12.08
0,0.0825,0.145,28.077,12.064
0,0.085,0.145,28.0648,12.08
0,0.0875,0.145,27.253,12.064
0,0.09,0.145,27.43,12.08
0,0.0925,0.145,27.0699,12.096
0,0.095,0.145,26.4473,12.096
0,0.0975,0.145,26.2093,12.08
0,0.1,0.145,26.2337,12.08
0,0.1025,0.145,25.7088,12.08
0,0.105,0.145,24.3538,12.096
0,0.1075,0.145,25.2266,12.096
0,0.11,0.145,24.0425,12.096
0,0.1125,0.145,25.3243,12.112
0,0.115,0.145,23.835,12.144
0,0.1175,0.145,22.132,12.144
0,0.12,0.145,21.8268,12.112
0,0.1225,0.145,22.3579,12.16
0,0.125,0.145,21.4606,12.128
0,0.1275,0.145,21.4423,12.16
0,0.13,0.145,20.5145,12.16
0,0.1325,0.145,20.5756,12.144
0,0.135,0.145,20.0201,12.144
0,0.1375,0.145,20.3742,12.176
0,0.14,0.145,18.8604,12.176
0,0.1425,0.145,18.3172,12.16
0,0.145,0.145,18.4637,12.176
0,0.1475,0.145,18.8299,12.16
0,0.15,0.145,18.0364,12.16
0,0.1525,0.145,17.4383,12.192
0,0.155,0.145,17.1636,12.192
0,0.1575,0.145,16.4861,12.176
0,0.16,0.145,15.7048,12.192
0,0.1625,0.145,16.0344,12.208
0,0.165,0.145,14.5573,12.208
0,0.1675,0.145,15.8452,12.256
0,0.17,0.145,15.4485,12.224
0,0.1725,0.145,14.8442,12.224
0,0.175,0.145,14.5207,12.208
0,0.1775,0.145,13.8371,12.24
0,0.18,0.145,13.5014,12.224
0,0.1825,0.145,13.8676,12.24
0,0.185,0.145,13.007,12.256
0,0.1875,0.145,12.2196,12.224
0,0.19,0.145,12.8422,12.288
0,0.1925,0.145,12.5126,12.256
0,0.195,0.145,11.5604,12.256
0,0.1975,0.145,11.3407,12.272
0,0.2,0.145,11.2552,12.304
0,-0.2,0.1475,10.712,12.096
0,-0.1975,0.1475,11.2857,12.128
0,-0.195,0.1475,11.5543,12.096
0,-0.1925,0.1475,11.3285,12.096
0,-0.19,0.1475,10.7303,12.112
0,-0.1875,0.1475,12.1097,12.112
0,-0.185,0.1475,12.1647,12.096
0,-0.1825,0.1475,13.5624,12.08
0,-0.18,0.1475,13.1352,12.064
0,-0.1775,0.1475,12.714,12.08
0,-0.175,0.1475,12.7934,12.08
0,-0.1725,0.1475,13.3976,12.064
0,-0.17,0.1475,13.538,12.08
0,-0.1675,0.1475,14.4597,12.08
0,-0.165,0.1475,13.7761,12.128
0,-0.1625,0.1475,15.1006,12.064
0,-0.16,0.1475,15.2715,12.096
0,-0.1575,0.1475,16.3945,12.08
0,-0.155,0.1475,16.5716,12.048
0,-0.1525,0.1475,16.3274,12.064
0,-0.15,0.1475,15.9856,12.08
0,-0.1475,0.1475,17.066,12.064
0,-0.145,0.1475,17.835,12.048
0,-0.1425,0.1475,18.1829,12.048
0,-0.14,0.1475,18.5003,12.048
0,-0.1375,0.1475,17.5665,12.016
0,-0.135,0.1475,18.5614,12.048
0,-0.1325,0.1475,16.7913,12.032
0,-0.13,0.1475,20.0201,12.064
0,-0.1275,0.1475,19.5074,12.016
0,-0.125,0.1475,19.7455,12.064
0,-0.1225,0.1475,21.8146,12
0,-0.12,0.1475,20.6183,12.016
0,-0.1175,0.1475,21.6254,12.016
0,-0.115,0.1475,21.2958,12.032
0,-0.1125,0.1475,21.9245,12.032
0,-0.11,0.1475,22.7607,12.032
0,-0.1075,0.1475,22.9072,12.016
0,-0.105,0.1475,23.4687,12.016
0,-0.1025,0.1475,22.5593,12
0,-0.1,0.1475,23.6152,11.984
0,-0.0975,0.1475,24.7627,12
0,-0.095,0.1475,24.1523,12
0,-0.0925,0.1475,25.2022,12
0,-0.09,0.1475,26.3314,12
0,-0.0875,0.1475,25.7393,12.016
0,-0.085,0.1475,27.1798,12
0,-0.0825,0.1475,26.9478,12
0,-0.08,0.1475,27.3263,12.016
0,-0.0775,0.1475,27.4728,12.032
0,-0.075,0.1475,28.7057,12
0,-0.0725,0.1475,28.486,12
0,-0.07,0.1475,29.31,11.984
0,-0.0675,0.1475,28.9254,12
0,-0.065,0.1475,29.2123,12
0,-0.0625,0.1475,30.4514,12
0,-0.06,0.1475,30.7382,11.984
0,-0.0575,0.1475,30.7138,12.016
0,-0.055,0.1475,31.373,12.016
0,-0.0525,0.1475,31.6782,12
0,-0.05,0.1475,31.019,12
0,-0.0475,0.1475,32.606,12
0,-0.045,0.1475,32.7952,12
0,-0.0425,0.1475,32.7219,12
0,-0.04,0.1475,33.1553,12
0,-0.0375,0.1475,32.6243,12
0,-0.035,0.1475,34.315,11.984
0,-0.0325,0.1475,33.1919,12
0,-0.03,0.1475,34.1563,12.016
0,-0.0275,0.1475,33.784,12
0,-0.025,0.1475,34.1441,12
0,-0.0225,0.1475,35.1695,11.984
0,-0.02,0.1475,34.9986,11.984
0,-0.0175,0.1475,35.2123,12
0,-0.015,0.1475,34.4859,12
0,-0.0125,0.1475,35.1268,12
0,-0.01,0.1475,35.1451,12.016
0,-0.0075,0.1475,34.8033,12
0,-0.005,0.1475,35.432,12.016
0,-0.0025,0.1475,37.3547,12
0,0,0.1475,35.0291,12.016
0,0.0025,0.1475,35.4137,12.016
0,0.005,0.1475,35.1512,12.032
0,0.0075,0.1475,35.5358,12
0,0.01,0.1475,35.2489,12.016
0,0.0125,0.1475,35.2062,12
0,0.015,0.1475,34.9132,12.016
0,0.0175,0.1475,36.5062,12.048
0,0.02,0.1475,34.6995,12.016
0,0.0225,0.1475,33.7046,12.032
0,0.025,0.1475,35.4991,12.016
0,0.0275,0.1475,34.4432,12.016
0,0.03,0.1475,34.138,12.032
0,0.0325,0.1475,34.3516,12.048
0,0.035,0.1475,33.3995,12.048
0,0.0375,0.1475,33.8755,12.032
0,0.04,0.1475,33.6558,12.032
0,0.0425,0.1475,32.3374,12.048
0,0.045,0.1475,31.6782,12.064
0,0.0475,0.1475,32.3801,12.032
0,0.05,0.1475,31.489,12.032
0,0.0525,0.1475,32.4961,12.048
0,0.055,0.1475,32.2764,12.064
0,0.0575,0.1475,30.7077,12.048
0,0.06,0.1475,30.5185,12.048
0,0.0625,0.1475,30.7505,12.048
0,0.065,0.1475,29.5846,12.048
0,0.0675,0.1475,29.9814,12.064
0,0.07,0.1475,29.548,12.048
0,0.0725,0.1475,29.2489,12.048
0,0.075,0.1475,29.603,12.064
0,0.0775,0.1475,27.7169,12.048
0,0.08,0.1475,27.4056,12.08
0,0.0825,0.1475,26.9723,12.08
0,0.085,0.1475,28.1564,12.064
0,0.0875,0.1475,27.607,12.064
0,0.09,0.1475,27.0455,12.08
0,0.0925,0.1475,26.4229,12.08
0,0.095,0.1475,25.8187,12.064
0,0.0975,0.1475,25.5806,12.064
0,0.1,0.1475,25.9041,12.096
0,0.1025,0.1475,24.8238,12.096
0,0.105,0.1475,24.2866,12.096
0,0.1075,0.1475,24.5918,12.112
0,0.11,0.1475,23.8777,12.112
0,0.1125,0.1475,23.1758,12.128
0,0.115,0.1475,22.2114,12.128
0,0.1175,0.1475,22.071,12.112
0,0.12,0.1475,22.0405,12.16
0,0.1225,0.1475,21.247,12.128
0,0.125,0.1475,21.2287,12.144
0,0.1275,0.1475,21.1798,12.16
0,0.13,0.1475,21.4118,12.144
0,0.1325,0.1475,19.2999,12.16
0,0.135,0.1475,19.3487,12.16
0,0.1375,0.1475,18.4088,12.176
0,0.14,0.1475,17.9205,12.224
0,0.1425,0.1475,18.6285,12.176
0,0.145,0.1475,17.7557,12.16
0,0.1475,0.1475,17.6397,12.176
0,0.15,0.1475,16.8096,12.192
0,0.1525,0.1475,16.6082,12.176
0,0.155,0.1475,16.9683,12.192
0,0.1575,0.1475,16.0222,12.224
0,0.16,0.1475,16.2358,12.224
0,0.1625,0.1475,16.3518,12.192
0,0.165,0.1475,15.3325,12.224
0,0.1675,0.1475,15.1616,12.224
0,0.17,0.1475,14.6733,12.24
0,0.1725,0.1475,14.0446,12.208
0,0.175,0.1475,13.6967,12.272
0,0.1775,0.1475,13.892,12.224
0,0.18,0.1475,14.0202,12.24
0,0.1825,0.1475,13.3,12.24
0,0.185,0.1475,12.4699,12.256
0,0.1875,0.1475,12.2135,12.256
0,0.19,0.1475,12.2623,12.256
0,0.1925,0.1475,11.6031,12.288
0,0.195,0.1475,11.774,12.304
0,0.1975,0.1475,11.1393,12.32
0,0.2,0.1475,10.9256,12.272
0,-0.2,0.15,10.6754,12.112
0,-0.1975,0.15,10.5533,12.096
0,-0.195,0.15,11.4444,12.096
0,-0.1925,0.15,11.4383,12.096
0,-0.19,0.15,12.4332,12.112
0,-0.1875,0.15,11.9816,12.112
0,-0.185,0.15,11.9694,12.112
0,-0.1825,0.15,11.7435,12.096
0,-0.18,0.15,12.6469,12.112
0,-0.1775,0.15,12.5065,12.08
0,-0.175,0.15,13.1901,12.096
0,-0.1725,0.15,12.8483,12.128
0,-0.17,0.15,14.716,12.08
0,-0.1675,0.15,14.0019,12.08
0,-0.165,0.15,14.8625,12.08
0,-0.1625,0.15,14.9236,12.096
0,-0.16,0.15,14.124,12.048
0,-0.1575,0.15,14.8442,12.048
0,-0.155,0.15,15.1494,12.064
0,-0.1525,0.15,16.0955,12.064
0,-0.15,0.15,16.8584,12.064
0,-0.1475,0.15,16.2908,12.048
0,-0.145,0.15,16.7058,12.064
0,-0.1425,0.15,16.6509,12.048
0,-0.14,0.15,17.7129,12.048
0,-0.1375,0.15,18.0486,12.064
0,-0.135,0.15,18.0792,12.032
0,-0.1325,0.15,19.2816,12.032
0,-0.13,0.15,19.2145,12.032
0,-0.1275,0.15,19.5746,12.048
0,-0.125,0.15,19.0619,12.016
0,-0.1225,0.15,20.0873,12.032
0,-0.12,0.15,20.423,12.016
0,-0.1175,0.15,21.2165,12.016
0,-0.115,0.15,21.4484,12.016
0,-0.1125,0.15,22.2114,12.016
0,-0.11,0.15,21.9001,12.016
0,-0.1075,0.15,22.2907,12.016
0,-0.105,0.15,21.2104,12.032
0,-0.1025,0.15,21.3019,12.016
0,-0.1,0.15,23.9509,12.016
0,-0.0975,0.15,22.9804,12.016
0,-0.095,0.15,23.9631,12
0,-0.0925,0.15,24.366,12.016
0,-0.09,0.15,25.0923,12.016
0,-0.0875,0.15,25.074,12.016
0,-0.085,0.15,25.0252,12.032
0,-0.0825,0.15,26.9478,12.032
0,-0.08,0.15,26.1177,12.016
0,-0.0775,0.15,26.5633,12.032
0,-0.075,0.15,26.6366,12
0,-0.0725,0.15,27.5216,12.016
0,-0.07,0.15,27.43,12.016
0,-0.0675,0.15,27.5033,12.016
0,-0.065,0.15,29.0963,12
0,-0.0625,0.15,29.31,12.032
0,-0.06,0.15,29.7311,12.032
0,-0.0575,0.15,30.1523,12.016
0,-0.055,0.15,30.6406,12
0,-0.0525,0.15,30.311,12
0,-0.05,0.15,31.2754,12.016
0,-0.0475,0.15,31.312,12.016
0,-0.045,0.15,31.8308,12.016
0,-0.0425,0.15,32.02,12.016
0,-0.04,0.15,31.8735,12.016
0,-0.0375,0.15,33.1553,12.016
0,-0.035,0.15,33.5826,12.016
0,-0.0325,0.15,33.552,12
0,-0.03,0.15,33.2041,12
0,-0.0275,0.15,32.5205,12.016
0,-0.025,0.15,34.315,12
0,-0.0225,0.15,33.1248,12
0,-0.02,0.15,34.2418,12
0,-0.0175,0.15,33.7901,12
0,-0.015,0.15,34.2051,12
0,-0.0125,0.15,33.8633,12
0,-0.01,0.15,33.7474,12
0,-0.0075,0.15,34.608,12
0,-0.005,0.15,34.901,12.016
0,-0.0025,0.15,34.6019,12
0,0,0.15,33.7291,12.016
0,0.0025,0.15,34.3516,12.016
0,0.005,0.15,34.3577,12.016
0,0.0075,0.15,34.9681,12.016
0,0.01,0.15,35.1939,12.016
0,0.0125,0.15,34.3028,12.032
0,0.015,0.15,34.5042,12.032
0,0.0175,0.15,32.8867,12
0,0.02,0.15,32.6487,12.032
0,0.0225,0.15,34.7728,12.032
0,0.025,0.15,32.8501,12.048
0,0.0275,0.15,32.9783,12.016
0,0.03,0.15,33.4117,12.016
0,0.0325,0.15,31.9651,12.032
0,0.035,0.15,31.6599,12.032
0,0.0375,0.15,32.2031,12.048
0,0.04,0.15,31.904,12.048
0,0.0425,0.15,32.4961,12.032
0,0.045,0.15,31.2937,12.032
0,0.0475,0.15,30.9153,12.032
0,0.05,0.15,30.9641,12.064
0,0.0525,0.15,30.2927,12.048
0,0.055,0.15,30.8176,12.048
0,0.0575,0.15,29.8959,12.048
0,0.06,0.15,28.956,12.048
0,0.0625,0.15,29.3771,12.064
0,0.065,0.15,29.1635,12.048
0,0.0675,0.15,28.6996,12.08
0,0.07,0.15,27.1859,12.064
0,0.0725,0.15,28.0404,12.064
0,0.075,0.15,28.1442,12.064
0,0.0775,0.15,27.2774,12.096
0,0.08,0.15,27.3385,12.064
0,0.0825,0.15,27.1371,12.096
0,0.085,0.15,26.5267,12.064
0,0.0875,0.15,24.6956,12.08
0,0.09,0.15,26.0872,12.096
0,0.0925,0.15,25.66,12.096
0,0.095,0.15,25.605,12.08
0,0.0975,0.15,24.4331,12.08
0,0.1,0.15,23.1758,12.112
0,0.1025,0.15,23.7434,12.128
0,0.105,0.15,22.8645,12.128
0,0.1075,0.15,22.4982,12.112
0,0.11,0.15,23.1574,12.096
0,0.1125,0.15,21.717,12.112
0,0.115,0.15,21.662,12.128
0,0.1175,0.15,21.5888,12.128
0,0.12,0.15,20.9784,12.16
0,0.1225,0.15,20.9967,12.128
0,0.125,0.15,20.0873,12.16
0,0.1275,0.15,19.1473,12.176
0,0.13,0.15,19.9408,12.144
0,0.1325,0.15,19.6844,12.144
0,0.135,0.15,19.0435,12.16
0,0.1375,0.15,20.069,12.176
0,0.14,0.15,18.2196,12.192
0,0.1425,0.15,17.6397,12.192
0,0.145,0.15,17.3894,12.16
0,0.1475,0.15,17.3162,12.208
0,0.15,0.15,16.7669,12.192
0,0.1525,0.15,17.4383,12.176
0,0.155,0.15,16.5349,12.224
0,0.1575,0.15,15.4118,12.192
0,0.16,0.15,15.0273,12.24
0,0.1625,0.15,14.8503,12.256
0,0.165,0.15,15.5156,12.208
0,0.1675,0.15,14.478,12.24
0,0.17,0.15,14.8259,12.224
0,0.1725,0.15,13.8188,12.24
0,0.175,0.15,14.3681,12.24
0,0.1775,0.15,12.8422,12.256
0,0.18,0.15,13.8127,12.256
0,0.1825,0.15,12.5858,12.288
0,0.185,0.15,12.0975,12.256
0,0.1875,0.15,12.1647,12.272
0,0.19,0.15,12.6774,12.304
0,0.1925,0.15,11.7801,12.304
0,0.195,0.15,12.7812,12.288
0,0.1975,0.15,10.8158,12.32
0,0.2,0.15,10.8219,12.304
0,-0.2,0.1525,10.2298,12.128
0,-0.1975,0.1525,10.6632,12.16
0,-0.195,0.1525,11.6031,12.096
0,-0.1925,0.1525,11.3712,12.128
0,-0.19,0.1525,11.7435,12.096
0,-0.1875,0.1525,11.8961,12.128
0,-0.185,0.1525,11.5238,12.144
0,-0.1825,0.1525,11.6703,12.096
0,-0.18,0.1525,12.5797,12.128
0,-0.1775,0.1525,12.8117,12.112
0,-0.175,0.1525,13.3671,12.08
0,-0.1725,0.1525,13.0009,12.096
0,-0.17,0.1525,13.184,12.08
0,-0.1675,0.1525,12.9826,12.096
0,-0.165,0.1525,14.478,12.112
0,-0.1625,0.1525,13.9286,12.096
0,-0.16,0.1525,14.4353,12.08
0,-0.1575,0.1525,14.4963,12.096
0,-0.155,0.1525,16.0955,12.08
0,-0.1525,0.1525,15.1311,12.064
0,-0.15,0.1525,16.419,12.064
0,-0.1475,0.1525,16.7547,12.08
0,-0.145,0.1525,16.5105,12.08
0,-0.1425,0.1525,17.4444,12.048
0,-0.14,0.1525,17.7618,12.048
0,-0.1375,0.1525,17.4261,12.064
0,-0.135,0.1525,17.3528,12.064
0,-0.1325,0.1525,17.9815,12.048
0,-0.13,0.1525,18.4759,12.048
0,-0.1275,0.1525,18.9642,12.032
0,-0.125,0.1525,18.7017,12.064
0,-0.1225,0.1525,19.3609,12.048
0,-0.12,0.1525,20.6183,12.032
0,-0.1175,0.1525,20.2765,12.032
0,-0.115,0.1525,20.716,12.016
0,-0.1125,0.1525,20.1361,12.032
0,-0.11,0.1525,21.778,12.032
0,-0.1075,0.1525,20.4169,12.048
0,-0.105,0.1525,21.7109,12.016
0,-0.1025,0.1525,22.1198,12.048
0,-0.1,0.1525,23.2795,12.016
0,-0.0975,0.1525,22.8645,12.032
0,-0.095,0.1525,23.6274,12.032
0,-0.0925,0.1525,23.0598,12.032
0,-0.09,0.1525,23.7983,12.032
0,-0.0875,0.1525,24.6467,12
0,-0.085,0.1525,25.8553,12.048
0,-0.0825,0.1525,25.0008,12.032
0,-0.08,0.1525,25.0862,12.032
0,-0.0775,0.1525,25.837,12.048
0,-0.075,0.1525,26.9845,12.048
0,-0.0725,0.1525,26.6671,12.016
0,-0.07,0.1525,27.8207,12.016
0,-0.0675,0.1525,27.0028,12.016
0,-0.065,0.1525,27.0516,12.016
0,-0.0625,0.1525,28.7973,12.032
0,-0.06,0.1525,29.1757,12.016
0,-0.0575,0.1525,28.1686,12.016
0,-0.055,0.1525,29.6213,12
0,-0.0525,0.1525,29.1757,12
0,-0.05,0.1525,29.5053,12.016
0,-0.0475,0.1525,30.2805,12.032
0,-0.045,0.1525,29.133,12.032
0,-0.0425,0.1525,30.7199,12.016
0,-0.04,0.1525,30.8969,12.016
0,-0.0375,0.1525,30.7627,12.032
0,-0.035,0.1525,31.6538,12.032
0,-0.0325,0.1525,31.4829,12.016
0,-0.03,0.1525,32.0566,12.032
0,-0.0275,0.1525,31.6721,12.032
0,-0.025,0.1525,31.7454,12.016
0,-0.0225,0.1525,31.9468,12.032
0,-0.02,0.1525,32.2336,12
0,-0.0175,0.1525,33.021,12.016
0,-0.015,0.1525,32.7525,12.016
0,-0.0125,0.1525,32.8623,12.032
0,-0.01,0.1525,33.5215,12.016
0,-0.0075,0.1525,32.3984,12.032
0,-0.005,0.1525,33.4422,12.016
0,-0.0025,0.1525,32.4961,12
0,0,0.1525,33.3872,12.016
0,0.0025,0.1525,33.1858,12.032
0,0.005,0.1525,31.8674,12
0,0.0075,0.1525,32.6914,12.016
0,0.01,0.1525,33.5826,12.032
0,0.0125,0.1525,33.1065,12.048
0,0.015,0.1525,31.9102,12.032
0,0.0175,0.1525,32.9112,12.032
0,0.02,0.1525,33.0027,12.048
0,0.0225,0.1525,31.8308,12.048
0,0.025,0.1525,32.2092,12.064
0,0.0275,0.1525,32.1238,12.032
0,0.03,0.1525,31.4096,12.048
0,0.0325,0.1525,31.4707,12.048
0,0.035,0.1525,30.9946,12.048
0,0.0375,0.1525,30.7382,12.048
0,0.04,0.1525,30.3842,12.048
0,0.0425,0.1525,31.0801,12.032
0,0.045,0.1525,30.7993,12.048
0,0.0475,0.1525,30.6894,12.048
0,0.05,0.1525,30.2805,12.048
0,0.0525,0.1525,30.0668,12.048
0,0.055,0.1525,28.9377,12.064
0,0.0575,0.1525,29.5541,12.08
0,0.06,0.1525,28.8522,12.08
0,0.0625,0.1525,29.2917,12.064
0,0.065,0.1525,28.193,12.08
0,0.0675,0.1525,28.3517,12.08
0,0.07,0.1525,27.6376,12.048
0,0.0725,0.1525,27.4545,12.064
0,0.075,0.1525,27.2835,12.064
0,0.0775,0.1525,25.2083,12.096
0,0.08,0.1525,26.8807,12.064
0,0.0825,0.1525,25.7698,12.08
0,0.085,0.1525,25.483,12.096
0,0.0875,0.1525,25.8736,12.08
0,0.09,0.1525,24.7749,12.096
0,0.0925,0.1525,24.5491,12.112
0,0.095,0.1525,24.4819,12.096
0,0.0975,0.1525,24.2622,12.112
0,0.1,0.1525,22.8278,12.128
0,0.1025,0.1525,23.2795,12.112
0,0.105,0.1525,22.8767,12.096
0,0.1075,0.1525,22.8339,12.128
0,0.11,0.1525,22.2541,12.128
0,0.1125,0.1525,21.1798,12.144
0,0.115,0.1525,21.7963,12.128
0,0.1175,0.1525,21.0211,12.128
0,0.12,0.1525,21.3263,12.144
0,0.1225,0.1525,20.539,12.128
0,0.125,0.1525,19.8798,12.144
0,0.1275,0.1525,19.5441,12.16
0,0.13,0.1525,19.5257,12.144
0,0.1325,0.1525,19.6905,12.16
0,0.135,0.1525,19.0497,12.176
0,0.1375,0.1525,18.5492,12.176
0,0.14,0.1525,18.4027,12.192
0,0.1425,0.1525,17.6092,12.192
0,0.145,0.1525,17.365,12.192
0,0.1475,0.1525,17.4566,12.176
0,0.15,0.1525,16.95,12.192
0,0.1525,0.1525,16.4617,12.208
0,0.155,0.1525,15.5156,12.224
0,0.1575,0.1525,15.656,12.208
0,0.16,0.1525,15.4302,12.24
0,0.1625,0.1525,15.7414,12.208
0,0.165,0.1525,14.2216,12.24
0,0.1675,0.1525,13.7638,12.24
0,0.17,0.1525,13.8371,12.24
0,0.1725,0.1525,14.1301,12.24
0,0.175,0.1525,13.7577,12.24
0,0.1775,0.1525,13.2328,12.256
0,0.18,0.1525,13.0558,12.304
0,0.1825,0.1525,12.6713,12.304
0,0.185,0.1525,12.6469,12.272
0,0.1875,0.1525,12.3173,12.272
0,0.19,0.1525,12.421,12.272
0,0.1925,0.1525,11.8534,12.336
0,0.195,0.1525,11.5299,12.304
0,0.1975,0.1525,11.6398,12.304
0,0.2,0.1525,10.3763,12.352
0,-0.2,0.155,10.9195,12.112
0,-0.1975,0.155,11.9755,12.128
0,-0.195,0.155,11.0416,12.112
0,-0.1925,0.155,12.3356,12.16
0,-0.19,0.155,12.2745,12.144
0,-0.1875,0.155,12.0426,12.128
0,-0.185,0.155,11.597,12.096
0,-0.1825,0.155,14.4597,12.144
0,-0.18,0.155,12.3234,12.128
0,-0.1775,0.155,12.5065,12.128
0,-0.175,0.155,12.4393,12.08
0,-0.1725,0.155,13.0436,12.096
0,-0.17,0.155,13.6357,12.112
0,-0.1675,0.155,13.6967,12.096
0,-0.165,0.155,13.1657,12.128
0,-0.1625,0.155,14.2888,12.08
0,-0.16,0.155,14.0141,12.08
0,-0.1575,0.155,14.4536,12.08
0,-0.155,0.155,15.7598,12.096
0,-0.1525,0.155,14.6367,12.064
0,-0.15,0.155,16.1199,12.096
0,-0.1475,0.155,15.5217,12.08
0,-0.145,0.155,16.6509,12.064
0,-0.1425,0.155,15.8757,12.08
0,-0.14,0.155,16.7119,12.08
0,-0.1375,0.155,16.6509,12.048
0,-0.135,0.155,16.9439,12.064
0,-0.1325,0.155,18.012,12.064
0,-0.13,0.155,17.7068,12.064
0,-0.1275,0.155,19.2511,12.048
0,-0.125,0.155,18.5308,12.048
0,-0.1225,0.155,18.8482,12.032
0,-0.12,0.155,18.3538,12.048
0,-0.1175,0.155,20.0079,12.048
0,-0.115,0.155,20.3864,12.048
0,-0.1125,0.155,20.5512,12.016
0,-0.11,0.155,20.307,12.032
0,-0.1075,0.155,20.777,12.064
0,-0.105,0.155,20.893,12.048
0,-0.1025,0.155,21.7109,12.048
0,-0.1,0.155,22.4555,12.048
0,-0.0975,0.155,22.2968,12.048
0,-0.095,0.155,21.8207,12.032
0,-0.0925,0.155,23.4565,12.032
0,-0.09,0.155,23.1574,12.032
0,-0.0875,0.155,23.8227,12.032
0,-0.085,0.155,25.0252,12.016
0,-0.0825,0.155,24.7871,12.032
0,-0.08,0.155,24.7139,12.032
0,-0.0775,0.155,25.6478,12.048
0,-0.075,0.155,25.428,12.032
0,-0.0725,0.155,25.959,12.032
0,-0.07,0.155,26.7891,12.032
0,-0.0675,0.155,27.1676,12.032
0,-0.065,0.155,27.0577,12.032
0,-0.0625,0.155,27.8207,12.032
0,-0.06,0.155,27.9,12.032
0,-0.0575,0.155,27.5094,12.032
0,-0.055,0.155,27.9183,12.032
0,-0.0525,0.155,28.5653,12.032
0,-0.05,0.155,27.6559,12.032
0,-0.0475,0.155,29.8288,12.032
0,-0.045,0.155,29.194,12.032
0,-0.0425,0.155,29.6335,12.016
0,-0.04,0.155,29.9936,12.032
0,-0.0375,0.155,30.5368,12.032
0,-0.035,0.155,30.4086,12.016
0,-0.0325,0.155,30.0546,12.016
0,-0.03,0.155,30.0302,12
0,-0.0275,0.155,30.3964,12.016
0,-0.025,0.155,31.9224,12.032
0,-0.0225,0.155,31.5928,12.016
0,-0.02,0.155,31.5928,12.016
0,-0.0175,0.155,31.428,12.016
0,-0.015,0.155,31.3791,12.032
0,-0.0125,0.155,32.6975,12.016
0,-0.01,0.155,30.8115,12.016
0,-0.0075,0.155,31.019,12.032
0,-0.005,0.155,32.2825,12.032
0,-0.0025,0.155,31.5867,12.016
0,0,0.155,32.02,12.032
0,0.0025,0.155,32.197,12.048
0,0.005,0.155,32.0261,12.032
0,0.0075,0.155,31.9529,12.032
0,0.01,0.155,32.0078,12.032
0,0.0125,0.155,31.2937,12.032
0,0.015,0.155,31.2326,12.032
0,0.0175,0.155,31.8369,12.048
0,0.02,0.155,31.2082,12.048
0,0.0225,0.155,30.6162,12.064
0,0.025,0.155,31.0434,12.048
0,0.0275,0.155,30.8908,12.064
0,0.03,0.155,30.8542,12.048
0,0.0325,0.155,31.6294,12.048
0,0.035,0.155,31.0434,12.048
0,0.0375,0.155,30.781,12.064
0,0.04,0.155,29.9509,12.048
0,0.0425,0.155,30.6589,12.048
0,0.045,0.155,29.8288,12.048
0,0.0475,0.155,29.7678,12.064
0,0.05,0.155,30.2499,12.08
0,0.0525,0.155,28.6447,12.064
0,0.055,0.155,29.2123,12.048
0,0.0575,0.155,27.5643,12.064
0,0.06,0.155,28.7423,12.08
0,0.0625,0.155,28.2601,12.064
0,0.065,0.155,27.4972,12.08
0,0.0675,0.155,27.1798,12.064
0,0.07,0.155,28.4921,12.08
0,0.0725,0.155,26.5267,12.08
0,0.075,0.155,26.3253,12.08
0,0.0775,0.155,26.9112,12.096
0,0.08,0.155,25.1045,12.08
0,0.0825,0.155,26.4534,12.096
0,0.085,0.155,24.7566,12.096
0,0.0875,0.155,25.5928,12.112
0,0.09,0.155,23.8044,12.096
0,0.0925,0.155,24.8299,12.096
0,0.095,0.155,23.4931,12.112
0,0.0975,0.155,23.2429,12.112
0,0.1,0.155,23.6579,12.112
0,0.1025,0.155,23.6641,12.112
0,0.105,0.155,21.9855,12.128
0,0.1075,0.155,21.9184,12.128
0,0.11,0.155,21.8207,12.144
0,0.1125,0.155,21.7963,12.128
0,0.115,0.155,20.5329,12.144
0,0.1175,0.155,19.8798,12.144
0,0.12,0.155,19.5441,12.176
0,0.1225,0.155,20.4718,12.144
0,0.125,0.155,19.8187,12.16
0,0.1275,0.155,19.5135,12.176
0,0.13,0.155,19.0252,12.16
0,0.1325,0.155,18.659,12.16
0,0.135,0.155,18.0792,12.176
0,0.1375,0.155,17.2491,12.208
0,0.14,0.155,17.2002,12.176
0,0.1425,0.155,16.4739,12.176
0,0.145,0.155,16.3274,12.208
0,0.1475,0.155,17.3101,12.176
0,0.15,0.155,16.303,12.208
0,0.1525,0.155,16.3579,12.224
0,0.155,0.155,16.01,12.24
0,0.1575,0.155,15.9612,12.24
0,0.16,0.155,16.0039,12.24
0,0.1625,0.155,15.302,12.224
0,0.165,0.155,14.1179,12.272
0,0.1675,0.155,14.1545,12.256
0,0.17,0.155,14.1362,12.24
0,0.1725,0.155,13.5502,12.272
0,0.175,0.155,14.2827,12.272
0,0.1775,0.155,13.4159,12.272
0,0.18,0.155,12.7201,12.288
0,0.1825,0.155,12.9276,12.304
0,0.185,0.155,11.4628,12.288
0,0.1875,0.155,13.2328,12.288
0,0.19,0.155,11.7801,12.336
0,0.1925,0.155,12.1769,12.304
0,0.195,0.155,10.5228,12.288
0,0.1975,0.155,10.6937,12.32
0,0.2,0.155,10.7669,12.32
0,-0.2,0.1575,9.68657,12.176
0,-0.1975,0.1575,10.4801,12.128
0,-0.195,0.1575,11.3285,12.112
0,-0.1925,0.1575,11.1332,12.144
0,-0.19,0.1575,11.6092,12.144
0,-0.1875,0.1575,11.6214,12.128
0,-0.185,0.1575,11.6825,12.16
0,-0.1825,0.1575,11.8961,12.176
0,-0.18,0.1575,12.3112,12.128
0,-0.1775,0.1575,12.9032,12.144
0,-0.175,0.1575,11.1942,12.144
0,-0.1725,0.1575,12.1464,12.144
0,-0.17,0.1575,13.9592,12.096
0,-0.1675,0.1575,13.0436,12.144
0,-0.165,0.1575,13.9531,12.144
0,-0.1625,0.1575,13.4404,12.096
0,-0.16,0.1575,13.3732,12.128
0,-0.1575,0.1575,14.2338,12.112
0,-0.155,0.1575,14.9907,12.096
0,-0.1525,0.1575,14.8015,12.128
0,-0.15,0.1575,14.6733,12.08
0,-0.1475,0.1575,15.0029,12.064
0,-0.145,0.1575,15.4546,12.08
0,-0.1425,0.1575,15.1128,12.08
0,-0.14,0.1575,16.3518,12.08
0,-0.1375,0.1575,17.3589,12.064
0,-0.135,0.1575,16.8645,12.096
0,-0.1325,0.1575,17.1575,12.048
0,-0.13,0.1575,17.0843,12.064
0,-0.1275,0.1575,17.6153,12.048
0,-0.125,0.1575,18.2073,12.048
0,-0.1225,0.1575,18.9215,12.064
0,-0.12,0.1575,18.4271,12.048
0,-0.1175,0.1575,19.4464,12.048
0,-0.115,0.1575,19.7333,12.048
0,-0.1125,0.1575,19.4952,12.064
0,-0.11,0.1575,20.2521,12.064
0,-0.1075,0.1575,20.6977,12.064
0,-0.105,0.1575,21.6498,12.032
0,-0.1025,0.1575,20.3803,12.048
0,-0.1,0.1575,20.9601,12.032
0,-0.0975,0.1575,21.2775,12.048
0,-0.095,0.1575,21.424,12.032
0,-0.0925,0.1575,22.1259,12.032
0,-0.09,0.1575,22.5227,12.048
0,-0.0875,0.1575,22.718,12.032
0,-0.085,0.1575,24.073,12.048
0,-0.0825,0.1575,24.2134,12.048
0,-0.08,0.1575,24.4148,12.016
0,-0.0775,0.1575,24.7017,12.064
0,-0.075,0.1575,25.5135,12.032
0,-0.0725,0.1575,25.3792,12.032
0,-0.07,0.1575,25.7332,12.048
0,-0.0675,0.1575,25.3487,12.048
0,-0.065,0.1575,25.837,12.048
0,-0.0625,0.1575,26.8075,12.048
0,-0.06,0.1575,25.9407,12.048
0,-0.0575,0.1575,27.2897,12.048
0,-0.055,0.1575,27.2835,12.032
0,-0.0525,0.1575,27.9427,12.048
0,-0.05,0.1575,28.6264,12.032
0,-0.0475,0.1575,28.4494,12.032
0,-0.045,0.1575,29.3283,12.032
0,-0.0425,0.1575,29.3588,12.016
0,-0.04,0.1575,29.3771,12.016
0,-0.0375,0.1575,29.4015,12.016
0,-0.035,0.1575,29.1696,12.016
0,-0.0325,0.1575,28.8705,12.016
0,-0.03,0.1575,29.9203,12.016
0,-0.0275,0.1575,30.6345,12.016
0,-0.025,0.1575,30.0974,12.032
0,-0.0225,0.1575,30.7627,12.048
0,-0.02,0.1575,29.7678,12.032
0,-0.0175,0.1575,31.8186,12.032
0,-0.015,0.1575,30.4758,12.048
0,-0.0125,0.1575,30.6345,12.048
0,-0.01,0.1575,29.6762,12.032
0,-0.0075,0.1575,31.4707,12.048
0,-0.005,0.1575,31.5806,12.016
0,-0.0025,0.1575,30.4636,12.048
0,0,0.1575,30.7688,12.032
0,0.0025,0.1575,30.5246,12.048
0,0.005,0.1575,31.0556,12.032
0,0.0075,0.1575,29.9814,12.048
0,0.01,0.1575,30.2561,12.048
0,0.0125,0.1575,31.4402,12.064
0,0.015,0.1575,31.5195,12.032
0,0.0175,0.1575,30.1767,12.048
0,0.02,0.1575,31.0923,12.048
0,0.0225,0.1575,30.4086,12.048
0,0.025,0.1575,29.8105,12.08
0,0.0275,0.1575,31.0984,12.08
0,0.03,0.1575,30.2499,12.048
0,0.0325,0.1575,29.4748,12.064
0,0.035,0.1575,28.8766,12.064
0,0.0375,0.1575,29.4443,12.064
0,0.04,0.1575,29.8898,12.064
0,0.0425,0.1575,28.7484,12.064
0,0.045,0.1575,28.9438,12.064
0,0.0475,0.1575,29.0841,12.08
0,0.05,0.1575,28.4188,12.064
0,0.0525,0.1575,28.5653,12.064
0,0.055,0.1575,28.5958,12.064
0,0.0575,0.1575,28.077,12.064
0,0.06,0.1575,26.4351,12.08
0,0.0625,0.1575,27.4239,12.08
0,0.065,0.1575,27.0455,12.096
0,0.0675,0.1575,26.1483,12.08
0,0.07,0.1575,26.9417,12.064
0,0.0725,0.1575,26.1849,12.112
0,0.075,0.1575,25.0801,12.08
0,0.0775,0.1575,25.5745,12.096
0,0.08,0.1575,24.9031,12.096
0,0.0825,0.1575,24.3294,12.112
0,0.085,0.1575,23.9937,12.112
0,0.0875,0.1575,24.1646,12.112
0,0.09,0.1575,24.3599,12.128
0,0.0925,0.1575,23.5603,12.112
0,0.095,0.1575,22.7302,12.112
0,0.0975,0.1575,22.7546,12.144
0,0.1,0.1575,21.955,12.128
0,0.1025,0.1575,22.1625,12.128
0,0.105,0.1575,21.4423,12.144
0,0.1075,0.1575,21.0273,12.16
0,0.11,0.1575,21.4972,12.128
0,0.1125,0.1575,21.3507,12.16
0,0.115,0.1575,20.8441,12.16
0,0.1175,0.1575,19.6417,12.16
0,0.12,0.1575,19.6539,12.16
0,0.1225,0.1575,19.4159,12.16
0,0.125,0.1575,18.891,12.192
0,0.1275,0.1575,19.1778,12.176
0,0.13,0.1575,17.951,12.176
0,0.1325,0.1575,18.0181,12.176
0,0.135,0.1575,18.067,12.192
0,0.1375,0.1575,17.5298,12.192
0,0.14,0.1575,17.8472,12.208
0,0.1425,0.1575,17.3345,12.208
0,0.145,0.1575,15.9062,12.192
0,0.1475,0.1575,15.8696,12.224
0,0.15,0.1575,16.5593,12.208
0,0.1525,0.1575,15.6255,12.24
0,0.155,0.1575,14.7404,12.208
0,0.1575,0.1575,14.6123,12.256
0,0.16,0.1575,13.6967,12.256
0,0.1625,0.1575,14.8991,12.24
0,0.165,0.1575,13.5807,12.24
0,0.1675,0.1575,12.5797,12.224
0,0.17,0.1575,13.2817,12.272
0,0.1725,0.1575,12.9582,12.288
0,0.175,0.1575,12.6286,12.288
0,0.1775,0.1575,13.3915,12.272
0,0.18,0.1575,13.1169,12.288
0,0.1825,0.1575,11.4811,12.336
0,0.185,0.1575,11.9877,12.304
0,0.1875,0.1575,11.6337,12.32
0,0.19,0.1575,11.8778,12.304
0,0.1925,0.1575,11.2125,12.288
0,0.195,0.1575,10.8158,12.32
0,0.1975,0.1575,11.3895,12.352
0,0.2,0.1575,10.4434,12.352
0,-0.2,0.16,10.6021,12.16
0,-0.1975,0.16,10.2969,12.16
0,-0.195,0.16,10.7364,12.128
0,-0.1925,0.16,11.3651,12.128
0,-0.19,0.16,11.3773,12.128
0,-0.1875,0.16,11.0538,12.144
0,-0.185,0.16,11.9694,12.16
0,-0.1825,0.16,11.4078,12.144
0,-0.18,0.16,11.7008,12.16
0,-0.1775,0.16,12.2379,12.112
0,-0.175,0.16,12.4699,12.112
0,-0.1725,0.16,12.7079,12.112
0,-0.17,0.16,12.83,12.112
0,-0.1675,0.16,12.1158,12.128
0,-0.165,0.16,13.1596,12.128
0,-0.1625,0.16,13.5136,12.096
0,-0.16,0.16,13.6296,12.128
0,-0.1575,0.16,13.4465,12.096
0,-0.155,0.16,13.7333,12.112
0,-0.1525,0.16,14.246,12.128
0,-0.15,0.16,15.0945,12.096
0,-0.1475,0.16,14.6855,12.096
0,-0.145,0.16,15.4241,12.112
0,-0.1425,0.16,15.9734,12.08
0,-0.14,0.16,15.4546,12.08
0,-0.1375,0.16,16.1016,12.064
0,-0.135,0.16,17.4261,12.064
0,-0.1325,0.16,16.6692,12.096
0,-0.13,0.16,16.5777,12.064
0,-0.1275,0.16,17.2491,12.048
0,-0.125,0.16,18.5125,12.064
0,-0.1225,0.16,18.8421,12.048
0,-0.12,0.16,19.0313,12.064
0,-0.1175,0.16,18.8177,12.048
0,-0.115,0.16,18.5064,12.064
0,-0.1125,0.16,18.7933,12.064
0,-0.11,0.16,19.5379,12.064
0,-0.1075,0.16,19.6173,12.064
0,-0.105,0.16,20.0873,12.032
0,-0.1025,0.16,21.1005,12.064
0,-0.1,0.16,21.9123,12.048
0,-0.0975,0.16,21.7841,12.048
0,-0.095,0.16,21.5644,12.064
0,-0.0925,0.16,22.0038,12.08
0,-0.09,0.16,22.6753,12.064
0,-0.0875,0.16,22.4982,12.048
0,-0.085,0.16,22.541,12.048
0,-0.0825,0.16,23.7922,12.032
0,-0.08,0.16,24.3294,12.064
0,-0.0775,0.16,24.6956,12.064
0,-0.075,0.16,23.9692,12.064
0,-0.0725,0.16,25.135,12.048
0,-0.07,0.16,24.7322,12.048
0,-0.0675,0.16,25.0252,12.032
0,-0.065,0.16,24.2805,12.048
0,-0.0625,0.16,26.1299,12.048
0,-0.06,0.16,25.9835,12.064
0,-0.0575,0.16,25.2083,12.016
0,-0.055,0.16,26.0567,12.032
0,-0.0525,0.16,27.6986,12.032
0,-0.05,0.16,27.1981,12.048
0,-0.0475,0.16,27.5338,12.048
0,-0.045,0.16,28.309,12.032
0,-0.0425,0.16,28.8461,12.048
0,-0.04,0.16,28.6019,12.032
0,-0.0375,0.16,27.723,12.032
0,-0.035,0.16,28.7057,12.048
0,-0.0325,0.16,29.5969,12.048
0,-0.03,0.16,28.4127,12.048
0,-0.0275,0.16,29.8837,12.032
0,-0.025,0.16,29.6579,12.032
0,-0.0225,0.16,29.7311,12.032
0,-0.02,0.16,29.5602,12.032
0,-0.0175,0.16,29.3161,12.032
0,-0.015,0.16,30.0241,12.032
0,-0.0125,0.16,30.7016,12.048
0,-0.01,0.16,29.1513,12.048
0,-0.0075,0.16,29.7922,12.064
0,-0.005,0.16,29.603,12.048
0,-0.0025,0.16,30.4514,12.048
0,0,0.16,29.9936,12.032
0,0.0025,0.16,29.8471,12.064
0,0.005,0.16,29.2306,12.032
0,0.0075,0.16,30.9702,12.048
0,0.01,0.16,30.2194,12.048
0,0.0125,0.16,29.4198,12.064
0,0.015,0.16,30.2194,12.064
0,0.0175,0.16,29.5907,12.048
0,0.02,0.16,30.2194,12.048
0,0.0225,0.16,29.017,12.048
0,0.025,0.16,30.4636,12.048
0,0.0275,0.16,28.6203,12.064
0,0.03,0.16,28.7973,12.08
0,0.0325,0.16,29.5724,12.064
0,0.035,0.16,28.5409,12.08
0,0.0375,0.16,27.9427,12.08
0,0.04,0.16,28.0587,12.08
0,0.0425,0.16,27.8878,12.064
0,0.045,0.16,28.0099,12.064
0,0.0475,0.16,27.5582,12.064
0,0.05,0.16,27.076,12.096
0,0.0525,0.16,26.661,12.08
0,0.055,0.16,25.2937,12.096
0,0.0575,0.16,27.0821,12.08
0,0.06,0.16,25.2205,12.096
0,0.0625,0.16,26.2215,12.064
0,0.065,0.16,25.7332,12.096
0,0.0675,0.16,25.9774,12.096
0,0.07,0.16,25.9224,12.112
0,0.0725,0.16,25.0862,12.096
0,0.075,0.16,24.5613,12.096
0,0.0775,0.16,24.958,12.096
0,0.08,0.16,24.6284,12.096
0,0.0825,0.16,24.7444,12.112
0,0.085,0.16,24.0242,12.096
0,0.0875,0.16,23.9326,12.128
0,0.09,0.16,23.5115,12.096
0,0.0925,0.16,21.2714,12.128
0,0.095,0.16,22.2907,12.128
0,0.0975,0.16,22.4677,12.112
0,0.1,0.16,21.6926,12.144
0,0.1025,0.16,22.0161,12.128
0,0.105,0.16,22.0832,12.144
0,0.1075,0.16,20.0446,12.16
0,0.11,0.16,20.7038,12.144
0,0.1125,0.16,21.6071,12.176
0,0.115,0.16,20.246,12.144
0,0.1175,0.16,19.8737,12.176
0,0.12,0.16,19.3793,12.176
0,0.1225,0.16,18.7872,12.176
0,0.125,0.16,18.6956,12.176
0,0.1275,0.16,17.89,12.176
0,0.13,0.16,18.2745,12.176
0,0.1325,0.16,17.5604,12.224
0,0.135,0.16,17.835,12.192
0,0.1375,0.16,17.0721,12.208
0,0.14,0.16,16.8828,12.208
0,0.1425,0.16,16.7486,12.224
0,0.145,0.16,16.8218,12.192
0,0.1475,0.16,16.4006,12.224
0,0.15,0.16,15.7048,12.224
0,0.1525,0.16,15.5034,12.24
0,0.155,0.16,15.2104,12.24
0,0.1575,0.16,14.2766,12.224
0,0.16,0.16,14.594,12.256
0,0.1625,0.16,13.8615,12.272
0,0.165,0.16,14.1118,12.272
0,0.1675,0.16,14.2521,12.272
0,0.17,0.16,13.7883,12.288
0,0.1725,0.16,14.4292,12.272
0,0.175,0.16,14.0873,12.256
0,0.1775,0.16,12.1097,12.288
0,0.18,0.16,14.1057,12.288
0,0.1825,0.16,12.6774,12.272
0,0.185,0.16,11.1942,12.304
0,0.1875,0.16,12.2257,12.32
0,0.19,0.16,12.1952,12.32
0,0.1925,0.16,12.1891,12.368
0,0.195,0.16,11.298,12.336
0,0.1975,0.16,10.9561,12.336
0,0.2,0.16,10.0406,12.32
0,-0.2,0.1625,9.65606,12.128
0,-0.1975,0.1625,10.0406,12.16
0,-0.195,0.1625,10.1688,12.128
0,-0.1925,0.1625,10.5777,12.128
0,-0.19,0.1625,10.773,12.144
0,-0.1875,0.1625,11.7924,12.144
0,-0.185,0.1625,11.066,12.128
0,-0.1825,0.1625,12.2074,12.144
0,-0.18,0.1625,11.4505,12.144
0,-0.1775,0.1625,11.9022,12.112
0,-0.175,0.1625,12.1586,12.112
0,-0.1725,0.1625,11.7557,12.192
0,-0.17,0.1625,12.4516,12.128
0,-0.1675,0.1625,12.5065,12.112
0,-0.165,0.1625,12.5797,12.16
0,-0.1625,0.1625,14.594,12.128
0,-0.16,0.1625,13.0924,12.112
0,-0.1575,0.1625,14.3559,12.128
0,-0.155,0.1625,14.4658,12.112
0,-0.1525,0.1625,14.7893,12.096
0,-0.15,0.1625,14.1911,12.112
0,-0.1475,0.1625,14.3437,12.128
0,-0.145,0.1625,14.4292,12.08
0,-0.1425,0.1625,14.3132,12.096
0,-0.14,0.1625,16.0894,12.08
0,-0.1375,0.1625,16.0161,12.112
0,-0.135,0.1625,16.2481,12.096
0,-0.1325,0.1625,16.1138,12.08
0,-0.13,0.1625,16.9317,12.112
0,-0.1275,0.1625,16.4312,12.096
0,-0.125,0.1625,17.6092,12.064
0,-0.1225,0.1625,17.7496,12.096
0,-0.12,0.1625,17.89,12.08
0,-0.1175,0.1625,18.0364,12.064
0,-0.115,0.1625,18.7017,12.064
0,-0.1125,0.1625,18.2257,12.08
0,-0.11,0.1625,19.892,12.048
0,-0.1075,0.1625,19.4342,12.08
0,-0.105,0.1625,18.836,12.064
0,-0.1025,0.1625,19.7699,12.048
0,-0.1,0.1625,20.7099,12.08
0,-0.0975,0.1625,21.1127,12.048
0,-0.095,0.1625,20.9296,12.048
0,-0.0925,0.1625,21.3813,12.048
0,-0.09,0.1625,21.4667,12.064
0,-0.0875,0.1625,21.9428,12.064
0,-0.085,0.1625,21.5033,12.048
0,-0.0825,0.1625,22.7668,12.064
0,-0.08,0.1625,22.6203,12.048
0,-0.0775,0.1625,23.1391,12.048
0,-0.075,0.1625,23.1208,12.08
0,-0.0725,0.1625,24.2439,12.048
0,-0.07,0.1625,24.4636,12.064
0,-0.0675,0.1625,25.3365,12.048
0,-0.065,0.1625,25.0496,12.064
0,-0.0625,0.1625,24.7932,12.048
0,-0.06,0.1625,25.1167,12.064
0,-0.0575,0.1625,24.7627,12.048
0,-0.055,0.1625,26.7708,12.048
0,-0.0525,0.1625,26.899,12.048
0,-0.05,0.1625,26.6732,12.048
0,-0.0475,0.1625,26.7281,12.048
0,-0.045,0.1625,27.1615,12.032
0,-0.0425,0.1625,26.8136,12.048
0,-0.04,0.1625,28.0343,12.048
0,-0.0375,0.1625,27.4728,12.048
0,-0.035,0.1625,27.2958,12.048
0,-0.0325,0.1625,28.309,12.048
0,-0.03,0.1625,27.5948,12.016
0,-0.0275,0.1625,27.7718,12.032
0,-0.025,0.1625,28.9865,12.032
0,-0.0225,0.1625,28.2601,12.032
0,-0.02,0.1625,28.5836,12.048
0,-0.0175,0.1625,29.3466,12.048
0,-0.015,0.1625,28.486,12.064
0,-0.0125,0.1625,29.8837,12.032
0,-0.01,0.1625,27.8878,12.032
0,-0.0075,0.1625,29.5907,12.048
0,-0.005,0.1625,28.8949,12.064
0,-0.0025,0.1625,28.8278,12.048
0,0,0.1625,29.2917,12.032
0,0.0025,0.1625,29.2062,12.032
0,0.005,0.1625,29.487,12.048
0,0.0075,0.1625,29.133,12.064
0,0.01,0.1625,29.5114,12.064
0,0.0125,0.1625,28.9499,12.064
0,0.015,0.1625,28.37,12.08
0,0.0175,0.1625,28.5348,12.08
0,0.02,0.1625,28.4433,12.096
0,0.0225,0.1625,29.1635,12.08
0,0.025,0.1625,28.431,12.064
0,0.0275,0.1625,28.8949,12.08
0,0.03,0.1625,28.0831,12.064
0,0.0325,0.1625,27.6437,12.08
0,0.035,0.1625,27.6864,12.096
0,0.0375,0.1625,27.6803,12.08
0,0.04,0.1625,27.9,12.08
0,0.0425,0.1625,26.7159,12.08
0,0.045,0.1625,26.3192,12.08
0,0.0475,0.1625,27.2835,12.096
0,0.05,0.1625,26.2886,12.096
0,0.0525,0.1625,26.2581,12.08
0,0.055,0.1625,25.6233,12.096
0,0.0575,0.1625,26.6121,12.08
0,0.06,0.1625,25.8065,12.096
0,0.0625,0.1625,25.0679,12.096
0,0.065,0.1625,24.5735,12.096
0,0.0675,0.1625,24.4331,12.128
0,0.07,0.1625,25.1717,12.112
0,0.0725,0.1625,23.9082,12.112
0,0.075,0.1625,24.8115,12.112
0,0.0775,0.1625,23.9998,12.112
0,0.08,0.1625,23.6457,12.112
0,0.0825,0.1625,23.4382,12.128
0,0.085,0.1625,23.072,12.128
0,0.0875,0.1625,23.2795,12.112
0,0.09,0.1625,22.5105,12.128
0,0.0925,0.1625,22.5227,12.128
0,0.095,0.1625,21.7475,12.128
0,0.0975,0.1625,22.2358,12.144
0,0.1,0.1625,21.6254,12.128
0,0.1025,0.1625,20.9113,12.144
0,0.105,0.1625,20.893,12.144
0,0.1075,0.1625,20.4901,12.16
0,0.11,0.1625,20.4779,12.16
0,0.1125,0.1625,19.9103,12.16
0,0.115,0.1625,19.4708,12.16
0,0.1175,0.1625,18.8482,12.176
0,0.12,0.1625,18.4454,12.176
0,0.1225,0.1625,19.2083,12.208
0,0.125,0.1625,18.6651,12.176
0,0.1275,0.1625,17.8106,12.192
0,0.13,0.1625,17.4871,12.192
0,0.1325,0.1625,17.4749,12.192
0,0.135,0.1625,17.6641,12.208
0,0.1375,0.1625,16.6814,12.208
0,0.14,0.1625,16.0344,12.224
0,0.1425,0.1625,17.1514,12.24
0,0.145,0.1625,15.9795,12.24
0,0.1475,0.1625,15.4668,12.256
0,0.15,0.1625,16.7241,12.24
0,0.1525,0.1625,15.2409,12.224
0,0.155,0.1625,15.1921,12.24
0,0.1575,0.1625,15.2409,12.272
0,0.16,0.1625,13.8737,12.256
0,0.1625,0.1625,13.7455,12.272
0,0.165,0.1625,14.301,12.256
0,0.1675,0.1625,13.4404,12.272
0,0.17,0.1625,13.5868,12.288
0,0.1725,0.1625,12.6225,12.288
0,0.175,0.1625,11.6031,12.336
0,0.1775,0.1625,11.9022,12.288
0,0.18,0.1625,11.8107,12.272
0,0.1825,0.1625,12.3417,12.304
0,0.185,0.1625,11.536,12.288
0,0.1875,0.1625,11.182,12.304
0,0.19,0.1625,10.8219,12.352
0,0.1925,0.1625,10.7059,12.384
0,0.195,0.1625,11.7496,12.32
0,0.1975,0.1625,9.66216,12.384
0,0.2,0.1625,9.97345,12.384
0,-0.2,0.165,9.38749,12.144
0,-0.1975,0.165,9.44243,12.128
0,-0.195,0.165,10.2481,12.16
0,-0.1925,0.165,10.2237,12.144
0,-0.19,0.165,10.828,12.176
0,-0.1875,0.165,10.5594,12.16
0,-0.185,0.165,11.1393,12.16
0,-0.1825,0.165,11.2491,12.144
0,-0.18,0.165,11.6581,12.144
0,-0.1775,0.165,11.7801,12.128
0,-0.175,0.165,13.0924,12.176
0,-0.1725,0.165,12.6347,12.176
0,-0.17,0.165,13.245,12.16
0,-0.1675,0.165,12.2929,12.144
0,-0.165,0.165,13.5258,12.128
0,-0.1625,0.165,12.9948,12.128
0,-0.16,0.165,13.3549,12.128
0,-0.1575,0.165,12.714,12.112
0,-0.155,0.165,14.6855,12.096
0,-0.1525,0.165,14.5695,12.112
0,-0.15,0.165,14.8686,12.128
0,-0.1475,0.165,15.2226,12.112
0,-0.145,0.165,14.3193,12.112
0,-0.1425,0.165,15.009,12.112
0,-0.14,0.165,15.6255,12.096
0,-0.1375,0.165,15.9429,12.096
0,-0.135,0.165,15.949,12.112
0,-0.1325,0.165,16.071,12.096
0,-0.13,0.165,15.9978,12.08
0,-0.1275,0.165,16.7547,12.08
0,-0.125,0.165,16.8706,12.096
0,-0.1225,0.165,16.8096,12.08
0,-0.12,0.165,18.4698,12.08
0,-0.1175,0.165,17.8045,12.08
0,-0.115,0.165,17.7496,12.08
0,-0.1125,0.165,17.5848,12.048
0,-0.11,0.165,17.6519,12.064
0,-0.1075,0.165,18.8299,12.048
0,-0.105,0.165,18.189,12.08
0,-0.1025,0.165,19.8737,12.096
0,-0.1,0.165,20.3436,12.064
0,-0.0975,0.165,20.0995,12.064
0,-0.095,0.165,19.8126,12.064
0,-0.0925,0.165,20.5756,12.048
0,-0.09,0.165,21.0822,12.08
0,-0.0875,0.165,22.2907,12.08
0,-0.085,0.165,21.1371,12.096
0,-0.0825,0.165,21.6437,12.08
0,-0.08,0.165,22.2053,12.064
0,-0.0775,0.165,22.8462,12.096
0,-0.075,0.165,22.8462,12.08
0,-0.0725,0.165,22.5837,12.064
0,-0.07,0.165,23.4382,12.048
0,-0.0675,0.165,23.6702,12.064
0,-0.065,0.165,23.7129,12.064
0,-0.0625,0.165,25.6905,12.064
0,-0.06,0.165,25.837,12.064
0,-0.0575,0.165,24.4942,12.08
0,-0.055,0.165,25.3853,12.064
0,-0.0525,0.165,25.1106,12.048
0,-0.05,0.165,24.8665,12.048
0,-0.0475,0.165,26.4962,12.048
0,-0.045,0.165,26.0262,12.064
0,-0.0425,0.165,26.8746,12.048
0,-0.04,0.165,26.6915,12.032
0,-0.0375,0.165,26.8746,12.048
0,-0.035,0.165,26.2947,12.048
0,-0.0325,0.165,27.8329,12.048
0,-0.03,0.165,27.0577,12.048
0,-0.0275,0.165,27.7902,12.048
0,-0.025,0.165,27.1676,12.064
0,-0.0225,0.165,26.9601,12.048
0,-0.02,0.165,27.6559,12.064
0,-0.0175,0.165,27.2103,12.064
0,-0.015,0.165,28.0526,12.048
0,-0.0125,0.165,28.1075,12.064
0,-0.01,0.165,27.8634,12.064
0,-0.0075,0.165,27.9,12.048
0,-0.005,0.165,28.37,12.048
0,-0.0025,0.165,27.9366,12.048
0,0,0.165,27.7902,12.064
0,0.0025,0.165,28.3639,12.048
0,0.005,0.165,28.0709,12.064
0,0.0075,0.165,28.2113,12.064
0,0.01,0.165,28.7301,12.064
0,0.0125,0.165,28.2785,12.08
0,0.015,0.165,28.0404,12.08
0,0.0175,0.165,27.3385,12.08
0,0.02,0.165,28.3273,12.064
0,0.0225,0.165,27.7718,12.08
0,0.025,0.165,27.2591,12.08
0,0.0275,0.165,26.9478,12.08
0,0.03,0.165,26.1727,12.096
0,0.0325,0.165,26.8014,12.096
0,0.035,0.165,26.9539,12.096
0,0.0375,0.165,27.4972,12.096
0,0.04,0.165,27.4728,12.096
0,0.0425,0.165,25.6294,12.08
0,0.045,0.165,25.4769,12.08
0,0.0475,0.165,25.9163,12.096
0,0.05,0.165,25.4219,12.096
0,0.0525,0.165,26.3802,12.08
0,0.055,0.165,25.5867,12.096
0,0.0575,0.165,24.1401,12.096
0,0.06,0.165,24.7993,12.096
0,0.0625,0.165,25.1839,12.096
0,0.065,0.165,24.3721,12.112
0,0.0675,0.165,24.6406,12.096
0,0.07,0.165,23.4626,12.112
0,0.0725,0.165,24.0913,12.112
0,0.075,0.165,23.0354,12.128
0,0.0775,0.165,22.8767,12.128
0,0.08,0.165,21.9855,12.112
0,0.0825,0.165,22.3151,12.112
0,0.085,0.165,22.2175,12.128
0,0.0875,0.165,23.3406,12.112
0,0.09,0.165,23.0354,12.144
0,0.0925,0.165,21.8635,12.128
0,0.095,0.165,21.2958,12.16
0,0.0975,0.165,21.5155,12.16
0,0.1,0.165,20.893,12.144
0,0.1025,0.165,21.363,12.144
0,0.105,0.165,20.2643,12.144
0,0.1075,0.165,19.7333,12.16
0,0.11,0.165,19.4342,12.16
0,0.1125,0.165,19.7943,12.176
0,0.115,0.165,18.9886,12.16
0,0.1175,0.165,18.366,12.176
0,0.12,0.165,19.0374,12.16
0,0.1225,0.165,19.068,12.192
0,0.125,0.165,18.6651,12.176
0,0.1275,0.165,17.658,12.192
0,0.13,0.165,16.7241,12.24
0,0.1325,0.165,16.6509,12.192
0,0.135,0.165,16.5105,12.256
0,0.1375,0.165,16.3762,12.208
0,0.14,0.165,16.3335,12.192
0,0.1425,0.165,16.1626,12.24
0,0.145,0.165,15.1311,12.24
0,0.1475,0.165,16.3213,12.256
0,0.15,0.165,15.5095,12.256
0,0.1525,0.165,15.4485,12.24
0,0.155,0.165,14.3376,12.256
0,0.1575,0.165,14.301,12.272
0,0.16,0.165,14.2827,12.272
0,0.1625,0.165,13.0314,12.288
0,0.165,0.165,12.3478,12.288
0,0.1675,0.165,13.6296,12.272
0,0.17,0.165,13.1291,12.304
0,0.1725,0.165,12.5492,12.32
0,0.175,0.165,10.8951,12.288
0,0.1775,0.165,13.1657,12.304
0,0.18,0.165,12.1097,12.32
0,0.1825,0.165,11.5909,12.352
0,0.185,0.165,11.4872,12.336
0,0.1875,0.165,11.3895,12.352
0,0.19,0.165,10.889,12.352
0,0.1925,0.165,11.243,12.336
0,0.195,0.165,10.3641,12.32
0,0.1975,0.165,10.9867,12.352
0,0.2,0.165,10.2786,12.368
0,-0.2,0.1675,9.26542,12.144
0,-0.1975,0.1675,10.004,12.16
0,-0.195,0.1675,9.8941,12.16
0,-0.1925,0.1675,10.181,12.16
0,-0.19,0.1675,11.1637,12.176
0,-0.1875,0.1675,11.9449,12.16
0,-0.185,0.1675,10.5655,12.16
0,-0.1825,0.1675,11.5055,12.16
0,-0.18,0.1675,11.3163,12.176
0,-0.1775,0.1675,11.3102,12.192
0,-0.175,0.1675,10.5777,12.16
0,-0.1725,0.1675,12.8056,12.16
0,-0.17,0.1675,11.9449,12.128
0,-0.1675,0.1675,12.3478,12.192
0,-0.165,0.1675,11.5055,12.16
0,-0.1625,0.1675,12.653,12.128
0,-0.16,0.1675,12.3478,12.128
0,-0.1575,0.1675,13.2939,12.144
0,-0.155,0.1675,13.4342,12.144
0,-0.1525,0.1675,13.4526,12.096
0,-0.15,0.1675,13.7516,12.128
0,-0.1475,0.1675,14.3681,12.112
0,-0.145,0.1675,14.1484,12.112
0,-0.1425,0.1675,15.2776,12.112
0,-0.14,0.1675,14.6306,12.096
0,-0.1375,0.1675,15.4057,12.128
0,-0.135,0.1675,15.2959,12.112
0,-0.1325,0.1675,16.2236,12.096
0,-0.13,0.1675,16.1504,12.08
0,-0.1275,0.1675,16.0161,12.096
0,-0.125,0.1675,16.0405,12.112
0,-0.1225,0.1675,17.0049,12.08
0,-0.12,0.1675,17.2246,12.08
0,-0.1175,0.1675,18.0609,12.08
0,-0.115,0.1675,18.2318,12.096
0,-0.1125,0.1675,17.5237,12.096
0,-0.11,0.1675,17.2369,12.064
0,-0.1075,0.1675,18.7994,12.096
0,-0.105,0.1675,18.482,12.08
0,-0.1025,0.1675,19.19,12.096
0,-0.1,0.1675,19.2389,12.064
0,-0.0975,0.1675,18.9215,12.064
0,-0.095,0.1675,19.7882,12.048
0,-0.0925,0.1675,19.715,12.096
0,-0.09,0.1675,20.8625,12.048
0,-0.0875,0.1675,20.7282,12.096
0,-0.085,0.1675,21.3019,12.064
0,-0.0825,0.1675,20.8747,12.08
0,-0.08,0.1675,22.1381,12.064
0,-0.0775,0.1675,21.7048,12.064
0,-0.075,0.1675,22.0466,12.08
0,-0.0725,0.1675,23.0476,12.064
0,-0.07,0.1675,22.3395,12.048
0,-0.0675,0.1675,22.8767,12.064
0,-0.065,0.1675,22.7607,12.064
0,-0.0625,0.1675,23.5237,12.064
0,-0.06,0.1675,24.1707,12.064
0,-0.0575,0.1675,24.8787,12.064
0,-0.055,0.1675,24.7871,12.064
0,-0.0525,0.1675,25.1411,12.048
0,-0.05,0.1675,25.0862,12.048
0,-0.0475,0.1675,24.2622,12.048
0,-0.045,0.1675,26.3741,12.08
0,-0.0425,0.1675,26.6854,12.064
0,-0.04,0.1675,25.4158,12.048
0,-0.0375,0.1675,25.7149,12.064
0,-0.035,0.1675,26.3314,12.048
0,-0.0325,0.1675,24.9886,12.08
0,-0.03,0.1675,26.3558,12.064
0,-0.0275,0.1675,26.0506,12.048
0,-0.025,0.1675,26.2398,12.064
0,-0.0225,0.1675,27.0699,12.08
0,-0.02,0.1675,28.6508,12.048
0,-0.0175,0.1675,27.0089,12.048
0,-0.015,0.1675,27.1065,12.048
0,-0.0125,0.1675,27.4667,12.08
0,-0.01,0.1675,27.2897,12.064
0,-0.0075,0.1675,26.8258,12.08
0,-0.005,0.1675,28.1686,12.064
0,-0.0025,0.1675,27.7169,12.064
0,0,0.1675,27.6315,12.064
0,0.0025,0.1675,27.308,12.064
0,0.005,0.1675,26.7953,12.096
0,0.0075,0.1675,27.3934,12.064
0,0.01,0.1675,28.1381,12.08
0,0.0125,0.1675,27.1676,12.096
0,0.015,0.1675,27.369,12.064
0,0.0175,0.1675,27.2286,12.08
0,0.02,0.1675,27.2774,12.064
0,0.0225,0.1675,27.0028,12.08
0,0.025,0.1675,26.9845,12.08
0,0.0275,0.1675,26.9173,12.096
0,0.03,0.1675,26.8441,12.096
0,0.0325,0.1675,26.8319,12.096
0,0.035,0.1675,26.0018,12.096
0,0.0375,0.1675,25.4341,12.096
0,0.04,0.1675,26.2947,12.096
0,0.0425,0.1675,25.4463,12.096
0,0.045,0.1675,25.9285,12.096
0,0.0475,0.1675,25.4219,12.096
0,0.05,0.1675,26.2825,12.112
0,0.0525,0.1675,24.2927,12.08
0,0.055,0.1675,23.7373,12.112
0,0.0575,0.1675,24.3538,12.112
0,0.06,0.1675,22.7607,12.112
0,0.0625,0.1675,24.1951,12.096
0,0.065,0.1675,24.3355,12.112
0,0.0675,0.1675,23.5786,12.112
0,0.07,0.1675,23.7617,12.112
0,0.0725,0.1675,23.5237,12.128
0,0.075,0.1675,22.8889,12.128
0,0.0775,0.1675,22.6386,12.112
0,0.08,0.1675,22.2663,12.128
0,0.0825,0.1675,22.6386,12.128
0,0.085,0.1675,22.0832,12.128
0,0.0875,0.1675,21.9855,12.16
0,0.09,0.1675,21.7109,12.128
0,0.0925,0.1675,21.1371,12.144
0,0.095,0.1675,20.9967,12.144
0,0.0975,0.1675,20.191,12.16
0,0.1,0.1675,19.8798,12.16
0,0.1025,0.1675,19.6417,12.16
0,0.105,0.1675,19.7516,12.176
0,0.1075,0.1675,19.1168,12.16
0,0.11,0.1675,19.953,12.16
0,0.1125,0.1675,19.0374,12.176
0,0.115,0.1675,19.0435,12.176
0,0.1175,0.1675,18.2745,12.176
0,0.12,0.1675,17.4139,12.192
0,0.1225,0.1675,17.6031,12.208
0,0.125,0.1675,16.8462,12.24
0,0.1275,0.1675,16.7852,12.208
0,0.13,0.1675,15.949,12.256
0,0.1325,0.1675,17.2246,12.224
0,0.135,0.1675,17.3345,12.224
0,0.1375,0.1675,15.4057,12.224
0,0.14,0.1675,16.1382,12.256
0,0.1425,0.1675,15.7903,12.224
0,0.145,0.1675,15.5217,12.24
0,0.1475,0.1675,14.4414,12.24
0,0.15,0.1675,14.8381,12.24
0,0.1525,0.1675,14.594,12.256
0,0.155,0.1675,14.3315,12.256
0,0.1575,0.1675,14.5024,12.272
0,0.16,0.1675,13.5319,12.272
0,0.1625,0.1675,13.2206,12.304
0,0.165,0.1675,13.1108,12.288
0,0.1675,0.1675,13.8432,12.32
0,0.17,0.1675,12.775,12.256
0,0.1725,0.1675,12.653,12.32
0,0.175,0.1675,11.8351,12.32
0,0.1775,0.1675,12.2806,12.288
0,0.18,0.1675,11.9877,12.304
0,0.1825,0.1675,12.1158,12.368
0,0.185,0.1675,11.2857,12.32
0,0.1875,0.1675,11.2796,12.368
0,0.19,0.1675,10.8219,12.384
0,0.1925,0.1675,10.5716,12.336
0,0.195,0.1675,10.4678,12.352
0,0.1975,0.1675,10.4373,12.384
0,0.2,0.1675,9.43632,12.352
0,-0.2,0.17,11.2857,12.176
0,-0.1975,0.17,10.1199,12.176
0,-0.195,0.17,9.53398,12.144
0,-0.1925,0.17,9.90631,12.16
0,-0.19,0.17,9.76592,12.16
0,-0.1875,0.17,10.8463,12.16
0,-0.185,0.17,10.6449,12.192
0,-0.1825,0.17,10.9928,12.176
0,-0.18,0.17,10.4068,12.192
0,-0.1775,0.17,11.1454,12.176
0,-0.175,0.17,11.359,12.176
0,-0.1725,0.17,11.536,12.176
0,-0.17,0.17,13.2389,12.16
0,-0.1675,0.17,11.8107,12.144
0,-0.165,0.17,12.7201,12.144
0,-0.1625,0.17,12.8056,12.128
0,-0.16,0.17,13.7272,12.16
0,-0.1575,0.17,12.9826,12.16
0,-0.155,0.17,13.2694,12.144
0,-0.1525,0.17,13.1718,12.144
0,-0.15,0.17,13.8859,12.128
0,-0.1475,0.17,13.5075,12.128
0,-0.145,0.17,13.2206,12.112
0,-0.1425,0.17,14.2644,12.112
0,-0.14,0.17,14.6367,12.096
0,-0.1375,0.17,14.3193,12.112
0,-0.135,0.17,14.9907,12.112
0,-0.1325,0.17,14.423,12.112
0,-0.13,0.17,16.5532,12.08
0,-0.1275,0.17,16.9134,12.096
0,-0.125,0.17,16.6265,12.096
0,-0.1225,0.17,15.2959,12.096
0,-0.12,0.17,15.5522,12.096
0,-0.1175,0.17,16.95,12.08
0,-0.115,0.17,17.3406,12.096
0,-0.1125,0.17,17.0843,12.08
0,-0.11,0.17,17.9144,12.096
0,-0.1075,0.17,18.1707,12.096
0,-0.105,0.17,17.4627,12.096
0,-0.1025,0.17,18.5675,12.064
0,-0.1,0.17,19.4769,12.096
0,-0.0975,0.17,18.8604,12.096
0,-0.095,0.17,19.0374,12.096
0,-0.0925,0.17,19.6539,12.096
0,-0.09,0.17,20.1605,12.064
0,-0.0875,0.17,19.5868,12.096
0,-0.085,0.17,19.5257,12.096
0,-0.0825,0.17,20.3803,12.08
0,-0.08,0.17,22.9133,12.08
0,-0.0775,0.17,21.4362,12.08
0,-0.075,0.17,20.7648,12.08
0,-0.0725,0.17,22.5654,12.08
0,-0.07,0.17,22.425,12.064
0,-0.0675,0.17,22.5654,12.08
0,-0.065,0.17,23.6152,12.064
0,-0.0625,0.17,22.663,12.08
0,-0.06,0.17,23.2429,12.096
0,-0.0575,0.17,22.8645,12.08
0,-0.055,0.17,24.4575,12.064
0,-0.0525,0.17,24.2256,12.08
0,-0.05,0.17,24.9886,12.064
0,-0.0475,0.17,24.4881,12.064
0,-0.045,0.17,24.5918,12.064
0,-0.0425,0.17,26.6976,12.048
0,-0.04,0.17,24.6712,12.048
0,-0.0375,0.17,24.6651,12.064
0,-0.035,0.17,25.6233,12.064
0,-0.0325,0.17,24.5613,12.096
0,-0.03,0.17,25.3121,12.08
0,-0.0275,0.17,25.5074,12.064
0,-0.025,0.17,26.6182,12.064
0,-0.0225,0.17,25.7515,12.064
0,-0.02,0.17,26.1055,12.064
0,-0.0175,0.17,26.6121,12.064
0,-0.015,0.17,25.3548,12.064
0,-0.0125,0.17,26.1727,12.048
0,-0.01,0.17,26.0079,12.064
0,-0.0075,0.17,25.9041,12.064
0,-0.005,0.17,26.3314,12.064
0,-0.0025,0.17,26.606,12.064
0,0,0.17,26.6488,12.08
0,0.0025,0.17,26.7525,12.08
0,0.005,0.17,26.484,12.08
0,0.0075,0.17,26.1116,12.08
0,0.01,0.17,27.2591,12.08
0,0.0125,0.17,25.7881,12.064
0,0.015,0.17,25.4158,12.096
0,0.0175,0.17,25.7027,12.096
0,0.02,0.17,26.2764,12.08
0,0.0225,0.17,25.7515,12.112
0,0.025,0.17,25.3121,12.096
0,0.0275,0.17,26.1483,12.096
0,0.03,0.17,26.3314,12.112
0,0.0325,0.17,25.1839,12.112
0,0.035,0.17,25.3243,12.096
0,0.0375,0.17,25.8553,12.096
0,0.04,0.17,25.8187,12.112
0,0.0425,0.17,24.7566,12.112
0,0.045,0.17,24.6223,12.112
0,0.0475,0.17,24.5552,12.096
0,0.05,0.17,23.5603,12.112
0,0.0525,0.17,23.8716,12.096
0,0.055,0.17,23.3283,12.096
0,0.0575,0.17,23.9998,12.112
0,0.06,0.17,23.4077,12.096
0,0.0625,0.17,23.0171,12.112
0,0.065,0.17,22.9682,12.144
0,0.0675,0.17,22.8523,12.112
0,0.07,0.17,22.7119,12.112
0,0.0725,0.17,22.6569,12.128
0,0.075,0.17,22.7546,12.144
0,0.0775,0.17,21.9428,12.128
0,0.08,0.17,22.0771,12.144
0,0.0825,0.17,22.5227,12.144
0,0.085,0.17,20.893,12.128
0,0.0875,0.17,20.6,12.144
0,0.09,0.17,20.7831,12.128
0,0.0925,0.17,21.015,12.144
0,0.095,0.17,20.7587,12.16
0,0.0975,0.17,20.3803,12.144
0,0.1,0.17,19.8798,12.16
0,0.1025,0.17,19.5929,12.176
0,0.105,0.17,18.8543,12.176
0,0.1075,0.17,18.7078,12.176
0,0.11,0.17,19.5318,12.176
0,0.1125,0.17,19.0497,12.192
0,0.115,0.17,18.4271,12.192
0,0.1175,0.17,17.4627,12.192
0,0.12,0.17,17.7923,12.192
0,0.1225,0.17,17.6214,12.208
0,0.125,0.17,16.9012,12.224
0,0.1275,0.17,17.5481,12.224
0,0.13,0.17,15.7109,12.256
0,0.1325,0.17,16.4739,12.224
0,0.135,0.17,16.4312,12.224
0,0.1375,0.17,15.4912,12.208
0,0.14,0.17,15.9551,12.256
0,0.1425,0.17,15.1494,12.24
0,0.145,0.17,14.7465,12.224
0,0.1475,0.17,13.9103,12.256
0,0.15,0.17,15.0395,12.272
0,0.1525,0.17,13.5746,12.288
0,0.155,0.17,13.7516,12.256
0,0.1575,0.17,13.5502,12.304
0,0.16,0.17,14.0751,12.304
0,0.1625,0.17,13.5502,12.304
0,0.165,0.17,13.2023,12.288
0,0.1675,0.17,11.9449,12.304
0,0.17,0.17,12.7079,12.32
0,0.1725,0.17,11.9449,12.304
0,0.175,0.17,12.0365,12.304
0,0.1775,0.17,12.2501,12.304
0,0.18,0.17,11.0294,12.336
0,0.1825,0.17,11.4383,12.336
0,0.185,0.17,11.4628,12.336
0,0.1875,0.17,11.2674,12.336
0,0.19,0.17,10.8219,12.336
0,0.1925,0.17,10.8646,12.4
0,0.195,0.17,9.52177,12.336
0,0.1975,0.17,10.4312,12.368
0,0.2,0.17,9.25932,12.368
0,-0.2,0.1725,9.5645,12.144
0,-0.1975,0.1725,10.0345,12.208
0,-0.195,0.1725,8.64284,12.208
0,-0.1925,0.1725,10.2481,12.176
0,-0.19,0.1725,9.86969,12.176
0,-0.1875,0.1725,10.004,12.208
0,-0.185,0.1725,9.64995,12.16
0,-0.1825,0.1725,9.85748,12.16
0,-0.18,0.1725,10.9439,12.192
0,-0.1775,0.1725,10.9256,12.208
0,-0.175,0.1725,11.3712,12.176
0,-0.1725,0.1725,11.5177,12.16
0,-0.17,0.1725,11.4811,12.192
0,-0.1675,0.1725,11.3102,12.16
0,-0.165,0.1725,11.6398,12.176
0,-0.1625,0.1725,11.9022,12.192
0,-0.16,0.1725,13.007,12.144
0,-0.1575,0.1725,12.8666,12.16
0,-0.155,0.1725,13.068,12.144
0,-0.1525,0.1725,13.1535,12.144
0,-0.15,0.1725,12.5187,12.128
0,-0.1475,0.1725,13.8981,12.144
0,-0.145,0.1725,14.1728,12.128
0,-0.1425,0.1725,13.6113,12.128
0,-0.14,0.1725,13.77,12.112
0,-0.1375,0.1725,13.6784,12.112
0,-0.135,0.1725,14.3315,12.128
0,-0.1325,0.1725,14.9174,12.128
0,-0.13,0.1725,15.9001,12.112
0,-0.1275,0.1725,15.8025,12.112
0,-0.125,0.1725,15.3325,12.112
0,-0.1225,0.1725,15.949,12.128
0,-0.12,0.1725,17.2002,12.096
0,-0.1175,0.1725,17.3467,12.128
0,-0.115,0.1725,16.5105,12.096
0,-0.1125,0.1725,17.0171,12.096
0,-0.11,0.1725,17.835,12.096
0,-0.1075,0.1725,17.1941,12.096
0,-0.105,0.1725,17.658,12.096
0,-0.1025,0.1725,17.9876,12.08
0,-0.1,0.1725,18.7689,12.08
0,-0.0975,0.1725,18.3355,12.096
0,-0.095,0.1725,18.3233,12.08
0,-0.0925,0.1725,18.8238,12.08
0,-0.09,0.1725,18.9154,12.064
0,-0.0875,0.1725,20.2033,12.08
0,-0.085,0.1725,19.8004,12.064
0,-0.0825,0.1725,20.0873,12.096
0,-0.08,0.1725,21.308,12.08
0,-0.0775,0.1725,20.5512,12.096
0,-0.075,0.1725,20.0079,12.064
0,-0.0725,0.1725,20.9906,12.064
0,-0.07,0.1725,22.3701,12.08
0,-0.0675,0.1725,21.4911,12.064
0,-0.065,0.1725,21.8024,12.064
0,-0.0625,0.1725,22.1992,12.096
0,-0.06,0.1725,22.3579,12.064
0,-0.0575,0.1725,22.6508,12.096
0,-0.055,0.1725,23.1513,12.064
0,-0.0525,0.1725,22.6814,12.08
0,-0.05,0.1725,23.2185,12.08
0,-0.0475,0.1725,23.7678,12.08
0,-0.045,0.1725,23.5176,12.096
0,-0.0425,0.1725,23.3161,12.064
0,-0.04,0.1725,24.5247,12.08
0,-0.0375,0.1725,25.3914,12.08
0,-0.035,0.1725,25.2754,12.08
0,-0.0325,0.1725,24.5003,12.064
0,-0.03,0.1725,24.72,12.048
0,-0.0275,0.1725,25.5013,12.096
0,-0.025,0.1725,26.3558,12.064
0,-0.0225,0.1725,26.2154,12.064
0,-0.02,0.1725,24.8543,12.064
0,-0.0175,0.1725,26.0079,12.064
0,-0.015,0.1725,25.6783,12.064
0,-0.0125,0.1725,26.3985,12.08
0,-0.01,0.1725,26.4657,12.064
0,-0.0075,0.1725,26.0567,12.064
0,-0.005,0.1725,25.5196,12.08
0,-0.0025,0.1725,24.2378,12.08
0,0,0.1725,25.6172,12.064
0,0.0025,0.1725,26.6976,12.064
0,0.005,0.1725,25.7698,12.08
0,0.0075,0.1725,25.1228,12.064
0,0.01,0.1725,25.721,12.08
0,0.0125,0.1725,25.3121,12.08
0,0.015,0.1725,24.5735,12.096
0,0.0175,0.1725,25.6417,12.08
0,0.02,0.1725,25.8675,12.096
0,0.0225,0.1725,24.8482,12.08
0,0.025,0.1725,24.9275,12.112
0,0.0275,0.1725,25.9835,12.096
0,0.03,0.1725,25.0374,12.128
0,0.0325,0.1725,24.3904,12.128
0,0.035,0.1725,23.4199,12.128
0,0.0375,0.1725,25.2327,12.128
0,0.04,0.1725,24.8787,12.096
0,0.0425,0.1725,23.5542,12.096
0,0.045,0.1725,23.7373,12.096
0,0.0475,0.1725,23.2612,12.112
0,0.05,0.1725,23.2612,12.112
0,0.0525,0.1725,23.4443,12.112
0,0.055,0.1725,23.6335,12.128
0,0.0575,0.1725,23.6457,12.112
0,0.06,0.1725,22.6936,12.112
0,0.0625,0.1725,22.9377,12.112
0,0.065,0.1725,22.1381,12.128
0,0.0675,0.1725,21.7231,12.128
0,0.07,0.1725,22.4372,12.128
0,0.0725,0.1725,22.8034,12.128
0,0.075,0.1725,22.0832,12.144
0,0.0775,0.1725,22.2968,12.128
0,0.08,0.1725,21.3446,12.144
0,0.0825,0.1725,20.838,12.144
0,0.085,0.1725,21.0822,12.16
0,0.0875,0.1725,20.6,12.16
0,0.09,0.1725,19.776,12.16
0,0.0925,0.1725,19.6905,12.144
0,0.095,0.1725,19.6844,12.144
0,0.0975,0.1725,19.3182,12.208
0,0.1,0.1725,19.5563,12.176
0,0.1025,0.1725,18.7994,12.16
0,0.105,0.1725,19.483,12.16
0,0.1075,0.1725,19.9591,12.192
0,0.11,0.1725,18.3721,12.176
0,0.1125,0.1725,18.5675,12.192
0,0.115,0.1725,18.714,12.192
0,0.1175,0.1725,18.543,12.208
0,0.12,0.1725,17.6031,12.24
0,0.1225,0.1725,17.4993,12.208
0,0.125,0.1725,16.8828,12.208
0,0.1275,0.1725,17.5054,12.24
0,0.13,0.1725,17.5237,12.24
0,0.1325,0.1725,16.4068,12.256
0,0.135,0.1725,15.0273,12.272
0,0.1375,0.1725,15.4668,12.24
0,0.14,0.1725,15.7048,12.272
0,0.1425,0.1725,14.1057,12.288
0,0.145,0.1725,14.8259,12.272
0,0.1475,0.1725,14.9113,12.272
0,0.15,0.1725,14.0507,12.304
0,0.1525,0.1725,14.1179,12.304
0,0.155,0.1725,14.2582,12.256
0,0.1575,0.1725,14.0507,12.288
0,0.16,0.1725,13.7883,12.288
0,0.1625,0.1725,12.7445,12.32
0,0.165,0.1725,12.9582,12.272
0,0.1675,0.1725,12.3051,12.32
0,0.17,0.1725,12.299,12.32
0,0.1725,0.1725,12.0365,12.288
0,0.175,0.1725,11.774,12.352
0,0.1775,0.1725,11.8961,12.32
0,0.18,0.1725,10.6204,12.32
0,0.1825,0.1725,11.6459,12.352
0,0.185,0.1725,11.359,12.352
0,0.1875,0.1725,11.8656,12.352
0,0.19,0.1725,10.6571,12.352
0,0.1925,0.1725,11.0843,12.336
0,0.195,0.1725,10.1627,12.4
0,0.1975,0.1725,9.45463,12.416
0,0.2,0.1725,9.60723,12.368
0,-0.2,0.175,9.241,12.224
0,-0.1975,0.175,9.60723,12.192
0,-0.195,0.175,9.66216,12.208
0,-0.1925,0.175,10.6937,12.208
0,-0.19,0.175,10.4129,12.24
0,-0.1875,0.175,9.46684,12.192
0,-0.185,0.175,10.7913,12.176
0,-0.1825,0.175,10.4129,12.208
0,-0.18,0.175,10.5533,12.192
0,-0.1775,0.175,10.9622,12.176
0,-0.175,0.175,11.0355,12.192
0,-0.1725,0.175,10.712,12.176
0,-0.17,0.175,11.2064,12.176
0,-0.1675,0.175,11.8168,12.208
0,-0.165,0.175,11.4139,12.176
0,-0.1625,0.175,12.3173,12.224
0,-0.16,0.175,12.5553,12.144
0,-0.1575,0.175,12.3905,12.176
0,-0.155,0.175,12.3905,12.16
0,-0.1525,0.175,12.8056,12.144
0,-0.15,0.175,13.0497,12.144
0,-0.1475,0.175,13.0253,12.144
0,-0.145,0.175,12.9704,12.176
0,-0.1425,0.175,13.5258,12.144
0,-0.14,0.175,14.0812,12.144
0,-0.1375,0.175,13.7638,12.144
0,-0.135,0.175,15.1555,12.128
0,-0.1325,0.175,13.9958,12.128
0,-0.13,0.175,14.7221,12.144
0,-0.1275,0.175,15.2654,12.128
0,-0.125,0.175,15.5156,12.144
0,-0.1225,0.175,15.2898,12.096
0,-0.12,0.175,16.2725,12.128
0,-0.1175,0.175,15.7659,12.144
0,-0.115,0.175,16.7364,12.128
0,-0.1125,0.175,17.1209,12.096
0,-0.11,0.175,14.8808,12.112
0,-0.1075,0.175,17.1209,12.128
0,-0.105,0.175,16.6875,12.08
0,-0.1025,0.175,17.1758,12.096
0,-0.1,0.175,17.9571,12.112
0,-0.0975,0.175,18.1158,12.112
0,-0.095,0.175,18.3782,12.096
0,-0.0925,0.175,19.1656,12.096
0,-0.09,0.175,19.0924,12.112
0,-0.0875,0.175,18.7262,12.128
0,-0.085,0.175,19.1351,12.096
0,-0.0825,0.175,18.543,12.08
0,-0.08,0.175,19.3793,12.128
0,-0.0775,0.175,20.3558,12.096
0,-0.075,0.175,20.0446,12.096
0,-0.0725,0.175,19.2755,12.096
0,-0.07,0.175,19.9774,12.128
0,-0.0675,0.175,22.1564,12.096
0,-0.065,0.175,20.9967,12.096
0,-0.0625,0.175,21.3569,12.08
0,-0.06,0.175,22.5898,12.096
0,-0.0575,0.175,21.7597,12.064
0,-0.055,0.175,22.6203,12.096
0,-0.0525,0.175,22.4311,12.096
0,-0.05,0.175,22.5349,12.08
0,-0.0475,0.175,23.4809,12.096
0,-0.045,0.175,23.0659,12.08
0,-0.0425,0.175,23.8533,12.096
0,-0.04,0.175,23.3467,12.096
0,-0.0375,0.175,23.2246,12.08
0,-0.035,0.175,23.78,12.064
0,-0.0325,0.175,24.7688,12.08
0,-0.03,0.175,24.2317,12.096
0,-0.0275,0.175,23.9937,12.096
0,-0.025,0.175,24.073,12.096
0,-0.0225,0.175,24.6162,12.096
0,-0.02,0.175,24.659,12.096
0,-0.0175,0.175,24.4087,12.064
0,-0.015,0.175,24.9275,12.096
0,-0.0125,0.175,25.0496,12.08
0,-0.01,0.175,25.1839,12.064
0,-0.0075,0.175,24.7261,12.08
0,-0.005,0.175,24.5247,12.08
0,-0.0025,0.175,24.4209,12.08
0,0,0.175,25.367,12.096
0,0.0025,0.175,24.012,12.08
0,0.005,0.175,24.3233,12.112
0,0.0075,0.175,24.9336,12.08
0,0.01,0.175,26.0628,12.112
0,0.0125,0.175,24.2927,12.096
0,0.015,0.175,23.6763,12.112
0,0.0175,0.175,24.4453,12.112
0,0.02,0.175,23.4931,12.112
0,0.0225,0.175,23.5969,12.08
0,0.025,0.175,23.719,12.112
0,0.0275,0.175,23.78,12.112
0,0.03,0.175,23.8289,12.112
0,0.0325,0.175,23.957,12.128
0,0.035,0.175,23.7007,12.112
0,0.0375,0.175,23.2612,12.112
0,0.04,0.175,22.5532,12.112
0,0.0425,0.175,23.6335,12.128
0,0.045,0.175,23.5115,12.112
0,0.0475,0.175,22.5043,12.128
0,0.05,0.175,23.1819,12.128
0,0.0525,0.175,22.9804,12.128
0,0.055,0.175,22.9621,12.128
0,0.0575,0.175,23.5847,12.112
0,0.06,0.175,22.5043,12.128
0,0.0625,0.175,23.0964,12.128
0,0.065,0.175,21.9794,12.144
0,0.0675,0.175,22.0283,12.144
0,0.07,0.175,21.2531,12.144
0,0.0725,0.175,22.3518,12.16
0,0.075,0.175,22.0283,12.144
0,0.0775,0.175,20.8258,12.16
0,0.08,0.175,20.5023,12.16
0,0.0825,0.175,20.3558,12.16
0,0.085,0.175,19.5074,12.16
0,0.0875,0.175,20.4718,12.16
0,0.09,0.175,20.0568,12.16
0,0.0925,0.175,19.4464,12.176
0,0.095,0.175,19.5441,12.208
0,0.0975,0.175,19.3487,12.176
0,0.1,0.175,18.5003,12.176
0,0.1025,0.175,18.5186,12.208
0,0.105,0.175,18.891,12.192
0,0.1075,0.175,17.8838,12.208
0,0.11,0.175,17.7862,12.208
0,0.1125,0.175,17.1514,12.24
0,0.115,0.175,17.2308,12.224
0,0.1175,0.175,17.2246,12.256
0,0.12,0.175,17.2735,12.224
0,0.1225,0.175,16.0466,12.224
0,0.125,0.175,17.0476,12.24
0,0.1275,0.175,15.7842,12.24
0,0.13,0.175,15.2348,12.272
0,0.1325,0.175,15.5156,12.24
0,0.135,0.175,15.9734,12.24
0,0.1375,0.175,14.9785,12.288
0,0.14,0.175,14.5878,12.272
0,0.1425,0.175,15.0884,12.256
0,0.145,0.175,13.9592,12.272
0,0.1475,0.175,14.3498,12.304
0,0.15,0.175,14.1667,12.288
0,0.1525,0.175,13.5746,12.272
0,0.155,0.175,13.3244,12.272
0,0.1575,0.175,13.7516,12.304
0,0.16,0.175,13.2267,12.304
0,0.1625,0.175,12.7873,12.336
0,0.165,0.175,12.5736,12.32
0,0.1675,0.175,11.3285,12.272
0,0.17,0.175,12.1647,12.32
0,0.1725,0.175,11.6092,12.304
0,0.175,0.175,11.1332,12.352
0,0.1775,0.175,11.4872,12.352
0,0.18,0.175,11.8656,12.384
0,0.1825,0.175,11.3224,12.352
0,0.185,0.175,10.712,12.32
0,0.1875,0.175,10.596,12.368
0,0.19,0.175,10.1871,12.368
0,0.1925,0.175,9.80255,12.368
0,0.195,0.175,10.4312,12.416
0,0.1975,0.175,9.60112,12.4
0,0.2,0.175,10.1627,12.384
0,-0.2,0.1775,9.11893,12.208
0,-0.1975,0.1775,9.10672,12.256
0,-0.195,0.1775,8.44752,12.192
0,-0.1925,0.1775,10.2298,12.192
0,-0.19,0.1775,9.52788,12.24
0,-0.1875,0.1775,9.97345,12.208
0,-0.185,0.1775,10.2054,12.224
0,-0.1825,0.1775,9.78423,12.192
0,-0.18,0.1775,10.181,12.208
0,-0.1775,0.1775,11.9022,12.208
0,-0.175,0.1775,10.7974,12.208
0,-0.1725,0.1775,11.1393,12.192
0,-0.17,0.1775,11.4872,12.192
0,-0.1675,0.1775,11.5116,12.176
0,-0.165,0.1775,11.5177,12.208
0,-0.1625,0.1775,11.7435,12.208
0,-0.16,0.1775,10.9195,12.16
0,-0.1575,0.1775,11.8412,12.176
0,-0.155,0.1775,12.421,12.176
0,-0.1525,0.1775,11.9205,12.16
0,-0.15,0.1775,13.3671,12.144
0,-0.1475,0.1775,13.7577,12.144
0,-0.145,0.1775,13.1108,12.176
0,-0.1425,0.1775,13.1535,12.144
0,-0.14,0.1775,13.5868,12.144
0,-0.1375,0.1775,13.8493,12.144
0,-0.135,0.1775,14.3132,12.16
0,-0.1325,0.1775,14.5329,12.144
0,-0.13,0.1775,15.0273,12.144
0,-0.1275,0.1775,14.7099,12.128
0,-0.125,0.1775,15.1677,12.144
0,-0.1225,0.1775,14.0141,12.176
0,-0.12,0.1775,14.8137,12.144
0,-0.1175,0.1775,15.656,12.096
0,-0.115,0.1775,16.1992,12.112
0,-0.1125,0.1775,16.3274,12.128
0,-0.11,0.1775,16.2603,12.128
0,-0.1075,0.1775,16.3518,12.112
0,-0.105,0.1775,16.9744,12.128
0,-0.1025,0.1775,17.2918,12.128
0,-0.1,0.1775,17.7007,12.112
0,-0.0975,0.1775,17.8045,12.128
0,-0.095,0.1775,17.7374,12.112
0,-0.0925,0.1775,17.89,12.112
0,-0.09,0.1775,18.4454,12.112
0,-0.0875,0.1775,18.5797,12.096
0,-0.085,0.1775,18.6956,12.096
0,-0.0825,0.1775,19.1778,12.112
0,-0.08,0.1775,20.4535,12.096
0,-0.0775,0.1775,20.2582,12.112
0,-0.075,0.1775,20.0201,12.096
0,-0.0725,0.1775,20.838,12.112
0,-0.07,0.1775,20.3375,12.112
0,-0.0675,0.1775,20.1117,12.112
0,-0.065,0.1775,21.2165,12.08
0,-0.0625,0.1775,21.1798,12.112
0,-0.06,0.1775,22.6264,12.096
0,-0.0575,0.1775,22.3762,12.128
0,-0.055,0.1775,21.7841,12.112
0,-0.0525,0.1775,22.0038,12.112
0,-0.05,0.1775,22.0161,12.128
0,-0.0475,0.1775,22.2663,12.08
0,-0.045,0.1775,22.1931,12.096
0,-0.0425,0.1775,23.3406,12.096
0,-0.04,0.1775,22.663,12.096
0,-0.0375,0.1775,22.4921,12.112
0,-0.035,0.1775,23.133,12.112
0,-0.0325,0.1775,22.5288,12.112
0,-0.03,0.1775,23.7678,12.096
0,-0.0275,0.1775,23.8655,12.096
0,-0.025,0.1775,23.2734,12.096
0,-0.0225,0.1775,23.4016,12.096
0,-0.02,0.1775,23.7739,12.096
0,-0.0175,0.1775,23.249,12.112
0,-0.015,0.1775,24.5918,12.08
0,-0.0125,0.1775,24.366,12.112
0,-0.01,0.1775,24.4514,12.096
0,-0.0075,0.1775,25.251,12.08
0,-0.005,0.1775,23.78,12.064
0,-0.0025,0.1775,24.0852,12.096
0,0,0.1775,24.4392,12.096
0,0.0025,0.1775,23.7129,12.112
0,0.005,0.1775,24.3965,12.096
0,0.0075,0.1775,23.4748,12.096
0,0.01,0.1775,24.1279,12.112
0,0.0125,0.1775,23.3589,12.096
0,0.015,0.1775,24.0242,12.112
0,0.0175,0.1775,23.7068,12.112
0,0.02,0.1775,24.0425,12.112
0,0.0225,0.1775,23.8411,12.128
0,0.025,0.1775,24.0669,12.112
0,0.0275,0.1775,24.2866,12.144
0,0.03,0.1775,23.0964,12.112
0,0.0325,0.1775,23.0537,12.128
0,0.035,0.1775,22.1992,12.112
0,0.0375,0.1775,23.3283,12.128
0,0.04,0.1775,23.0293,12.144
0,0.0425,0.1775,23.1025,12.128
0,0.045,0.1775,22.4067,12.128
0,0.0475,0.1775,22.602,12.144
0,0.05,0.1775,22.8339,12.128
0,0.0525,0.1775,21.1432,12.144
0,0.055,0.1775,21.8207,12.144
0,0.0575,0.1775,21.6803,12.144
0,0.06,0.1775,21.1921,12.144
0,0.0625,0.1775,21.4484,12.16
0,0.065,0.1775,21.5461,12.16
0,0.0675,0.1775,20.9662,12.128
0,0.07,0.1775,21.7292,12.144
0,0.0725,0.1775,20.838,12.16
0,0.075,0.1775,21.0089,12.16
0,0.0775,0.1775,20.0323,12.16
0,0.08,0.1775,19.9225,12.144
0,0.0825,0.1775,20.2216,12.16
0,0.085,0.1775,20.0262,12.16
0,0.0875,0.1775,18.8177,12.144
0,0.09,0.1775,19.5196,12.192
0,0.0925,0.1775,18.9581,12.192
0,0.095,0.1775,19.0313,12.16
0,0.0975,0.1775,19.0435,12.192
0,0.1,0.1775,18.2928,12.192
0,0.1025,0.1775,19.599,12.24
0,0.105,0.1775,18.4027,12.192
0,0.1075,0.1775,17.6214,12.208
0,0.11,0.1775,18.0792,12.208
0,0.1125,0.1775,16.9073,12.24
0,0.115,0.1775,16.834,12.224
0,0.1175,0.1775,16.895,12.208
0,0.12,0.1775,16.0649,12.256
0,0.1225,0.1775,16.0772,12.256
0,0.125,0.1775,15.2776,12.224
0,0.1275,0.1775,16.1626,12.256
0,0.13,0.1775,15.4118,12.272
0,0.1325,0.1775,15.8147,12.256
0,0.135,0.1775,14.7588,12.272
0,0.1375,0.1775,14.8137,12.304
0,0.14,0.1775,15.7353,12.304
0,0.1425,0.1775,13.9531,12.272
0,0.145,0.1775,15.0029,12.272
0,0.1475,0.1775,13.3976,12.272
0,0.15,0.1775,13.0009,12.32
0,0.1525,0.1775,13.0985,12.32
0,0.155,0.1775,13.2572,12.288
0,0.1575,0.1775,13.3732,12.352
0,0.16,0.1775,12.8056,12.304
0,0.1625,0.1775,12.6102,12.32
0,0.165,0.1775,12.4516,12.336
0,0.1675,0.1775,12.299,12.368
0,0.17,0.1775,11.9999,12.352
0,0.1725,0.1775,11.5909,12.336
0,0.175,0.1775,10.8097,12.352
0,0.1775,0.1775,11.6337,12.368
0,0.18,0.1775,11.1881,12.384
0,0.1825,0.1775,10.8036,12.416
0,0.185,0.1775,11.0904,12.368
0,0.1875,0.1775,10.8219,12.384
0,0.19,0.1775,10.4801,12.352
0,0.1925,0.1775,10.5289,12.4
0,0.195,0.1775,9.93072,12.416
0,0.1975,0.1775,10.0406,12.416
0,0.2,0.1775,9.32035,12.464
0,-0.2,0.18,8.75881,12.208
0,-0.1975,0.18,9.03348,12.24
0,-0.195,0.18,9.7354,12.24
0,-0.1925,0.18,9.8941,12.24
0,-0.19,0.18,9.44853,12.256
0,-0.1875,0.18,9.66216,12.208
0,-0.185,0.18,10.1688,12.208
0,-0.1825,0.18,9.82086,12.272
0,-0.18,0.18,9.21049,12.208
0,-0.1775,0.18,9.94293,12.224
0,-0.175,0.18,10.95,12.208
0,-0.1725,0.18,11.2064,12.208
0,-0.17,0.18,11.5543,12.208
0,-0.1675,0.18,10.9745,12.224
0,-0.165,0.18,10.7974,12.208
0,-0.1625,0.18,11.7557,12.192
0,-0.16,0.18,11.4994,12.192
0,-0.1575,0.18,12.122,12.176
0,-0.155,0.18,12.3295,12.192
0,-0.1525,0.18,11.4994,12.16
0,-0.15,0.18,12.2135,12.16
0,-0.1475,0.18,12.4149,12.16
0,-0.145,0.18,12.7873,12.144
0,-0.1425,0.18,12.2868,12.176
0,-0.14,0.18,13.4831,12.144
0,-0.1375,0.18,13.3549,12.16
0,-0.135,0.18,13.3671,12.16
0,-0.1325,0.18,14.1911,12.144
0,-0.13,0.18,14.4169,12.144
0,-0.1275,0.18,14.3193,12.128
0,-0.125,0.18,15.1433,12.144
0,-0.1225,0.18,15.9978,12.128
0,-0.12,0.18,15.1372,12.16
0,-0.1175,0.18,15.3508,12.144
0,-0.115,0.18,16.1138,12.144
0,-0.1125,0.18,15.5766,12.144
0,-0.11,0.18,15.3691,12.112
0,-0.1075,0.18,16.3274,12.112
0,-0.105,0.18,16.1382,12.128
0,-0.1025,0.18,16.8096,12.128
0,-0.1,0.18,17.6031,12.112
0,-0.0975,0.18,17.9693,12.128
0,-0.095,0.18,17.4017,12.144
0,-0.0925,0.18,18.3905,12.112
0,-0.09,0.18,17.6092,12.128
0,-0.0875,0.18,18.1158,12.128
0,-0.085,0.18,17.8838,12.128
0,-0.0825,0.18,18.9459,12.144
0,-0.08,0.18,18.8238,12.112
0,-0.0775,0.18,18.8971,12.112
0,-0.075,0.18,18.2684,12.112
0,-0.0725,0.18,19.8492,12.096
0,-0.07,0.18,18.7994,12.112
0,-0.0675,0.18,19.9713,12.128
0,-0.065,0.18,20.1727,12.128
0,-0.0625,0.18,20.1117,12.112
0,-0.06,0.18,21.1859,12.128
0,-0.0575,0.18,21.0883,12.128
0,-0.055,0.18,21.2104,12.112
0,-0.0525,0.18,21.5217,12.128
0,-0.05,0.18,21.4789,12.096
0,-0.0475,0.18,21.5583,12.112
0,-0.045,0.18,22.8401,12.112
0,-0.0425,0.18,20.8502,12.096
0,-0.04,0.18,22.6325,12.128
0,-0.0375,0.18,23.2795,12.112
0,-0.035,0.18,22.0161,12.112
0,-0.0325,0.18,22.3701,12.112
0,-0.03,0.18,23.1758,12.112
0,-0.0275,0.18,22.5349,12.08
0,-0.025,0.18,22.8217,12.096
0,-0.0225,0.18,22.3823,12.08
0,-0.02,0.18,22.6997,12.112
0,-0.0175,0.18,22.3518,12.128
0,-0.015,0.18,22.7851,12.112
0,-0.0125,0.18,24.0852,12.096
0,-0.01,0.18,24.1707,12.096
0,-0.0075,0.18,23.072,12.128
0,-0.005,0.18,22.6875,12.096
0,-0.0025,0.18,23.3283,12.096
0,0,0.18,24.073,12.096
0,0.0025,0.18,23.2978,12.128
0,0.005,0.18,23.6274,12.112
0,0.0075,0.18,23.1391,12.112
0,0.01,0.18,23.896,12.112
0,0.0125,0.18,23.5298,12.112
0,0.015,0.18,23.1086,12.128
0,0.0175,0.18,23.3467,12.128
0,0.02,0.18,23.6518,12.112
0,0.0225,0.18,22.602,12.128
0,0.025,0.18,22.6447,12.144
0,0.0275,0.18,23.4199,12.128
0,0.03,0.18,22.132,12.128
0,0.0325,0.18,22.3334,12.128
0,0.035,0.18,21.8879,12.128
0,0.0375,0.18,22.3762,12.128
0,0.04,0.18,22.3518,12.144
0,0.0425,0.18,21.778,12.128
0,0.045,0.18,21.9062,12.144
0,0.0475,0.18,21.2958,12.144
0,0.05,0.18,21.0944,12.144
0,0.0525,0.18,21.7963,12.144
0,0.055,0.18,21.3202,12.128
0,0.0575,0.18,21.2836,12.144
0,0.06,0.18,21.5583,12.144
0,0.0625,0.18,20.8136,12.192
0,0.065,0.18,21.8513,12.144
0,0.0675,0.18,20.0507,12.16
0,0.07,0.18,20.2033,12.16
0,0.0725,0.18,19.8492,12.176
0,0.075,0.18,20.4535,12.144
0,0.0775,0.18,19.8004,12.16
0,0.08,0.18,19.5685,12.16
0,0.0825,0.18,20.0568,12.16
0,0.085,0.18,19.5318,12.176
0,0.0875,0.18,18.9032,12.176
0,0.09,0.18,19.0619,12.192
0,0.0925,0.18,18.4271,12.176
0,0.095,0.18,18.9947,12.192
0,0.0975,0.18,18.2257,12.192
0,0.1,0.18,18.2562,12.224
0,0.1025,0.18,16.8706,12.208
0,0.105,0.18,16.7119,12.256
0,0.1075,0.18,17.4261,12.224
0,0.11,0.18,17.5604,12.24
0,0.1125,0.18,16.6753,12.208
0,0.115,0.18,17.243,12.208
0,0.1175,0.18,16.6082,12.192
0,0.12,0.18,16.4006,12.24
0,0.1225,0.18,16.0527,12.256
0,0.125,0.18,16.6875,12.256
0,0.1275,0.18,14.5146,12.256
0,0.13,0.18,15.6621,12.256
0,0.1325,0.18,14.716,12.304
0,0.135,0.18,14.7099,12.272
0,0.1375,0.18,14.4841,12.304
0,0.14,0.18,14.3559,12.272
0,0.1425,0.18,14.5573,12.304
0,0.145,0.18,15.0029,12.288
0,0.1475,0.18,13.477,12.32
0,0.15,0.18,13.4953,12.304
0,0.1525,0.18,12.8666,12.304
0,0.155,0.18,13.4098,12.304
0,0.1575,0.18,12.9704,12.336
0,0.16,0.18,12.8239,12.32
0,0.1625,0.18,11.6947,12.32
0,0.165,0.18,12.2745,12.352
0,0.1675,0.18,11.8595,12.336
0,0.17,0.18,11.7801,12.32
0,0.1725,0.18,11.951,12.336
0,0.175,0.18,11.829,12.384
0,0.1775,0.18,11.1454,12.368
0,0.18,0.18,11.3529,12.352
0,0.1825,0.18,10.6265,12.352
0,0.185,0.18,10.3275,12.368
0,0.1875,0.18,10.6449,12.432
0,0.19,0.18,10.4251,12.432
0,0.1925,0.18,10.0772,12.384
0,0.195,0.18,9.05179,12.384
0,0.1975,0.18,9.14335,12.384
0,0.2,0.18,9.03958,12.448
0,-0.2,0.1825,8.5757,12.224
0,-0.1975,0.1825,9.20438,12.224
0,-0.195,0.1825,9.30204,12.256
0,-0.1925,0.1825,9.01517,12.288
0,-0.19,0.1825,9.09452,12.224
0,-0.1875,0.1825,9.66216,12.192
0,-0.185,0.1825,9.64995,12.24
0,-0.1825,0.1825,10.1749,12.224
0,-0.18,0.1825,9.76592,12.224
0,-0.1775,0.1825,9.67437,12.192
0,-0.175,0.1825,9.79034,12.208
0,-0.1725,0.1825,10.5777,12.224
0,-0.17,0.1825,10.0162,12.208
0,-0.1675,0.1825,10.4923,12.224
0,-0.165,0.1825,10.5411,12.24
0,-0.1625,0.1825,11.4811,12.176
0,-0.16,0.1825,11.1515,12.24
0,-0.1575,0.1825,11.0355,12.24
0,-0.155,0.1825,11.713,12.192
0,-0.1525,0.1825,12.4088,12.16
0,-0.15,0.1825,12.7506,12.176
0,-0.1475,0.1825,12.1158,12.176
0,-0.145,0.1825,12.5309,12.176
0,-0.1425,0.1825,12.7628,12.192
0,-0.14,0.1825,13.0558,12.16
0,-0.1375,0.1825,12.7689,12.176
0,-0.135,0.1825,13.3427,12.16
0,-0.1325,0.1825,13.3061,12.192
0,-0.13,0.1825,13.5746,12.176
0,-0.1275,0.1825,13.0375,12.128
0,-0.125,0.1825,14.6367,12.16
0,-0.1225,0.1825,14.9236,12.128
0,-0.12,0.1825,14.0873,12.144
0,-0.1175,0.1825,14.7038,12.144
0,-0.115,0.1825,15.9368,12.16
0,-0.1125,0.1825,16.1199,12.128
0,-0.11,0.1825,15.1677,12.144
0,-0.1075,0.1825,16.4922,12.144
0,-0.105,0.1825,15.2043,12.144
0,-0.1025,0.1825,15.9246,12.128
0,-0.1,0.1825,16.303,12.128
0,-0.0975,0.1825,15.9673,12.144
0,-0.095,0.1825,16.7547,12.112
0,-0.0925,0.1825,17.2613,12.128
0,-0.09,0.1825,17.5054,12.144
0,-0.0875,0.1825,17.7923,12.128
0,-0.085,0.1825,17.9754,12.16
0,-0.0825,0.1825,18.3782,12.128
0,-0.08,0.1825,18.6285,12.128
0,-0.0775,0.1825,17.7679,12.112
0,-0.075,0.1825,19.0985,12.128
0,-0.0725,0.1825,19.4708,12.128
0,-0.07,0.1825,19.4098,12.128
0,-0.0675,0.1825,19.129,12.112
0,-0.065,0.1825,19.4647,12.144
0,-0.0625,0.1825,20.5817,12.112
0,-0.06,0.1825,20.5145,12.128
0,-0.0575,0.1825,19.1168,12.128
0,-0.055,0.1825,19.7272,12.112
0,-0.0525,0.1825,20.1117,12.112
0,-0.05,0.1825,20.7526,12.112
0,-0.0475,0.1825,21.6987,12.112
0,-0.045,0.1825,21.3874,12.096
0,-0.0425,0.1825,21.6132,12.128
0,-0.04,0.1825,20.8808,12.112
0,-0.0375,0.1825,21.1921,12.112
0,-0.035,0.1825,21.8207,12.096
0,-0.0325,0.1825,22.4555,12.128
0,-0.03,0.1825,22.602,12.096
0,-0.0275,0.1825,22.6569,12.112
0,-0.025,0.1825,21.7353,12.128
0,-0.0225,0.1825,22.0954,12.112
0,-0.02,0.1825,22.9682,12.128
0,-0.0175,0.1825,23.1819,12.096
0,-0.015,0.1825,22.3395,12.096
0,-0.0125,0.1825,22.7119,12.096
0,-0.01,0.1825,22.3518,12.112
0,-0.0075,0.1825,22.1076,12.128
0,-0.005,0.1825,22.602,12.096
0,-0.0025,0.1825,21.9794,12.112
0,0,0.1825,22.9072,12.128
0,0.0025,0.1825,22.5837,12.112
0,0.005,0.1825,22.3212,12.128
0,0.0075,0.1825,22.9865,12.112
0,0.01,0.1825,22.2541,12.144
0,0.0125,0.1825,22.4128,12.144
0,0.015,0.1825,22.5776,12.128
0,0.0175,0.1825,22.3518,12.112
0,0.02,0.1825,21.2226,12.128
0,0.0225,0.1825,22.2541,12.128
0,0.025,0.1825,21.6193,12.112
0,0.0275,0.1825,21.7048,12.128
0,0.03,0.1825,21.6376,12.128
0,0.0325,0.1825,22.0161,12.144
0,0.035,0.1825,21.601,12.128
0,0.0375,0.1825,20.8258,12.128
0,0.04,0.1825,20.838,12.16
0,0.0425,0.1825,21.7292,12.16
0,0.045,0.1825,20.6183,12.16
0,0.0475,0.1825,20.13,12.16
0,0.05,0.1825,21.2409,12.144
0,0.0525,0.1825,20.6671,12.144
0,0.055,0.1825,21.0578,12.16
0,0.0575,0.1825,20.4413,12.176
0,0.06,0.1825,20.13,12.16
0,0.0625,0.1825,19.7943,12.128
0,0.065,0.1825,20.1483,12.16
0,0.0675,0.1825,20.5756,12.16
0,0.07,0.1825,20.5267,12.16
0,0.0725,0.1825,20.1056,12.144
0,0.075,0.1825,19.6417,12.176
0,0.0775,0.1825,18.659,12.176
0,0.08,0.1825,18.952,12.176
0,0.0825,0.1825,18.6102,12.176
0,0.085,0.1825,18.3599,12.176
0,0.0875,0.1825,18.5003,12.192
0,0.09,0.1825,18.7262,12.192
0,0.0925,0.1825,17.8106,12.208
0,0.095,0.1825,18.0792,12.192
0,0.0975,0.1825,17.4383,12.224
0,0.1,0.1825,16.9012,12.224
0,0.1025,0.1825,17.2979,12.192
0,0.105,0.1825,17.6336,12.192
0,0.1075,0.1825,16.5899,12.24
0,0.11,0.1825,16.8584,12.224
0,0.1125,0.1825,16.6204,12.208
0,0.115,0.1825,16.1931,12.224
0,0.1175,0.1825,15.6011,12.24
0,0.12,0.1825,16.8706,12.256
0,0.1225,0.1825,15.479,12.256
0,0.125,0.1825,15.247,12.256
0,0.1275,0.1825,14.3132,12.288
0,0.13,0.1825,15.0945,12.272
0,0.1325,0.1825,15.0761,12.272
0,0.135,0.1825,14.948,12.304
0,0.1375,0.1825,13.3732,12.288
0,0.14,0.1825,14.2705,12.304
0,0.1425,0.1825,13.715,12.32
0,0.145,0.1825,13.4159,12.32
0,0.1475,0.1825,13.5441,12.272
0,0.15,0.1825,13.7089,12.32
0,0.1525,0.1825,13.2084,12.304
0,0.155,0.1825,12.421,12.352
0,0.1575,0.1825,12.7934,12.304
0,0.16,0.1825,12.3051,12.32
0,0.1625,0.1825,11.7618,12.336
0,0.165,0.1825,12.2074,12.4
0,0.1675,0.1825,11.7374,12.368
0,0.17,0.1825,11.6337,12.336
0,0.1725,0.1825,10.6326,12.336
0,0.175,0.1825,10.6693,12.384
0,0.1775,0.1825,10.5716,12.368
0,0.18,0.1825,10.1199,12.352
0,0.1825,0.1825,10.9439,12.368
0,0.185,0.1825,10.7669,12.384
0,0.1875,0.1825,10.2786,12.416
0,0.19,0.1825,11.2796,12.4
0,0.1925,0.1825,9.97345,12.384
0,0.195,0.1825,10.3214,12.432
0,0.1975,0.1825,9.2349,12.432
0,0.2,0.1825,9.17386,12.432
0,-0.2,0.185,8.49635,12.24
0,-0.1975,0.185,9.12503,12.224
0,-0.195,0.185,8.84426,12.256
0,-0.1925,0.185,8.78323,12.224
0,-0.19,0.185,8.86258,12.288
0,-0.1875,0.185,9.83917,12.288
0,-0.185,0.185,10.1382,12.24
0,-0.1825,0.185,9.66826,12.224
0,-0.18,0.185,10.0345,12.224
0,-0.1775,0.185,9.26542,12.224
0,-0.175,0.185,10.1016,12.224
0,-0.1725,0.185,10.4801,12.24
0,-0.17,0.185,10.5533,12.24
0,-0.1675,0.185,10.4678,12.208
0,-0.165,0.185,11.066,12.224
0,-0.1625,0.185,10.4434,12.224
0,-0.16,0.185,11.7252,12.208
0,-0.1575,0.185,11.951,12.192
0,-0.155,0.185,12.0304,12.208
0,-0.1525,0.185,11.7679,12.192
0,-0.15,0.185,12.0914,12.208
0,-0.1475,0.185,12.2623,12.192
0,-0.145,0.185,11.6214,12.208
0,-0.1425,0.185,12.3722,12.208
0,-0.14,0.185,12.7812,12.16
0,-0.1375,0.185,14.8015,12.16
0,-0.135,0.185,12.9154,12.16
0,-0.1325,0.185,13.3488,12.16
0,-0.13,0.185,13.245,12.16
0,-0.1275,0.185,14.3437,12.176
0,-0.125,0.185,13.4281,12.176
0,-0.1225,0.185,14.124,12.144
0,-0.12,0.185,14.716,12.176
0,-0.1175,0.185,14.4658,12.176
0,-0.115,0.185,14.7893,12.144
0,-0.1125,0.185,14.4963,12.16
0,-0.11,0.185,15.3752,12.144
0,-0.1075,0.185,14.8991,12.112
0,-0.105,0.185,15.833,12.112
0,-0.1025,0.185,15.6316,12.144
0,-0.1,0.185,16.4129,12.128
0,-0.0975,0.185,16.9866,12.128
0,-0.095,0.185,16.2053,12.128
0,-0.0925,0.185,16.1138,12.128
0,-0.09,0.185,17.4383,12.144
0,-0.0875,0.185,17.2308,12.128
0,-0.085,0.185,18.3111,12.144
0,-0.0825,0.185,17.7557,12.144
0,-0.08,0.185,17.5726,12.128
0,-0.0775,0.185,18.0975,12.128
0,-0.075,0.185,18.305,12.112
0,-0.0725,0.185,18.6346,12.112
0,-0.07,0.185,18.9947,12.128
0,-0.0675,0.185,19.4647,12.144
0,-0.065,0.185,19.4159,12.128
0,-0.0625,0.185,20.1361,12.144
0,-0.06,0.185,19.2999,12.112
0,-0.0575,0.185,19.8492,12.128
0,-0.055,0.185,19.3976,12.112
0,-0.0525,0.185,20.5329,12.144
0,-0.05,0.185,21.6987,12.096
0,-0.0475,0.185,21.0944,12.112
0,-0.045,0.185,20.9235,12.112
0,-0.0425,0.185,20.3253,12.112
0,-0.04,0.185,21.0028,12.128
0,-0.0375,0.185,20.8197,12.128
0,-0.035,0.185,21.1798,12.112
0,-0.0325,0.185,21.1921,12.144
0,-0.03,0.185,21.3996,12.128
0,-0.0275,0.185,21.7231,12.128
0,-0.025,0.185,19.9652,12.144
0,-0.0225,0.185,21.6254,12.128
0,-0.02,0.185,21.5094,12.112
0,-0.0175,0.185,21.8635,12.096
0,-0.015,0.185,21.7353,12.128
0,-0.0125,0.185,21.4728,12.112
0,-0.01,0.185,22.3884,12.144
0,-0.0075,0.185,22.3395,12.096
0,-0.005,0.185,21.4179,12.128
0,-0.0025,0.185,22.1076,12.112
0,0,0.185,22.7119,12.128
0,0.0025,0.185,22.895,12.112
0,0.005,0.185,22.1259,12.128
0,0.0075,0.185,21.2226,12.128
0,0.01,0.185,21.424,12.144
0,0.0125,0.185,22.1259,12.128
0,0.015,0.185,21.54,12.128
0,0.0175,0.185,21.4545,12.128
0,0.02,0.185,22.4372,12.144
0,0.0225,0.185,21.601,12.144
0,0.025,0.185,21.2653,12.144
0,0.0275,0.185,21.7292,12.16
0,0.03,0.185,20.7648,12.128
0,0.0325,0.185,20.4596,12.128
0,0.035,0.185,20.8625,12.16
0,0.0375,0.185,20.4047,12.16
0,0.04,0.185,21.9184,12.144
0,0.0425,0.185,20.7648,12.16
0,0.045,0.185,20.3619,12.16
0,0.0475,0.185,19.1656,12.16
0,0.05,0.185,20.2399,12.16
0,0.0525,0.185,21.6132,12.16
0,0.055,0.185,21.0578,12.144
0,0.0575,0.185,19.7394,12.144
0,0.06,0.185,19.9957,12.176
0,0.0625,0.185,20.2216,12.16
0,0.065,0.185,19.3731,12.16
0,0.0675,0.185,19.2267,12.192
0,0.07,0.185,18.366,12.16
0,0.0725,0.185,19.5624,12.176
0,0.075,0.185,19.2694,12.176
0,0.0775,0.185,18.7628,12.176
0,0.08,0.185,19.0008,12.176
0,0.0825,0.185,19.0313,12.16
0,0.085,0.185,18.4271,12.192
0,0.0875,0.185,18.1097,12.208
0,0.09,0.185,18.189,12.192
0,0.0925,0.185,17.5237,12.176
0,0.095,0.185,17.951,12.192
0,0.0975,0.185,17.3223,12.208
0,0.1,0.185,17.3101,12.192
0,0.1025,0.185,17.0476,12.224
0,0.105,0.185,16.6997,12.208
0,0.1075,0.185,17.1026,12.24
0,0.11,0.185,16.0283,12.224
0,0.1125,0.185,16.2786,12.24
0,0.115,0.185,15.7292,12.24
0,0.1175,0.185,15.6438,12.24
0,0.12,0.185,15.894,12.24
0,0.1225,0.185,15.7476,12.272
0,0.125,0.185,15.0822,12.256
0,0.1275,0.185,14.4902,12.272
0,0.13,0.185,14.4902,12.304
0,0.1325,0.185,14.4841,12.272
0,0.135,0.185,14.5573,12.288
0,0.1375,0.185,13.947,12.288
0,0.14,0.185,13.3854,12.288
0,0.1425,0.185,13.1108,12.336
0,0.145,0.185,13.6662,12.288
0,0.1475,0.185,12.5126,12.32
0,0.15,0.185,12.6408,12.352
0,0.1525,0.185,12.299,12.352
0,0.155,0.185,12.3539,12.304
0,0.1575,0.185,12.7445,12.304
0,0.16,0.185,11.8534,12.336
0,0.1625,0.185,11.2491,12.304
0,0.165,0.185,11.6214,12.368
0,0.1675,0.185,11.7618,12.336
0,0.17,0.185,11.3285,12.352
0,0.1725,0.185,11.5665,12.352
0,0.175,0.185,11.8046,12.336
0,0.1775,0.185,9.83917,12.368
0,0.18,0.185,10.5655,12.384
0,0.1825,0.185,9.80255,12.416
0,0.185,0.185,10.4434,12.384
0,0.1875,0.185,9.95514,12.368
0,0.19,0.185,10.2664,12.448
0,0.1925,0.185,9.66216,12.432
0,0.195,0.185,8.99075,12.48
0,0.1975,0.185,9.13724,12.432
0,0.2,0.185,8.85647,12.448
0,-0.2,0.1875,8.2461,12.208
0,-0.1975,0.1875,8.92972,12.256
0,-0.195,0.1875,9.38139,12.256
0,-0.1925,0.1875,8.77102,12.24
0,-0.19,0.1875,8.55739,12.256
0,-0.1875,0.1875,8.72829,12.24
0,-0.185,0.1875,9.42412,12.224
0,-0.1825,0.1875,8.96023,12.272
0,-0.18,0.1875,8.64284,12.224
0,-0.1775,0.1875,9.82696,12.224
0,-0.175,0.1875,10.0406,12.224
0,-0.1725,0.1875,9.82696,12.24
0,-0.17,0.1875,10.0589,12.208
0,-0.1675,0.1875,11.3956,12.224
0,-0.165,0.1875,10.5228,12.24
0,-0.1625,0.1875,11.182,12.224
0,-0.16,0.1875,11.5604,12.208
0,-0.1575,0.1875,11.42,12.224
0,-0.155,0.1875,11.1515,12.192
0,-0.1525,0.1875,11.3163,12.176
0,-0.15,0.1875,11.475,12.192
0,-0.1475,0.1875,11.9266,12.208
0,-0.145,0.1875,11.7374,12.208
0,-0.1425,0.1875,12.0548,12.192
0,-0.14,0.1875,12.5004,12.208
0,-0.1375,0.1875,12.8971,12.192
0,-0.135,0.1875,12.7628,12.16
0,-0.1325,0.1875,12.7812,12.16
0,-0.13,0.1875,13.7272,12.192
0,-0.1275,0.1875,13.2878,12.176
0,-0.125,0.1875,13.8798,12.128
0,-0.1225,0.1875,14.1789,12.144
0,-0.12,0.1875,14.423,12.176
0,-0.1175,0.1875,14.4902,12.144
0,-0.115,0.1875,14.4536,12.16
0,-0.1125,0.1875,13.8432,12.16
0,-0.11,0.1875,14.3986,12.144
0,-0.1075,0.1875,15.1555,12.16
0,-0.105,0.1875,14.9174,12.144
0,-0.1025,0.1875,15.595,12.16
0,-0.1,0.1875,15.8086,12.144
0,-0.0975,0.1875,14.4902,12.144
0,-0.095,0.1875,15.479,12.128
0,-0.0925,0.1875,16.5471,12.144
0,-0.09,0.1875,15.6316,12.16
0,-0.0875,0.1875,17.6214,12.144
0,-0.085,0.1875,16.7913,12.112
0,-0.0825,0.1875,16.7241,12.128
0,-0.08,0.1875,16.4068,12.112
0,-0.0775,0.1875,18.1341,12.128
0,-0.075,0.1875,18.2745,12.128
0,-0.0725,0.1875,18.2073,12.112
0,-0.07,0.1875,17.8167,12.112
0,-0.0675,0.1875,18.3355,12.144
0,-0.065,0.1875,18.2806,12.128
0,-0.0625,0.1875,18.1036,12.144
0,-0.06,0.1875,18.543,12.144
0,-0.0575,0.1875,19.2511,12.128
0,-0.055,0.1875,19.0863,12.144
0,-0.0525,0.1875,19.8675,12.112
0,-0.05,0.1875,20.1666,12.144
0,-0.0475,0.1875,20.4474,12.112
0,-0.045,0.1875,19.7089,12.128
0,-0.0425,0.1875,19.8492,12.128
0,-0.04,0.1875,20.0385,12.112
0,-0.0375,0.1875,20.7221,12.128
0,-0.035,0.1875,19.9835,12.128
0,-0.0325,0.1875,20.8075,12.112
0,-0.03,0.1875,21.4057,12.112
0,-0.0275,0.1875,20.7892,12.128
0,-0.025,0.1875,20.7099,12.128
0,-0.0225,0.1875,21.1188,12.128
0,-0.02,0.1875,21.1432,12.128
0,-0.0175,0.1875,19.8859,12.112
0,-0.015,0.1875,21.7231,12.128
0,-0.0125,0.1875,21.2958,12.112
0,-0.01,0.1875,20.8258,12.128
0,-0.0075,0.1875,21.3569,12.128
0,-0.005,0.1875,21.4972,12.128
0,-0.0025,0.1875,20.8869,12.128
0,0,0.1875,20.9723,12.128
0,0.0025,0.1875,22.1442,12.096
0,0.005,0.1875,20.7343,12.128
0,0.0075,0.1875,20.9113,12.144
0,0.01,0.1875,20.7831,12.144
0,0.0125,0.1875,21.1676,12.144
0,0.015,0.1875,20.6305,12.144
0,0.0175,0.1875,20.8197,12.128
0,0.02,0.1875,21.2592,12.128
0,0.0225,0.1875,21.131,12.144
0,0.025,0.1875,21.1066,12.144
0,0.0275,0.1875,20.8747,12.16
0,0.03,0.1875,20.4596,12.144
0,0.0325,0.1875,20.8014,12.16
0,0.035,0.1875,21.0761,12.144
0,0.0375,0.1875,21.2836,12.144
0,0.04,0.1875,20.9052,12.16
0,0.0425,0.1875,20.1422,12.144
0,0.045,0.1875,20.6183,12.176
0,0.0475,0.1875,19.6966,12.176
0,0.05,0.1875,19.3121,12.16
0,0.0525,0.1875,19.3548,12.176
0,0.055,0.1875,19.9713,12.128
0,0.0575,0.1875,20.246,12.16
0,0.06,0.1875,19.4891,12.16
0,0.0625,0.1875,19.4891,12.176
0,0.065,0.1875,18.7201,12.176
0,0.0675,0.1875,19.7333,12.176
0,0.07,0.1875,18.714,12.176
0,0.0725,0.1875,19.1534,12.176
0,0.075,0.1875,18.6285,12.176
0,0.0775,0.1875,18.0425,12.176
0,0.08,0.1875,17.2979,12.24
0,0.0825,0.1875,17.3223,12.192
0,0.085,0.1875,17.8045,12.208
0,0.0875,0.1875,16.3701,12.192
0,0.09,0.1875,16.8523,12.208
0,0.0925,0.1875,18.2073,12.192
0,0.095,0.1875,17.3589,12.208
0,0.0975,0.1875,16.5899,12.208
0,0.1,0.1875,15.7231,12.24
0,0.1025,0.1875,16.3274,12.208
0,0.105,0.1875,15.5095,12.24
0,0.1075,0.1875,16.9195,12.24
0,0.11,0.1875,16.0222,12.24
0,0.1125,0.1875,16.0833,12.24
0,0.115,0.1875,15.2776,12.224
0,0.1175,0.1875,14.8564,12.256
0,0.12,0.1875,14.7954,12.272
0,0.1225,0.1875,15.0273,12.272
0,0.125,0.1875,14.716,12.256
0,0.1275,0.1875,14.6733,12.304
0,0.13,0.1875,14.4108,12.256
0,0.1325,0.1875,14.5451,12.272
0,0.135,0.1875,14.0385,12.288
0,0.1375,0.1875,14.0629,12.32
0,0.14,0.1875,13.6296,12.32
0,0.1425,0.1875,12.9887,12.304
0,0.145,0.1875,12.9154,12.352
0,0.1475,0.1875,13.4831,12.32
0,0.15,0.1875,12.5004,12.32
0,0.1525,0.1875,12.9215,12.336
0,0.155,0.1875,11.7252,12.352
0,0.1575,0.1875,11.1026,12.352
0,0.16,0.1875,11.774,12.336
0,0.1625,0.1875,11.8412,12.352
0,0.165,0.1875,11.1759,12.352
0,0.1675,0.1875,11.6947,12.352
0,0.17,0.1875,10.6754,12.352
0,0.1725,0.1875,11.6703,12.336
0,0.175,0.1875,9.79644,12.384
0,0.1775,0.1875,9.27152,12.4
0,0.18,0.1875,10.7425,12.4
0,0.1825,0.1875,10.126,12.416
0,0.185,0.1875,10.3702,12.384
0,0.1875,0.1875,9.4058,12.432
0,0.19,0.1875,9.45463,12.432
0,0.1925,0.1875,9.00906,12.4
0,0.195,0.1875,8.80764,12.448
0,0.1975,0.1875,9.03348,12.448
0,0.2,0.1875,8.92972,12.48
0,-0.2,0.19,8.45973,12.256
0,-0.1975,0.19,8.19117,12.24
0,-0.195,0.19,8.8992,12.24
0,-0.1925,0.19,8.18506,12.224
0,-0.19,0.19,8.72829,12.24
0,-0.1875,0.19,9.10062,12.256
0,-0.185,0.19,8.52077,12.256
0,-0.1825,0.19,9.71709,12.224
0,-0.18,0.19,9.29594,12.24
0,-0.1775,0.19,9.61333,12.24
0,-0.175,0.19,11.2247,12.24
0,-0.1725,0.19,10.2969,12.24
0,-0.17,0.19,9.77203,12.256
0,-0.1675,0.19,10.0711,12.208
0,-0.165,0.19,9.93683,12.256
0,-0.1625,0.19,10.3092,12.24
0,-0.16,0.19,11.1209,12.288
0,-0.1575,0.19,10.1749,12.24
0,-0.155,0.19,10.2664,12.192
0,-0.1525,0.19,11.7557,12.208
0,-0.15,0.19,10.9684,12.176
0,-0.1475,0.19,12.067,12.24
0,-0.145,0.19,12.0182,12.208
0,-0.1425,0.19,12.2684,12.192
0,-0.14,0.19,11.3529,12.192
0,-0.1375,0.19,12.1464,12.192
0,-0.135,0.19,14.0202,12.16
0,-0.1325,0.19,13.6113,12.176
0,-0.13,0.19,13.123,12.192
0,-0.1275,0.19,13.7211,12.192
0,-0.125,0.19,13.3854,12.176
0,-0.1225,0.19,13.6662,12.192
0,-0.12,0.19,13.3366,12.144
0,-0.1175,0.19,13.361,12.16
0,-0.115,0.19,14.2827,12.16
0,-0.1125,0.19,13.9348,12.144
0,-0.11,0.19,14.7526,12.144
0,-0.1075,0.19,14.7954,12.16
0,-0.105,0.19,14.7771,12.16
0,-0.1025,0.19,16.187,12.144
0,-0.1,0.19,15.8452,12.128
0,-0.0975,0.19,15.949,12.128
0,-0.095,0.19,15.4668,12.144
0,-0.0925,0.19,15.8635,12.128
0,-0.09,0.19,16.0772,12.128
0,-0.0875,0.19,15.894,12.144
0,-0.085,0.19,16.4739,12.144
0,-0.0825,0.19,16.7425,12.128
0,-0.08,0.19,17.1514,12.16
0,-0.0775,0.19,17.2185,12.144
0,-0.075,0.19,17.1392,12.128
0,-0.0725,0.19,16.6814,12.144
0,-0.07,0.19,17.4383,12.128
0,-0.0675,0.19,17.5176,12.16
0,-0.065,0.19,18.2684,12.128
0,-0.0625,0.19,18.2684,12.144
0,-0.06,0.19,19.0069,12.144
0,-0.0575,0.19,18.2623,12.112
0,-0.055,0.19,18.6773,12.112
0,-0.0525,0.19,18.5186,12.144
0,-0.05,0.19,18.6712,12.112
0,-0.0475,0.19,18.1219,12.144
0,-0.045,0.19,18.4881,12.144
0,-0.0425,0.19,20.3619,12.128
0,-0.04,0.19,18.8543,12.128
0,-0.0375,0.19,19.2389,12.112
0,-0.035,0.19,20.3009,12.144
0,-0.0325,0.19,19.8859,12.144
0,-0.03,0.19,19.8798,12.112
0,-0.0275,0.19,20.9296,12.112
0,-0.025,0.19,19.9469,12.144
0,-0.0225,0.19,20.1666,12.096
0,-0.02,0.19,20.8014,12.112
0,-0.0175,0.19,21.4667,12.144
0,-0.015,0.19,20.3925,12.128
0,-0.0125,0.19,20.5329,12.144
0,-0.01,0.19,20.7587,12.128
0,-0.0075,0.19,20.3558,12.144
0,-0.005,0.19,20.8686,12.128
0,-0.0025,0.19,20.8014,12.128
0,0,0.19,21.1737,12.128
0,0.0025,0.19,20.8563,12.128
0,0.005,0.19,21.1737,12.144
0,0.0075,0.19,21.5461,12.128
0,0.01,0.19,19.7333,12.112
0,0.0125,0.19,20.5512,12.144
0,0.015,0.19,21.0822,12.16
0,0.0175,0.19,20.777,12.144
0,0.02,0.19,20.0812,12.128
0,0.0225,0.19,20.4657,12.16
0,0.025,0.19,19.6783,12.144
0,0.0275,0.19,19.6661,12.144
0,0.03,0.19,20.0446,12.16
0,0.0325,0.19,19.5685,12.16
0,0.035,0.19,20.014,12.144
0,0.0375,0.19,19.3976,12.176
0,0.04,0.19,19.4464,12.16
0,0.0425,0.19,20.1056,12.16
0,0.045,0.19,20.0751,12.16
0,0.0475,0.19,18.6163,12.16
0,0.05,0.19,19.0313,12.16
0,0.0525,0.19,18.4271,12.16
0,0.055,0.19,18.8238,12.176
0,0.0575,0.19,19.2145,12.176
0,0.06,0.19,18.6041,12.144
0,0.0625,0.19,18.5797,12.176
0,0.065,0.19,18.3294,12.16
0,0.0675,0.19,18.1829,12.192
0,0.07,0.19,18.9154,12.192
0,0.0725,0.19,18.6346,12.176
0,0.075,0.19,18.366,12.176
0,0.0775,0.19,17.0965,12.16
0,0.08,0.19,17.7618,12.176
0,0.0825,0.19,17.0598,12.192
0,0.085,0.19,17.9266,12.176
0,0.0875,0.19,17.2552,12.208
0,0.09,0.19,16.7913,12.208
0,0.0925,0.19,17.3162,12.208
0,0.095,0.19,16.0955,12.208
0,0.0975,0.19,16.834,12.224
0,0.1,0.19,15.5889,12.192
0,0.1025,0.19,16.4312,12.224
0,0.105,0.19,17.4688,12.224
0,0.1075,0.19,15.7842,12.208
0,0.11,0.19,15.9612,12.24
0,0.1125,0.19,16.01,12.24
0,0.115,0.19,15.0884,12.24
0,0.1175,0.19,15.302,12.24
0,0.12,0.19,15.2226,12.272
0,0.1225,0.19,15.0945,12.272
0,0.125,0.19,14.9785,12.256
0,0.1275,0.19,14.3315,12.272
0,0.13,0.19,13.8371,12.288
0,0.1325,0.19,14.2216,12.304
0,0.135,0.19,14.5878,12.304
0,0.1375,0.19,13.4342,12.336
0,0.14,0.19,13.8005,12.288
0,0.1425,0.19,13.2694,12.32
0,0.145,0.19,12.714,12.336
0,0.1475,0.19,13.3305,12.32
0,0.15,0.19,12.2196,12.304
0,0.1525,0.19,11.7618,12.32
0,0.155,0.19,11.89,12.304
0,0.1575,0.19,12.5004,12.336
0,0.16,0.19,11.6092,12.368
0,0.1625,0.19,10.6265,12.368
0,0.165,0.19,11.2308,12.368
0,0.1675,0.19,11.7985,12.32
0,0.17,0.19,10.9439,12.4
0,0.1725,0.19,11.6703,12.368
0,0.175,0.19,10.3824,12.352
0,0.1775,0.19,9.83306,12.4
0,0.18,0.19,9.92462,12.368
0,0.1825,0.19,9.94903,12.416
0,0.185,0.19,9.5584,12.416
0,0.1875,0.19,10.0894,12.416
0,0.19,0.19,9.71099,12.432
0,0.1925,0.19,9.241,12.448
0,0.195,0.19,8.7466,12.448
0,0.1975,0.19,9.14335,12.464
0,0.2,0.19,8.77102,12.464
0,-0.2,0.1925,8.18506,12.256
0,-0.1975,0.1925,8.52687,12.256
0,-0.195,0.1925,8.44752,12.272
0,-0.1925,0.1925,7.9165,12.24
0,-0.19,0.1925,9.86969,12.256
0,-0.1875,0.1925,8.94192,12.304
0,-0.185,0.1925,8.75271,12.272
0,-0.1825,0.1925,9.32646,12.24
0,-0.18,0.1925,9.84527,12.256
0,-0.1775,0.1925,9.5584,12.256
0,-0.175,0.1925,8.89309,12.24
0,-0.1725,0.1925,9.79644,12.24
0,-0.17,0.1925,9.7232,12.24
0,-0.1675,0.1925,10.7059,12.208
0,-0.165,0.1925,10.2176,12.24
0,-0.1625,0.1925,10.7547,12.24
0,-0.16,0.1925,11.127,12.24
0,-0.1575,0.1925,10.4556,12.208
0,-0.155,0.1925,11.0599,12.192
0,-0.1525,0.1925,11.2308,12.208
0,-0.15,0.1925,11.3712,12.192
0,-0.1475,0.1925,11.2491,12.256
0,-0.145,0.1925,11.6337,12.208
0,-0.1425,0.1925,11.2552,12.176
0,-0.14,0.1925,12.3661,12.176
0,-0.1375,0.1925,11.475,12.192
0,-0.135,0.1925,13.0436,12.176
0,-0.1325,0.1925,12.2806,12.208
0,-0.13,0.1925,12.0304,12.176
0,-0.1275,0.1925,13.4587,12.192
0,-0.125,0.1925,12.8727,12.144
0,-0.1225,0.1925,12.7201,12.208
0,-0.12,0.1925,14.2033,12.176
0,-0.1175,0.1925,13.6601,12.176
0,-0.115,0.1925,14.2216,12.16
0,-0.1125,0.1925,14.5146,12.16
0,-0.11,0.1925,14.9358,12.16
0,-0.1075,0.1925,13.7089,12.112
0,-0.105,0.1925,15.0151,12.192
0,-0.1025,0.1925,14.948,12.128
0,-0.1,0.1925,14.8625,12.128
0,-0.0975,0.1925,15.1738,12.144
0,-0.095,0.1925,15.4424,12.144
0,-0.0925,0.1925,15.5705,12.176
0,-0.09,0.1925,15.2348,12.192
0,-0.0875,0.1925,15.9856,12.16
0,-0.085,0.1925,16.187,12.16
0,-0.0825,0.1925,15.9124,12.16
0,-0.08,0.1925,16.9866,12.112
0,-0.0775,0.1925,16.596,12.144
0,-0.075,0.1925,16.2358,12.16
0,-0.0725,0.1925,16.9073,12.128
0,-0.07,0.1925,17.7313,12.16
0,-0.0675,0.1925,17.2185,12.176
0,-0.065,0.1925,17.0171,12.128
0,-0.0625,0.1925,17.6458,12.128
0,-0.06,0.1925,18.5919,12.144
0,-0.0575,0.1925,17.2491,12.128
0,-0.055,0.1925,17.7007,12.128
0,-0.0525,0.1925,18.3599,12.128
0,-0.05,0.1925,19.4037,12.16
0,-0.0475,0.1925,18.9398,12.144
0,-0.045,0.1925,18.4515,12.128
0,-0.0425,0.1925,18.7017,12.144
0,-0.04,0.1925,18.8177,12.112
0,-0.0375,0.1925,18.9886,12.128
0,-0.035,0.1925,18.9032,12.128
0,-0.0325,0.1925,18.7323,12.112
0,-0.03,0.1925,19.6478,12.128
0,-0.0275,0.1925,19.9225,12.112
0,-0.025,0.1925,19.9286,12.112
0,-0.0225,0.1925,19.6234,12.128
0,-0.02,0.1925,20.1361,12.128
0,-0.0175,0.1925,20.4718,12.144
0,-0.015,0.1925,19.2145,12.144
0,-0.0125,0.1925,20.1178,12.112
0,-0.01,0.1925,19.9286,12.128
0,-0.0075,0.1925,19.6966,12.128
0,-0.005,0.1925,19.66,12.128
0,-0.0025,0.1925,21.1798,12.128
0,0,0.1925,20.0385,12.128
0,0.0025,0.1925,19.8981,12.112
0,0.005,0.1925,20.2033,12.128
0,0.0075,0.1925,20.1727,12.128
0,0.01,0.1925,20.2582,12.128
0,0.0125,0.1925,19.7699,12.144
0,0.015,0.1925,19.9774,12.128
0,0.0175,0.1925,19.3609,12.16
0,0.02,0.1925,19.3121,12.16
0,0.0225,0.1925,19.7272,12.144
0,0.025,0.1925,20.1239,12.144
0,0.0275,0.1925,20.0079,12.224
0,0.03,0.1925,19.9835,12.16
0,0.0325,0.1925,19.7027,12.16
0,0.035,0.1925,19.4586,12.16
0,0.0375,0.1925,19.2389,12.16
0,0.04,0.1925,22.1503,12.176
0,0.0425,0.1925,18.9947,12.16
0,0.045,0.1925,19.068,12.176
0,0.0475,0.1925,18.7811,12.176
0,0.05,0.1925,18.4454,12.176
0,0.0525,0.1925,17.8472,12.176
0,0.055,0.1925,19.1961,12.176
0,0.0575,0.1925,18.0548,12.176
0,0.06,0.1925,17.5848,12.192
0,0.0625,0.1925,19.4159,12.192
0,0.065,0.1925,17.0415,12.176
0,0.0675,0.1925,17.1392,12.176
0,0.07,0.1925,18.0303,12.208
0,0.0725,0.1925,17.3162,12.208
0,0.075,0.1925,18.2012,12.192
0,0.0775,0.1925,17.1636,12.192
0,0.08,0.1925,16.6509,12.192
0,0.0825,0.1925,16.8401,12.192
0,0.085,0.1925,16.7608,12.192
0,0.0875,0.1925,16.3396,12.208
0,0.09,0.1925,16.5288,12.208
0,0.0925,0.1925,16.5471,12.208
0,0.095,0.1925,16.6204,12.192
0,0.0975,0.1925,15.8757,12.24
0,0.1,0.1925,15.595,12.224
0,0.1025,0.1925,15.8696,12.224
0,0.105,0.1925,15.7903,12.24
0,0.1075,0.1925,15.302,12.256
0,0.11,0.1925,14.8503,12.256
0,0.1125,0.1925,14.6916,12.272
0,0.115,0.1925,14.8808,12.24
0,0.1175,0.1925,15.3325,12.256
0,0.12,0.1925,14.7038,12.24
0,0.1225,0.1925,13.2633,12.256
0,0.125,0.1925,14.5451,12.288
0,0.1275,0.1925,13.8859,12.288
0,0.13,0.1925,14.4414,12.304
0,0.1325,0.1925,13.0436,12.272
0,0.135,0.1925,13.4098,12.304
0,0.1375,0.1925,12.9765,12.288
0,0.14,0.1925,12.6713,12.288
0,0.1425,0.1925,13.0375,12.32
0,0.145,0.1925,12.6713,12.336
0,0.1475,0.1925,11.8351,12.336
0,0.15,0.1925,12.421,12.32
0,0.1525,0.1925,12.1769,12.336
0,0.155,0.1925,11.4444,12.352
0,0.1575,0.1925,11.298,12.352
0,0.16,0.1925,12.2868,12.352
0,0.1625,0.1925,11.3529,12.4
0,0.165,0.1925,11.2796,12.352
0,0.1675,0.1925,10.9928,12.368
0,0.17,0.1925,10.2298,12.368
0,0.1725,0.1925,9.91852,12.352
0,0.175,0.1925,10.8585,12.384
0,0.1775,0.1925,10.7974,12.368
0,0.18,0.1925,10.6326,12.416
0,0.1825,0.1925,9.08841,12.384
0,0.185,0.1925,8.98465,12.4
0,0.1875,0.1925,9.38749,12.4
0,0.19,0.1925,9.36918,12.416
0,0.1925,0.1925,9.74151,12.448
0,0.195,0.1925,8.59401,12.448
0,0.1975,0.1925,8.19117,12.432
0,0.2,0.1925,8.34376,12.432
0,-0.2,0.195,8.16675,13.632
0,-0.1975,0.195,8.5757,12.272
0,-0.195,0.195,8.66115,12.24
0,-0.1925,0.195,8.55129,12.256
0,-0.19,0.195,8.7466,12.272
0,-0.1875,0.195,8.81375,12.256
0,-0.185,0.195,8.417,12.256
0,-0.1825,0.195,8.61232,12.288
0,-0.18,0.195,8.92361,12.256
0,-0.1775,0.195,8.14234,12.288
0,-0.175,0.195,10.1627,12.272
0,-0.1725,0.195,9.60112,12.224
0,-0.17,0.195,9.5645,12.256
0,-0.1675,0.195,10.3275,12.256
0,-0.165,0.195,10.7242,12.24
0,-0.1625,0.195,11.7924,12.256
0,-0.16,0.195,10.1566,12.256
0,-0.1575,0.195,10.3092,12.224
0,-0.155,0.195,10.474,12.208
0,-0.1525,0.195,10.773,12.224
0,-0.15,0.195,11.5055,12.256
0,-0.1475,0.195,10.9989,12.224
0,-0.145,0.195,11.6886,12.176
0,-0.1425,0.195,11.3346,12.224
0,-0.14,0.195,11.127,12.208
0,-0.1375,0.195,11.8778,12.176
0,-0.135,0.195,11.7435,12.192
0,-0.1325,0.195,12.1525,12.16
0,-0.13,0.195,12.7201,12.224
0,-0.1275,0.195,12.3722,12.144
0,-0.125,0.195,12.8422,12.208
0,-0.1225,0.195,12.8788,12.176
0,-0.12,0.195,12.4882,12.144
0,-0.1175,0.195,13.0314,12.176
0,-0.115,0.195,15.3508,12.128
0,-0.1125,0.195,13.3,12.144
0,-0.11,0.195,13.3671,12.16
0,-0.1075,0.195,13.9592,12.176
0,-0.105,0.195,13.831,12.16
0,-0.1025,0.195,14.0446,12.128
0,-0.1,0.195,14.1545,12.144
0,-0.0975,0.195,14.5878,12.144
0,-0.095,0.195,15.1067,12.16
0,-0.0925,0.195,15.5583,12.144
0,-0.09,0.195,15.4912,12.16
0,-0.0875,0.195,15.4485,12.144
0,-0.085,0.195,15.4118,12.128
0,-0.0825,0.195,16.3091,12.144
0,-0.08,0.195,15.9368,12.144
0,-0.0775,0.195,16.1565,12.144
0,-0.075,0.195,15.9124,12.144
0,-0.0725,0.195,16.8279,12.16
0,-0.07,0.195,16.8828,12.128
0,-0.0675,0.195,16.5044,12.128
0,-0.065,0.195,16.8889,12.112
0,-0.0625,0.195,17.3833,12.144
0,-0.06,0.195,16.2053,12.144
0,-0.0575,0.195,17.3589,12.128
0,-0.055,0.195,17.8472,12.128
0,-0.0525,0.195,17.8472,12.128
0,-0.05,0.195,17.5054,12.128
0,-0.0475,0.195,18.0792,12.128
0,-0.045,0.195,18.0609,12.144
0,-0.0425,0.195,18.5247,12.128
0,-0.04,0.195,18.6224,12.144
0,-0.0375,0.195,18.2684,12.128
0,-0.035,0.195,18.2318,12.144
0,-0.0325,0.195,19.1534,12.128
0,-0.03,0.195,18.4332,12.128
0,-0.0275,0.195,18.9337,12.128
0,-0.025,0.195,19.2511,12.144
0,-0.0225,0.195,19.1595,12.128
0,-0.02,0.195,18.7811,12.128
0,-0.0175,0.195,19.4098,12.128
0,-0.015,0.195,19.4342,12.128
0,-0.0125,0.195,19.9408,12.112
0,-0.01,0.195,18.7811,12.128
0,-0.0075,0.195,20.1178,12.144
0,-0.005,0.195,20.3436,12.128
0,-0.0025,0.195,19.4037,12.112
0,0,0.195,19.9591,12.128
0,0.0025,0.195,19.6905,12.112
0,0.005,0.195,20.1666,12.144
0,0.0075,0.195,19.3609,12.16
0,0.01,0.195,18.8726,12.128
0,0.0125,0.195,20.0507,12.16
0,0.015,0.195,18.2867,12.16
0,0.0175,0.195,19.2694,12.144
0,0.02,0.195,19.2022,12.144
0,0.0225,0.195,20.2338,12.16
0,0.025,0.195,19.2816,12.16
0,0.0275,0.195,18.8726,12.16
0,0.03,0.195,19.0069,12.16
0,0.0325,0.195,19.4769,12.16
0,0.035,0.195,19.1778,12.192
0,0.0375,0.195,18.7811,12.16
0,0.04,0.195,19.1717,12.176
0,0.0425,0.195,18.4027,12.176
0,0.045,0.195,18.4332,12.192
0,0.0475,0.195,17.7984,12.192
0,0.05,0.195,19.2816,12.192
0,0.0525,0.195,17.9815,12.176
0,0.055,0.195,18.2134,12.208
0,0.0575,0.195,17.5542,12.16
0,0.06,0.195,17.9327,12.192
0,0.0625,0.195,17.2185,12.192
0,0.065,0.195,19.7027,12.176
0,0.0675,0.195,17.2735,12.192
0,0.07,0.195,17.3772,12.176
0,0.0725,0.195,17.4505,12.176
0,0.075,0.195,17.7252,12.192
0,0.0775,0.195,16.1504,12.192
0,0.08,0.195,16.4617,12.208
0,0.0825,0.195,16.6509,12.176
0,0.085,0.195,15.7842,12.208
0,0.0875,0.195,16.2664,12.208
0,0.09,0.195,16.0588,12.192
0,0.0925,0.195,16.1748,12.256
0,0.095,0.195,15.8025,12.224
0,0.0975,0.195,15.1494,12.208
0,0.1,0.195,15.1433,12.224
0,0.1025,0.195,15.5278,12.24
0,0.105,0.195,14.6001,12.256
0,0.1075,0.195,15.6499,12.24
0,0.11,0.195,14.893,12.24
0,0.1125,0.195,14.8869,12.256
0,0.115,0.195,13.9958,12.272
0,0.1175,0.195,14.3559,12.256
0,0.12,0.195,13.9714,12.288
0,0.1225,0.195,13.4159,12.272
0,0.125,0.195,12.8666,12.288
0,0.1275,0.195,13.6235,12.272
0,0.13,0.195,13.1169,12.288
0,0.1325,0.195,13.5197,12.288
0,0.135,0.195,12.6896,12.304
0,0.1375,0.195,12.4943,12.304
0,0.14,0.195,12.8178,12.336
0,0.1425,0.195,12.3234,12.288
0,0.145,0.195,12.3539,12.304
0,0.1475,0.195,11.8412,12.32
0,0.15,0.195,11.713,12.336
0,0.1525,0.195,11.4811,12.352
0,0.155,0.195,11.2857,12.352
0,0.1575,0.195,11.1759,12.352
0,0.16,0.195,11.2186,12.352
0,0.1625,0.195,11.0416,12.368
0,0.165,0.195,11.7862,12.368
0,0.1675,0.195,10.474,12.368
0,0.17,0.195,10.8768,12.384
0,0.1725,0.195,10.1871,12.368
0,0.175,0.195,10.1566,12.384
0,0.1775,0.195,9.63164,12.368
0,0.18,0.195,9.11283,12.384
0,0.1825,0.195,8.9053,12.4
0,0.185,0.195,10.0467,12.4
0,0.1875,0.195,9.241,12.464
0,0.19,0.195,8.54518,12.464
0,0.1925,0.195,8.47804,12.448
0,0.195,0.195,8.30714,12.4
0,0.1975,0.195,8.9053,12.432
0,0.2,0.195,8.09961,12.528
0,-0.2,0.1975,7.55638,12.256
0,-0.1975,0.1975,8.43532,12.272
0,-0.195,0.1975,8.55739,12.272
0,-0.1925,0.1975,8.19727,12.32
0,-0.19,0.1975,9.36308,12.256
0,-0.1875,0.1975,7.80663,12.32
0,-0.185,0.1975,8.61843,12.256
0,-0.1825,0.1975,8.38038,12.32
0,-0.18,0.1975,8.52687,12.272
0,-0.1775,0.1975,9.00906,12.24
0,-0.175,0.1975,9.64995,12.256
0,-0.1725,0.1975,9.11893,12.224
0,-0.17,0.1975,8.9114,12.224
0,-0.1675,0.1975,10.5472,12.224
0,-0.165,0.1975,9.91852,12.24
0,-0.1625,0.1975,10.2969,12.224
0,-0.16,0.1975,10.5594,12.256
0,-0.1575,0.1975,10.5533,12.24
0,-0.155,0.1975,11.0538,12.208
0,-0.1525,0.1975,10.651,12.224
0,-0.15,0.1975,10.4129,12.192
0,-0.1475,0.1975,9.87579,12.224
0,-0.145,0.1975,10.8219,12.224
0,-0.1425,0.1975,11.1576,12.208
0,-0.14,0.1975,11.4566,12.208
0,-0.1375,0.1975,11.7618,12.192
0,-0.135,0.1975,11.6153,12.176
0,-0.1325,0.1975,12.3173,12.16
0,-0.13,0.1975,12.5431,12.176
0,-0.1275,0.1975,12.1647,12.176
0,-0.125,0.1975,12.3112,12.208
0,-0.1225,0.1975,12.1525,12.144
0,-0.12,0.1975,12.7262,12.16
0,-0.1175,0.1975,13.4648,12.144
0,-0.115,0.1975,13.6845,12.16
0,-0.1125,0.1975,12.9398,12.144
0,-0.11,0.1975,13.1535,12.128
0,-0.1075,0.1975,14.124,12.16
0,-0.105,0.1975,14.7649,12.144
0,-0.1025,0.1975,14.4292,12.128
0,-0.1,0.1975,14.3925,12.128
0,-0.0975,0.1975,13.9897,12.144
0,-0.095,0.1975,14.3986,12.128
0,-0.0925,0.1975,14.3925,12.144
0,-0.09,0.1975,15.0639,12.128
0,-0.0875,0.1975,15.2226,12.128
0,-0.085,0.1975,15.772,12.144
0,-0.0825,0.1975,14.8259,12.144
0,-0.08,0.1975,15.4424,12.144
0,-0.0775,0.1975,15.479,12.112
0,-0.075,0.1975,15.8269,12.144
0,-0.0725,0.1975,15.9734,12.144
0,-0.07,0.1975,16.7486,12.16
0,-0.0675,0.1975,17.4749,12.128
0,-0.065,0.1975,19.8737,12.128
0,-0.0625,0.1975,17.0171,12.144
0,-0.06,0.1975,17.0293,12.144
0,-0.0575,0.1975,17.2124,12.112
0,-0.055,0.1975,16.8645,12.128
0,-0.0525,0.1975,17.5665,12.112
0,-0.05,0.1975,17.0965,12.144
0,-0.0475,0.1975,18.2928,12.128
0,-0.045,0.1975,19.0802,12.128
0,-0.0425,0.1975,17.6397,12.112
0,-0.04,0.1975,18.4698,12.144
0,-0.0375,0.1975,17.3162,12.144
0,-0.035,0.1975,18.2928,12.128
0,-0.0325,0.1975,18.4576,12.128
0,-0.03,0.1975,18.5919,12.112
0,-0.0275,0.1975,18.5125,12.128
0,-0.025,0.1975,18.8849,12.128
0,-0.0225,0.1975,19.3426,12.128
0,-0.02,0.1975,19.1046,12.112
0,-0.0175,0.1975,18.8177,12.112
0,-0.015,0.1975,18.1585,12.112
0,-0.0125,0.1975,19.5257,12.128
0,-0.01,0.1975,20.6366,12.128
0,-0.0075,0.1975,18.659,12.112
0,-0.005,0.1975,19.5379,12.112
0,-0.0025,0.1975,19.1961,12.128
0,0,0.1975,18.8849,12.112
0,0.0025,0.1975,19.3793,12.128
0,0.005,0.1975,18.0425,12.112
0,0.0075,0.1975,18.7323,12.144
0,0.01,0.1975,18.9154,12.144
0,0.0125,0.1975,19.3854,12.144
0,0.015,0.1975,17.9693,12.128
0,0.0175,0.1975,18.6285,12.128
0,0.02,0.1975,18.2867,12.144
0,0.0225,0.1975,17.951,12.144
0,0.025,0.1975,19.2083,12.144
0,0.0275,0.1975,17.6458,12.144
0,0.03,0.1975,18.0853,12.16
0,0.0325,0.1975,17.8411,12.16
0,0.035,0.1975,17.6397,12.144
0,0.0375,0.1975,18.4576,12.16
0,0.04,0.1975,18.0425,12.176
0,0.0425,0.1975,17.7679,12.144
0,0.045,0.1975,18.012,12.176
0,0.0475,0.1975,17.4993,12.144
0,0.05,0.1975,18.7078,12.176
0,0.0525,0.1975,17.4627,12.176
0,0.055,0.1975,17.0721,12.176
0,0.0575,0.1975,17.9449,12.176
0,0.06,0.1975,17.2369,12.192
0,0.0625,0.1975,16.5777,12.176
0,0.065,0.1975,16.9012,12.224
0,0.0675,0.1975,17.0232,12.176
0,0.07,0.1975,16.3762,12.176
0,0.0725,0.1975,16.657,12.192
0,0.075,0.1975,16.187,12.208
0,0.0775,0.1975,16.2297,12.208
0,0.08,0.1975,15.9001,12.176
0,0.0825,0.1975,16.01,12.192
0,0.085,0.1975,15.7842,12.192
0,0.0875,0.1975,16.0955,12.192
0,0.09,0.1975,15.3142,12.176
0,0.0925,0.1975,14.9602,12.224
0,0.095,0.1975,15.6438,12.24
0,0.0975,0.1975,15.5461,12.224
0,0.1,0.1975,15.4973,12.24
0,0.1025,0.1975,14.478,12.224
0,0.105,0.1975,14.5146,12.24
0,0.1075,0.1975,14.7465,12.24
0,0.11,0.1975,14.5329,12.24
0,0.1125,0.1975,14.2033,12.24
0,0.115,0.1975,14.1301,12.272
0,0.1175,0.1975,14.1179,12.272
0,0.12,0.1975,14.0812,12.272
0,0.1225,0.1975,14.2644,12.256
0,0.125,0.1975,14.0019,12.288
0,0.1275,0.1975,14.2033,12.304
0,0.13,0.1975,12.946,12.256
0,0.1325,0.1975,13.8798,12.32
0,0.135,0.1975,12.5248,12.32
0,0.1375,0.1975,12.7323,12.336
0,0.14,0.1975,11.8595,12.32
0,0.1425,0.1975,11.9633,12.32
0,0.145,0.1975,11.7435,12.32
0,0.1475,0.1975,11.3956,12.32
0,0.15,0.1975,10.8219,12.336
0,0.1525,0.1975,11.3224,12.336
0,0.155,0.1975,10.9806,12.352
0,0.1575,0.1975,10.6693,12.352
0,0.16,0.1975,10.7974,12.368
0,0.1625,0.1975,11.1576,12.368
0,0.165,0.1975,11.2064,12.368
0,0.1675,0.1975,10.181,12.352
0,0.17,0.1975,9.95514,12.416
0,0.1725,0.1975,9.62554,12.368
0,0.175,0.1975,9.82696,12.4
0,0.1775,0.1975,9.52788,12.416
0,0.18,0.1975,9.80865,12.384
0,0.1825,0.1975,9.15555,12.384
0,0.185,0.1975,8.93582,12.4
0,0.1875,0.1975,9.11893,12.416
0,0.19,0.1975,8.85037,12.416
0,0.1925,0.1975,8.33766,12.464
0,0.195,0.1975,8.92972,12.48
0,0.1975,0.1975,7.98975,12.416
0,0.2,0.1975,7.92871,12.464
0,-0.2,0.2,7.73339,12.288
0,-0.1975,0.2,8.50856,12.256
0,-0.195,0.2,8.0752,12.256
0,-0.1925,0.2,8.42311,12.272
0,-0.19,0.2,8.14844,12.24
0,-0.1875,0.2,8.66115,12.256
0,-0.185,0.2,8.84426,12.304
0,-0.1825,0.2,8.55739,12.32
0,-0.18,0.2,8.63674,12.272
0,-0.1775,0.2,8.47194,12.256
0,-0.175,0.2,9.50957,12.272
0,-0.1725,0.2,9.13724,12.24
0,-0.17,0.2,9.08841,12.288
0,-0.1675,0.2,9.67437,12.224
0,-0.165,0.2,9.79644,12.24
0,-0.1625,0.2,9.38749,12.208
0,-0.16,0.2,9.29594,12.272
0,-0.1575,0.2,10.0772,12.24
0,-0.155,0.2,10.4312,12.208
0,-0.1525,0.2,10.0772,12.24
0,-0.15,0.2,10.8158,12.208
0,-0.1475,0.2,11.2796,12.192
0,-0.145,0.2,11.597,12.224
0,-0.1425,0.2,10.7242,12.224
0,-0.14,0.2,10.7303,12.224
0,-0.1375,0.2,10.5838,12.192
0,-0.135,0.2,11.4933,12.192
0,-0.1325,0.2,12.1097,12.208
0,-0.13,0.2,12.3661,12.16
0,-0.1275,0.2,12.2623,12.16
0,-0.125,0.2,11.8351,12.16
0,-0.1225,0.2,12.7689,12.144
0,-0.12,0.2,12.7628,12.144
0,-0.1175,0.2,12.1158,12.192
0,-0.115,0.2,12.6957,12.128
0,-0.1125,0.2,12.891,12.176
0,-0.11,0.2,13.5258,12.144
0,-0.1075,0.2,13.0009,12.16
0,-0.105,0.2,12.5858,12.16
0,-0.1025,0.2,14.1545,12.16
0,-0.1,0.2,14.4719,12.144
0,-0.0975,0.2,14.0629,12.16
0,-0.095,0.2,15.1555,12.128
0,-0.0925,0.2,15.009,12.16
0,-0.09,0.2,13.9592,12.128
0,-0.0875,0.2,14.8564,12.144
0,-0.085,0.2,15.0395,12.144
0,-0.0825,0.2,14.7343,12.128
0,-0.08,0.2,15.6072,12.176
0,-0.0775,0.2,15.6011,12.128
0,-0.075,0.2,15.6438,12.16
0,-0.0725,0.2,15.8696,12.144
0,-0.07,0.2,16.3945,12.128
0,-0.0675,0.2,16.419,12.16
0,-0.065,0.2,17.6458,12.112
0,-0.0625,0.2,15.9795,12.128
0,-0.06,0.2,16.071,12.144
0,-0.0575,0.2,15.6072,12.144
0,-0.055,0.2,16.4678,12.16
0,-0.0525,0.2,17.658,12.128
0,-0.05,0.2,16.9561,12.144
0,-0.0475,0.2,16.8279,12.128
0,-0.045,0.2,17.4627,12.128
0,-0.0425,0.2,17.6458,12.128
0,-0.04,0.2,18.3782,12.112
0,-0.0375,0.2,17.5848,12.112
0,-0.035,0.2,17.774,12.144
0,-0.0325,0.2,18.0303,12.112
0,-0.03,0.2,17.8045,12.128
0,-0.0275,0.2,17.8472,12.112
0,-0.025,0.2,17.9327,12.144
0,-0.0225,0.2,18.4088,12.112
0,-0.02,0.2,18.9886,12.128
0,-0.0175,0.2,18.6468,12.112
0,-0.015,0.2,18.4332,12.128
0,-0.0125,0.2,18.3782,12.096
0,-0.01,0.2,18.2196,12.128
0,-0.0075,0.2,18.6529,12.144
0,-0.005,0.2,18.836,12.144
0,-0.0025,0.2,18.4515,12.144
0,0,0.2,18.2989,12.112
0,0.0025,0.2,18.3782,12.128
0,0.005,0.2,17.7068,12.144
0,0.0075,0.2,19.2572,12.128
0,0.01,0.2,18.3294,12.144
0,0.0125,0.2,18.9276,12.16
0,0.015,0.2,18.7689,12.144
0,0.0175,0.2,17.7923,12.144
0,0.02,0.2,17.6824,12.128
0,0.0225,0.2,17.6946,12.144
0,0.025,0.2,18.421,12.176
0,0.0275,0.2,18.421,12.176
0,0.03,0.2,17.7984,12.16
0,0.0325,0.2,16.9622,12.128
0,0.035,0.2,17.0049,12.192
0,0.0375,0.2,16.834,12.16
0,0.04,0.2,16.9988,12.176
0,0.0425,0.2,17.3772,12.144
0,0.045,0.2,17.5787,12.16
0,0.0475,0.2,16.8401,12.16
0,0.05,0.2,17.8838,12.176
0,0.0525,0.2,17.4383,12.176
0,0.055,0.2,17.5237,12.16
0,0.0575,0.2,16.2053,12.176
0,0.06,0.2,15.8513,12.192
0,0.0625,0.2,16.1687,12.16
0,0.065,0.2,16.5166,12.176
0,0.0675,0.2,16.5105,12.208
0,0.07,0.2,16.1321,12.208
0,0.0725,0.2,16.2542,12.192
0,0.075,0.2,17.1758,12.176
0,0.0775,0.2,15.3447,12.192
0,0.08,0.2,16.0466,12.176
0,0.0825,0.2,14.3864,12.208
0,0.085,0.2,15.9856,12.192
0,0.0875,0.2,15.4912,12.208
0,0.09,0.2,14.4597,12.192
0,0.0925,0.2,14.7282,12.224
0,0.095,0.2,15.4851,12.208
0,0.0975,0.2,15.1738,12.24
0,0.1,0.2,15.4973,12.208
0,0.1025,0.2,14.6855,12.24
0,0.105,0.2,14.4475,12.224
0,0.1075,0.2,14.5817,12.24
0,0.11,0.2,14.6306,12.256
0,0.1125,0.2,14.4536,12.256
0,0.115,0.2,14.2338,12.24
0,0.1175,0.2,13.654,12.272
0,0.12,0.2,13.6723,12.256
0,0.1225,0.2,13.1962,12.272
0,0.125,0.2,13.4281,12.272
0,0.1275,0.2,13.2633,12.304
0,0.13,0.2,12.6469,12.288
0,0.1325,0.2,12.6347,12.288
0,0.135,0.2,12.6774,12.272
0,0.1375,0.2,12.299,12.288
0,0.14,0.2,11.5055,12.304
0,0.1425,0.2,11.8595,12.32
0,0.145,0.2,11.5909,12.304
0,0.1475,0.2,12.1281,12.336
0,0.15,0.2,11.4689,12.32
0,0.1525,0.2,10.242,12.352
0,0.155,0.2,11.5299,12.352
0,0.1575,0.2,11.4139,12.336
0,0.16,0.2,11.2186,12.352
0,0.1625,0.2,10.9256,12.368
0,0.165,0.2,10.7303,12.352
0,0.1675,0.2,9.91852,12.416
0,0.17,0.2,9.52177,12.4
0,0.1725,0.2,9.7354,12.368
0,0.175,0.2,9.79034,12.368
0,0.1775,0.2,10.1016,12.368
0,0.18,0.2,9.74151,12.4
0,0.1825,0.2,9.3936,12.416
0,0.185,0.2,9.10672,12.48
0,0.1875,0.2,8.47804,12.4
0,0.19,0.2,9.55229,12.416
0,0.1925,0.2,8.85647,12.432
0,0.195,0.2,8.59401,12.496
0,0.1975,0.2,8.09961,12.464
0,0.2,0.2,8.11182,12.464
